clip	duration[ms]
common_voice_sr_38523469.mp3	2340
common_voice_sr_39884986.mp3	4284
common_voice_sr_36951781.mp3	2268
common_voice_sr_46827117.mp3	5868
common_voice_sr_40989464.mp3	5976
common_voice_sr_40977499.mp3	2268
common_voice_sr_40981319.mp3	3816
common_voice_sr_36951804.mp3	1764
common_voice_sr_27794963.mp3	2340
common_voice_sr_40609197.mp3	4464
common_voice_sr_41031283.mp3	1908
common_voice_sr_36765840.mp3	2232
common_voice_sr_40977748.mp3	2700
common_voice_sr_28452679.mp3	2340
common_voice_sr_39330463.mp3	3276
common_voice_sr_40985839.mp3	4500
common_voice_sr_41012938.mp3	2088
common_voice_sr_35086561.mp3	2520
common_voice_sr_39254865.mp3	6048
common_voice_sr_28441334.mp3	2376
common_voice_sr_40975749.mp3	3816
common_voice_sr_36765482.mp3	2124
common_voice_sr_36994442.mp3	3024
common_voice_sr_28216707.mp3	2520
common_voice_sr_36946613.mp3	2376
common_voice_sr_45994985.mp3	3204
common_voice_sr_39884983.mp3	4212
common_voice_sr_38531812.mp3	1944
common_voice_sr_40491656.mp3	5112
common_voice_sr_36949245.mp3	2916
common_voice_sr_26945482.mp3	2484
common_voice_sr_39885018.mp3	4428
common_voice_sr_39936664.mp3	6516
common_voice_sr_35091660.mp3	2952
common_voice_sr_40981593.mp3	2268
common_voice_sr_27008178.mp3	2880
common_voice_sr_35399754.mp3	1764
common_voice_sr_36950176.mp3	2556
common_voice_sr_40981804.mp3	5688
common_voice_sr_35084392.mp3	2268
common_voice_sr_40985632.mp3	2088
common_voice_sr_40991054.mp3	3636
common_voice_sr_45994555.mp3	3600
common_voice_sr_35099275.mp3	2808
common_voice_sr_28526236.mp3	2628
common_voice_sr_36950241.mp3	2736
common_voice_sr_27675768.mp3	1980
common_voice_sr_28521280.mp3	1764
common_voice_sr_40385960.mp3	4500
common_voice_sr_27636275.mp3	2628
common_voice_sr_27655264.mp3	3636
common_voice_sr_40985163.mp3	2448
common_voice_sr_40981358.mp3	3996
common_voice_sr_28623211.mp3	3060
common_voice_sr_29138990.mp3	1980
common_voice_sr_27635297.mp3	3096
common_voice_sr_40975630.mp3	5508
common_voice_sr_41012787.mp3	2736
common_voice_sr_38847187.mp3	4896
common_voice_sr_27655591.mp3	3276
common_voice_sr_28521420.mp3	1584
common_voice_sr_41001661.mp3	4824
common_voice_sr_41006410.mp3	1908
common_voice_sr_35399505.mp3	1368
common_voice_sr_40991082.mp3	3528
common_voice_sr_40983624.mp3	3708
common_voice_sr_40997547.mp3	2088
common_voice_sr_27675555.mp3	2052
common_voice_sr_40982873.mp3	2880
common_voice_sr_40977503.mp3	3060
common_voice_sr_36946739.mp3	2448
common_voice_sr_27781366.mp3	2556
common_voice_sr_36994253.mp3	4500
common_voice_sr_38531842.mp3	3528
common_voice_sr_39884979.mp3	5148
common_voice_sr_40983562.mp3	2268
common_voice_sr_40975615.mp3	3600
common_voice_sr_36767239.mp3	2412
common_voice_sr_40977908.mp3	2700
common_voice_sr_37810651.mp3	3312
common_voice_sr_40978627.mp3	3060
common_voice_sr_40977423.mp3	5580
common_voice_sr_38509113.mp3	4716
common_voice_sr_35360784.mp3	2376
common_voice_sr_40982630.mp3	2340
common_voice_sr_26959019.mp3	2808
common_voice_sr_38833194.mp3	3060
common_voice_sr_38515510.mp3	3312
common_voice_sr_36971079.mp3	3492
common_voice_sr_26874405.mp3	2628
common_voice_sr_36949448.mp3	5580
common_voice_sr_27781251.mp3	2448
common_voice_sr_27781428.mp3	2196
common_voice_sr_27655588.mp3	3060
common_voice_sr_38523505.mp3	3888
common_voice_sr_35085162.mp3	2340
common_voice_sr_40991287.mp3	2808
common_voice_sr_27675923.mp3	2376
common_voice_sr_40983999.mp3	2340
common_voice_sr_40977422.mp3	6696
common_voice_sr_35265127.mp3	2268
common_voice_sr_38845596.mp3	2988
common_voice_sr_40997702.mp3	3708
common_voice_sr_40983637.mp3	2016
common_voice_sr_40983532.mp3	2736
common_voice_sr_38521593.mp3	2268
common_voice_sr_40980285.mp3	2520
common_voice_sr_36774509.mp3	2628
common_voice_sr_27675948.mp3	1872
common_voice_sr_36804178.mp3	2196
common_voice_sr_35099258.mp3	2556
common_voice_sr_41012857.mp3	2016
common_voice_sr_40878522.mp3	3960
common_voice_sr_39271870.mp3	5076
common_voice_sr_37810676.mp3	3960
common_voice_sr_26960172.mp3	2556
common_voice_sr_40985454.mp3	2448
common_voice_sr_41029112.mp3	2016
common_voice_sr_35085128.mp3	2556
common_voice_sr_37523127.mp3	3708
common_voice_sr_38521577.mp3	2484
common_voice_sr_38521575.mp3	1908
common_voice_sr_35090117.mp3	2988
common_voice_sr_27314180.mp3	2376
common_voice_sr_35099241.mp3	2592
common_voice_sr_36773294.mp3	3780
common_voice_sr_27636329.mp3	2700
common_voice_sr_28521381.mp3	1332
common_voice_sr_41017411.mp3	2160
common_voice_sr_37517784.mp3	4284
common_voice_sr_37517872.mp3	3492
common_voice_sr_48250900.mp3	2376
common_voice_sr_40989406.mp3	3240
common_voice_sr_40491639.mp3	3528
common_voice_sr_28526342.mp3	2520
common_voice_sr_40975538.mp3	5796
common_voice_sr_35099231.mp3	2736
common_voice_sr_35099261.mp3	3096
common_voice_sr_40386359.mp3	4428
common_voice_sr_27675667.mp3	2592
common_voice_sr_38509218.mp3	2988
common_voice_sr_35086767.mp3	5040
common_voice_sr_35091327.mp3	2016
common_voice_sr_37810745.mp3	3888
common_voice_sr_41031300.mp3	2736
common_voice_sr_40985130.mp3	2448
common_voice_sr_37315309.mp3	4140
common_voice_sr_40491762.mp3	3420
common_voice_sr_39884994.mp3	5616
common_voice_sr_36951817.mp3	2304
common_voice_sr_40977002.mp3	3708
common_voice_sr_39330723.mp3	2916
common_voice_sr_39316371.mp3	4428
common_voice_sr_40987721.mp3	4176
common_voice_sr_36765769.mp3	2088
common_voice_sr_26959851.mp3	2376
common_voice_sr_40979949.mp3	4788
common_voice_sr_28521359.mp3	1800
common_voice_sr_40989470.mp3	2016
common_voice_sr_40985930.mp3	3708
common_voice_sr_35085249.mp3	2448
common_voice_sr_39263259.mp3	4428
common_voice_sr_35085182.mp3	2448
common_voice_sr_40977410.mp3	3708
common_voice_sr_35101536.mp3	5040
common_voice_sr_38508398.mp3	2628
common_voice_sr_36838918.mp3	2628
common_voice_sr_41325022.mp3	2232
common_voice_sr_40983503.mp3	5220
common_voice_sr_36946850.mp3	2988
common_voice_sr_35086761.mp3	3816
common_voice_sr_35125163.mp3	2988
common_voice_sr_36950576.mp3	3420
common_voice_sr_40978469.mp3	3816
common_voice_sr_40975841.mp3	2988
common_voice_sr_36950065.mp3	2160
common_voice_sr_40997573.mp3	5508
common_voice_sr_41012789.mp3	2628
common_voice_sr_41010419.mp3	4320
common_voice_sr_40977430.mp3	2916
common_voice_sr_40985667.mp3	1800
common_voice_sr_40977700.mp3	1980
common_voice_sr_46917928.mp3	4176
common_voice_sr_28441432.mp3	2160
common_voice_sr_27675797.mp3	2124
common_voice_sr_28526410.mp3	2268
common_voice_sr_35098166.mp3	2196
common_voice_sr_40405826.mp3	3528
common_voice_sr_40985153.mp3	5580
common_voice_sr_36765310.mp3	4284
common_voice_sr_37259386.mp3	2448
common_voice_sr_37391312.mp3	4176
common_voice_sr_40975748.mp3	4500
common_voice_sr_39936656.mp3	6300
common_voice_sr_37810823.mp3	6228
common_voice_sr_40921728.mp3	4176
common_voice_sr_27655712.mp3	3168
common_voice_sr_36934732.mp3	2592
common_voice_sr_43069439.mp3	4248
common_voice_sr_46919010.mp3	4896
common_voice_sr_37810824.mp3	3672
common_voice_sr_36774762.mp3	3060
common_voice_sr_38515519.mp3	3312
common_voice_sr_40991048.mp3	3960
common_voice_sr_36950111.mp3	2700
common_voice_sr_41013038.mp3	2916
common_voice_sr_40991263.mp3	5580
common_voice_sr_40977664.mp3	5040
common_voice_sr_39257238.mp3	3348
common_voice_sr_36765572.mp3	2484
common_voice_sr_37810728.mp3	2844
common_voice_sr_38511426.mp3	3600
common_voice_sr_27781267.mp3	4068
common_voice_sr_35099172.mp3	3888
common_voice_sr_40985444.mp3	2808
common_voice_sr_38535676.mp3	1656
common_voice_sr_35098179.mp3	2160
common_voice_sr_36793361.mp3	2628
common_voice_sr_37810625.mp3	5364
common_voice_sr_35089329.mp3	3348
common_voice_sr_38523426.mp3	2304
common_voice_sr_26874306.mp3	2160
common_voice_sr_28517844.mp3	4680
common_voice_sr_28441420.mp3	2340
common_voice_sr_36951800.mp3	2052
common_voice_sr_26960004.mp3	2556
common_voice_sr_40975777.mp3	3816
common_voice_sr_35399880.mp3	1584
common_voice_sr_40985453.mp3	3420
common_voice_sr_28521365.mp3	1656
common_voice_sr_36950144.mp3	2448
common_voice_sr_40981839.mp3	2520
common_voice_sr_40977782.mp3	2268
common_voice_sr_40386194.mp3	4500
common_voice_sr_38525985.mp3	1908
common_voice_sr_31333216.mp3	4536
common_voice_sr_27014859.mp3	2736
common_voice_sr_40975996.mp3	2016
common_voice_sr_26958524.mp3	2556
common_voice_sr_41006356.mp3	2268
common_voice_sr_40977003.mp3	5220
common_voice_sr_40978569.mp3	2268
common_voice_sr_35099246.mp3	5436
common_voice_sr_40471779.mp3	1980
common_voice_sr_36765424.mp3	2340
common_voice_sr_38526022.mp3	2520
common_voice_sr_41017399.mp3	2340
common_voice_sr_37254720.mp3	5868
common_voice_sr_46918774.mp3	6300
common_voice_sr_37810714.mp3	2484
common_voice_sr_40982682.mp3	2088
common_voice_sr_35090150.mp3	2880
common_voice_sr_35090740.mp3	2520
common_voice_sr_37810852.mp3	6228
common_voice_sr_38508415.mp3	2664
common_voice_sr_40979927.mp3	2556
common_voice_sr_28526558.mp3	2556
common_voice_sr_40471813.mp3	5148
common_voice_sr_40471815.mp3	6624
common_voice_sr_38523430.mp3	1908
common_voice_sr_38509135.mp3	4392
common_voice_sr_40983436.mp3	4320
common_voice_sr_37810777.mp3	3960
common_voice_sr_40975770.mp3	3636
common_voice_sr_40982617.mp3	2448
common_voice_sr_36950187.mp3	2556
common_voice_sr_27675606.mp3	2340
common_voice_sr_37206890.mp3	2808
common_voice_sr_36949973.mp3	2988
common_voice_sr_38509122.mp3	2772
common_voice_sr_35097126.mp3	3096
common_voice_sr_40978776.mp3	1980
common_voice_sr_27655727.mp3	3636
common_voice_sr_36765642.mp3	2448
common_voice_sr_41024471.mp3	1908
common_voice_sr_27675739.mp3	1944
common_voice_sr_40981283.mp3	2988
common_voice_sr_45995076.mp3	3276
common_voice_sr_35278230.mp3	2340
common_voice_sr_38845575.mp3	4860
common_voice_sr_35085260.mp3	1836
common_voice_sr_36793432.mp3	2376
common_voice_sr_27636515.mp3	2916
common_voice_sr_40974203.mp3	3528
common_voice_sr_40979959.mp3	2376
common_voice_sr_40975844.mp3	4968
common_voice_sr_35109108.mp3	2520
common_voice_sr_40983570.mp3	2340
common_voice_sr_43194598.mp3	4896
common_voice_sr_40977508.mp3	5256
common_voice_sr_40386156.mp3	5976
common_voice_sr_27781297.mp3	2268
common_voice_sr_39936568.mp3	7128
common_voice_sr_38515498.mp3	1980
common_voice_sr_36946709.mp3	2736
common_voice_sr_36774029.mp3	2736
common_voice_sr_40989432.mp3	4140
common_voice_sr_40981152.mp3	4320
common_voice_sr_35278245.mp3	2016
common_voice_sr_40976929.mp3	4788
common_voice_sr_36994283.mp3	3276
common_voice_sr_36949241.mp3	2628
common_voice_sr_26960671.mp3	2016
common_voice_sr_40985892.mp3	3816
common_voice_sr_40975604.mp3	2448
common_voice_sr_40978498.mp3	2700
common_voice_sr_36950636.mp3	2448
common_voice_sr_40978618.mp3	2808
common_voice_sr_40980925.mp3	6300
common_voice_sr_45995038.mp3	4608
common_voice_sr_40981575.mp3	5040
common_voice_sr_35267560.mp3	2700
common_voice_sr_38833155.mp3	2556
common_voice_sr_36765467.mp3	2520
common_voice_sr_40987718.mp3	2268
common_voice_sr_40471769.mp3	2376
common_voice_sr_36947001.mp3	4428
common_voice_sr_28441163.mp3	2520
common_voice_sr_40982664.mp3	3240
common_voice_sr_27008241.mp3	2556
common_voice_sr_27781454.mp3	2268
common_voice_sr_28441278.mp3	2016
common_voice_sr_35086547.mp3	3204
common_voice_sr_40979346.mp3	2448
common_voice_sr_43532685.mp3	5076
common_voice_sr_36774424.mp3	2628
common_voice_sr_36950189.mp3	2448
common_voice_sr_40979012.mp3	2016
common_voice_sr_40984165.mp3	2016
common_voice_sr_27675944.mp3	3744
common_voice_sr_28153962.mp3	2340
common_voice_sr_26953679.mp3	4392
common_voice_sr_40982810.mp3	2736
common_voice_sr_33192077.mp3	3240
common_voice_sr_40983406.mp3	5508
common_voice_sr_35085166.mp3	2196
common_voice_sr_35087275.mp3	4680
common_voice_sr_36950171.mp3	3816
common_voice_sr_40977745.mp3	2016
common_voice_sr_36947041.mp3	4500
common_voice_sr_38509117.mp3	2448
common_voice_sr_36946636.mp3	3996
common_voice_sr_39271844.mp3	2700
common_voice_sr_38537466.mp3	1620
common_voice_sr_36950582.mp3	2304
common_voice_sr_37810743.mp3	2664
common_voice_sr_28526379.mp3	2196
common_voice_sr_40983542.mp3	4608
common_voice_sr_27635163.mp3	4356
common_voice_sr_39980227.mp3	3888
common_voice_sr_35090768.mp3	3600
common_voice_sr_36946942.mp3	2808
common_voice_sr_36793329.mp3	2700
common_voice_sr_27781291.mp3	1980
common_voice_sr_40980981.mp3	2340
common_voice_sr_40991061.mp3	3060
common_voice_sr_35303051.mp3	2808
common_voice_sr_39278148.mp3	5220
common_voice_sr_37810830.mp3	4356
common_voice_sr_40985436.mp3	2880
common_voice_sr_42629677.mp3	4248
common_voice_sr_27781377.mp3	2268
common_voice_sr_40982644.mp3	1908
common_voice_sr_41017397.mp3	2016
common_voice_sr_35126155.mp3	3780
common_voice_sr_36767562.mp3	2016
common_voice_sr_35085596.mp3	2160
common_voice_sr_35085579.mp3	2376
common_voice_sr_27781315.mp3	3096
common_voice_sr_37206892.mp3	3960
common_voice_sr_28441173.mp3	2556
common_voice_sr_36950692.mp3	2268
common_voice_sr_40405789.mp3	2916
common_voice_sr_36949123.mp3	3348
common_voice_sr_40991072.mp3	5040
common_voice_sr_36804232.mp3	2520
common_voice_sr_37810640.mp3	5112
common_voice_sr_39885019.mp3	5724
common_voice_sr_27011086.mp3	2340
common_voice_sr_38537530.mp3	3060
common_voice_sr_27675896.mp3	2016
common_voice_sr_28517934.mp3	2268
common_voice_sr_36994223.mp3	2376
common_voice_sr_40975929.mp3	3600
common_voice_sr_40975783.mp3	2088
common_voice_sr_28153944.mp3	2988
common_voice_sr_27675519.mp3	4176
common_voice_sr_40991078.mp3	4176
common_voice_sr_40471807.mp3	2088
common_voice_sr_27675729.mp3	2412
common_voice_sr_40987725.mp3	4716
common_voice_sr_39257182.mp3	4176
common_voice_sr_36946888.mp3	2520
common_voice_sr_40977037.mp3	5760
common_voice_sr_39330456.mp3	4968
common_voice_sr_36949431.mp3	2628
common_voice_sr_40471822.mp3	1836
common_voice_sr_27781443.mp3	3600
common_voice_sr_36950254.mp3	2016
common_voice_sr_40982579.mp3	2520
common_voice_sr_27014756.mp3	2520
common_voice_sr_40987674.mp3	6156
common_voice_sr_26874042.mp3	3240
common_voice_sr_38531910.mp3	2160
common_voice_sr_40979244.mp3	6156
common_voice_sr_38844949.mp3	3636
common_voice_sr_38058856.mp3	4428
common_voice_sr_40983517.mp3	1908
common_voice_sr_40978801.mp3	2088
common_voice_sr_36950272.mp3	2880
common_voice_sr_40491604.mp3	3636
common_voice_sr_28526347.mp3	2880
common_voice_sr_40984186.mp3	3168
common_voice_sr_36950191.mp3	4068
common_voice_sr_40994058.mp3	4068
common_voice_sr_36947020.mp3	3780
common_voice_sr_40979954.mp3	1800
common_voice_sr_40981578.mp3	2016
common_voice_sr_40979483.mp3	2340
common_voice_sr_41021464.mp3	2160
common_voice_sr_40985437.mp3	2196
common_voice_sr_41029087.mp3	4140
common_voice_sr_40981935.mp3	1980
common_voice_sr_36774272.mp3	4356
common_voice_sr_40979990.mp3	5508
common_voice_sr_36765364.mp3	6336
common_voice_sr_40985655.mp3	2916
common_voice_sr_36767495.mp3	1980
common_voice_sr_40976092.mp3	3348
common_voice_sr_41012754.mp3	3996
common_voice_sr_40979318.mp3	1908
common_voice_sr_40977697.mp3	3888
common_voice_sr_35090582.mp3	3276
common_voice_sr_45994552.mp3	3924
common_voice_sr_40983636.mp3	2160
common_voice_sr_40981317.mp3	3780
common_voice_sr_27636574.mp3	4068
common_voice_sr_27671144.mp3	2556
common_voice_sr_40977723.mp3	2376
common_voice_sr_27675828.mp3	1944
common_voice_sr_35090378.mp3	5616
common_voice_sr_40550106.mp3	3996
common_voice_sr_41000611.mp3	4860
common_voice_sr_40975942.mp3	4176
common_voice_sr_35085112.mp3	2340
common_voice_sr_41012935.mp3	5400
common_voice_sr_36773522.mp3	2088
common_voice_sr_48250806.mp3	3960
common_voice_sr_46919274.mp3	3132
common_voice_sr_40975576.mp3	2016
common_voice_sr_36946966.mp3	2988
common_voice_sr_26937944.mp3	4428
common_voice_sr_40977007.mp3	4716
common_voice_sr_39330452.mp3	5220
common_voice_sr_40405837.mp3	3888
common_voice_sr_38511389.mp3	2160
common_voice_sr_48250779.mp3	4248
common_voice_sr_28859071.mp3	2916
common_voice_sr_40975718.mp3	3348
common_voice_sr_35091341.mp3	2448
common_voice_sr_40976882.mp3	2556
common_voice_sr_40977735.mp3	4788
common_voice_sr_40975529.mp3	6876
common_voice_sr_36950227.mp3	2340
common_voice_sr_40386242.mp3	2556
common_voice_sr_40983540.mp3	2916
common_voice_sr_39330512.mp3	4140
common_voice_sr_40405818.mp3	5796
common_voice_sr_36773200.mp3	2664
common_voice_sr_35086323.mp3	6264
common_voice_sr_40977650.mp3	2628
common_voice_sr_36774258.mp3	2448
common_voice_sr_35089057.mp3	2232
common_voice_sr_40974211.mp3	4068
common_voice_sr_40985902.mp3	6156
common_voice_sr_38523455.mp3	4428
common_voice_sr_27781398.mp3	2196
common_voice_sr_28441177.mp3	2556
common_voice_sr_48250902.mp3	4248
common_voice_sr_27794968.mp3	2988
common_voice_sr_41024452.mp3	1836
common_voice_sr_40975557.mp3	4500
common_voice_sr_35097148.mp3	2916
common_voice_sr_27675823.mp3	2016
common_voice_sr_40979980.mp3	2088
common_voice_sr_27781471.mp3	2376
common_voice_sr_36767575.mp3	2268
common_voice_sr_28526245.mp3	2736
common_voice_sr_40984244.mp3	2160
common_voice_sr_36950201.mp3	2628
common_voice_sr_36994219.mp3	3456
common_voice_sr_40977557.mp3	4176
common_voice_sr_36946793.mp3	3708
common_voice_sr_40989465.mp3	5256
common_voice_sr_40985936.mp3	5940
common_voice_sr_46919627.mp3	2124
common_voice_sr_40978761.mp3	1800
common_voice_sr_35085087.mp3	2520
common_voice_sr_38523508.mp3	2376
common_voice_sr_40977932.mp3	4500
common_voice_sr_36765327.mp3	2736
common_voice_sr_40976898.mp3	4500
common_voice_sr_28623203.mp3	2700
common_voice_sr_41029100.mp3	2736
common_voice_sr_27675945.mp3	2016
common_voice_sr_35097088.mp3	2736
common_voice_sr_27166441.mp3	4248
common_voice_sr_36950014.mp3	2448
common_voice_sr_26874385.mp3	3708
common_voice_sr_39278099.mp3	3996
common_voice_sr_39330493.mp3	3240
common_voice_sr_35360825.mp3	4176
common_voice_sr_37574633.mp3	2484
common_voice_sr_40991259.mp3	6156
common_voice_sr_40982658.mp3	2268
common_voice_sr_28526498.mp3	2520
common_voice_sr_40981850.mp3	2196
common_voice_sr_36994384.mp3	2196
common_voice_sr_35090642.mp3	2700
common_voice_sr_28526509.mp3	2628
common_voice_sr_36994240.mp3	2448
common_voice_sr_36950242.mp3	4140
common_voice_sr_40981618.mp3	2880
common_voice_sr_37810736.mp3	3240
common_voice_sr_38844934.mp3	3708
common_voice_sr_45994956.mp3	4248
common_voice_sr_36774464.mp3	2520
common_voice_sr_41000616.mp3	4788
common_voice_sr_36949086.mp3	3312
common_voice_sr_43069436.mp3	4680
common_voice_sr_36950581.mp3	2160
common_voice_sr_35094410.mp3	3168
common_voice_sr_40984001.mp3	2196
common_voice_sr_35089322.mp3	2880
common_voice_sr_40471897.mp3	4680
common_voice_sr_35267592.mp3	2232
common_voice_sr_40491772.mp3	4320
common_voice_sr_40997623.mp3	2808
common_voice_sr_40975625.mp3	3600
common_voice_sr_38845598.mp3	3960
common_voice_sr_41010572.mp3	4428
common_voice_sr_40983383.mp3	2448
common_voice_sr_40981799.mp3	2376
common_voice_sr_40987813.mp3	3888
common_voice_sr_36765615.mp3	2268
common_voice_sr_38537443.mp3	1728
common_voice_sr_37523062.mp3	3816
common_voice_sr_35086525.mp3	2196
common_voice_sr_38058842.mp3	3060
common_voice_sr_27781394.mp3	2016
common_voice_sr_35097169.mp3	3096
common_voice_sr_37523141.mp3	3528
common_voice_sr_35085549.mp3	2376
common_voice_sr_35097191.mp3	2700
common_voice_sr_35085140.mp3	2700
common_voice_sr_40981765.mp3	2736
common_voice_sr_41009898.mp3	4428
common_voice_sr_40471758.mp3	3168
common_voice_sr_37523137.mp3	2844
common_voice_sr_40983520.mp3	2448
common_voice_sr_40981771.mp3	2916
common_voice_sr_40983601.mp3	1620
common_voice_sr_35088672.mp3	2520
common_voice_sr_40981595.mp3	2088
common_voice_sr_37206891.mp3	2916
common_voice_sr_40978653.mp3	2520
common_voice_sr_40979247.mp3	4680
common_voice_sr_35085165.mp3	2808
common_voice_sr_46917744.mp3	1908
common_voice_sr_36946715.mp3	4140
common_voice_sr_38515536.mp3	3420
common_voice_sr_37517896.mp3	4176
common_voice_sr_27781421.mp3	2376
common_voice_sr_28521457.mp3	1692
common_voice_sr_41010516.mp3	3168
common_voice_sr_41024464.mp3	2088
common_voice_sr_27660621.mp3	4896
common_voice_sr_36765363.mp3	2664
common_voice_sr_40979941.mp3	1908
common_voice_sr_37259391.mp3	3240
common_voice_sr_45994771.mp3	5760
common_voice_sr_36950079.mp3	3420
common_voice_sr_27656791.mp3	4104
common_voice_sr_27656789.mp3	4644
common_voice_sr_40975784.mp3	2628
common_voice_sr_38521579.mp3	3924
common_voice_sr_27781424.mp3	3960
common_voice_sr_27014629.mp3	2340
common_voice_sr_40979034.mp3	3888
common_voice_sr_40982647.mp3	1728
common_voice_sr_40987675.mp3	2088
common_voice_sr_28521395.mp3	1800
common_voice_sr_28153954.mp3	3276
common_voice_sr_36765427.mp3	2592
common_voice_sr_40471725.mp3	3204
common_voice_sr_39278138.mp3	4428
common_voice_sr_36946590.mp3	5040
common_voice_sr_35090119.mp3	2556
common_voice_sr_26959240.mp3	3096
common_voice_sr_40981649.mp3	2520
common_voice_sr_40977783.mp3	2196
common_voice_sr_41006493.mp3	3168
common_voice_sr_40984000.mp3	2160
common_voice_sr_40981967.mp3	8568
common_voice_sr_36765294.mp3	3312
common_voice_sr_40991330.mp3	6120
common_voice_sr_40978637.mp3	5436
common_voice_sr_41017384.mp3	4896
common_voice_sr_36946962.mp3	2268
common_voice_sr_35248756.mp3	2628
common_voice_sr_27660570.mp3	2988
common_voice_sr_40979558.mp3	3168
common_voice_sr_36767597.mp3	4608
common_voice_sr_40978668.mp3	3240
common_voice_sr_39330495.mp3	3960
common_voice_sr_38515502.mp3	3708
common_voice_sr_36774397.mp3	2448
common_voice_sr_35089055.mp3	2016
common_voice_sr_40878520.mp3	5076
common_voice_sr_46827352.mp3	5436
common_voice_sr_40997567.mp3	3636
common_voice_sr_40985059.mp3	2880
common_voice_sr_40985501.mp3	2700
common_voice_sr_26874387.mp3	3348
common_voice_sr_26945780.mp3	2520
common_voice_sr_39278160.mp3	3240
common_voice_sr_28517835.mp3	4140
common_voice_sr_27781447.mp3	2160
common_voice_sr_40984181.mp3	2160
common_voice_sr_40975924.mp3	2196
common_voice_sr_40985926.mp3	5688
common_voice_sr_40981584.mp3	4968
common_voice_sr_39884999.mp3	4212
common_voice_sr_40471849.mp3	3924
common_voice_sr_39885108.mp3	4104
common_voice_sr_40978160.mp3	5148
common_voice_sr_41012998.mp3	2628
common_voice_sr_40981174.mp3	3420
common_voice_sr_39330482.mp3	3600
common_voice_sr_40981880.mp3	3960
common_voice_sr_40989542.mp3	5580
common_voice_sr_37810945.mp3	4788
common_voice_sr_28441400.mp3	2160
common_voice_sr_40997728.mp3	6660
common_voice_sr_27794961.mp3	2196
common_voice_sr_40978755.mp3	4608
common_voice_sr_46921806.mp3	2628
common_voice_sr_39330515.mp3	3456
common_voice_sr_38535690.mp3	4860
common_voice_sr_41000602.mp3	2916
common_voice_sr_36767332.mp3	2016
common_voice_sr_39936677.mp3	6768
common_voice_sr_36767484.mp3	1980
common_voice_sr_28521315.mp3	1584
common_voice_sr_37810723.mp3	2592
common_voice_sr_40979347.mp3	1656
common_voice_sr_40981761.mp3	5040
common_voice_sr_26959965.mp3	2268
common_voice_sr_27314193.mp3	3636
common_voice_sr_40982604.mp3	5580
common_voice_sr_36765639.mp3	2160
common_voice_sr_37810646.mp3	4608
common_voice_sr_46827115.mp3	5148
common_voice_sr_37523136.mp3	4716
common_voice_sr_35126101.mp3	1800
common_voice_sr_40978448.mp3	7740
common_voice_sr_35099234.mp3	3384
common_voice_sr_35091993.mp3	4320
common_voice_sr_40991092.mp3	7308
common_voice_sr_41024476.mp3	2016
common_voice_sr_40994059.mp3	2196
common_voice_sr_28859060.mp3	3096
common_voice_sr_36950243.mp3	2628
common_voice_sr_40975901.mp3	6048
common_voice_sr_36946889.mp3	4860
common_voice_sr_26874329.mp3	2628
common_voice_sr_38535704.mp3	1980
common_voice_sr_41006391.mp3	2736
common_voice_sr_36946600.mp3	2556
common_voice_sr_40991070.mp3	5436
common_voice_sr_27635143.mp3	2376
common_voice_sr_36949242.mp3	3456
common_voice_sr_28526237.mp3	2376
common_voice_sr_40983461.mp3	2376
common_voice_sr_40983644.mp3	1728
common_voice_sr_40975704.mp3	3456
common_voice_sr_27008214.mp3	2880
common_voice_sr_35086342.mp3	2376
common_voice_sr_39330751.mp3	3780
common_voice_sr_39885015.mp3	3924
common_voice_sr_41006486.mp3	4176
common_voice_sr_40991083.mp3	6300
common_voice_sr_40989419.mp3	5436
common_voice_sr_40982825.mp3	2016
common_voice_sr_40989516.mp3	3816
common_voice_sr_35399935.mp3	2016
common_voice_sr_40983673.mp3	2268
common_voice_sr_36946762.mp3	2916
common_voice_sr_36767481.mp3	2088
common_voice_sr_40976318.mp3	5040
common_voice_sr_40386322.mp3	3456
common_voice_sr_39885147.mp3	3852
common_voice_sr_38521594.mp3	3276
common_voice_sr_35399426.mp3	1800
common_voice_sr_28623217.mp3	2808
common_voice_sr_36950578.mp3	2592
common_voice_sr_41010641.mp3	6120
common_voice_sr_38535715.mp3	3384
common_voice_sr_40997427.mp3	5040
common_voice_sr_40978482.mp3	5688
common_voice_sr_38535709.mp3	4140
common_voice_sr_40978676.mp3	4320
common_voice_sr_36950170.mp3	2520
common_voice_sr_37810806.mp3	3816
common_voice_sr_37810907.mp3	3204
common_voice_sr_37523061.mp3	2664
common_voice_sr_35265173.mp3	2412
common_voice_sr_37172285.mp3	2340
common_voice_sr_40405787.mp3	3348
common_voice_sr_38521564.mp3	2052
common_voice_sr_40981154.mp3	3240
common_voice_sr_28951040.mp3	2016
common_voice_sr_40983443.mp3	2880
common_voice_sr_40405764.mp3	6480
common_voice_sr_39330638.mp3	3960
common_voice_sr_27338795.mp3	1044
common_voice_sr_36951816.mp3	2844
common_voice_sr_36804253.mp3	2448
common_voice_sr_38521572.mp3	2340
common_voice_sr_41006505.mp3	3060
common_voice_sr_40985141.mp3	2556
common_voice_sr_40979037.mp3	3168
common_voice_sr_40491745.mp3	2736
common_voice_sr_40997715.mp3	3636
common_voice_sr_35398411.mp3	1656
common_voice_sr_27675638.mp3	2232
common_voice_sr_37810729.mp3	4176
common_voice_sr_37315353.mp3	6156
common_voice_sr_46918923.mp3	4248
common_voice_sr_36774501.mp3	3240
common_voice_sr_45995113.mp3	3312
common_voice_sr_39212752.mp3	6048
common_voice_sr_40984206.mp3	2448
common_voice_sr_28526408.mp3	2448
common_voice_sr_40976269.mp3	3060
common_voice_sr_28441408.mp3	2448
common_voice_sr_36951815.mp3	2592
common_voice_sr_41001663.mp3	2556
common_voice_sr_40979936.mp3	1980
common_voice_sr_35090149.mp3	3348
common_voice_sr_46919563.mp3	4140
common_voice_sr_39884996.mp3	3636
common_voice_sr_40491622.mp3	4680
common_voice_sr_40994057.mp3	4068
common_voice_sr_35090487.mp3	3276
common_voice_sr_38058802.mp3	5436
common_voice_sr_40981155.mp3	2376
common_voice_sr_40491741.mp3	3528
common_voice_sr_35399266.mp3	1944
common_voice_sr_40981291.mp3	3348
common_voice_sr_46064154.mp3	3348
common_voice_sr_40977433.mp3	5148
common_voice_sr_40983605.mp3	2376
common_voice_sr_40983664.mp3	2160
common_voice_sr_37810658.mp3	2196
common_voice_sr_35088552.mp3	3420
common_voice_sr_40981939.mp3	5580
common_voice_sr_27781465.mp3	2736
common_voice_sr_27675838.mp3	1872
common_voice_sr_26874074.mp3	2628
common_voice_sr_41873216.mp3	3276
common_voice_sr_36946968.mp3	2520
common_voice_sr_41029163.mp3	1980
common_voice_sr_46917778.mp3	2124
common_voice_sr_27675604.mp3	2304
common_voice_sr_26874250.mp3	2520
common_voice_sr_45995009.mp3	4068
common_voice_sr_36774493.mp3	2736
common_voice_sr_40976943.mp3	3888
common_voice_sr_40981322.mp3	5436
common_voice_sr_40974229.mp3	2916
common_voice_sr_33192058.mp3	3168
common_voice_sr_37810893.mp3	3204
common_voice_sr_40979991.mp3	5976
common_voice_sr_36434785.mp3	2628
common_voice_sr_36765689.mp3	2052
common_voice_sr_40978576.mp3	2700
common_voice_sr_35126127.mp3	2376
common_voice_sr_40975597.mp3	5040
common_voice_sr_30636310.mp3	1764
common_voice_sr_40977720.mp3	2808
common_voice_sr_27655715.mp3	2916
common_voice_sr_38833323.mp3	2700
common_voice_sr_40977899.mp3	4428
common_voice_sr_35341229.mp3	6336
common_voice_sr_40983623.mp3	2556
common_voice_sr_40985148.mp3	2160
common_voice_sr_40980296.mp3	1800
common_voice_sr_40471793.mp3	3204
common_voice_sr_37391381.mp3	4608
common_voice_sr_36950131.mp3	2448
common_voice_sr_45995110.mp3	5616
common_voice_sr_37810742.mp3	4284
common_voice_sr_48251025.mp3	2556
common_voice_sr_36767437.mp3	2520
common_voice_sr_37517838.mp3	4032
common_voice_sr_38509217.mp3	3384
common_voice_sr_37517835.mp3	5796
common_voice_sr_40985637.mp3	3888
common_voice_sr_28441154.mp3	3600
common_voice_sr_40989535.mp3	2556
common_voice_sr_40978996.mp3	5076
common_voice_sr_40978701.mp3	3420
common_voice_sr_27675586.mp3	2916
common_voice_sr_26553039.mp3	2808
common_voice_sr_35398567.mp3	1152
common_voice_sr_40984217.mp3	2556
common_voice_sr_41012800.mp3	2448
common_voice_sr_36793223.mp3	3780
common_voice_sr_35267572.mp3	2520
common_voice_sr_33192095.mp3	3096
common_voice_sr_40976896.mp3	4176
common_voice_sr_40386116.mp3	4428
common_voice_sr_45994662.mp3	4644
common_voice_sr_26960412.mp3	2916
common_voice_sr_39885158.mp3	4176
common_voice_sr_27635057.mp3	3888
common_voice_sr_40976090.mp3	3528
common_voice_sr_38511436.mp3	2088
common_voice_sr_39936651.mp3	4356
common_voice_sr_40979336.mp3	2340
common_voice_sr_28521321.mp3	1692
common_voice_sr_40997732.mp3	5328
common_voice_sr_41012855.mp3	2196
common_voice_sr_40981635.mp3	3636
common_voice_sr_40977064.mp3	3708
common_voice_sr_39936592.mp3	3528
common_voice_sr_40989512.mp3	7128
common_voice_sr_27654228.mp3	4500
common_voice_sr_27008206.mp3	2340
common_voice_sr_39257143.mp3	2376
common_voice_sr_40386089.mp3	3780
common_voice_sr_35099237.mp3	3204
common_voice_sr_36434788.mp3	2520
common_voice_sr_40985175.mp3	5328
common_voice_sr_35091290.mp3	2988
common_voice_sr_26958224.mp3	3636
common_voice_sr_35399054.mp3	1296
common_voice_sr_37315357.mp3	2376
common_voice_sr_26958772.mp3	3420
common_voice_sr_26981133.mp3	2916
common_voice_sr_40975989.mp3	2340
common_voice_sr_40975632.mp3	3456
common_voice_sr_36765477.mp3	2304
common_voice_sr_40987665.mp3	4536
common_voice_sr_27675790.mp3	2196
common_voice_sr_27636059.mp3	2808
common_voice_sr_46918879.mp3	2916
common_voice_sr_40991266.mp3	2916
common_voice_sr_28526346.mp3	3096
common_voice_sr_27655345.mp3	3060
common_voice_sr_36947018.mp3	4500
common_voice_sr_40981661.mp3	2736
common_voice_sr_40974226.mp3	3276
common_voice_sr_39254596.mp3	4824
common_voice_sr_27781316.mp3	2376
common_voice_sr_36774497.mp3	2556
common_voice_sr_40991091.mp3	5400
common_voice_sr_46827596.mp3	5436
common_voice_sr_37810933.mp3	2412
common_voice_sr_41031273.mp3	3420
common_voice_sr_35399324.mp3	1152
common_voice_sr_27014874.mp3	2700
common_voice_sr_27664439.mp3	3996
common_voice_sr_36804248.mp3	2016
common_voice_sr_40981816.mp3	2268
common_voice_sr_28517878.mp3	2988
common_voice_sr_40983451.mp3	1980
common_voice_sr_41010669.mp3	1836
common_voice_sr_40981784.mp3	2448
common_voice_sr_36786958.mp3	3744
common_voice_sr_40984167.mp3	2268
common_voice_sr_26960170.mp3	2556
common_voice_sr_36946647.mp3	2268
common_voice_sr_26943597.mp3	3204
common_voice_sr_37810834.mp3	3348
common_voice_sr_26874403.mp3	2808
common_voice_sr_40985054.mp3	2340
common_voice_sr_40984171.mp3	2340
common_voice_sr_27664087.mp3	8640
common_voice_sr_32072360.mp3	2916
common_voice_sr_39885064.mp3	3240
common_voice_sr_27636578.mp3	4320
common_voice_sr_41000619.mp3	3060
common_voice_sr_26943587.mp3	4284
common_voice_sr_48250982.mp3	5328
common_voice_sr_27014815.mp3	2556
common_voice_sr_40977560.mp3	2196
common_voice_sr_40991311.mp3	5760
common_voice_sr_40979333.mp3	3276
common_voice_sr_36950561.mp3	3348
common_voice_sr_27751838.mp3	2988
common_voice_sr_41010644.mp3	2340
common_voice_sr_35099270.mp3	2916
common_voice_sr_41009944.mp3	2016
common_voice_sr_40984031.mp3	2520
common_voice_sr_38535653.mp3	4284
common_voice_sr_41009940.mp3	2340
common_voice_sr_36950083.mp3	2628
common_voice_sr_28440078.mp3	3420
common_voice_sr_46917739.mp3	2340
common_voice_sr_40981153.mp3	3168
common_voice_sr_39885196.mp3	6120
common_voice_sr_40982659.mp3	5148
common_voice_sr_40977040.mp3	4680
common_voice_sr_35086344.mp3	4500
common_voice_sr_38535667.mp3	3528
common_voice_sr_35090453.mp3	3276
common_voice_sr_36774386.mp3	2808
common_voice_sr_41010607.mp3	3456
common_voice_sr_40982896.mp3	2340
common_voice_sr_28526561.mp3	2556
common_voice_sr_27636250.mp3	2628
common_voice_sr_41000606.mp3	2448
common_voice_sr_41024482.mp3	3888
common_voice_sr_36767414.mp3	2052
common_voice_sr_35090324.mp3	3456
common_voice_sr_41024506.mp3	3276
common_voice_sr_26553038.mp3	2700
common_voice_sr_40981823.mp3	2340
common_voice_sr_27675943.mp3	4356
common_voice_sr_38521561.mp3	3384
common_voice_sr_36950248.mp3	4068
common_voice_sr_40997697.mp3	3708
common_voice_sr_40985883.mp3	2628
common_voice_sr_40987707.mp3	3276
common_voice_sr_40985634.mp3	2016
common_voice_sr_40974183.mp3	5760
common_voice_sr_36774483.mp3	2700
common_voice_sr_36774512.mp3	3996
common_voice_sr_40987824.mp3	3636
common_voice_sr_26959178.mp3	3096
common_voice_sr_35091350.mp3	2340
common_voice_sr_36773171.mp3	3060
common_voice_sr_40985664.mp3	2808
common_voice_sr_40985140.mp3	1908
common_voice_sr_46917743.mp3	5184
common_voice_sr_40980926.mp3	3528
common_voice_sr_39936666.mp3	3528
common_voice_sr_35091288.mp3	2196
common_voice_sr_40978525.mp3	4896
common_voice_sr_28521432.mp3	1620
common_voice_sr_39936676.mp3	5256
common_voice_sr_35090540.mp3	3636
common_voice_sr_36767450.mp3	1980
common_voice_sr_40976272.mp3	3528
common_voice_sr_27014669.mp3	2160
common_voice_sr_40981953.mp3	3348
common_voice_sr_41029138.mp3	2196
common_voice_sr_36765822.mp3	2556
common_voice_sr_28526453.mp3	2448
common_voice_sr_35360916.mp3	1368
common_voice_sr_37517870.mp3	3888
common_voice_sr_36946956.mp3	2376
common_voice_sr_27886336.mp3	2376
common_voice_sr_40997607.mp3	6516
common_voice_sr_27675544.mp3	2952
common_voice_sr_36773241.mp3	2448
common_voice_sr_40983662.mp3	2448
common_voice_sr_40989490.mp3	3528
common_voice_sr_28321686.mp3	3240
common_voice_sr_36946639.mp3	3060
common_voice_sr_38537508.mp3	2088
common_voice_sr_40997736.mp3	2160
common_voice_sr_27953563.mp3	2880
common_voice_sr_35085124.mp3	2160
common_voice_sr_35125885.mp3	2088
common_voice_sr_35090695.mp3	2880
common_voice_sr_41021458.mp3	2448
common_voice_sr_40981365.mp3	3996
common_voice_sr_40985121.mp3	3816
common_voice_sr_40981887.mp3	2088
common_voice_sr_40983576.mp3	1800
common_voice_sr_40979290.mp3	2340
common_voice_sr_36946674.mp3	2520
common_voice_sr_46919119.mp3	4896
common_voice_sr_39884990.mp3	3636
common_voice_sr_28153942.mp3	3096
common_voice_sr_39885102.mp3	5004
common_voice_sr_33242756.mp3	6444
common_voice_sr_40981980.mp3	2088
common_voice_sr_36950747.mp3	2844
common_voice_sr_40979983.mp3	1836
common_voice_sr_27635062.mp3	3132
common_voice_sr_40978540.mp3	4500
common_voice_sr_40978741.mp3	5220
common_voice_sr_37810882.mp3	3636
common_voice_sr_40991066.mp3	6156
common_voice_sr_40978289.mp3	3528
common_voice_sr_40979546.mp3	2988
common_voice_sr_38531849.mp3	2232
common_voice_sr_27014766.mp3	2736
common_voice_sr_45994767.mp3	5400
common_voice_sr_37006637.mp3	2268
common_voice_sr_41873236.mp3	3636
common_voice_sr_37810641.mp3	2340
common_voice_sr_35101508.mp3	2556
common_voice_sr_40385961.mp3	6048
common_voice_sr_36774546.mp3	2556
common_voice_sr_27655726.mp3	6660
common_voice_sr_37517898.mp3	2376
common_voice_sr_38531853.mp3	3744
common_voice_sr_39257159.mp3	4536
common_voice_sr_36949432.mp3	3456
common_voice_sr_39884920.mp3	4716
common_voice_sr_40977810.mp3	2376
common_voice_sr_40981915.mp3	2916
common_voice_sr_40989430.mp3	2988
common_voice_sr_41010489.mp3	2808
common_voice_sr_40982670.mp3	4788
common_voice_sr_37810827.mp3	4896
common_voice_sr_40989440.mp3	3276
common_voice_sr_40981874.mp3	2736
common_voice_sr_28153959.mp3	2340
common_voice_sr_46917357.mp3	2484
common_voice_sr_38509142.mp3	3672
common_voice_sr_36946766.mp3	2556
common_voice_sr_35089292.mp3	6192
common_voice_sr_36950659.mp3	1944
common_voice_sr_36765509.mp3	2448
common_voice_sr_40997534.mp3	2196
common_voice_sr_35278227.mp3	2304
common_voice_sr_37172287.mp3	1980
common_voice_sr_40981630.mp3	2628
common_voice_sr_37810704.mp3	6516
common_voice_sr_36767241.mp3	2772
common_voice_sr_40981631.mp3	2700
common_voice_sr_45994715.mp3	2268
common_voice_sr_41012713.mp3	4536
common_voice_sr_40985053.mp3	5940
common_voice_sr_40979285.mp3	2448
common_voice_sr_27636686.mp3	3780
common_voice_sr_40981226.mp3	2448
common_voice_sr_40976267.mp3	2520
common_voice_sr_37810727.mp3	2016
common_voice_sr_40991326.mp3	6408
common_voice_sr_37259383.mp3	2736
common_voice_sr_28859069.mp3	4248
common_voice_sr_39330713.mp3	3276
common_voice_sr_27636700.mp3	2520
common_voice_sr_40982636.mp3	3168
common_voice_sr_37810752.mp3	4032
common_voice_sr_40985420.mp3	2340
common_voice_sr_38537531.mp3	3924
common_voice_sr_40981304.mp3	1980
common_voice_sr_39257158.mp3	1908
common_voice_sr_46917648.mp3	3456
common_voice_sr_35097161.mp3	2880
common_voice_sr_37391377.mp3	2268
common_voice_sr_35090587.mp3	2520
common_voice_sr_40985120.mp3	2160
common_voice_sr_41006475.mp3	2196
common_voice_sr_27011088.mp3	2340
common_voice_sr_38847160.mp3	4068
common_voice_sr_36950186.mp3	2340
common_voice_sr_36592602.mp3	3204
common_voice_sr_40982882.mp3	2376
common_voice_sr_38509155.mp3	3312
common_voice_sr_36946661.mp3	6588
common_voice_sr_36774452.mp3	2628
common_voice_sr_40981955.mp3	2736
common_voice_sr_38523501.mp3	1980
common_voice_sr_38521605.mp3	1908
common_voice_sr_41000499.mp3	3240
common_voice_sr_35085078.mp3	2556
common_voice_sr_41024486.mp3	4068
common_voice_sr_41031280.mp3	1836
common_voice_sr_40491605.mp3	3600
common_voice_sr_40989519.mp3	2700
common_voice_sr_37391356.mp3	3600
common_voice_sr_40976862.mp3	5436
common_voice_sr_40980039.mp3	3276
common_voice_sr_38537520.mp3	1872
common_voice_sr_38537475.mp3	3276
common_voice_sr_40985958.mp3	3888
common_voice_sr_28441171.mp3	2340
common_voice_sr_46919238.mp3	3240
common_voice_sr_40975923.mp3	3240
common_voice_sr_36994220.mp3	2700
common_voice_sr_41006500.mp3	3456
common_voice_sr_41010697.mp3	1836
common_voice_sr_40989456.mp3	2196
common_voice_sr_40977936.mp3	2880
common_voice_sr_35094507.mp3	2988
common_voice_sr_40549954.mp3	2988
common_voice_sr_40997553.mp3	7668
common_voice_sr_35090527.mp3	2088
common_voice_sr_39885182.mp3	3924
common_voice_sr_36767586.mp3	4716
common_voice_sr_40977753.mp3	2988
common_voice_sr_28441373.mp3	2448
common_voice_sr_40989423.mp3	4608
common_voice_sr_40997383.mp3	5256
common_voice_sr_26969267.mp3	2556
common_voice_sr_41031310.mp3	2016
common_voice_sr_37810628.mp3	3060
common_voice_sr_32761950.mp3	3456
common_voice_sr_36946692.mp3	2520
common_voice_sr_40982674.mp3	2196
common_voice_sr_40977833.mp3	2700
common_voice_sr_36766069.mp3	3636
common_voice_sr_38535658.mp3	4032
common_voice_sr_40987686.mp3	3168
common_voice_sr_36950236.mp3	2268
common_voice_sr_37391364.mp3	2196
common_voice_sr_36952587.mp3	3240
common_voice_sr_27166452.mp3	2808
common_voice_sr_35265065.mp3	2232
common_voice_sr_36765408.mp3	2844
common_voice_sr_40976261.mp3	4356
common_voice_sr_27662243.mp3	3564
common_voice_sr_40982683.mp3	3528
common_voice_sr_36311943.mp3	2988
common_voice_sr_40405807.mp3	3348
common_voice_sr_40977688.mp3	2700
common_voice_sr_36774339.mp3	2376
common_voice_sr_36765887.mp3	2808
common_voice_sr_40984033.mp3	2268
common_voice_sr_41024485.mp3	2016
common_voice_sr_41021569.mp3	4968
common_voice_sr_40978514.mp3	2556
common_voice_sr_45995120.mp3	3492
common_voice_sr_40997533.mp3	6768
common_voice_sr_27314121.mp3	2736
common_voice_sr_35360802.mp3	1656
common_voice_sr_40991301.mp3	2196
common_voice_sr_35398552.mp3	1332
common_voice_sr_40977917.mp3	4968
common_voice_sr_38515508.mp3	2304
common_voice_sr_40982835.mp3	2160
common_voice_sr_27675607.mp3	4716
common_voice_sr_40978585.mp3	3456
common_voice_sr_41031293.mp3	3168
common_voice_sr_40985106.mp3	2160
common_voice_sr_40991269.mp3	2808
common_voice_sr_38511427.mp3	4068
common_voice_sr_41029090.mp3	2340
common_voice_sr_40983552.mp3	2268
common_voice_sr_38511434.mp3	4464
common_voice_sr_36946638.mp3	3600
common_voice_sr_27685961.mp3	4032
common_voice_sr_35090475.mp3	2700
common_voice_sr_40983416.mp3	3420
common_voice_sr_27671154.mp3	2268
common_voice_sr_36453122.mp3	3888
common_voice_sr_40976953.mp3	3888
common_voice_sr_27675688.mp3	2304
common_voice_sr_40984011.mp3	2988
common_voice_sr_35125883.mp3	2340
common_voice_sr_40978286.mp3	3528
common_voice_sr_35090455.mp3	3060
common_voice_sr_36765644.mp3	2988
common_voice_sr_36767247.mp3	3600
common_voice_sr_38523492.mp3	4248
common_voice_sr_29138970.mp3	1980
common_voice_sr_40981383.mp3	3240
common_voice_sr_35109139.mp3	3816
common_voice_sr_36773313.mp3	3672
common_voice_sr_36947112.mp3	2520
common_voice_sr_28526242.mp3	2448
common_voice_sr_40978748.mp3	3816
common_voice_sr_38833195.mp3	2268
common_voice_sr_40981884.mp3	2088
common_voice_sr_27786022.mp3	3600
common_voice_sr_27664442.mp3	3168
common_voice_sr_37517800.mp3	4824
common_voice_sr_36946673.mp3	3168
common_voice_sr_35085555.mp3	2736
common_voice_sr_36950195.mp3	3708
common_voice_sr_36950273.mp3	3420
common_voice_sr_35085571.mp3	2808
common_voice_sr_45994752.mp3	5544
common_voice_sr_41012778.mp3	2736
common_voice_sr_27014672.mp3	2808
common_voice_sr_35086244.mp3	2376
common_voice_sr_36774453.mp3	5616
common_voice_sr_26945836.mp3	2448
common_voice_sr_27786025.mp3	2808
common_voice_sr_36773489.mp3	3096
common_voice_sr_27314191.mp3	2556
common_voice_sr_26945481.mp3	2664
common_voice_sr_40982583.mp3	3240
common_voice_sr_40985679.mp3	3060
common_voice_sr_36767516.mp3	2700
common_voice_sr_39884966.mp3	3924
common_voice_sr_35088674.mp3	2916
common_voice_sr_39936652.mp3	5760
common_voice_sr_26874291.mp3	4536
common_voice_sr_39936688.mp3	6048
common_voice_sr_36774285.mp3	2700
common_voice_sr_40985445.mp3	3276
common_voice_sr_39936654.mp3	5436
common_voice_sr_35091663.mp3	2556
common_voice_sr_26874164.mp3	3096
common_voice_sr_35092023.mp3	4068
common_voice_sr_40991080.mp3	2916
common_voice_sr_35397004.mp3	1836
common_voice_sr_40984253.mp3	1836
common_voice_sr_36793375.mp3	2088
common_voice_sr_41000534.mp3	1908
common_voice_sr_40491631.mp3	5832
common_voice_sr_36774110.mp3	2160
common_voice_sr_38515493.mp3	2916
common_voice_sr_37523064.mp3	3924
common_voice_sr_37391345.mp3	3420
common_voice_sr_35091664.mp3	2520
common_voice_sr_40985906.mp3	3528
common_voice_sr_40977012.mp3	2988
common_voice_sr_38515513.mp3	1980
common_voice_sr_40975993.mp3	2196
common_voice_sr_38508394.mp3	3564
common_voice_sr_40997429.mp3	2340
common_voice_sr_40977021.mp3	4176
common_voice_sr_36950084.mp3	2448
common_voice_sr_36804252.mp3	2520
common_voice_sr_40985848.mp3	2628
common_voice_sr_36774743.mp3	2520
common_voice_sr_35085123.mp3	2556
common_voice_sr_40977537.mp3	2520
common_voice_sr_35092031.mp3	2880
common_voice_sr_40979512.mp3	2196
common_voice_sr_27671153.mp3	2376
common_voice_sr_36804271.mp3	2556
common_voice_sr_38509252.mp3	3636
common_voice_sr_36946683.mp3	2700
common_voice_sr_40978608.mp3	2160
common_voice_sr_40982883.mp3	3348
common_voice_sr_41021546.mp3	2340
common_voice_sr_40975746.mp3	2736
common_voice_sr_40984057.mp3	4788
common_voice_sr_40977898.mp3	5256
common_voice_sr_28859085.mp3	2916
common_voice_sr_46827597.mp3	2844
common_voice_sr_35089398.mp3	3888
common_voice_sr_36950148.mp3	3348
common_voice_sr_40983693.mp3	7236
common_voice_sr_40983598.mp3	2376
common_voice_sr_35086336.mp3	2340
common_voice_sr_28153956.mp3	2448
common_voice_sr_41012725.mp3	3816
common_voice_sr_41325034.mp3	4068
common_voice_sr_39290742.mp3	6948
common_voice_sr_45994563.mp3	2448
common_voice_sr_40977741.mp3	3060
common_voice_sr_36765930.mp3	2052
common_voice_sr_40977531.mp3	2448
common_voice_sr_40981340.mp3	2628
common_voice_sr_41010654.mp3	2448
common_voice_sr_40997384.mp3	3060
common_voice_sr_45995216.mp3	4464
common_voice_sr_36950157.mp3	3060
common_voice_sr_37574631.mp3	2304
common_voice_sr_36767440.mp3	2232
common_voice_sr_40983412.mp3	4788
common_voice_sr_40471852.mp3	5652
common_voice_sr_45994615.mp3	3780
common_voice_sr_39330705.mp3	4716
common_voice_sr_40984270.mp3	2016
common_voice_sr_36773573.mp3	2268
common_voice_sr_35086474.mp3	2196
common_voice_sr_41037838.mp3	4320
common_voice_sr_36946681.mp3	3096
common_voice_sr_35126143.mp3	3888
common_voice_sr_28521347.mp3	2196
common_voice_sr_43196829.mp3	5148
common_voice_sr_36774284.mp3	2340
common_voice_sr_36767582.mp3	2196
common_voice_sr_36946895.mp3	2340
common_voice_sr_36773168.mp3	4176
common_voice_sr_36765396.mp3	2988
common_voice_sr_27656752.mp3	3636
common_voice_sr_40977008.mp3	3348
common_voice_sr_40976310.mp3	2808
common_voice_sr_40983674.mp3	2016
common_voice_sr_36994373.mp3	2376
common_voice_sr_40981081.mp3	1548
common_voice_sr_36773385.mp3	3060
common_voice_sr_40978561.mp3	4428
common_voice_sr_36950244.mp3	2160
common_voice_sr_36950256.mp3	2268
common_voice_sr_40991076.mp3	4176
common_voice_sr_40189520.mp3	3780
common_voice_sr_36946740.mp3	2556
common_voice_sr_40979533.mp3	5076
common_voice_sr_27655277.mp3	5724
common_voice_sr_40981001.mp3	4500
common_voice_sr_40991333.mp3	3960
common_voice_sr_40981167.mp3	5508
common_voice_sr_27635136.mp3	3276
common_voice_sr_35398590.mp3	1800
common_voice_sr_40991102.mp3	3276
common_voice_sr_28663242.mp3	2880
common_voice_sr_40975608.mp3	2988
common_voice_sr_41000547.mp3	3960
common_voice_sr_36951840.mp3	2736
common_voice_sr_38833176.mp3	2628
common_voice_sr_41012761.mp3	2736
common_voice_sr_41021542.mp3	2700
common_voice_sr_26959329.mp3	2700
common_voice_sr_28441266.mp3	4356
common_voice_sr_27675571.mp3	2448
common_voice_sr_27655740.mp3	5328
common_voice_sr_38509150.mp3	2628
common_voice_sr_40981920.mp3	5148
common_voice_sr_40989474.mp3	3708
common_voice_sr_28438446.mp3	2376
common_voice_sr_40981803.mp3	2088
common_voice_sr_35099206.mp3	3564
common_voice_sr_40987722.mp3	4356
common_voice_sr_45994994.mp3	4644
common_voice_sr_36950203.mp3	2196
common_voice_sr_39980236.mp3	3456
common_voice_sr_46917863.mp3	4644
common_voice_sr_40977730.mp3	2880
common_voice_sr_27008151.mp3	2556
common_voice_sr_41021493.mp3	2088
common_voice_sr_40978595.mp3	2628
common_voice_sr_38525966.mp3	2844
common_voice_sr_26981154.mp3	2916
common_voice_sr_35133154.mp3	2916
common_voice_sr_40981652.mp3	2880
common_voice_sr_40979938.mp3	5148
common_voice_sr_35090526.mp3	3240
common_voice_sr_40975854.mp3	3960
common_voice_sr_37810847.mp3	3312
common_voice_sr_36773167.mp3	3456
common_voice_sr_40471746.mp3	2232
common_voice_sr_40984209.mp3	2016
common_voice_sr_35085079.mp3	3708
common_voice_sr_46919807.mp3	2268
common_voice_sr_28526403.mp3	2556
common_voice_sr_38509249.mp3	2772
common_voice_sr_40980298.mp3	3420
common_voice_sr_40471819.mp3	4104
common_voice_sr_40980268.mp3	5688
common_voice_sr_37523052.mp3	3636
common_voice_sr_38521546.mp3	4248
common_voice_sr_40997398.mp3	2448
common_voice_sr_36950693.mp3	4032
common_voice_sr_35086492.mp3	4032
common_voice_sr_40471727.mp3	4536
common_voice_sr_35086526.mp3	2268
common_voice_sr_28438386.mp3	3060
common_voice_sr_40976997.mp3	4140
common_voice_sr_28521403.mp3	1656
common_voice_sr_46919624.mp3	3096
common_voice_sr_36765293.mp3	3816
common_voice_sr_40983591.mp3	1800
common_voice_sr_35095546.mp3	2700
common_voice_sr_33192057.mp3	4500
common_voice_sr_27675585.mp3	2196
common_voice_sr_46917782.mp3	2376
common_voice_sr_28526319.mp3	3348
common_voice_sr_40983421.mp3	4140
common_voice_sr_36949207.mp3	2448
common_voice_sr_46064004.mp3	2988
common_voice_sr_36765690.mp3	5328
common_voice_sr_26874041.mp3	3060
common_voice_sr_41010739.mp3	2088
common_voice_sr_28521402.mp3	1512
common_voice_sr_35086510.mp3	2196
common_voice_sr_40984179.mp3	2340
common_voice_sr_40978481.mp3	4896
common_voice_sr_35397254.mp3	1980
common_voice_sr_27781294.mp3	2268
common_voice_sr_35086334.mp3	2160
common_voice_sr_35090478.mp3	2520
common_voice_sr_35086768.mp3	2520
common_voice_sr_27751831.mp3	2520
common_voice_sr_35086324.mp3	3240
common_voice_sr_36950228.mp3	2700
common_voice_sr_41037837.mp3	3888
common_voice_sr_41000532.mp3	1908
common_voice_sr_36765312.mp3	2556
common_voice_sr_40975897.mp3	3528
common_voice_sr_27655326.mp3	2952
common_voice_sr_35086360.mp3	3276
common_voice_sr_40979498.mp3	2160
common_voice_sr_27781290.mp3	2556
common_voice_sr_37574632.mp3	4176
common_voice_sr_36950663.mp3	2628
common_voice_sr_36946928.mp3	3240
common_voice_sr_35086376.mp3	2088
common_voice_sr_40975894.mp3	6120
common_voice_sr_40978288.mp3	5436
common_voice_sr_36774463.mp3	3168
common_voice_sr_41010584.mp3	2340
common_voice_sr_40985672.mp3	3420
common_voice_sr_40982015.mp3	2016
common_voice_sr_28321661.mp3	2916
common_voice_sr_41010473.mp3	2196
common_voice_sr_35399013.mp3	1296
common_voice_sr_27014834.mp3	2520
common_voice_sr_40975853.mp3	5040
common_voice_sr_40981400.mp3	1908
common_voice_sr_27636655.mp3	2160
common_voice_sr_39884997.mp3	3888
common_voice_sr_36765369.mp3	2448
common_voice_sr_36950643.mp3	2484
common_voice_sr_39330537.mp3	4068
common_voice_sr_40981620.mp3	3816
common_voice_sr_33242789.mp3	3312
common_voice_sr_38521598.mp3	2376
common_voice_sr_40471803.mp3	4896
common_voice_sr_35089996.mp3	2592
common_voice_sr_35397919.mp3	1224
common_voice_sr_28521279.mp3	1764
common_voice_sr_35094436.mp3	3420
common_voice_sr_40978998.mp3	3420
common_voice_sr_41010696.mp3	2736
common_voice_sr_35399810.mp3	2088
common_voice_sr_36934813.mp3	1980
common_voice_sr_40977052.mp3	5148
common_voice_sr_27781419.mp3	2628
common_voice_sr_39884921.mp3	4716
common_voice_sr_40977706.mp3	2376
common_voice_sr_36774423.mp3	3348
common_voice_sr_37810757.mp3	3024
common_voice_sr_27781347.mp3	2556
common_voice_sr_41006445.mp3	5688
common_voice_sr_46919050.mp3	3456
common_voice_sr_39885067.mp3	3600
common_voice_sr_26874383.mp3	3096
common_voice_sr_27781370.mp3	2628
common_voice_sr_40978730.mp3	4608
common_voice_sr_35248765.mp3	2340
common_voice_sr_48251251.mp3	2556
common_voice_sr_38515530.mp3	4068
common_voice_sr_35085258.mp3	2520
common_voice_sr_36765527.mp3	2016
common_voice_sr_40991084.mp3	2880
common_voice_sr_38509133.mp3	2556
common_voice_sr_27751850.mp3	2736
common_voice_sr_36946658.mp3	1980
common_voice_sr_40980007.mp3	1800
common_voice_sr_40976316.mp3	1836
common_voice_sr_40982834.mp3	5220
common_voice_sr_40983494.mp3	2556
common_voice_sr_40977049.mp3	2700
common_voice_sr_38515532.mp3	3240
common_voice_sr_26874371.mp3	2448
common_voice_sr_36773745.mp3	6840
common_voice_sr_36773253.mp3	2484
common_voice_sr_40386326.mp3	4608
common_voice_sr_27781320.mp3	2268
common_voice_sr_40985488.mp3	2016
common_voice_sr_28526438.mp3	2736
common_voice_sr_36950182.mp3	2556
common_voice_sr_26874393.mp3	2520
common_voice_sr_36950117.mp3	2880
common_voice_sr_48251119.mp3	2520
common_voice_sr_40981402.mp3	2988
common_voice_sr_27685974.mp3	3492
common_voice_sr_40985944.mp3	2808
common_voice_sr_45994765.mp3	5976
common_voice_sr_27655741.mp3	3456
common_voice_sr_36994286.mp3	4104
common_voice_sr_40979568.mp3	2520
common_voice_sr_36766047.mp3	2484
common_voice_sr_39885059.mp3	3204
common_voice_sr_26874404.mp3	2340
common_voice_sr_36765410.mp3	2556
common_voice_sr_40878533.mp3	4788
common_voice_sr_36950066.mp3	3240
common_voice_sr_40975752.mp3	3348
common_voice_sr_40984043.mp3	2088
common_voice_sr_41012811.mp3	2808
common_voice_sr_28526288.mp3	2556
common_voice_sr_40975725.mp3	3456
common_voice_sr_28663252.mp3	3708
common_voice_sr_36950654.mp3	2484
common_voice_sr_27781302.mp3	2340
common_voice_sr_36925154.mp3	2268
common_voice_sr_40983352.mp3	2988
common_voice_sr_40491756.mp3	2844
common_voice_sr_41010656.mp3	3060
common_voice_sr_40978691.mp3	3240
common_voice_sr_46921861.mp3	5400
common_voice_sr_41000540.mp3	3240
common_voice_sr_36765659.mp3	2988
common_voice_sr_38535693.mp3	2052
common_voice_sr_40982022.mp3	1800
common_voice_sr_40977406.mp3	3420
common_voice_sr_40979026.mp3	4356
common_voice_sr_35090382.mp3	3060
common_voice_sr_40981996.mp3	2016
common_voice_sr_36765814.mp3	2412
common_voice_sr_40976035.mp3	3996
common_voice_sr_45995208.mp3	6228
common_voice_sr_40979273.mp3	2160
common_voice_sr_36766009.mp3	2196
common_voice_sr_41024467.mp3	1620
common_voice_sr_26553065.mp3	2628
common_voice_sr_26943591.mp3	3456
common_voice_sr_27314267.mp3	2448
common_voice_sr_36765647.mp3	2592
common_voice_sr_27008135.mp3	2376
common_voice_sr_36765466.mp3	2988
common_voice_sr_37523024.mp3	2628
common_voice_sr_40975990.mp3	4500
common_voice_sr_31892503.mp3	4608
common_voice_sr_40979930.mp3	2016
common_voice_sr_26960611.mp3	2016
common_voice_sr_36950147.mp3	2196
common_voice_sr_40977814.mp3	3528
common_voice_sr_36971146.mp3	2304
common_voice_sr_27635169.mp3	2340
common_voice_sr_41024459.mp3	2520
common_voice_sr_39330669.mp3	5256
common_voice_sr_27675738.mp3	2052
common_voice_sr_40989462.mp3	6840
common_voice_sr_40977666.mp3	4716
common_voice_sr_37523074.mp3	3744
common_voice_sr_38523467.mp3	2448
common_voice_sr_36950626.mp3	2160
common_voice_sr_40987826.mp3	4896
common_voice_sr_40980951.mp3	2628
common_voice_sr_40471841.mp3	1404
common_voice_sr_40977914.mp3	3060
common_voice_sr_41009910.mp3	1908
common_voice_sr_39885166.mp3	4140
common_voice_sr_36946847.mp3	2808
common_voice_sr_35090507.mp3	3276
common_voice_sr_37810765.mp3	4320
common_voice_sr_40981807.mp3	3780
common_voice_sr_40977421.mp3	3636
common_voice_sr_36947118.mp3	2628
common_voice_sr_28441206.mp3	2376
common_voice_sr_35126123.mp3	2736
common_voice_sr_28153952.mp3	2088
common_voice_sr_35156279.mp3	4716
common_voice_sr_40982594.mp3	2628
common_voice_sr_39884944.mp3	3060
common_voice_sr_36946955.mp3	2448
common_voice_sr_36773419.mp3	2628
common_voice_sr_40978433.mp3	4068
common_voice_sr_28521364.mp3	1260
common_voice_sr_28521435.mp3	1440
common_voice_sr_35095544.mp3	2808
common_voice_sr_33242790.mp3	3672
common_voice_sr_41006467.mp3	4176
common_voice_sr_40975747.mp3	2520
common_voice_sr_27314092.mp3	2916
common_voice_sr_38535668.mp3	4032
common_voice_sr_36994416.mp3	4824
common_voice_sr_37315313.mp3	2556
common_voice_sr_40981817.mp3	3528
common_voice_sr_35091996.mp3	3456
common_voice_sr_27781358.mp3	2160
common_voice_sr_39271843.mp3	3780
common_voice_sr_28441205.mp3	2520
common_voice_sr_38526005.mp3	3564
common_voice_sr_40386070.mp3	3816
common_voice_sr_35126120.mp3	2808
common_voice_sr_27675906.mp3	2088
common_voice_sr_35096218.mp3	3960
common_voice_sr_40975858.mp3	3528
common_voice_sr_46919805.mp3	4932
common_voice_sr_41024448.mp3	2448
common_voice_sr_38845595.mp3	4068
common_voice_sr_28521410.mp3	2484
common_voice_sr_27014758.mp3	2700
common_voice_sr_35399211.mp3	1944
common_voice_sr_26959390.mp3	2628
common_voice_sr_27655735.mp3	3096
common_voice_sr_39330667.mp3	5328
common_voice_sr_36765606.mp3	2196
common_voice_sr_41006438.mp3	5580
common_voice_sr_35099276.mp3	2304
common_voice_sr_37206893.mp3	2700
common_voice_sr_40975626.mp3	3168
common_voice_sr_26958827.mp3	2160
common_voice_sr_27654146.mp3	2736
common_voice_sr_37523111.mp3	3744
common_voice_sr_38509222.mp3	3564
common_voice_sr_40975606.mp3	4716
common_voice_sr_40984200.mp3	2088
common_voice_sr_40981376.mp3	5436
common_voice_sr_40979952.mp3	1836
common_voice_sr_40985416.mp3	2268
common_voice_sr_35086298.mp3	2628
common_voice_sr_26874431.mp3	5040
common_voice_sr_36934836.mp3	2772
common_voice_sr_39936599.mp3	4896
common_voice_sr_28526307.mp3	2520
common_voice_sr_36950257.mp3	2556
common_voice_sr_40834232.mp3	10332
common_voice_sr_40980265.mp3	3960
common_voice_sr_40983427.mp3	3996
common_voice_sr_41010418.mp3	3708
common_voice_sr_36774334.mp3	2520
common_voice_sr_40981986.mp3	2088
common_voice_sr_38531873.mp3	1980
common_voice_sr_40549979.mp3	4716
common_voice_sr_39936574.mp3	3276
common_voice_sr_36950653.mp3	2232
common_voice_sr_36994239.mp3	2484
common_voice_sr_27781435.mp3	2268
common_voice_sr_40985878.mp3	4176
common_voice_sr_40491736.mp3	4824
common_voice_sr_36804211.mp3	2448
common_voice_sr_26958706.mp3	2268
common_voice_sr_40991313.mp3	4068
common_voice_sr_27781307.mp3	5040
common_voice_sr_26874331.mp3	2736
common_voice_sr_46917741.mp3	2592
common_voice_sr_40974244.mp3	5400
common_voice_sr_37051782.mp3	3060
common_voice_sr_35101551.mp3	2340
common_voice_sr_36946743.mp3	2700
common_voice_sr_38521549.mp3	2520
common_voice_sr_35092026.mp3	4248
common_voice_sr_41010760.mp3	8568
common_voice_sr_37810840.mp3	2592
common_voice_sr_37517881.mp3	4212
common_voice_sr_35085095.mp3	2808
common_voice_sr_27781427.mp3	2196
common_voice_sr_36946961.mp3	2196
common_voice_sr_45994601.mp3	7020
common_voice_sr_35086512.mp3	1980
common_voice_sr_35248761.mp3	2448
common_voice_sr_27008213.mp3	2736
common_voice_sr_36434794.mp3	2556
common_voice_sr_40978804.mp3	3456
common_voice_sr_40977051.mp3	7200
common_voice_sr_40985496.mp3	3528
common_voice_sr_36767426.mp3	2520
common_voice_sr_35341232.mp3	2808
common_voice_sr_38523468.mp3	2232
common_voice_sr_40979973.mp3	2700
common_voice_sr_28517877.mp3	2376
common_voice_sr_27781228.mp3	2448
common_voice_sr_36765931.mp3	1980
common_voice_sr_27781480.mp3	3240
common_voice_sr_38537515.mp3	1980
common_voice_sr_37810737.mp3	3852
common_voice_sr_36946741.mp3	3276
common_voice_sr_37810799.mp3	2700
common_voice_sr_27008202.mp3	3888
common_voice_sr_36949235.mp3	2340
common_voice_sr_40985654.mp3	6300
common_voice_sr_36950647.mp3	2592
common_voice_sr_40991169.mp3	1980
common_voice_sr_38537483.mp3	3924
common_voice_sr_36786955.mp3	4104
common_voice_sr_39271879.mp3	2520
common_voice_sr_36838900.mp3	2700
common_voice_sr_36773185.mp3	2700
common_voice_sr_40975810.mp3	2700
common_voice_sr_36434786.mp3	2736
common_voice_sr_41000495.mp3	1800
common_voice_sr_36767257.mp3	2484
common_voice_sr_36773418.mp3	2160
common_voice_sr_27675664.mp3	2448
common_voice_sr_41017394.mp3	2880
common_voice_sr_37574614.mp3	2268
common_voice_sr_40977668.mp3	5508
common_voice_sr_36946672.mp3	6516
common_voice_sr_36950562.mp3	3024
common_voice_sr_40978615.mp3	4968
common_voice_sr_28452680.mp3	2376
common_voice_sr_40978799.mp3	2448
common_voice_sr_27675931.mp3	1872
common_voice_sr_40491652.mp3	3348
common_voice_sr_35399304.mp3	1548
common_voice_sr_35085136.mp3	2808
common_voice_sr_36773295.mp3	2808
common_voice_sr_40981603.mp3	2916
common_voice_sr_40975776.mp3	6156
common_voice_sr_27781451.mp3	2628
common_voice_sr_40979252.mp3	3276
common_voice_sr_35085246.mp3	2268
common_voice_sr_40975607.mp3	5688
common_voice_sr_41009892.mp3	3240
common_voice_sr_40984261.mp3	5580
common_voice_sr_40405856.mp3	5256
common_voice_sr_38058776.mp3	6876
common_voice_sr_39884971.mp3	3672
common_voice_sr_27781360.mp3	2556
common_voice_sr_40978635.mp3	6228
common_voice_sr_40991342.mp3	5256
common_voice_sr_40985469.mp3	3996
common_voice_sr_36925166.mp3	2628
common_voice_sr_36774270.mp3	2520
common_voice_sr_35360949.mp3	2088
common_voice_sr_41000539.mp3	6768
common_voice_sr_38526002.mp3	2304
common_voice_sr_41006413.mp3	3168
common_voice_sr_40976296.mp3	4608
common_voice_sr_40979951.mp3	2160
common_voice_sr_28452689.mp3	2340
common_voice_sr_40982863.mp3	3600
common_voice_sr_46917776.mp3	1980
common_voice_sr_40981647.mp3	2268
common_voice_sr_37391363.mp3	2556
common_voice_sr_36767356.mp3	2232
common_voice_sr_41009925.mp3	2268
common_voice_sr_35091344.mp3	2988
common_voice_sr_27660677.mp3	3096
common_voice_sr_41029143.mp3	4500
common_voice_sr_36946939.mp3	4428
common_voice_sr_40983553.mp3	1908
common_voice_sr_38515518.mp3	3240
common_voice_sr_36934857.mp3	2520
common_voice_sr_36793453.mp3	3420
common_voice_sr_41012807.mp3	2808
common_voice_sr_40463808.mp3	4464
common_voice_sr_40976910.mp3	3960
common_voice_sr_28859068.mp3	2700
common_voice_sr_40978496.mp3	3240
common_voice_sr_36765653.mp3	2520
common_voice_sr_36950592.mp3	2196
common_voice_sr_40984266.mp3	2736
common_voice_sr_41006533.mp3	4788
common_voice_sr_28441386.mp3	2340
common_voice_sr_36838858.mp3	3888
common_voice_sr_41012937.mp3	1908
common_voice_sr_27794962.mp3	3168
common_voice_sr_38525993.mp3	2304
common_voice_sr_41021495.mp3	1836
common_voice_sr_38031085.mp3	3456
common_voice_sr_31333171.mp3	3240
common_voice_sr_35098164.mp3	2340
common_voice_sr_28321637.mp3	3420
common_voice_sr_36994375.mp3	4752
common_voice_sr_36765781.mp3	2808
common_voice_sr_40997735.mp3	3276
common_voice_sr_27014825.mp3	2700
common_voice_sr_26959904.mp3	2520
common_voice_sr_35090585.mp3	3240
common_voice_sr_27655713.mp3	5436
common_voice_sr_45994894.mp3	2160
common_voice_sr_36950633.mp3	2844
common_voice_sr_26959179.mp3	2556
common_voice_sr_41029098.mp3	5868
common_voice_sr_40985091.mp3	2376
common_voice_sr_35091329.mp3	2376
common_voice_sr_40471708.mp3	5364
common_voice_sr_27314159.mp3	3240
common_voice_sr_38537511.mp3	2232
common_voice_sr_40977642.mp3	3276
common_voice_sr_41013007.mp3	4968
common_voice_sr_39884942.mp3	3852
common_voice_sr_35360939.mp3	1620
common_voice_sr_36950700.mp3	2340
common_voice_sr_45995096.mp3	3960
common_voice_sr_40975734.mp3	4248
common_voice_sr_38521553.mp3	3564
common_voice_sr_36946919.mp3	2160
common_voice_sr_41009935.mp3	4788
common_voice_sr_38535701.mp3	1944
common_voice_sr_40981782.mp3	4608
common_voice_sr_36949466.mp3	2448
common_voice_sr_36947022.mp3	2628
common_voice_sr_35101509.mp3	2340
common_voice_sr_38509223.mp3	2340
common_voice_sr_41012865.mp3	2160
common_voice_sr_36765618.mp3	2304
common_voice_sr_39254683.mp3	5436
common_voice_sr_27655635.mp3	2160
common_voice_sr_40976856.mp3	3528
common_voice_sr_40982655.mp3	1656
common_voice_sr_40491770.mp3	3312
common_voice_sr_35109117.mp3	3780
common_voice_sr_35098217.mp3	3348
common_voice_sr_36793332.mp3	2556
common_voice_sr_36773742.mp3	4320
common_voice_sr_36773335.mp3	3348
common_voice_sr_39885186.mp3	4536
common_voice_sr_37810955.mp3	4572
common_voice_sr_27008125.mp3	2340
common_voice_sr_39254677.mp3	4500
common_voice_sr_36767554.mp3	4752
common_voice_sr_40975787.mp3	5400
common_voice_sr_40997411.mp3	3780
common_voice_sr_41021509.mp3	2880
common_voice_sr_40981623.mp3	4716
common_voice_sr_41029153.mp3	2088
common_voice_sr_36379610.mp3	4500
common_voice_sr_27781274.mp3	2520
common_voice_sr_27662247.mp3	5076
common_voice_sr_39316368.mp3	3276
common_voice_sr_36434790.mp3	2808
common_voice_sr_35085116.mp3	2376
common_voice_sr_41012747.mp3	2016
common_voice_sr_35098208.mp3	1908
common_voice_sr_36950180.mp3	3996
common_voice_sr_36934825.mp3	2592
common_voice_sr_37523051.mp3	4392
common_voice_sr_26874231.mp3	5760
common_voice_sr_27011083.mp3	2628
common_voice_sr_45994591.mp3	5256
common_voice_sr_33242764.mp3	3204
common_voice_sr_36994232.mp3	2412
common_voice_sr_37259389.mp3	2700
common_voice_sr_37810954.mp3	3600
common_voice_sr_40978597.mp3	4140
common_voice_sr_27781288.mp3	1908
common_voice_sr_27635303.mp3	3096
common_voice_sr_39254565.mp3	4428
common_voice_sr_36765508.mp3	2160
common_voice_sr_40977834.mp3	2088
common_voice_sr_39330530.mp3	4968
common_voice_sr_36774286.mp3	2628
common_voice_sr_41024474.mp3	1836
common_voice_sr_39257224.mp3	4608
common_voice_sr_40983697.mp3	2376
common_voice_sr_39330714.mp3	4788
common_voice_sr_27014952.mp3	2736
common_voice_sr_40978784.mp3	1656
common_voice_sr_40977622.mp3	4968
common_voice_sr_37810894.mp3	3240
common_voice_sr_38511369.mp3	3852
common_voice_sr_38833125.mp3	2448
common_voice_sr_36950101.mp3	3816
common_voice_sr_28526329.mp3	2808
common_voice_sr_41006470.mp3	2736
common_voice_sr_28526452.mp3	2268
common_voice_sr_36773382.mp3	2376
common_voice_sr_40978990.mp3	2988
common_voice_sr_37006632.mp3	2556
common_voice_sr_40981146.mp3	4140
common_voice_sr_40977702.mp3	3528
common_voice_sr_46918825.mp3	2160
common_voice_sr_40997588.mp3	3168
common_voice_sr_40980950.mp3	2808
common_voice_sr_27635133.mp3	2808
common_voice_sr_36934734.mp3	2952
common_voice_sr_39212861.mp3	7956
common_voice_sr_38509233.mp3	2340
common_voice_sr_45994553.mp3	2808
common_voice_sr_27675879.mp3	2592
common_voice_sr_27636330.mp3	2448
common_voice_sr_35097159.mp3	3060
common_voice_sr_40977933.mp3	4896
common_voice_sr_38523460.mp3	2664
common_voice_sr_35085264.mp3	2556
common_voice_sr_45994681.mp3	3600
common_voice_sr_38509231.mp3	3060
common_voice_sr_39257301.mp3	4896
common_voice_sr_27008238.mp3	2448
common_voice_sr_38162267.mp3	2988
common_voice_sr_40386281.mp3	3888
common_voice_sr_40983433.mp3	5040
common_voice_sr_40984241.mp3	2988
common_voice_sr_40984002.mp3	2376
common_voice_sr_41010625.mp3	2196
common_voice_sr_38525972.mp3	3744
common_voice_sr_38511419.mp3	4356
common_voice_sr_35265080.mp3	2520
common_voice_sr_40471868.mp3	2412
common_voice_sr_40975896.mp3	3960
common_voice_sr_43194822.mp3	3816
common_voice_sr_48250932.mp3	3780
common_voice_sr_42629664.mp3	3996
common_voice_sr_36767471.mp3	1980
common_voice_sr_28452676.mp3	2520
common_voice_sr_41006393.mp3	2808
common_voice_sr_36946860.mp3	2808
common_voice_sr_28438489.mp3	2268
common_voice_sr_41000570.mp3	3096
common_voice_sr_41013016.mp3	2196
common_voice_sr_48250701.mp3	3240
common_voice_sr_40471747.mp3	4896
common_voice_sr_35126160.mp3	2448
common_voice_sr_26945839.mp3	2520
common_voice_sr_40991300.mp3	2268
common_voice_sr_40471936.mp3	3168
common_voice_sr_40979914.mp3	4860
common_voice_sr_39936669.mp3	5868
common_voice_sr_37206881.mp3	3420
common_voice_sr_35125874.mp3	3348
common_voice_sr_39330570.mp3	3456
common_voice_sr_46919121.mp3	3312
common_voice_sr_37810859.mp3	4536
common_voice_sr_37523153.mp3	1944
common_voice_sr_28216751.mp3	3528
common_voice_sr_35098150.mp3	2196
common_voice_sr_40976277.mp3	2196
common_voice_sr_36765305.mp3	3096
common_voice_sr_36773400.mp3	2880
common_voice_sr_40977549.mp3	3996
common_voice_sr_36434792.mp3	2556
common_voice_sr_35099272.mp3	2844
common_voice_sr_40985604.mp3	2268
common_voice_sr_41010593.mp3	2520
common_voice_sr_40984055.mp3	2268
common_voice_sr_40977019.mp3	3456
common_voice_sr_36946874.mp3	2448
common_voice_sr_35086341.mp3	2196
common_voice_sr_41024494.mp3	1836
common_voice_sr_37391334.mp3	2340
common_voice_sr_27636366.mp3	2448
common_voice_sr_40981342.mp3	3780
common_voice_sr_40974204.mp3	5508
common_voice_sr_35399461.mp3	2124
common_voice_sr_36774225.mp3	3168
common_voice_sr_36793376.mp3	2520
common_voice_sr_27794970.mp3	2268
common_voice_sr_40975870.mp3	2736
common_voice_sr_42012749.mp3	6084
common_voice_sr_40983595.mp3	1908
common_voice_sr_40987662.mp3	5616
common_voice_sr_26945782.mp3	2376
common_voice_sr_36949256.mp3	1800
common_voice_sr_37259390.mp3	2088
common_voice_sr_36994248.mp3	2952
common_voice_sr_40985916.mp3	3780
common_voice_sr_36765488.mp3	2844
common_voice_sr_28663209.mp3	2916
common_voice_sr_40991264.mp3	3456
common_voice_sr_35085154.mp3	2268
common_voice_sr_35085533.mp3	2520
common_voice_sr_46918715.mp3	2988
common_voice_sr_27636576.mp3	1980
common_voice_sr_40978739.mp3	2016
common_voice_sr_40982038.mp3	2016
common_voice_sr_40983414.mp3	2736
common_voice_sr_36765655.mp3	1980
common_voice_sr_36994444.mp3	2880
common_voice_sr_36765528.mp3	2340
common_voice_sr_40975553.mp3	3888
common_voice_sr_41012757.mp3	2340
common_voice_sr_38833324.mp3	2988
common_voice_sr_39885123.mp3	3348
common_voice_sr_26960474.mp3	1980
common_voice_sr_41010541.mp3	2880
common_voice_sr_40386191.mp3	3816
common_voice_sr_46917442.mp3	2052
common_voice_sr_41031277.mp3	1908
common_voice_sr_40981781.mp3	3816
common_voice_sr_35101575.mp3	1908
common_voice_sr_36950192.mp3	2808
common_voice_sr_40983592.mp3	4680
common_voice_sr_32069098.mp3	2700
common_voice_sr_27781345.mp3	4536
common_voice_sr_36804216.mp3	2448
common_voice_sr_28452688.mp3	2700
common_voice_sr_48250984.mp3	4788
common_voice_sr_26981421.mp3	2268
common_voice_sr_40982819.mp3	3816
common_voice_sr_36934736.mp3	2772
common_voice_sr_28859055.mp3	2556
common_voice_sr_38537521.mp3	1836
common_voice_sr_36946753.mp3	2700
common_voice_sr_35086220.mp3	2484
common_voice_sr_37523129.mp3	2520
common_voice_sr_26874303.mp3	2448
common_voice_sr_40983332.mp3	5256
common_voice_sr_39290741.mp3	4788
common_voice_sr_28521345.mp3	1908
common_voice_sr_26874251.mp3	4608
common_voice_sr_40471840.mp3	3384
common_voice_sr_36793411.mp3	2880
common_voice_sr_36765324.mp3	3132
common_voice_sr_41009949.mp3	2160
common_voice_sr_46063778.mp3	4644
common_voice_sr_36934868.mp3	2700
common_voice_sr_40987666.mp3	3456
common_voice_sr_35085523.mp3	3060
common_voice_sr_35089395.mp3	3456
common_voice_sr_35399480.mp3	1980
common_voice_sr_40975836.mp3	3816
common_voice_sr_36774142.mp3	2448
common_voice_sr_45995119.mp3	2124
common_voice_sr_36925153.mp3	2448
common_voice_sr_38509230.mp3	3816
common_voice_sr_26958225.mp3	3168
common_voice_sr_40989500.mp3	2628
common_voice_sr_41029110.mp3	2016
common_voice_sr_28441293.mp3	2700
common_voice_sr_27781262.mp3	2376
common_voice_sr_40987682.mp3	5616
common_voice_sr_39316375.mp3	4896
common_voice_sr_27781296.mp3	2016
common_voice_sr_35278250.mp3	1980
common_voice_sr_40491599.mp3	4896
common_voice_sr_41017390.mp3	2376
common_voice_sr_40975586.mp3	3420
common_voice_sr_35098206.mp3	2376
common_voice_sr_40405814.mp3	4968
common_voice_sr_26943586.mp3	3924
common_voice_sr_39330682.mp3	2988
common_voice_sr_36765911.mp3	2232
common_voice_sr_35085126.mp3	2268
common_voice_sr_35109110.mp3	2916
common_voice_sr_37517836.mp3	3888
common_voice_sr_26553050.mp3	2880
common_voice_sr_40984170.mp3	4500
common_voice_sr_41037834.mp3	5220
common_voice_sr_41012859.mp3	4968
common_voice_sr_40386226.mp3	3780
common_voice_sr_33192073.mp3	2916
common_voice_sr_37810841.mp3	4968
common_voice_sr_28521314.mp3	1440
common_voice_sr_40471811.mp3	5400
common_voice_sr_38511392.mp3	2160
common_voice_sr_39330529.mp3	2700
common_voice_sr_27781232.mp3	2628
common_voice_sr_40987689.mp3	5796
common_voice_sr_40975713.mp3	3348
common_voice_sr_40976942.mp3	4860
common_voice_sr_40975833.mp3	2988
common_voice_sr_36950266.mp3	2520
common_voice_sr_39885163.mp3	3060
common_voice_sr_40980028.mp3	3240
common_voice_sr_36774545.mp3	2340
common_voice_sr_40975588.mp3	3276
common_voice_sr_40386282.mp3	3960
common_voice_sr_38508395.mp3	3816
common_voice_sr_39980233.mp3	4896
common_voice_sr_36950208.mp3	2016
common_voice_sr_35090075.mp3	2088
common_voice_sr_36950569.mp3	2124
common_voice_sr_28521336.mp3	2304
common_voice_sr_40991281.mp3	3708
common_voice_sr_40491732.mp3	5796
common_voice_sr_35086338.mp3	2088
common_voice_sr_45994663.mp3	4500
common_voice_sr_35085524.mp3	2628
common_voice_sr_40189519.mp3	4788
common_voice_sr_41029166.mp3	1728
common_voice_sr_27662189.mp3	3744
common_voice_sr_35090744.mp3	2520
common_voice_sr_36765991.mp3	2772
common_voice_sr_27685960.mp3	3168
common_voice_sr_46917742.mp3	2592
common_voice_sr_40978472.mp3	4680
common_voice_sr_40981171.mp3	4716
common_voice_sr_39980235.mp3	5076
common_voice_sr_40979301.mp3	2520
common_voice_sr_40980284.mp3	4608
common_voice_sr_36994285.mp3	2160
common_voice_sr_40997609.mp3	4176
common_voice_sr_40984218.mp3	2016
common_voice_sr_28441260.mp3	2088
common_voice_sr_38535708.mp3	1944
common_voice_sr_28452690.mp3	2556
common_voice_sr_35156282.mp3	3096
common_voice_sr_27636333.mp3	2556
common_voice_sr_27701672.mp3	2628
common_voice_sr_40982004.mp3	2088
common_voice_sr_39885245.mp3	4392
common_voice_sr_40549971.mp3	5076
common_voice_sr_27781473.mp3	2088
common_voice_sr_38535711.mp3	1656
common_voice_sr_35090541.mp3	2628
common_voice_sr_40976301.mp3	2268
common_voice_sr_40981665.mp3	3636
common_voice_sr_38531869.mp3	1656
common_voice_sr_27781215.mp3	2556
common_voice_sr_27655216.mp3	4860
common_voice_sr_40983327.mp3	3888
common_voice_sr_36949273.mp3	1980
common_voice_sr_36505840.mp3	2520
common_voice_sr_45994775.mp3	4896
common_voice_sr_35109106.mp3	2880
common_voice_sr_37810793.mp3	4752
common_voice_sr_36950119.mp3	2736
common_voice_sr_39551728.mp3	9900
common_voice_sr_39278152.mp3	3888
common_voice_sr_27636603.mp3	2268
common_voice_sr_27781324.mp3	2628
common_voice_sr_36765767.mp3	2340
common_voice_sr_40386259.mp3	2808
common_voice_sr_36994457.mp3	2304
common_voice_sr_39257131.mp3	2808
common_voice_sr_39330724.mp3	4968
common_voice_sr_36767596.mp3	2412
common_voice_sr_27685972.mp3	3024
common_voice_sr_41010771.mp3	3276
common_voice_sr_26873665.mp3	3096
common_voice_sr_41000600.mp3	3060
common_voice_sr_40978158.mp3	6228
common_voice_sr_37315298.mp3	2736
common_voice_sr_38521581.mp3	2124
common_voice_sr_38537529.mp3	1872
common_voice_sr_36947051.mp3	2988
common_voice_sr_45994575.mp3	5544
common_voice_sr_36946760.mp3	2520
common_voice_sr_40977506.mp3	2628
common_voice_sr_39257138.mp3	3780
common_voice_sr_36767301.mp3	2592
common_voice_sr_42629657.mp3	6156
common_voice_sr_27781309.mp3	2880
common_voice_sr_40980299.mp3	2088
common_voice_sr_40985621.mp3	3060
common_voice_sr_40975545.mp3	5976
common_voice_sr_26937945.mp3	3996
common_voice_sr_46919187.mp3	4464
common_voice_sr_40471685.mp3	4788
common_voice_sr_35101548.mp3	3780
common_voice_sr_36774078.mp3	2088
common_voice_sr_40975926.mp3	3168
common_voice_sr_26959962.mp3	2916
common_voice_sr_39263242.mp3	3636
common_voice_sr_27655267.mp3	2988
common_voice_sr_26958774.mp3	2448
common_voice_sr_36934841.mp3	2880
common_voice_sr_27675617.mp3	2232
common_voice_sr_27655836.mp3	3240
common_voice_sr_36971092.mp3	2808
common_voice_sr_28452685.mp3	2268
common_voice_sr_35399049.mp3	2088
common_voice_sr_36767269.mp3	2124
common_voice_sr_37523119.mp3	3744
common_voice_sr_35085635.mp3	3636
common_voice_sr_41010570.mp3	2340
common_voice_sr_40189521.mp3	3168
common_voice_sr_39330492.mp3	4500
common_voice_sr_40980031.mp3	2016
common_voice_sr_36773404.mp3	2628
common_voice_sr_37810952.mp3	4464
common_voice_sr_37523073.mp3	4428
common_voice_sr_27671107.mp3	3780
common_voice_sr_35265107.mp3	2304
common_voice_sr_36949089.mp3	3024
common_voice_sr_46919182.mp3	3780
common_voice_sr_40983651.mp3	2340
common_voice_sr_35265101.mp3	3096
common_voice_sr_35133143.mp3	3096
common_voice_sr_36950625.mp3	2088
common_voice_sr_36773408.mp3	2700
common_voice_sr_26943978.mp3	2520
common_voice_sr_36946655.mp3	3168
common_voice_sr_36950678.mp3	2124
common_voice_sr_40979280.mp3	6120
common_voice_sr_46919426.mp3	2016
common_voice_sr_36767266.mp3	2340
common_voice_sr_36971123.mp3	2952
common_voice_sr_46827359.mp3	5076
common_voice_sr_40997392.mp3	5796
common_voice_sr_36767551.mp3	2016
common_voice_sr_40976027.mp3	2988
common_voice_sr_40991095.mp3	3960
common_voice_sr_36994221.mp3	2448
common_voice_sr_26874381.mp3	2340
common_voice_sr_38509099.mp3	3672
common_voice_sr_40976921.mp3	3636
common_voice_sr_40987706.mp3	2196
common_voice_sr_36947103.mp3	2628
common_voice_sr_42629675.mp3	5976
common_voice_sr_35087923.mp3	5256
common_voice_sr_37810770.mp3	1836
common_voice_sr_26552855.mp3	2340
common_voice_sr_32761931.mp3	1872
common_voice_sr_39330656.mp3	4248
common_voice_sr_40979249.mp3	3960
common_voice_sr_40981838.mp3	3276
common_voice_sr_40975619.mp3	2556
common_voice_sr_36950004.mp3	2808
common_voice_sr_36773576.mp3	2340
common_voice_sr_40983609.mp3	3708
common_voice_sr_40997709.mp3	2520
common_voice_sr_40975537.mp3	4248
common_voice_sr_36950205.mp3	2088
common_voice_sr_28452684.mp3	2628
common_voice_sr_40977418.mp3	3528
common_voice_sr_36994382.mp3	4536
common_voice_sr_27635161.mp3	3168
common_voice_sr_36950680.mp3	3384
common_voice_sr_40471836.mp3	3672
common_voice_sr_36838920.mp3	2700
common_voice_sr_35398672.mp3	1800
common_voice_sr_37810884.mp3	4068
common_voice_sr_41012933.mp3	1908
common_voice_sr_38509226.mp3	2304
common_voice_sr_35085091.mp3	2880
common_voice_sr_27781312.mp3	2448
common_voice_sr_36947000.mp3	2808
common_voice_sr_37391355.mp3	3888
common_voice_sr_35088566.mp3	2808
common_voice_sr_38845583.mp3	3060
common_voice_sr_35396951.mp3	1512
common_voice_sr_40471789.mp3	1692
common_voice_sr_40989494.mp3	3096
common_voice_sr_40983389.mp3	2808
common_voice_sr_38531797.mp3	1872
common_voice_sr_26553037.mp3	2880
common_voice_sr_36934824.mp3	2916
common_voice_sr_40983452.mp3	3888
common_voice_sr_36946648.mp3	2268
common_voice_sr_28526523.mp3	3816
common_voice_sr_40975931.mp3	2628
common_voice_sr_27675837.mp3	2880
common_voice_sr_27635226.mp3	3960
common_voice_sr_36774335.mp3	2736
common_voice_sr_41873239.mp3	5256
common_voice_sr_40549956.mp3	4680
common_voice_sr_41010695.mp3	2520
common_voice_sr_36950679.mp3	2340
common_voice_sr_41031294.mp3	3780
common_voice_sr_40985086.mp3	1836
common_voice_sr_40978766.mp3	2916
common_voice_sr_27636274.mp3	2916
common_voice_sr_28438520.mp3	2448
common_voice_sr_40991253.mp3	3096
common_voice_sr_40981412.mp3	5220
common_voice_sr_39257304.mp3	3816
common_voice_sr_36950751.mp3	2196
common_voice_sr_40975786.mp3	2988
common_voice_sr_27675640.mp3	2844
common_voice_sr_40974195.mp3	3816
common_voice_sr_40974212.mp3	3600
common_voice_sr_35278241.mp3	2484
common_voice_sr_37517893.mp3	4392
common_voice_sr_38508417.mp3	2592
common_voice_sr_40985137.mp3	1836
common_voice_sr_28526299.mp3	2520
common_voice_sr_27636502.mp3	2340
common_voice_sr_40985901.mp3	3276
common_voice_sr_27314235.mp3	3996
common_voice_sr_41325024.mp3	4140
common_voice_sr_28216722.mp3	3276
common_voice_sr_36773541.mp3	2160
common_voice_sr_40989442.mp3	2520
common_voice_sr_40979962.mp3	3096
common_voice_sr_38183774.mp3	2664
common_voice_sr_40983661.mp3	2088
common_voice_sr_27660234.mp3	3096
common_voice_sr_39770129.mp3	5256
common_voice_sr_37810653.mp3	4572
common_voice_sr_40985149.mp3	3240
common_voice_sr_27654230.mp3	2520
common_voice_sr_41000529.mp3	5760
common_voice_sr_40976900.mp3	4140
common_voice_sr_27675814.mp3	2484
common_voice_sr_40984212.mp3	2448
common_voice_sr_38526007.mp3	1836
common_voice_sr_36951810.mp3	2376
common_voice_sr_35086793.mp3	2700
common_voice_sr_40991293.mp3	2628
common_voice_sr_40985083.mp3	2880
common_voice_sr_37391350.mp3	4248
common_voice_sr_40977625.mp3	4860
common_voice_sr_26945755.mp3	2844
common_voice_sr_29138994.mp3	2808
common_voice_sr_40985625.mp3	5148
common_voice_sr_26959848.mp3	2628
common_voice_sr_40987831.mp3	2196
common_voice_sr_28517888.mp3	2628
common_voice_sr_27786023.mp3	3204
common_voice_sr_40471937.mp3	3744
common_voice_sr_37523143.mp3	2268
common_voice_sr_36767370.mp3	2664
common_voice_sr_36950006.mp3	2160
common_voice_sr_40976023.mp3	2088
common_voice_sr_36768746.mp3	2448
common_voice_sr_36946976.mp3	2628
common_voice_sr_27656433.mp3	3276
common_voice_sr_36674339.mp3	3168
common_voice_sr_40985456.mp3	2016
common_voice_sr_26958923.mp3	2160
common_voice_sr_27314227.mp3	2808
common_voice_sr_26874167.mp3	2448
common_voice_sr_40978693.mp3	1908
common_voice_sr_41006541.mp3	3060
common_voice_sr_35091994.mp3	2916
common_voice_sr_39330733.mp3	2916
common_voice_sr_28452672.mp3	2520
common_voice_sr_46919340.mp3	1944
common_voice_sr_40985624.mp3	3780
common_voice_sr_35098207.mp3	2016
common_voice_sr_40989438.mp3	6876
common_voice_sr_40980249.mp3	5400
common_voice_sr_40975695.mp3	2700
common_voice_sr_36925163.mp3	4608
common_voice_sr_31892529.mp3	2196
common_voice_sr_40997727.mp3	5616
common_voice_sr_46917715.mp3	4068
common_voice_sr_37810816.mp3	2448
common_voice_sr_40975541.mp3	6120
common_voice_sr_40982812.mp3	3780
common_voice_sr_27675898.mp3	2088
common_voice_sr_40983420.mp3	4788
common_voice_sr_36951786.mp3	2592
common_voice_sr_40985112.mp3	3708
common_voice_sr_40985847.mp3	3420
common_voice_sr_40981664.mp3	5148
common_voice_sr_27660567.mp3	2916
common_voice_sr_36950109.mp3	2448
common_voice_sr_40981768.mp3	2736
common_voice_sr_41031262.mp3	4896
common_voice_sr_27014673.mp3	3060
common_voice_sr_40981361.mp3	2088
common_voice_sr_40976936.mp3	4176
common_voice_sr_40981210.mp3	4140
common_voice_sr_28859064.mp3	2556
common_voice_sr_36950671.mp3	3168
common_voice_sr_41010486.mp3	2556
common_voice_sr_41037841.mp3	7596
common_voice_sr_36434795.mp3	2880
common_voice_sr_40977059.mp3	3888
common_voice_sr_27671113.mp3	2268
common_voice_sr_40983491.mp3	4680
common_voice_sr_40977692.mp3	3240
common_voice_sr_36950644.mp3	1980
common_voice_sr_38515528.mp3	2592
common_voice_sr_40979986.mp3	1728
common_voice_sr_40980264.mp3	2556
common_voice_sr_40983530.mp3	2880
common_voice_sr_27781301.mp3	2160
common_voice_sr_40978798.mp3	3996
common_voice_sr_27781456.mp3	2268
common_voice_sr_37315348.mp3	4716
common_voice_sr_36774128.mp3	3096
common_voice_sr_41325040.mp3	2412
common_voice_sr_36765865.mp3	2088
common_voice_sr_40983470.mp3	3348
common_voice_sr_40982605.mp3	2340
common_voice_sr_27014656.mp3	3528
common_voice_sr_36946859.mp3	2628
common_voice_sr_32761916.mp3	2052
common_voice_sr_41010586.mp3	3276
common_voice_sr_36946682.mp3	2736
common_voice_sr_40985431.mp3	4428
common_voice_sr_40471735.mp3	5220
common_voice_sr_27636405.mp3	2448
common_voice_sr_40983537.mp3	2340
common_voice_sr_36767544.mp3	2268
common_voice_sr_36765770.mp3	2196
common_voice_sr_40978533.mp3	3060
common_voice_sr_40491730.mp3	5148
common_voice_sr_41010523.mp3	2988
common_voice_sr_26959237.mp3	3888
common_voice_sr_36765863.mp3	3744
common_voice_sr_40982020.mp3	2016
common_voice_sr_40978459.mp3	4500
common_voice_sr_40386164.mp3	4500
common_voice_sr_36946855.mp3	2376
common_voice_sr_36950632.mp3	2844
common_voice_sr_40980302.mp3	2016
common_voice_sr_35085130.mp3	2916
common_voice_sr_36767304.mp3	3816
common_voice_sr_27636331.mp3	2520
common_voice_sr_35125875.mp3	2376
common_voice_sr_41017410.mp3	2160
common_voice_sr_40985849.mp3	4680
common_voice_sr_36950668.mp3	3888
common_voice_sr_41031308.mp3	2736
common_voice_sr_40977057.mp3	2736
common_voice_sr_41029128.mp3	1656
common_voice_sr_39271845.mp3	4248
common_voice_sr_27314250.mp3	3420
common_voice_sr_40975863.mp3	2556
common_voice_sr_40977680.mp3	3816
common_voice_sr_38523428.mp3	2232
common_voice_sr_40985434.mp3	2376
common_voice_sr_40976875.mp3	4500
common_voice_sr_40978581.mp3	7236
common_voice_sr_27314101.mp3	3780
common_voice_sr_40989524.mp3	3240
common_voice_sr_36947048.mp3	2268
common_voice_sr_36774482.mp3	2808
common_voice_sr_28441270.mp3	2808
common_voice_sr_40997615.mp3	3168
common_voice_sr_36765622.mp3	2772
common_voice_sr_46918716.mp3	2952
common_voice_sr_43196828.mp3	3996
common_voice_sr_37810930.mp3	4176
common_voice_sr_27014814.mp3	2736
common_voice_sr_38521608.mp3	2196
common_voice_sr_36994391.mp3	2592
common_voice_sr_36774451.mp3	4176
common_voice_sr_37523101.mp3	3744
common_voice_sr_40983331.mp3	1728
common_voice_sr_36946671.mp3	2520
common_voice_sr_28521313.mp3	1656
common_voice_sr_35090486.mp3	2556
common_voice_sr_40978794.mp3	3600
common_voice_sr_40977408.mp3	3348
common_voice_sr_40982581.mp3	5148
common_voice_sr_27635122.mp3	3348
common_voice_sr_28521312.mp3	2268
common_voice_sr_35265169.mp3	2592
common_voice_sr_36793330.mp3	2376
common_voice_sr_36952576.mp3	5976
common_voice_sr_40979307.mp3	3780
common_voice_sr_36947119.mp3	2376
common_voice_sr_37517808.mp3	4572
common_voice_sr_36765571.mp3	1944
common_voice_sr_35125878.mp3	2088
common_voice_sr_27314161.mp3	2736
common_voice_sr_28517933.mp3	2340
common_voice_sr_40975733.mp3	6048
common_voice_sr_39885229.mp3	3564
common_voice_sr_27675884.mp3	1908
common_voice_sr_39254600.mp3	4752
common_voice_sr_35090588.mp3	2700
common_voice_sr_40997747.mp3	5220
common_voice_sr_40980935.mp3	4860
common_voice_sr_35085157.mp3	2448
common_voice_sr_36971147.mp3	3384
common_voice_sr_41012721.mp3	4716
common_voice_sr_37810719.mp3	2772
common_voice_sr_38847197.mp3	5616
common_voice_sr_40981767.mp3	2340
common_voice_sr_41006491.mp3	5508
common_voice_sr_40976859.mp3	5940
common_voice_sr_36804171.mp3	4716
common_voice_sr_26945785.mp3	2340
common_voice_sr_26960475.mp3	1836
common_voice_sr_40979023.mp3	2736
common_voice_sr_36838836.mp3	2556
common_voice_sr_40997738.mp3	2448
common_voice_sr_39290744.mp3	3996
common_voice_sr_26960326.mp3	4320
common_voice_sr_26874248.mp3	2160
common_voice_sr_36946629.mp3	4788
common_voice_sr_40981638.mp3	3636
common_voice_sr_35086878.mp3	2556
common_voice_sr_40989482.mp3	2916
common_voice_sr_35090697.mp3	2988
common_voice_sr_40987687.mp3	1728
common_voice_sr_33242792.mp3	3312
common_voice_sr_38537502.mp3	1836
common_voice_sr_27008136.mp3	4140
common_voice_sr_28321624.mp3	3348
common_voice_sr_40980948.mp3	2448
common_voice_sr_40977742.mp3	2196
common_voice_sr_27014649.mp3	2736
common_voice_sr_37810760.mp3	5328
common_voice_sr_40471737.mp3	6840
common_voice_sr_40989498.mp3	4536
common_voice_sr_37810936.mp3	4932
common_voice_sr_46919402.mp3	2052
common_voice_sr_41024449.mp3	4428
common_voice_sr_40978763.mp3	2268
common_voice_sr_38525989.mp3	2160
common_voice_sr_37523105.mp3	4968
common_voice_sr_40977930.mp3	3960
common_voice_sr_35341231.mp3	4860
common_voice_sr_41010502.mp3	2340
common_voice_sr_35085103.mp3	2628
common_voice_sr_26959700.mp3	2016
common_voice_sr_40609235.mp3	2556
common_voice_sr_40978765.mp3	5508
common_voice_sr_41010666.mp3	8568
common_voice_sr_40985152.mp3	1836
common_voice_sr_36765820.mp3	2088
common_voice_sr_40983415.mp3	3636
common_voice_sr_35101553.mp3	2268
common_voice_sr_36946970.mp3	3528
common_voice_sr_40984188.mp3	1836
common_voice_sr_40976317.mp3	3168
common_voice_sr_27781373.mp3	4068
common_voice_sr_41029156.mp3	2376
common_voice_sr_39330562.mp3	5148
common_voice_sr_36971211.mp3	2844
common_voice_sr_41000550.mp3	6660
common_voice_sr_40978562.mp3	3888
common_voice_sr_36765713.mp3	2808
common_voice_sr_40983457.mp3	2196
common_voice_sr_40997734.mp3	5040
common_voice_sr_36766006.mp3	2376
common_voice_sr_40983450.mp3	2520
common_voice_sr_35086462.mp3	2448
common_voice_sr_36767372.mp3	2088
common_voice_sr_36772327.mp3	2808
common_voice_sr_36765533.mp3	2232
common_voice_sr_40985154.mp3	2736
common_voice_sr_36951812.mp3	1836
common_voice_sr_40982663.mp3	2160
common_voice_sr_40981364.mp3	2376
common_voice_sr_27014875.mp3	2340
common_voice_sr_40983994.mp3	5436
common_voice_sr_46827598.mp3	2160
common_voice_sr_27675950.mp3	1872
common_voice_sr_38847161.mp3	4788
common_voice_sr_38523439.mp3	2232
common_voice_sr_40997585.mp3	3888
common_voice_sr_36773562.mp3	2376
common_voice_sr_35084395.mp3	2448
common_voice_sr_40978452.mp3	3240
common_voice_sr_36772326.mp3	3600
common_voice_sr_40991295.mp3	4608
common_voice_sr_40977558.mp3	3780
common_voice_sr_40976880.mp3	2916
common_voice_sr_40976286.mp3	2808
common_voice_sr_40491724.mp3	5544
common_voice_sr_36946646.mp3	2448
common_voice_sr_36765944.mp3	2376
common_voice_sr_39936598.mp3	5436
common_voice_sr_27635132.mp3	3240
common_voice_sr_36946594.mp3	2988
common_voice_sr_27685975.mp3	3996
common_voice_sr_37254743.mp3	2700
common_voice_sr_40977543.mp3	5040
common_voice_sr_41012806.mp3	2880
common_voice_sr_36774295.mp3	4608
common_voice_sr_35399825.mp3	1476
common_voice_sr_28663232.mp3	3060
common_voice_sr_27675616.mp3	2844
common_voice_sr_40985418.mp3	3420
common_voice_sr_40471853.mp3	3168
common_voice_sr_40981083.mp3	2016
common_voice_sr_40997606.mp3	2988
common_voice_sr_41009905.mp3	2880
common_voice_sr_40386272.mp3	2916
common_voice_sr_36765980.mp3	2412
common_voice_sr_40386232.mp3	3708
common_voice_sr_27656792.mp3	3060
common_voice_sr_27008239.mp3	4860
common_voice_sr_46827734.mp3	2772
common_voice_sr_36951842.mp3	2412
common_voice_sr_38511439.mp3	2196
common_voice_sr_41006352.mp3	5256
common_voice_sr_41012716.mp3	4536
common_voice_sr_37517846.mp3	3132
common_voice_sr_40994064.mp3	3708
common_voice_sr_40976847.mp3	3276
common_voice_sr_36774764.mp3	2196
common_voice_sr_38537489.mp3	2880
common_voice_sr_38526025.mp3	2052
common_voice_sr_41010770.mp3	4356
common_voice_sr_40981084.mp3	4680
common_voice_sr_37517774.mp3	4608
common_voice_sr_36947028.mp3	2448
common_voice_sr_35096125.mp3	2268
common_voice_sr_35086772.mp3	3168
common_voice_sr_26945483.mp3	2340
common_voice_sr_40979933.mp3	3816
common_voice_sr_35099205.mp3	2916
common_voice_sr_41009878.mp3	3276
common_voice_sr_40980271.mp3	3780
common_voice_sr_40982832.mp3	2880
common_voice_sr_27781371.mp3	3636
common_voice_sr_40471771.mp3	3600
common_voice_sr_40549997.mp3	5616
common_voice_sr_36950064.mp3	2880
common_voice_sr_40985650.mp3	1908
common_voice_sr_39271880.mp3	5148
common_voice_sr_41029161.mp3	1620
common_voice_sr_36767510.mp3	2484
common_voice_sr_27014800.mp3	2880
common_voice_sr_36773183.mp3	3060
common_voice_sr_39212748.mp3	5220
common_voice_sr_28521406.mp3	1332
common_voice_sr_38526026.mp3	3492
common_voice_sr_40978607.mp3	5436
common_voice_sr_37810803.mp3	5076
common_voice_sr_27655835.mp3	2808
common_voice_sr_36950237.mp3	2916
common_voice_sr_40977027.mp3	8316
common_voice_sr_27781244.mp3	2268
common_voice_sr_40386118.mp3	3960
common_voice_sr_38537539.mp3	3708
common_voice_sr_41009946.mp3	2628
common_voice_sr_27014812.mp3	3240
common_voice_sr_36765574.mp3	2160
common_voice_sr_36774040.mp3	2808
common_voice_sr_40981187.mp3	3456
common_voice_sr_36951835.mp3	2232
common_voice_sr_41010780.mp3	4176
common_voice_sr_40977832.mp3	2916
common_voice_sr_40471704.mp3	5616
common_voice_sr_37517778.mp3	3996
common_voice_sr_40997729.mp3	4860
common_voice_sr_28441219.mp3	2376
common_voice_sr_36765882.mp3	1980
common_voice_sr_41013040.mp3	2808
common_voice_sr_39884985.mp3	4752
common_voice_sr_40980032.mp3	2016
common_voice_sr_40977835.mp3	2196
common_voice_sr_27636119.mp3	2700
common_voice_sr_40405828.mp3	3996
common_voice_sr_28441276.mp3	2340
common_voice_sr_27655199.mp3	2808
common_voice_sr_39316370.mp3	3780
common_voice_sr_40997536.mp3	5040
common_voice_sr_36950696.mp3	2052
common_voice_sr_40977713.mp3	5148
common_voice_sr_40977635.mp3	5508
common_voice_sr_40975918.mp3	3888
common_voice_sr_36774583.mp3	2268
common_voice_sr_41009895.mp3	3528
common_voice_sr_41006357.mp3	1836
common_voice_sr_35085167.mp3	2448
common_voice_sr_37391369.mp3	2700
common_voice_sr_28216736.mp3	5580
common_voice_sr_40977411.mp3	6696
common_voice_sr_40977828.mp3	4500
common_voice_sr_27781278.mp3	2628
common_voice_sr_27635202.mp3	3204
common_voice_sr_40991135.mp3	3816
common_voice_sr_40987818.mp3	2088
common_voice_sr_35099239.mp3	2664
common_voice_sr_36950005.mp3	4140
common_voice_sr_36947102.mp3	4140
common_voice_sr_40984281.mp3	1800
common_voice_sr_35097085.mp3	3060
common_voice_sr_35090000.mp3	2700
common_voice_sr_35099240.mp3	2880
common_voice_sr_40997537.mp3	6336
common_voice_sr_35097172.mp3	3096
common_voice_sr_39884993.mp3	4356
common_voice_sr_40979330.mp3	2556
common_voice_sr_35086084.mp3	3816
common_voice_sr_40979958.mp3	4788
common_voice_sr_28441231.mp3	2376
common_voice_sr_36765605.mp3	2196
common_voice_sr_39884991.mp3	4428
common_voice_sr_45994828.mp3	4032
common_voice_sr_38523477.mp3	3852
common_voice_sr_39885001.mp3	4428
common_voice_sr_28859096.mp3	2196
common_voice_sr_37523083.mp3	2736
common_voice_sr_40975539.mp3	4968
common_voice_sr_40405799.mp3	4680
common_voice_sr_40981086.mp3	2736
common_voice_sr_35098169.mp3	2340
common_voice_sr_41000585.mp3	2988
common_voice_sr_28441194.mp3	2628
common_voice_sr_40975969.mp3	4968
common_voice_sr_40985419.mp3	3600
common_voice_sr_37172286.mp3	1908
common_voice_sr_36774108.mp3	2628
common_voice_sr_36804209.mp3	3240
common_voice_sr_40978292.mp3	5796
common_voice_sr_35399483.mp3	1944
common_voice_sr_37523092.mp3	2520
common_voice_sr_36949994.mp3	2448
common_voice_sr_27781218.mp3	2880
common_voice_sr_36765837.mp3	2340
common_voice_sr_46919626.mp3	3924
common_voice_sr_41009893.mp3	3168
common_voice_sr_39316389.mp3	4140
common_voice_sr_46917853.mp3	4680
common_voice_sr_35098220.mp3	2196
common_voice_sr_37523124.mp3	2088
common_voice_sr_33242704.mp3	2880
common_voice_sr_40997574.mp3	5796
common_voice_sr_38537474.mp3	1692
common_voice_sr_27636365.mp3	4176
common_voice_sr_40985085.mp3	2088
common_voice_sr_46827118.mp3	2556
common_voice_sr_28439841.mp3	3420
common_voice_sr_43532687.mp3	3096
common_voice_sr_35089330.mp3	2988
common_voice_sr_36950130.mp3	2160
common_voice_sr_27675752.mp3	3564
common_voice_sr_33242571.mp3	4248
common_voice_sr_40983435.mp3	3168
common_voice_sr_36950556.mp3	2520
common_voice_sr_37810753.mp3	2844
common_voice_sr_40976274.mp3	2196
common_voice_sr_36950713.mp3	2592
common_voice_sr_27781351.mp3	3456
common_voice_sr_40471800.mp3	1620
common_voice_sr_36934789.mp3	2376
common_voice_sr_40981196.mp3	2880
common_voice_sr_38537484.mp3	1872
common_voice_sr_40985129.mp3	2196
common_voice_sr_29083706.mp3	3456
common_voice_sr_27675541.mp3	2124
common_voice_sr_37391351.mp3	2448
common_voice_sr_36765311.mp3	3024
common_voice_sr_27781223.mp3	2340
common_voice_sr_38531863.mp3	1656
common_voice_sr_40989435.mp3	3996
common_voice_sr_37315334.mp3	2916
common_voice_sr_38531898.mp3	2160
common_voice_sr_35089137.mp3	3348
common_voice_sr_40983585.mp3	2160
common_voice_sr_43532689.mp3	6300
common_voice_sr_38508438.mp3	2412
common_voice_sr_36773257.mp3	3456
common_voice_sr_38511394.mp3	4428
common_voice_sr_41012808.mp3	1980
common_voice_sr_40979007.mp3	4248
common_voice_sr_35399469.mp3	1188
common_voice_sr_35087795.mp3	3276
common_voice_sr_40982842.mp3	2016
common_voice_sr_40984219.mp3	2556
common_voice_sr_40991256.mp3	2880
common_voice_sr_35399495.mp3	2520
common_voice_sr_36773152.mp3	4932
common_voice_sr_27662190.mp3	3816
common_voice_sr_40979265.mp3	2268
common_voice_sr_40471889.mp3	2700
common_voice_sr_36804234.mp3	4356
common_voice_sr_41012818.mp3	2196
common_voice_sr_27634902.mp3	3132
common_voice_sr_41009934.mp3	1656
common_voice_sr_41024495.mp3	5148
common_voice_sr_35265099.mp3	2052
common_voice_sr_35400205.mp3	1368
common_voice_sr_41325210.mp3	3276
common_voice_sr_40982895.mp3	4176
common_voice_sr_27636627.mp3	2448
common_voice_sr_36952590.mp3	2772
common_voice_sr_39884963.mp3	4068
common_voice_sr_26953608.mp3	3888
common_voice_sr_40471694.mp3	3312
common_voice_sr_41010538.mp3	2988
common_voice_sr_41010469.mp3	4068
common_voice_sr_40991106.mp3	2628
common_voice_sr_40981810.mp3	2376
common_voice_sr_27675852.mp3	1944
common_voice_sr_40386117.mp3	3708
common_voice_sr_40981788.mp3	5040
common_voice_sr_41012895.mp3	3816
common_voice_sr_40985859.mp3	2520
common_voice_sr_40977798.mp3	5796
common_voice_sr_40979963.mp3	2880
common_voice_sr_38509137.mp3	3564
common_voice_sr_28859077.mp3	2700
common_voice_sr_36946857.mp3	2556
common_voice_sr_37523144.mp3	3168
common_voice_sr_40974224.mp3	4068
common_voice_sr_35265026.mp3	3060
common_voice_sr_41006540.mp3	3996
common_voice_sr_40977584.mp3	3888
common_voice_sr_36950771.mp3	3744
common_voice_sr_40977705.mp3	3096
common_voice_sr_28521421.mp3	1908
common_voice_sr_36947026.mp3	3816
common_voice_sr_27635154.mp3	2808
common_voice_sr_40985126.mp3	1908
common_voice_sr_40982009.mp3	3600
common_voice_sr_40975774.mp3	3420
common_voice_sr_35098162.mp3	3060
common_voice_sr_39885230.mp3	4428
common_voice_sr_40989447.mp3	7020
common_voice_sr_35278210.mp3	2592
common_voice_sr_28441172.mp3	2808
common_voice_sr_40991296.mp3	3276
common_voice_sr_35248754.mp3	2376
common_voice_sr_41006463.mp3	2448
common_voice_sr_39254623.mp3	2736
common_voice_sr_39271907.mp3	3636
common_voice_sr_26960039.mp3	2448
common_voice_sr_36949430.mp3	2268
common_voice_sr_41000583.mp3	1908
common_voice_sr_27675761.mp3	1980
common_voice_sr_40991286.mp3	3636
common_voice_sr_40982643.mp3	3240
common_voice_sr_46917711.mp3	5112
common_voice_sr_26874432.mp3	2808
common_voice_sr_39212892.mp3	2844
common_voice_sr_40386185.mp3	4320
common_voice_sr_46991664.mp3	5940
common_voice_sr_27655198.mp3	4392
common_voice_sr_38509114.mp3	2844
common_voice_sr_39254531.mp3	5328
common_voice_sr_40989529.mp3	6408
common_voice_sr_35094451.mp3	2556
common_voice_sr_37810709.mp3	3492
common_voice_sr_40984252.mp3	3528
common_voice_sr_36950110.mp3	2268
common_voice_sr_27808253.mp3	2988
common_voice_sr_41013014.mp3	3240
common_voice_sr_40979283.mp3	2700
common_voice_sr_40985937.mp3	3096
common_voice_sr_35398481.mp3	1764
common_voice_sr_36767493.mp3	2232
common_voice_sr_40982593.mp3	4248
common_voice_sr_39212821.mp3	7344
common_voice_sr_36765945.mp3	2412
common_voice_sr_36765591.mp3	3888
common_voice_sr_27675649.mp3	2088
common_voice_sr_36934855.mp3	5328
common_voice_sr_40980983.mp3	2808
common_voice_sr_38509204.mp3	2592
common_voice_sr_36765439.mp3	3888
common_voice_sr_41029103.mp3	2988
common_voice_sr_38509119.mp3	2664
common_voice_sr_36950566.mp3	3600
common_voice_sr_35097162.mp3	2700
common_voice_sr_46917531.mp3	2232
common_voice_sr_26874369.mp3	2448
common_voice_sr_36949429.mp3	4608
common_voice_sr_28521455.mp3	2448
common_voice_sr_40984059.mp3	2196
common_voice_sr_40609233.mp3	4392
common_voice_sr_40979338.mp3	4860
common_voice_sr_36950773.mp3	2592
common_voice_sr_45994895.mp3	5364
common_voice_sr_36765686.mp3	1800
common_voice_sr_27671143.mp3	3276
common_voice_sr_36934805.mp3	2736
common_voice_sr_36774568.mp3	2700
common_voice_sr_36674435.mp3	2988
common_voice_sr_40980047.mp3	3348
common_voice_sr_40976914.mp3	4968
common_voice_sr_38535692.mp3	2232
common_voice_sr_38509215.mp3	1692
common_voice_sr_40981269.mp3	1800
common_voice_sr_40997600.mp3	3600
common_voice_sr_39885062.mp3	3276
common_voice_sr_26959383.mp3	3276
common_voice_sr_27781304.mp3	2196
common_voice_sr_36767546.mp3	1980
common_voice_sr_40976894.mp3	3420
common_voice_sr_40977721.mp3	7380
common_voice_sr_40978669.mp3	4500
common_voice_sr_40997721.mp3	2268
common_voice_sr_28526244.mp3	2520
common_voice_sr_40984220.mp3	2088
common_voice_sr_35265082.mp3	2520
common_voice_sr_38531894.mp3	2124
common_voice_sr_40976915.mp3	3636
common_voice_sr_45994605.mp3	4716
common_voice_sr_40386271.mp3	5976
common_voice_sr_36774307.mp3	2340
common_voice_sr_40977675.mp3	4680
common_voice_sr_40983523.mp3	2376
common_voice_sr_38511437.mp3	1764
common_voice_sr_27636214.mp3	2556
common_voice_sr_40984275.mp3	2736
common_voice_sr_40980303.mp3	2448
common_voice_sr_38833137.mp3	2376
common_voice_sr_38525967.mp3	1800
common_voice_sr_38525987.mp3	2196
common_voice_sr_27675905.mp3	1836
common_voice_sr_36765576.mp3	2088
common_voice_sr_40985412.mp3	3528
common_voice_sr_27675608.mp3	2196
common_voice_sr_26960263.mp3	2196
common_voice_sr_40991304.mp3	2196
common_voice_sr_38511421.mp3	3096
common_voice_sr_40977767.mp3	3276
common_voice_sr_35086331.mp3	2376
common_voice_sr_35098202.mp3	4140
common_voice_sr_46919498.mp3	2772
common_voice_sr_40980301.mp3	1800
common_voice_sr_35126159.mp3	2196
common_voice_sr_27662248.mp3	4680
common_voice_sr_31333168.mp3	3420
common_voice_sr_40983501.mp3	3888
common_voice_sr_27675824.mp3	1980
common_voice_sr_40978513.mp3	3456
common_voice_sr_35101494.mp3	3060
common_voice_sr_28521311.mp3	1440
common_voice_sr_40977586.mp3	4248
common_voice_sr_26874263.mp3	2916
common_voice_sr_39212823.mp3	4860
common_voice_sr_36950002.mp3	2700
common_voice_sr_27664088.mp3	3420
common_voice_sr_40976297.mp3	5508
common_voice_sr_27677169.mp3	2448
common_voice_sr_40985078.mp3	4356
common_voice_sr_36774217.mp3	5076
common_voice_sr_27675867.mp3	2016
common_voice_sr_42629656.mp3	4536
common_voice_sr_40985954.mp3	2160
common_voice_sr_38525969.mp3	1764
common_voice_sr_41000574.mp3	5400
common_voice_sr_36765978.mp3	2304
common_voice_sr_27781220.mp3	2808
common_voice_sr_35360927.mp3	2052
common_voice_sr_41001665.mp3	3096
common_voice_sr_40982900.mp3	1908
common_voice_sr_40977036.mp3	3960
common_voice_sr_28521317.mp3	1692
common_voice_sr_40491742.mp3	6012
common_voice_sr_26874379.mp3	2736
common_voice_sr_40975772.mp3	4320
common_voice_sr_40985504.mp3	3348
common_voice_sr_39936637.mp3	5688
common_voice_sr_40989475.mp3	4176
common_voice_sr_40981159.mp3	3816
common_voice_sr_37523142.mp3	2340
common_voice_sr_40985139.mp3	1908
common_voice_sr_36766031.mp3	2304
common_voice_sr_39330574.mp3	4356
common_voice_sr_36946659.mp3	3996
common_voice_sr_40978778.mp3	5580
common_voice_sr_39278139.mp3	4320
common_voice_sr_27656787.mp3	3168
common_voice_sr_36765494.mp3	2124
common_voice_sr_37810639.mp3	4032
common_voice_sr_28526497.mp3	2520
common_voice_sr_40979282.mp3	5508
common_voice_sr_40405803.mp3	4860
common_voice_sr_40980024.mp3	2808
common_voice_sr_39330560.mp3	4716
common_voice_sr_36774508.mp3	2160
common_voice_sr_35085168.mp3	2160
common_voice_sr_26959909.mp3	2448
common_voice_sr_36765367.mp3	2988
common_voice_sr_40981613.mp3	3816
common_voice_sr_39884956.mp3	3996
common_voice_sr_35267606.mp3	2196
common_voice_sr_40983514.mp3	2520
common_voice_sr_33242669.mp3	3456
common_voice_sr_40991075.mp3	5616
common_voice_sr_36774060.mp3	2340
common_voice_sr_41013015.mp3	2808
common_voice_sr_28521325.mp3	1224
common_voice_sr_35278237.mp3	2232
common_voice_sr_37810851.mp3	2556
common_voice_sr_26982156.mp3	2880
common_voice_sr_38847174.mp3	3708
common_voice_sr_28526333.mp3	2808
common_voice_sr_36767538.mp3	2412
common_voice_sr_45994770.mp3	2160
common_voice_sr_38535652.mp3	4428
common_voice_sr_40975715.mp3	4140
common_voice_sr_28521332.mp3	1584
common_voice_sr_40975568.mp3	3276
common_voice_sr_41010468.mp3	2376
common_voice_sr_36950164.mp3	2448
common_voice_sr_40981585.mp3	4860
common_voice_sr_39316386.mp3	3528
common_voice_sr_40405810.mp3	5940
common_voice_sr_46063953.mp3	3780
common_voice_sr_28441201.mp3	2880
common_voice_sr_27014767.mp3	2628
common_voice_sr_37315294.mp3	5076
common_voice_sr_28321650.mp3	3096
common_voice_sr_40471787.mp3	4536
common_voice_sr_41325021.mp3	3780
common_voice_sr_36773411.mp3	2160
common_voice_sr_36772781.mp3	2412
common_voice_sr_40977815.mp3	3168
common_voice_sr_36773396.mp3	2448
common_voice_sr_40983981.mp3	2556
common_voice_sr_48250785.mp3	12528
common_voice_sr_35086309.mp3	2700
common_voice_sr_37810833.mp3	2628
common_voice_sr_37810836.mp3	4716
common_voice_sr_36773445.mp3	2520
common_voice_sr_35085548.mp3	2088
common_voice_sr_40405798.mp3	4608
common_voice_sr_40985433.mp3	5220
common_voice_sr_40980943.mp3	1980
common_voice_sr_36950731.mp3	2304
common_voice_sr_41031288.mp3	2268
common_voice_sr_35099189.mp3	4824
common_voice_sr_38521570.mp3	3312
common_voice_sr_39316399.mp3	4968
common_voice_sr_40984049.mp3	2916
common_voice_sr_41017391.mp3	6048
common_voice_sr_40985662.mp3	4068
common_voice_sr_39884954.mp3	3420
common_voice_sr_27671116.mp3	2376
common_voice_sr_40977922.mp3	2880
common_voice_sr_32072362.mp3	2880
common_voice_sr_28526250.mp3	2628
common_voice_sr_27636678.mp3	2808
common_voice_sr_40984063.mp3	2700
common_voice_sr_40491753.mp3	3276
common_voice_sr_40471857.mp3	1368
common_voice_sr_41010621.mp3	2988
common_voice_sr_39271884.mp3	5508
common_voice_sr_36767267.mp3	2232
common_voice_sr_36765943.mp3	2376
common_voice_sr_38058803.mp3	2700
common_voice_sr_40981297.mp3	4428
common_voice_sr_27636628.mp3	1908
common_voice_sr_40982839.mp3	3060
common_voice_sr_26874260.mp3	2628
common_voice_sr_28526253.mp3	4860
common_voice_sr_36765657.mp3	2052
common_voice_sr_26958825.mp3	3168
common_voice_sr_39278069.mp3	5760
common_voice_sr_41017398.mp3	3996
common_voice_sr_36838860.mp3	2376
common_voice_sr_40977894.mp3	3636
common_voice_sr_40978293.mp3	4680
common_voice_sr_40981983.mp3	2628
common_voice_sr_40977001.mp3	4608
common_voice_sr_40981315.mp3	4356
common_voice_sr_40975589.mp3	3348
common_voice_sr_36951826.mp3	1836
common_voice_sr_40985173.mp3	2700
common_voice_sr_48251325.mp3	3816
common_voice_sr_36946941.mp3	2556
common_voice_sr_40989506.mp3	2880
common_voice_sr_40385945.mp3	4860
common_voice_sr_40471904.mp3	3420
common_voice_sr_40977520.mp3	3420
common_voice_sr_40981834.mp3	2448
common_voice_sr_40977015.mp3	4320
common_voice_sr_36773315.mp3	2448
common_voice_sr_39257115.mp3	5436
common_voice_sr_46919721.mp3	1800
common_voice_sr_40981298.mp3	1980
common_voice_sr_36950210.mp3	2556
common_voice_sr_39330749.mp3	4356
common_voice_sr_40982014.mp3	4248
common_voice_sr_40982582.mp3	2700
common_voice_sr_35090583.mp3	3276
common_voice_sr_35278257.mp3	2520
common_voice_sr_40984016.mp3	2088
common_voice_sr_40975972.mp3	4788
common_voice_sr_38515516.mp3	2088
common_voice_sr_40987700.mp3	3816
common_voice_sr_39330747.mp3	3708
common_voice_sr_40471775.mp3	4644
common_voice_sr_40981597.mp3	2340
common_voice_sr_40982011.mp3	2196
common_voice_sr_37810775.mp3	5256
common_voice_sr_36804233.mp3	2196
common_voice_sr_40984164.mp3	2736
common_voice_sr_36946904.mp3	2520
common_voice_sr_35278282.mp3	3240
common_voice_sr_40976873.mp3	10296
common_voice_sr_40976262.mp3	3600
common_voice_sr_27781246.mp3	2376
common_voice_sr_40979308.mp3	4716
common_voice_sr_36774296.mp3	2268
common_voice_sr_26874407.mp3	2196
common_voice_sr_38833345.mp3	4140
common_voice_sr_40977032.mp3	2808
common_voice_sr_28663211.mp3	3996
common_voice_sr_37810784.mp3	3780
common_voice_sr_40978434.mp3	4500
common_voice_sr_35099165.mp3	3888
common_voice_sr_36950661.mp3	1872
common_voice_sr_28526305.mp3	2160
common_voice_sr_40985123.mp3	2556
common_voice_sr_35097163.mp3	2880
common_voice_sr_46919724.mp3	2916
common_voice_sr_41017406.mp3	3528
common_voice_sr_40471795.mp3	3132
common_voice_sr_28521316.mp3	1620
common_voice_sr_40989517.mp3	2268
common_voice_sr_35086511.mp3	2196
common_voice_sr_40978995.mp3	3240
common_voice_sr_36946964.mp3	5040
common_voice_sr_36950733.mp3	2556
common_voice_sr_39330731.mp3	4608
common_voice_sr_27751841.mp3	2376
common_voice_sr_39257157.mp3	3456
common_voice_sr_26958222.mp3	6228
common_voice_sr_26959575.mp3	2556
common_voice_sr_27636684.mp3	2520
common_voice_sr_36767539.mp3	2088
common_voice_sr_40878529.mp3	5148
common_voice_sr_40978563.mp3	2556
common_voice_sr_27675767.mp3	1836
common_voice_sr_40997403.mp3	2736
common_voice_sr_38525974.mp3	2412
common_voice_sr_27661018.mp3	3960
common_voice_sr_40981871.mp3	4896
common_voice_sr_35098190.mp3	2268
common_voice_sr_40984201.mp3	2340
common_voice_sr_36767350.mp3	2124
common_voice_sr_39885244.mp3	4140
common_voice_sr_41006548.mp3	3060
common_voice_sr_41031292.mp3	2916
common_voice_sr_40978736.mp3	1836
common_voice_sr_40977793.mp3	2340
common_voice_sr_40985908.mp3	3528
common_voice_sr_36592624.mp3	3060
common_voice_sr_35085520.mp3	2988
common_voice_sr_40405805.mp3	6480
common_voice_sr_28441255.mp3	2376
common_voice_sr_40982003.mp3	2016
common_voice_sr_35085176.mp3	2376
common_voice_sr_39884989.mp3	3132
common_voice_sr_39316378.mp3	5940
common_voice_sr_45995112.mp3	3708
common_voice_sr_36950595.mp3	2988
common_voice_sr_40991338.mp3	2880
common_voice_sr_45994918.mp3	3600
common_voice_sr_40976867.mp3	3096
common_voice_sr_26960674.mp3	2448
common_voice_sr_40978471.mp3	5868
common_voice_sr_36772892.mp3	3312
common_voice_sr_40981272.mp3	5400
common_voice_sr_36950587.mp3	2340
common_voice_sr_36774274.mp3	2736
common_voice_sr_40979944.mp3	2808
common_voice_sr_40491606.mp3	3744
common_voice_sr_36947013.mp3	2340
common_voice_sr_35086770.mp3	2700
common_voice_sr_36765962.mp3	3024
common_voice_sr_40981869.mp3	2736
common_voice_sr_39885194.mp3	2628
common_voice_sr_46919372.mp3	2916
common_voice_sr_28521430.mp3	1692
common_voice_sr_28526450.mp3	2376
common_voice_sr_28859088.mp3	2340
common_voice_sr_46827354.mp3	3600
common_voice_sr_37517912.mp3	3600
common_voice_sr_46919497.mp3	3492
common_voice_sr_40978441.mp3	3636
common_voice_sr_26959236.mp3	2340
common_voice_sr_39212862.mp3	4608
common_voice_sr_40977043.mp3	2556
common_voice_sr_40386073.mp3	4140
common_voice_sr_36674340.mp3	3132
common_voice_sr_37810627.mp3	4284
common_voice_sr_39936687.mp3	6480
common_voice_sr_27675912.mp3	1908
common_voice_sr_40405797.mp3	5580
common_voice_sr_40975971.mp3	3816
common_voice_sr_40975579.mp3	3348
common_voice_sr_40981836.mp3	4860
common_voice_sr_27261773.mp3	1008
common_voice_sr_26944220.mp3	4680
common_voice_sr_40985918.mp3	5256
common_voice_sr_40985507.mp3	2700
common_voice_sr_36765333.mp3	2772
common_voice_sr_35086322.mp3	3600
common_voice_sr_36765959.mp3	2232
common_voice_sr_40983658.mp3	2376
common_voice_sr_40981634.mp3	2448
common_voice_sr_40982634.mp3	3348
common_voice_sr_40977772.mp3	5220
common_voice_sr_35399271.mp3	1512
common_voice_sr_31892527.mp3	4644
common_voice_sr_27655818.mp3	2520
common_voice_sr_36772783.mp3	3600
common_voice_sr_41024445.mp3	1800
common_voice_sr_37517785.mp3	4536
common_voice_sr_37810718.mp3	2088
common_voice_sr_37254718.mp3	2700
common_voice_sr_36773429.mp3	2628
common_voice_sr_41000498.mp3	5760
common_voice_sr_37523081.mp3	4356
common_voice_sr_36773384.mp3	5328
common_voice_sr_33192075.mp3	3276
common_voice_sr_27655814.mp3	3420
common_voice_sr_36994407.mp3	4140
common_voice_sr_40982846.mp3	4248
common_voice_sr_40985866.mp3	4068
common_voice_sr_37810797.mp3	4248
common_voice_sr_37810796.mp3	5616
common_voice_sr_39884995.mp3	4608
common_voice_sr_28452682.mp3	3060
common_voice_sr_38847179.mp3	4428
common_voice_sr_41029105.mp3	4320
common_voice_sr_40983531.mp3	2376
common_voice_sr_39885228.mp3	3240
common_voice_sr_35090595.mp3	3060
common_voice_sr_45995207.mp3	2520
common_voice_sr_41010688.mp3	2268
common_voice_sr_35092030.mp3	4716
common_voice_sr_40979031.mp3	4068
common_voice_sr_36773992.mp3	2376
common_voice_sr_40981170.mp3	4248
common_voice_sr_36934872.mp3	3744
common_voice_sr_27654150.mp3	4068
common_voice_sr_41021487.mp3	3708
common_voice_sr_35267562.mp3	2124
common_voice_sr_37006625.mp3	2016
common_voice_sr_36773184.mp3	2844
common_voice_sr_36971102.mp3	2952
common_voice_sr_32761927.mp3	1980
common_voice_sr_40977715.mp3	2160
common_voice_sr_35090077.mp3	1296
common_voice_sr_40983425.mp3	3060
common_voice_sr_28441318.mp3	2448
common_voice_sr_27655276.mp3	2844
common_voice_sr_31892505.mp3	2376
common_voice_sr_36774244.mp3	2556
common_voice_sr_38526006.mp3	3240
common_voice_sr_35090079.mp3	1260
common_voice_sr_27675766.mp3	2016
common_voice_sr_40981212.mp3	2160
common_voice_sr_36674427.mp3	3204
common_voice_sr_40977739.mp3	5328
common_voice_sr_36765421.mp3	2592
common_voice_sr_45995189.mp3	1980
common_voice_sr_40980942.mp3	2520
common_voice_sr_40985505.mp3	3240
common_voice_sr_27635176.mp3	2376
common_voice_sr_28623213.mp3	2916
common_voice_sr_36947050.mp3	2196
common_voice_sr_40981079.mp3	1836
common_voice_sr_35090538.mp3	2916
common_voice_sr_37523112.mp3	3168
common_voice_sr_40985179.mp3	2376
common_voice_sr_36765974.mp3	2556
common_voice_sr_36804254.mp3	2268
common_voice_sr_40975921.mp3	3456
common_voice_sr_27655714.mp3	4896
common_voice_sr_26981424.mp3	2628
common_voice_sr_40977701.mp3	5616
common_voice_sr_33242753.mp3	3240
common_voice_sr_36773399.mp3	3888
common_voice_sr_42629667.mp3	3240
common_voice_sr_27808255.mp3	2520
common_voice_sr_35086364.mp3	3348
common_voice_sr_40984009.mp3	2268
common_voice_sr_36950635.mp3	1908
common_voice_sr_36950558.mp3	2232
common_voice_sr_38509141.mp3	3852
common_voice_sr_36765909.mp3	4788
common_voice_sr_36774744.mp3	2808
common_voice_sr_35085600.mp3	2196
common_voice_sr_27014757.mp3	2736
common_voice_sr_36994452.mp3	3744
common_voice_sr_40974188.mp3	5796
common_voice_sr_40976259.mp3	4860
common_voice_sr_41029097.mp3	4536
common_voice_sr_36994394.mp3	2556
common_voice_sr_40975789.mp3	3816
common_voice_sr_40985055.mp3	2196
common_voice_sr_40977658.mp3	5616
common_voice_sr_37810881.mp3	4464
common_voice_sr_26874396.mp3	2808
common_voice_sr_45994982.mp3	3204
common_voice_sr_40979569.mp3	2160
common_voice_sr_41009879.mp3	3780
common_voice_sr_45994870.mp3	4500
common_voice_sr_45995184.mp3	3204
common_voice_sr_35092027.mp3	3816
common_voice_sr_35126121.mp3	2160
common_voice_sr_39884947.mp3	5220
common_voice_sr_36773990.mp3	2988
common_voice_sr_40975532.mp3	6048
common_voice_sr_40983653.mp3	2196
common_voice_sr_35099211.mp3	3312
common_voice_sr_37254731.mp3	2340
common_voice_sr_41006544.mp3	2880
common_voice_sr_40983526.mp3	3636
common_voice_sr_36773427.mp3	2376
common_voice_sr_27675559.mp3	2772
common_voice_sr_35085097.mp3	2916
common_voice_sr_36950253.mp3	2448
common_voice_sr_36994238.mp3	2556
common_voice_sr_27781359.mp3	3096
common_voice_sr_36786956.mp3	3924
common_voice_sr_39257123.mp3	3168
common_voice_sr_40997572.mp3	3348
common_voice_sr_40979270.mp3	3636
common_voice_sr_40977811.mp3	5076
common_voice_sr_39885144.mp3	3348
common_voice_sr_35085133.mp3	2628
common_voice_sr_40983665.mp3	5148
common_voice_sr_40982807.mp3	3960
common_voice_sr_38523493.mp3	1692
common_voice_sr_40982033.mp3	2736
common_voice_sr_27038857.mp3	3816
common_voice_sr_40976982.mp3	6120
common_voice_sr_36765326.mp3	2628
common_voice_sr_40977907.mp3	3960
common_voice_sr_37315363.mp3	5040
common_voice_sr_40978626.mp3	3096
common_voice_sr_36774093.mp3	2340
common_voice_sr_41010660.mp3	4536
common_voice_sr_36947012.mp3	3096
common_voice_sr_40991161.mp3	2160
common_voice_sr_40975938.mp3	2196
common_voice_sr_27685976.mp3	3348
common_voice_sr_40985169.mp3	2340
common_voice_sr_27636711.mp3	2376
common_voice_sr_37254735.mp3	2520
common_voice_sr_40985846.mp3	2988
common_voice_sr_38525984.mp3	5328
common_voice_sr_36773386.mp3	5328
common_voice_sr_46919425.mp3	2340
common_voice_sr_40976970.mp3	3420
common_voice_sr_40878519.mp3	5760
common_voice_sr_41037756.mp3	6768
common_voice_sr_40978479.mp3	3348
common_voice_sr_40985450.mp3	3420
common_voice_sr_39257140.mp3	4320
common_voice_sr_40977415.mp3	6048
common_voice_sr_40979943.mp3	2088
common_voice_sr_35096219.mp3	3888
common_voice_sr_27655237.mp3	4464
common_voice_sr_40981607.mp3	5256
common_voice_sr_40987670.mp3	2520
common_voice_sr_35098219.mp3	2160
common_voice_sr_39885133.mp3	3168
common_voice_sr_41024444.mp3	1800
common_voice_sr_27660568.mp3	2700
common_voice_sr_26958228.mp3	3168
common_voice_sr_36767339.mp3	2196
common_voice_sr_36774141.mp3	2700
common_voice_sr_38511387.mp3	2232
common_voice_sr_40983582.mp3	1656
common_voice_sr_39254551.mp3	6552
common_voice_sr_40997428.mp3	2376
common_voice_sr_40989480.mp3	4140
common_voice_sr_40984248.mp3	4536
common_voice_sr_41029083.mp3	2808
common_voice_sr_40984237.mp3	2808
common_voice_sr_27662315.mp3	3744
common_voice_sr_38833119.mp3	3708
common_voice_sr_38508434.mp3	3924
common_voice_sr_46064152.mp3	2988
common_voice_sr_39271897.mp3	4716
common_voice_sr_40981389.mp3	2988
common_voice_sr_36793452.mp3	4608
common_voice_sr_40977616.mp3	3960
common_voice_sr_38525986.mp3	1728
common_voice_sr_38526010.mp3	2592
common_voice_sr_36950240.mp3	3420
common_voice_sr_41010767.mp3	2736
common_voice_sr_36946601.mp3	3240
common_voice_sr_38509081.mp3	3132
common_voice_sr_35090530.mp3	5616
common_voice_sr_40979311.mp3	2700
common_voice_sr_41006518.mp3	2376
common_voice_sr_40491600.mp3	3780
common_voice_sr_26945788.mp3	2304
common_voice_sr_41021522.mp3	4896
common_voice_sr_40978449.mp3	3888
common_voice_sr_40975546.mp3	4860
common_voice_sr_40981149.mp3	3060
common_voice_sr_38537486.mp3	2412
common_voice_sr_38833156.mp3	4320
common_voice_sr_39212863.mp3	3852
common_voice_sr_45994660.mp3	4608
common_voice_sr_40979547.mp3	2016
common_voice_sr_40983387.mp3	5796
common_voice_sr_40991318.mp3	3528
common_voice_sr_41024465.mp3	1836
common_voice_sr_38537532.mp3	1764
common_voice_sr_28153949.mp3	2736
common_voice_sr_27636605.mp3	2268
common_voice_sr_39257210.mp3	4680
common_voice_sr_41010585.mp3	1980
common_voice_sr_40386168.mp3	4680
common_voice_sr_40976881.mp3	3348
common_voice_sr_40977800.mp3	3276
common_voice_sr_40975984.mp3	3636
common_voice_sr_39770131.mp3	4176
common_voice_sr_28663215.mp3	2880
common_voice_sr_27014632.mp3	3996
common_voice_sr_37523035.mp3	2484
common_voice_sr_40471778.mp3	3240
common_voice_sr_27675791.mp3	1980
common_voice_sr_36774297.mp3	2880
common_voice_sr_40921731.mp3	2628
common_voice_sr_40977952.mp3	4140
common_voice_sr_38521563.mp3	2376
common_voice_sr_40997599.mp3	3348
common_voice_sr_36950769.mp3	2304
common_voice_sr_26953738.mp3	3672
common_voice_sr_41873262.mp3	4428
common_voice_sr_36767590.mp3	2052
common_voice_sr_40997401.mp3	2988
common_voice_sr_40978650.mp3	3996
common_voice_sr_36950274.mp3	2520
common_voice_sr_36946747.mp3	2340
common_voice_sr_40979028.mp3	5580
common_voice_sr_35086528.mp3	2196
common_voice_sr_36946727.mp3	2340
common_voice_sr_36804225.mp3	2196
common_voice_sr_28517918.mp3	2700
common_voice_sr_40978793.mp3	5400
common_voice_sr_45995037.mp3	5076
common_voice_sr_40983642.mp3	1800
common_voice_sr_40975855.mp3	3276
common_voice_sr_36934856.mp3	2340
common_voice_sr_40977756.mp3	3348
common_voice_sr_37315311.mp3	2700
common_voice_sr_35398544.mp3	1404
common_voice_sr_35278229.mp3	2052
common_voice_sr_37810914.mp3	2340
common_voice_sr_40977923.mp3	4716
common_voice_sr_40471790.mp3	2772
common_voice_sr_40975571.mp3	2268
common_voice_sr_39936578.mp3	4248
common_voice_sr_41021540.mp3	3780
common_voice_sr_26874228.mp3	2628
common_voice_sr_40983597.mp3	1836
common_voice_sr_39212860.mp3	6840
common_voice_sr_40975829.mp3	5796
common_voice_sr_41009909.mp3	3996
common_voice_sr_40405816.mp3	5040
common_voice_sr_36946657.mp3	2808
common_voice_sr_36765646.mp3	2628
common_voice_sr_28859070.mp3	2520
common_voice_sr_27654149.mp3	2808
common_voice_sr_41006351.mp3	4500
common_voice_sr_35099176.mp3	2664
common_voice_sr_41000615.mp3	3168
common_voice_sr_38515494.mp3	2808
common_voice_sr_39257133.mp3	4680
common_voice_sr_40985100.mp3	2880
common_voice_sr_40386165.mp3	6048
common_voice_sr_41010597.mp3	1800
common_voice_sr_40984058.mp3	2448
common_voice_sr_39257236.mp3	3168
common_voice_sr_40985082.mp3	2088
common_voice_sr_40997597.mp3	4356
common_voice_sr_40981225.mp3	3888
common_voice_sr_46827600.mp3	3672
common_voice_sr_40471859.mp3	2520
common_voice_sr_38511422.mp3	4248
common_voice_sr_40989527.mp3	5400
common_voice_sr_36952572.mp3	7524
common_voice_sr_40976977.mp3	5076
common_voice_sr_41029141.mp3	5688
common_voice_sr_27658343.mp3	3528
common_voice_sr_40997382.mp3	2880
common_voice_sr_27701681.mp3	2196
common_voice_sr_27655325.mp3	3708
common_voice_sr_26960324.mp3	3276
common_voice_sr_27751834.mp3	3636
common_voice_sr_40985162.mp3	2088
common_voice_sr_40980037.mp3	2340
common_voice_sr_40975866.mp3	2340
common_voice_sr_27675877.mp3	1908
common_voice_sr_40985087.mp3	2160
common_voice_sr_35085085.mp3	2448
common_voice_sr_40976871.mp3	4536
common_voice_sr_38523427.mp3	2088
common_voice_sr_41021524.mp3	3276
common_voice_sr_40985656.mp3	2340
common_voice_sr_45995117.mp3	2232
common_voice_sr_28517845.mp3	2268
common_voice_sr_40981923.mp3	4680
common_voice_sr_27636424.mp3	2916
common_voice_sr_28441296.mp3	2376
common_voice_sr_40984276.mp3	1908
common_voice_sr_40976964.mp3	4536
common_voice_sr_45995111.mp3	3132
common_voice_sr_41000549.mp3	4356
common_voice_sr_28441319.mp3	2448
common_voice_sr_26959117.mp3	2736
common_voice_sr_27014633.mp3	2340
common_voice_sr_41029145.mp3	2088
common_voice_sr_28438521.mp3	2088
common_voice_sr_41029118.mp3	1800
common_voice_sr_27675520.mp3	2340
common_voice_sr_38511430.mp3	2160
common_voice_sr_28441428.mp3	2916
common_voice_sr_27014752.mp3	2160
common_voice_sr_27656768.mp3	5580
common_voice_sr_41031305.mp3	2196
common_voice_sr_27356657.mp3	972
common_voice_sr_40997405.mp3	4248
common_voice_sr_28153963.mp3	2448
common_voice_sr_27675695.mp3	2052
common_voice_sr_28321621.mp3	4500
common_voice_sr_36765648.mp3	1944
common_voice_sr_36767598.mp3	2484
common_voice_sr_40978783.mp3	2088
common_voice_sr_35398532.mp3	3960
common_voice_sr_38521566.mp3	2484
common_voice_sr_40976983.mp3	4680
common_voice_sr_40976309.mp3	2700
common_voice_sr_40977509.mp3	2628
common_voice_sr_40976260.mp3	5940
common_voice_sr_45994701.mp3	4536
common_voice_sr_35085631.mp3	4968
common_voice_sr_35089044.mp3	4968
common_voice_sr_35097134.mp3	3240
common_voice_sr_35098180.mp3	2340
common_voice_sr_35156278.mp3	3636
common_voice_sr_35399186.mp3	2268
common_voice_sr_40977483.mp3	2268
common_voice_sr_36674271.mp3	3348
common_voice_sr_36765839.mp3	2088
common_voice_sr_36767270.mp3	2052
common_voice_sr_36773333.mp3	2556
common_voice_sr_36767427.mp3	2016
common_voice_sr_36838857.mp3	2520
common_voice_sr_36947073.mp3	2736
common_voice_sr_36950143.mp3	3600
common_voice_sr_36950247.mp3	2808
common_voice_sr_36950624.mp3	2052
common_voice_sr_36971096.mp3	2952
common_voice_sr_36971104.mp3	2808
common_voice_sr_37810843.mp3	3816
common_voice_sr_37810844.mp3	2880
common_voice_sr_38508414.mp3	5112
common_voice_sr_38511358.mp3	5004
common_voice_sr_38509213.mp3	2952
common_voice_sr_38535659.mp3	3780
common_voice_sr_38537493.mp3	3024
common_voice_sr_38844864.mp3	3816
common_voice_sr_38847168.mp3	3456
common_voice_sr_39885065.mp3	5040
common_voice_sr_40386253.mp3	4356
common_voice_sr_39278150.mp3	5436
common_voice_sr_28623204.mp3	2520
common_voice_sr_27314179.mp3	3276
common_voice_sr_40978803.mp3	2916
common_voice_sr_40979022.mp3	4140
common_voice_sr_40981590.mp3	3420
common_voice_sr_40982876.mp3	4140
common_voice_sr_40982632.mp3	2268
common_voice_sr_40985833.mp3	3348
common_voice_sr_40989445.mp3	5508
common_voice_sr_40987708.mp3	2880
common_voice_sr_40991294.mp3	5040
common_voice_sr_40997569.mp3	1728
common_voice_sr_40989403.mp3	5508
common_voice_sr_36971081.mp3	3168
common_voice_sr_35090121.mp3	2520
common_voice_sr_27636408.mp3	2376
common_voice_sr_41012849.mp3	3600
common_voice_sr_41010514.mp3	5040
common_voice_sr_38531795.mp3	2124
common_voice_sr_40983462.mp3	4428
common_voice_sr_35126148.mp3	2268
common_voice_sr_40982851.mp3	3960
common_voice_sr_35099229.mp3	3240
common_voice_sr_36950239.mp3	2556
common_voice_sr_40977909.mp3	3168
common_voice_sr_38521544.mp3	2628
common_voice_sr_40975832.mp3	3888
common_voice_sr_40978159.mp3	4788
common_voice_sr_37810637.mp3	2088
common_voice_sr_46827357.mp3	5328
common_voice_sr_36994277.mp3	3096
common_voice_sr_40981775.mp3	2880
common_voice_sr_40974202.mp3	4608
common_voice_sr_40979998.mp3	2340
common_voice_sr_40977900.mp3	3780
common_voice_sr_36925165.mp3	2880
common_voice_sr_40975696.mp3	4248
common_voice_sr_36946983.mp3	3456
common_voice_sr_39936646.mp3	4608
common_voice_sr_35090454.mp3	3060
common_voice_sr_35267571.mp3	2952
common_voice_sr_35265100.mp3	2448
common_voice_sr_40975602.mp3	2340
common_voice_sr_36774385.mp3	2340
common_voice_sr_37810892.mp3	4644
common_voice_sr_38535678.mp3	1692
common_voice_sr_27781292.mp3	2160
common_voice_sr_35091287.mp3	2808
common_voice_sr_36950695.mp3	2520
common_voice_sr_40983497.mp3	2556
common_voice_sr_38515500.mp3	2448
common_voice_sr_40983528.mp3	5796
common_voice_sr_37574611.mp3	2988
common_voice_sr_28517896.mp3	3168
common_voice_sr_46919428.mp3	3240
common_voice_sr_40471821.mp3	2376
common_voice_sr_28441203.mp3	2196
common_voice_sr_40976308.mp3	4716
common_voice_sr_40981201.mp3	3600
common_voice_sr_38508422.mp3	2628
common_voice_sr_38833135.mp3	2988
common_voice_sr_41006524.mp3	2340
common_voice_sr_36946777.mp3	2880
common_voice_sr_37259384.mp3	2088
common_voice_sr_40975592.mp3	3060
common_voice_sr_39884970.mp3	4428
common_voice_sr_28216721.mp3	2628
common_voice_sr_36950574.mp3	2484
common_voice_sr_27781411.mp3	2268
common_voice_sr_40405801.mp3	4140
common_voice_sr_40975611.mp3	4788
common_voice_sr_40991136.mp3	5220
common_voice_sr_40983690.mp3	3996
common_voice_sr_48250936.mp3	2448
common_voice_sr_40984048.mp3	2556
common_voice_sr_36950609.mp3	2880
common_voice_sr_36946690.mp3	2736
common_voice_sr_41029095.mp3	2916
common_voice_sr_39254901.mp3	5760
common_voice_sr_36946907.mp3	2340
common_voice_sr_37517910.mp3	2772
common_voice_sr_35400213.mp3	1944
common_voice_sr_40975978.mp3	2808
common_voice_sr_28526372.mp3	2376
common_voice_sr_27781253.mp3	2340
common_voice_sr_28526511.mp3	3096
common_voice_sr_39885101.mp3	4608
common_voice_sr_39330606.mp3	3348
common_voice_sr_38523473.mp3	2700
common_voice_sr_40981941.mp3	3168
common_voice_sr_36947017.mp3	2520
common_voice_sr_40976934.mp3	4068
common_voice_sr_39936662.mp3	4536
common_voice_sr_40989534.mp3	3528
common_voice_sr_27314285.mp3	3168
common_voice_sr_38523490.mp3	3564
common_voice_sr_40997571.mp3	3240
common_voice_sr_41024510.mp3	1836
common_voice_sr_43194599.mp3	6048
common_voice_sr_38509253.mp3	2484
common_voice_sr_41021459.mp3	2196
common_voice_sr_28153955.mp3	2340
common_voice_sr_40978294.mp3	4716
common_voice_sr_27675811.mp3	2556
common_voice_sr_36774224.mp3	2448
common_voice_sr_37206876.mp3	3168
common_voice_sr_32761912.mp3	1620
common_voice_sr_36774548.mp3	2196
common_voice_sr_40985058.mp3	2016
common_voice_sr_40976275.mp3	4176
common_voice_sr_27781221.mp3	2808
common_voice_sr_40975633.mp3	3708
common_voice_sr_40976887.mp3	3420
common_voice_sr_37810747.mp3	2556
common_voice_sr_40983392.mp3	2268
common_voice_sr_36767330.mp3	2520
common_voice_sr_45994893.mp3	4896
common_voice_sr_40985446.mp3	2088
common_voice_sr_27781298.mp3	2340
common_voice_sr_37254727.mp3	2988
common_voice_sr_36765413.mp3	2916
common_voice_sr_40991087.mp3	3600
common_voice_sr_36774121.mp3	4320
common_voice_sr_35091661.mp3	2448
common_voice_sr_27635153.mp3	2916
common_voice_sr_36950621.mp3	2196
common_voice_sr_38844897.mp3	2988
common_voice_sr_27314094.mp3	2736
common_voice_sr_35085092.mp3	2988
common_voice_sr_40405827.mp3	5400
common_voice_sr_40985615.mp3	3708
common_voice_sr_36951791.mp3	2844
common_voice_sr_36946726.mp3	2880
common_voice_sr_36765714.mp3	2268
common_voice_sr_39936659.mp3	3420
common_voice_sr_36971144.mp3	3528
common_voice_sr_39278068.mp3	4608
common_voice_sr_35101525.mp3	2520
common_voice_sr_40977694.mp3	2340
common_voice_sr_46919454.mp3	3060
common_voice_sr_40978565.mp3	2196
common_voice_sr_27166439.mp3	2520
common_voice_sr_40979975.mp3	2268
common_voice_sr_36773506.mp3	2808
common_voice_sr_36946969.mp3	2520
common_voice_sr_35086573.mp3	2988
common_voice_sr_35090640.mp3	2916
common_voice_sr_37810750.mp3	4932
common_voice_sr_38535680.mp3	2484
common_voice_sr_40989492.mp3	5436
common_voice_sr_40980279.mp3	5796
common_voice_sr_38509239.mp3	3492
common_voice_sr_40491653.mp3	3240
common_voice_sr_40991159.mp3	2016
common_voice_sr_40975979.mp3	2448
common_voice_sr_41009914.mp3	5508
common_voice_sr_41013025.mp3	4608
common_voice_sr_40985184.mp3	1980
common_voice_sr_36950215.mp3	2196
common_voice_sr_28521418.mp3	3276
common_voice_sr_40978731.mp3	3168
common_voice_sr_45994896.mp3	3060
common_voice_sr_35089997.mp3	2160
common_voice_sr_37810845.mp3	2268
common_voice_sr_40997424.mp3	3168
common_voice_sr_36786952.mp3	7884
common_voice_sr_41009900.mp3	5760
common_voice_sr_36766060.mp3	2304
common_voice_sr_40984230.mp3	1800
common_voice_sr_26960168.mp3	1836
common_voice_sr_40983446.mp3	5220
common_voice_sr_41010474.mp3	3348
common_voice_sr_27781334.mp3	2340
common_voice_sr_36949450.mp3	2628
common_voice_sr_31333231.mp3	2916
common_voice_sr_36765392.mp3	2700
common_voice_sr_32761992.mp3	2124
common_voice_sr_36994440.mp3	2376
common_voice_sr_28438336.mp3	2628
common_voice_sr_38509118.mp3	3168
common_voice_sr_36774126.mp3	2556
common_voice_sr_40975717.mp3	5760
common_voice_sr_36934714.mp3	5004
common_voice_sr_40981616.mp3	2808
common_voice_sr_35265051.mp3	3204
common_voice_sr_40987698.mp3	4320
common_voice_sr_40982894.mp3	6156
common_voice_sr_40386119.mp3	2376
common_voice_sr_28441192.mp3	2988
common_voice_sr_37810629.mp3	2844
common_voice_sr_36950650.mp3	2160
common_voice_sr_37517888.mp3	2340
common_voice_sr_36434791.mp3	2916
common_voice_sr_41010417.mp3	5040
common_voice_sr_36949996.mp3	3276
common_voice_sr_35267575.mp3	2376
common_voice_sr_40471768.mp3	3240
common_voice_sr_40981579.mp3	4608
common_voice_sr_39278116.mp3	4608
common_voice_sr_39885110.mp3	4680
common_voice_sr_38509257.mp3	3996
common_voice_sr_41037839.mp3	2916
common_voice_sr_36767508.mp3	2232
common_voice_sr_28526303.mp3	2520
common_voice_sr_35265159.mp3	2304
common_voice_sr_36949974.mp3	2988
common_voice_sr_41006416.mp3	7020
common_voice_sr_39980234.mp3	3636
common_voice_sr_40979541.mp3	3636
common_voice_sr_37517889.mp3	2196
common_voice_sr_36774235.mp3	3060
common_voice_sr_39936640.mp3	5436
common_voice_sr_36773394.mp3	4968
common_voice_sr_27654147.mp3	2700
common_voice_sr_37810791.mp3	2916
common_voice_sr_35085125.mp3	2340
common_voice_sr_41678449.mp3	1656
common_voice_sr_48250930.mp3	4896
common_voice_sr_40975544.mp3	4536
common_voice_sr_26958776.mp3	5436
common_voice_sr_36838924.mp3	2556
common_voice_sr_35094495.mp3	3168
common_voice_sr_40977409.mp3	7020
common_voice_sr_38535699.mp3	2196
common_voice_sr_27014689.mp3	2556
common_voice_sr_36949261.mp3	1980
common_voice_sr_40987688.mp3	2880
common_voice_sr_27314283.mp3	2736
common_voice_sr_35090584.mp3	2700
common_voice_sr_40405786.mp3	3420
common_voice_sr_40982026.mp3	1836
common_voice_sr_40977428.mp3	4068
common_voice_sr_35399096.mp3	2268
common_voice_sr_37391379.mp3	3816
common_voice_sr_28441286.mp3	2160
common_voice_sr_28153958.mp3	2556
common_voice_sr_40491755.mp3	3636
common_voice_sr_38521571.mp3	2088
common_voice_sr_40977615.mp3	2880
common_voice_sr_27635278.mp3	4824
common_voice_sr_35265157.mp3	2844
common_voice_sr_39257281.mp3	2700
common_voice_sr_40985060.mp3	2448
common_voice_sr_36772003.mp3	2556
common_voice_sr_27008229.mp3	2808
common_voice_sr_40977413.mp3	6120
common_voice_sr_28526405.mp3	2340
common_voice_sr_38523452.mp3	1872
common_voice_sr_35086464.mp3	2736
common_voice_sr_35088567.mp3	4068
common_voice_sr_35086765.mp3	3600
common_voice_sr_40977693.mp3	4680
common_voice_sr_35126156.mp3	2376
common_voice_sr_40983340.mp3	3096
common_voice_sr_35265197.mp3	2016
common_voice_sr_38508420.mp3	2448
common_voice_sr_41017400.mp3	5148
common_voice_sr_36765501.mp3	5040
common_voice_sr_40977521.mp3	4716
common_voice_sr_36994422.mp3	3204
common_voice_sr_46921803.mp3	3708
common_voice_sr_36772889.mp3	3276
common_voice_sr_36793397.mp3	2556
common_voice_sr_40991339.mp3	2340
common_voice_sr_35086283.mp3	1980
common_voice_sr_40985675.mp3	2088
common_voice_sr_45995099.mp3	5616
common_voice_sr_41031278.mp3	2448
common_voice_sr_35399167.mp3	1548
common_voice_sr_40981229.mp3	2808
common_voice_sr_40981984.mp3	1980
common_voice_sr_35090381.mp3	3096
common_voice_sr_28859072.mp3	2556
common_voice_sr_40989523.mp3	3060
common_voice_sr_46919522.mp3	3348
common_voice_sr_35398640.mp3	2088
common_voice_sr_40985614.mp3	3708
common_voice_sr_40471797.mp3	4896
common_voice_sr_40984247.mp3	2268
common_voice_sr_26959387.mp3	2340
common_voice_sr_38523457.mp3	2232
common_voice_sr_36765401.mp3	2808
common_voice_sr_40991079.mp3	5868
common_voice_sr_40985603.mp3	4680
common_voice_sr_40983612.mp3	2556
common_voice_sr_40978284.mp3	5796
common_voice_sr_36925149.mp3	2268
common_voice_sr_40981888.mp3	2016
common_voice_sr_27636078.mp3	2448
common_voice_sr_27675858.mp3	2412
common_voice_sr_41021568.mp3	3960
common_voice_sr_37006639.mp3	2268
common_voice_sr_27008121.mp3	2340
common_voice_sr_28526304.mp3	2448
common_voice_sr_37810767.mp3	2412
common_voice_sr_40976287.mp3	2340
common_voice_sr_33242730.mp3	3060
common_voice_sr_40979316.mp3	4320
common_voice_sr_40977681.mp3	5328
common_voice_sr_36767584.mp3	3600
common_voice_sr_40997749.mp3	4068
common_voice_sr_28441412.mp3	4140
common_voice_sr_40981632.mp3	2016
common_voice_sr_39936696.mp3	4500
common_voice_sr_28526541.mp3	2376
common_voice_sr_37523063.mp3	2160
common_voice_sr_28441195.mp3	2628
common_voice_sr_40982820.mp3	3096
common_voice_sr_35098194.mp3	2448
common_voice_sr_41012777.mp3	5436
common_voice_sr_48251183.mp3	5760
common_voice_sr_28441239.mp3	2160
common_voice_sr_35091330.mp3	2556
common_voice_sr_27781247.mp3	2520
common_voice_sr_27662188.mp3	6192
common_voice_sr_39271877.mp3	3456
common_voice_sr_40405761.mp3	4068
common_voice_sr_36765308.mp3	3168
common_voice_sr_41029158.mp3	3276
common_voice_sr_40983987.mp3	2448
common_voice_sr_27675651.mp3	1980
common_voice_sr_40977050.mp3	2448
common_voice_sr_40976892.mp3	6048
common_voice_sr_39936545.mp3	6696
common_voice_sr_40976088.mp3	2016
common_voice_sr_40977954.mp3	6516
common_voice_sr_41029124.mp3	2088
common_voice_sr_36971209.mp3	3060
common_voice_sr_26960538.mp3	2556
common_voice_sr_40386339.mp3	4356
common_voice_sr_27635145.mp3	3996
common_voice_sr_27781327.mp3	3096
common_voice_sr_28321610.mp3	7020
common_voice_sr_40991103.mp3	5616
common_voice_sr_28440080.mp3	3456
common_voice_sr_27675776.mp3	2268
common_voice_sr_40985639.mp3	3420
common_voice_sr_40491664.mp3	3924
common_voice_sr_27675751.mp3	3420
common_voice_sr_41006350.mp3	1980
common_voice_sr_40987693.mp3	2196
common_voice_sr_40987683.mp3	3708
common_voice_sr_40975761.mp3	2340
common_voice_sr_37391330.mp3	4176
common_voice_sr_45994764.mp3	4824
common_voice_sr_46064156.mp3	4320
common_voice_sr_39770122.mp3	4356
common_voice_sr_36946930.mp3	2556
common_voice_sr_40997726.mp3	2016
common_voice_sr_39936679.mp3	2448
common_voice_sr_28216691.mp3	4068
common_voice_sr_46917865.mp3	2844
common_voice_sr_40976319.mp3	4968
common_voice_sr_35090597.mp3	2736
common_voice_sr_39330738.mp3	3780
common_voice_sr_27655742.mp3	4788
common_voice_sr_28526451.mp3	2628
common_voice_sr_40981602.mp3	2628
common_voice_sr_40991140.mp3	5688
common_voice_sr_40979326.mp3	2160
common_voice_sr_40983671.mp3	2016
common_voice_sr_36950580.mp3	2124
common_voice_sr_41021545.mp3	2340
common_voice_sr_40983669.mp3	1908
common_voice_sr_33242794.mp3	3384
common_voice_sr_36994424.mp3	4608
common_voice_sr_40997541.mp3	8316
common_voice_sr_36950705.mp3	3060
common_voice_sr_40979039.mp3	2808
common_voice_sr_41010784.mp3	5976
common_voice_sr_35109107.mp3	2808
common_voice_sr_36994268.mp3	2880
common_voice_sr_36950270.mp3	3636
common_voice_sr_40979965.mp3	5436
common_voice_sr_36773351.mp3	2520
common_voice_sr_40976976.mp3	3276
common_voice_sr_37810825.mp3	5148
common_voice_sr_39936668.mp3	5256
common_voice_sr_40491641.mp3	4068
common_voice_sr_40982680.mp3	2556
common_voice_sr_38537491.mp3	1620
common_voice_sr_27014750.mp3	2376
common_voice_sr_27314224.mp3	2916
common_voice_sr_40985629.mp3	2088
common_voice_sr_37810935.mp3	4284
common_voice_sr_40994060.mp3	4896
common_voice_sr_41010664.mp3	2376
common_voice_sr_36773305.mp3	2808
common_voice_sr_28859095.mp3	2376
common_voice_sr_40983997.mp3	3456
common_voice_sr_40983572.mp3	1836
common_voice_sr_36765573.mp3	2556
common_voice_sr_38509151.mp3	4536
common_voice_sr_40975968.mp3	3708
common_voice_sr_28521422.mp3	1440
common_voice_sr_40976913.mp3	6660
common_voice_sr_40984035.mp3	5220
common_voice_sr_36949289.mp3	2448
common_voice_sr_35086771.mp3	3168
common_voice_sr_40985455.mp3	3348
common_voice_sr_40989503.mp3	2520
common_voice_sr_40985057.mp3	2376
common_voice_sr_39257282.mp3	4500
common_voice_sr_40985081.mp3	2916
common_voice_sr_27675822.mp3	2268
common_voice_sr_36950754.mp3	2520
common_voice_sr_38509147.mp3	2052
common_voice_sr_41010783.mp3	5076
common_voice_sr_28526240.mp3	3168
common_voice_sr_40978767.mp3	4716
common_voice_sr_36767462.mp3	2232
common_voice_sr_36767380.mp3	2484
common_voice_sr_28526388.mp3	2268
common_voice_sr_40980947.mp3	2916
common_voice_sr_40878521.mp3	4716
common_voice_sr_27675935.mp3	2124
common_voice_sr_36951809.mp3	2844
common_voice_sr_27781313.mp3	2916
common_voice_sr_38537438.mp3	3420
common_voice_sr_40982031.mp3	2376
common_voice_sr_40987673.mp3	3636
common_voice_sr_40981636.mp3	4428
common_voice_sr_27681772.mp3	2916
common_voice_sr_27658341.mp3	3060
common_voice_sr_40977636.mp3	5220
common_voice_sr_40979513.mp3	2376
common_voice_sr_40978162.mp3	3060
common_voice_sr_27660235.mp3	3708
common_voice_sr_40975902.mp3	3636
common_voice_sr_40982005.mp3	3168
common_voice_sr_40979303.mp3	1980
common_voice_sr_39936547.mp3	6516
common_voice_sr_36765804.mp3	1944
common_voice_sr_37810908.mp3	3564
common_voice_sr_40975599.mp3	3708
common_voice_sr_40997413.mp3	3420
common_voice_sr_36950235.mp3	3888
common_voice_sr_40981628.mp3	2196
common_voice_sr_39257121.mp3	3528
common_voice_sr_40991308.mp3	2736
common_voice_sr_36950196.mp3	2376
common_voice_sr_36950712.mp3	2592
common_voice_sr_40979271.mp3	1980
common_voice_sr_40979923.mp3	2268
common_voice_sr_27781368.mp3	2196
common_voice_sr_37047345.mp3	4068
common_voice_sr_45995205.mp3	3564
common_voice_sr_40471923.mp3	2088
common_voice_sr_38523509.mp3	2628
common_voice_sr_35248753.mp3	2880
common_voice_sr_27675868.mp3	2556
common_voice_sr_27675725.mp3	2232
common_voice_sr_35133140.mp3	3348
common_voice_sr_35098176.mp3	2376
common_voice_sr_27654226.mp3	2556
common_voice_sr_28452687.mp3	2880
common_voice_sr_46919447.mp3	3096
common_voice_sr_40982860.mp3	2160
common_voice_sr_28521456.mp3	1620
common_voice_sr_39897686.mp3	5796
common_voice_sr_40878523.mp3	5688
common_voice_sr_36950666.mp3	2124
common_voice_sr_40984172.mp3	4860
common_voice_sr_40975785.mp3	4500
common_voice_sr_40981642.mp3	1908
common_voice_sr_36767425.mp3	2484
common_voice_sr_40983589.mp3	1836
common_voice_sr_35109116.mp3	2520
common_voice_sr_40980272.mp3	3528
common_voice_sr_41012764.mp3	2376
common_voice_sr_36950219.mp3	2196
common_voice_sr_41021565.mp3	4788
common_voice_sr_36765976.mp3	2124
common_voice_sr_27781219.mp3	2700
common_voice_sr_40978744.mp3	4968
common_voice_sr_28153965.mp3	2376
common_voice_sr_40987820.mp3	3780
common_voice_sr_27781444.mp3	2268
common_voice_sr_35126164.mp3	2196
common_voice_sr_26945957.mp3	2556
common_voice_sr_40991160.mp3	3636
common_voice_sr_36973235.mp3	2268
common_voice_sr_40975828.mp3	3420
common_voice_sr_28321635.mp3	3348
common_voice_sr_38523464.mp3	3528
common_voice_sr_27751842.mp3	2556
common_voice_sr_40984197.mp3	1836
common_voice_sr_36950107.mp3	2268
common_voice_sr_35085259.mp3	2196
common_voice_sr_40979523.mp3	5760
common_voice_sr_40978665.mp3	5436
common_voice_sr_40981591.mp3	5220
common_voice_sr_40981082.mp3	3708
common_voice_sr_40985609.mp3	2160
common_voice_sr_27655725.mp3	3168
common_voice_sr_40977674.mp3	4788
common_voice_sr_40997551.mp3	2268
common_voice_sr_45995186.mp3	3096
common_voice_sr_36950762.mp3	3168
common_voice_sr_38531831.mp3	2736
common_voice_sr_40978780.mp3	3348
common_voice_sr_38515490.mp3	4032
common_voice_sr_26874287.mp3	2916
common_voice_sr_27675854.mp3	2196
common_voice_sr_35086881.mp3	3420
common_voice_sr_46919560.mp3	2988
common_voice_sr_40981166.mp3	3276
common_voice_sr_36950019.mp3	1980
common_voice_sr_40981872.mp3	2376
common_voice_sr_40981173.mp3	4860
common_voice_sr_45994658.mp3	4608
common_voice_sr_27662310.mp3	3384
common_voice_sr_28521277.mp3	1980
common_voice_sr_26982158.mp3	3060
common_voice_sr_37523139.mp3	4104
common_voice_sr_36765510.mp3	1944
common_voice_sr_36773443.mp3	2448
common_voice_sr_40975922.mp3	2520
common_voice_sr_37810622.mp3	5904
common_voice_sr_27656431.mp3	3600
common_voice_sr_35099187.mp3	3600
common_voice_sr_35399320.mp3	1404
common_voice_sr_39936544.mp3	4068
common_voice_sr_41012939.mp3	2268
common_voice_sr_40491617.mp3	5220
common_voice_sr_27671146.mp3	3168
common_voice_sr_26874169.mp3	2916
common_voice_sr_26553067.mp3	2448
common_voice_sr_36946905.mp3	2628
common_voice_sr_30649700.mp3	3420
common_voice_sr_27314268.mp3	2808
common_voice_sr_39254619.mp3	3600
common_voice_sr_28517841.mp3	2880
common_voice_sr_46919007.mp3	2952
common_voice_sr_27656751.mp3	3348
common_voice_sr_38509104.mp3	3816
common_voice_sr_27781461.mp3	2376
common_voice_sr_40979294.mp3	3528
common_voice_sr_37810854.mp3	5724
common_voice_sr_36950178.mp3	5580
common_voice_sr_40983447.mp3	7308
common_voice_sr_39330721.mp3	2808
common_voice_sr_41029131.mp3	1800
common_voice_sr_27655743.mp3	3528
common_voice_sr_40405779.mp3	4320
common_voice_sr_35248750.mp3	2196
common_voice_sr_26959701.mp3	3456
common_voice_sr_35085562.mp3	2376
common_voice_sr_35088548.mp3	3240
common_voice_sr_36765643.mp3	2088
common_voice_sr_35098216.mp3	2268
common_voice_sr_36774010.mp3	2016
common_voice_sr_38058780.mp3	3168
common_voice_sr_41009923.mp3	4140
common_voice_sr_39936700.mp3	3888
common_voice_sr_37391352.mp3	4428
common_voice_sr_38537439.mp3	2736
common_voice_sr_38511366.mp3	4104
common_voice_sr_39885017.mp3	3132
common_voice_sr_35097087.mp3	2880
common_voice_sr_37315297.mp3	3168
common_voice_sr_41029078.mp3	3888
common_voice_sr_36950015.mp3	4176
common_voice_sr_35085181.mp3	2700
common_voice_sr_27675853.mp3	2196
common_voice_sr_28517890.mp3	2448
common_voice_sr_41006447.mp3	2556
common_voice_sr_35086245.mp3	3240
common_voice_sr_37006633.mp3	2268
common_voice_sr_35399832.mp3	1368
common_voice_sr_27781277.mp3	2340
common_voice_sr_41029129.mp3	2088
common_voice_sr_36946779.mp3	2808
common_voice_sr_40386182.mp3	5148
common_voice_sr_35265039.mp3	2952
common_voice_sr_40991064.mp3	3528
common_voice_sr_40982830.mp3	2808
common_voice_sr_37523155.mp3	3780
common_voice_sr_27781230.mp3	2880
common_voice_sr_40979006.mp3	3348
common_voice_sr_27675911.mp3	1908
common_voice_sr_40979947.mp3	2736
common_voice_sr_28441429.mp3	3708
common_voice_sr_36774144.mp3	2700
common_voice_sr_36946611.mp3	2520
common_voice_sr_35099262.mp3	2520
common_voice_sr_27675748.mp3	3852
common_voice_sr_39884967.mp3	6732
common_voice_sr_40977659.mp3	3168
common_voice_sr_36767461.mp3	2196
common_voice_sr_27662191.mp3	4032
common_voice_sr_40997730.mp3	1980
common_voice_sr_41024508.mp3	1620
common_voice_sr_36946991.mp3	2700
common_voice_sr_35265040.mp3	2844
common_voice_sr_39263257.mp3	3708
common_voice_sr_40978502.mp3	6660
common_voice_sr_36774383.mp3	2700
common_voice_sr_40997605.mp3	5040
common_voice_sr_40979264.mp3	2376
common_voice_sr_35086882.mp3	4068
common_voice_sr_40983521.mp3	2160
common_voice_sr_36767588.mp3	4644
common_voice_sr_35086478.mp3	2160
common_voice_sr_27655817.mp3	2628
common_voice_sr_37329748.mp3	2916
common_voice_sr_36971220.mp3	2736
common_voice_sr_40984028.mp3	2088
common_voice_sr_37391324.mp3	3060
common_voice_sr_40982841.mp3	2088
common_voice_sr_39885124.mp3	4428
common_voice_sr_36804250.mp3	2448
common_voice_sr_31892507.mp3	2376
common_voice_sr_40983700.mp3	2196
common_voice_sr_37810677.mp3	1980
common_voice_sr_45994602.mp3	5976
common_voice_sr_28517837.mp3	2520
common_voice_sr_40997396.mp3	3276
common_voice_sr_40977031.mp3	2808
common_voice_sr_41006354.mp3	5688
common_voice_sr_35085138.mp3	4428
common_voice_sr_36950590.mp3	2592
common_voice_sr_28441340.mp3	3168
common_voice_sr_37517801.mp3	2772
common_voice_sr_41031263.mp3	2376
common_voice_sr_40975750.mp3	4608
common_voice_sr_40984052.mp3	4608
common_voice_sr_41024509.mp3	1800
common_voice_sr_39884968.mp3	5616
common_voice_sr_28441419.mp3	2448
common_voice_sr_36804163.mp3	2520
common_voice_sr_41012825.mp3	1728
common_voice_sr_40977738.mp3	8388
common_voice_sr_41010503.mp3	3348
common_voice_sr_40997550.mp3	5076
common_voice_sr_27656430.mp3	3168
common_voice_sr_35086362.mp3	2088
common_voice_sr_41000558.mp3	2088
common_voice_sr_36774305.mp3	3168
common_voice_sr_37810713.mp3	2952
common_voice_sr_40985101.mp3	2088
common_voice_sr_28441232.mp3	2736
common_voice_sr_28153941.mp3	3096
common_voice_sr_41006466.mp3	2340
common_voice_sr_35248749.mp3	2268
common_voice_sr_40975739.mp3	2088
common_voice_sr_41010782.mp3	6336
common_voice_sr_39551732.mp3	6876
common_voice_sr_40989522.mp3	4500
common_voice_sr_27781416.mp3	2268
common_voice_sr_35086361.mp3	2196
common_voice_sr_27751813.mp3	4320
common_voice_sr_26959698.mp3	2340
common_voice_sr_41029107.mp3	1836
common_voice_sr_39885162.mp3	2844
common_voice_sr_40983603.mp3	1908
common_voice_sr_40985105.mp3	3780
common_voice_sr_37315327.mp3	4176
common_voice_sr_27636388.mp3	2160
common_voice_sr_27014832.mp3	2916
common_voice_sr_40979019.mp3	3456
common_voice_sr_38058834.mp3	4680
common_voice_sr_46064225.mp3	4176
common_voice_sr_41012769.mp3	3096
common_voice_sr_36950069.mp3	2448
common_voice_sr_27634888.mp3	3456
common_voice_sr_39330712.mp3	3780
common_voice_sr_40980973.mp3	3168
common_voice_sr_40977480.mp3	3276
common_voice_sr_40991101.mp3	4896
common_voice_sr_43194592.mp3	6480
common_voice_sr_46064231.mp3	3816
common_voice_sr_40985132.mp3	3240
common_voice_sr_40978802.mp3	4896
common_voice_sr_40978760.mp3	3420
common_voice_sr_26874043.mp3	2448
common_voice_sr_36950202.mp3	2376
common_voice_sr_36994408.mp3	2664
common_voice_sr_36950221.mp3	2556
common_voice_sr_40491747.mp3	3888
common_voice_sr_37006640.mp3	2736
common_voice_sr_41006490.mp3	1908
common_voice_sr_40977016.mp3	4248
common_voice_sr_40985875.mp3	4248
common_voice_sr_41006400.mp3	2628
common_voice_sr_40491761.mp3	5868
common_voice_sr_38847173.mp3	3060
common_voice_sr_40982892.mp3	2196
common_voice_sr_27751835.mp3	4428
common_voice_sr_39212822.mp3	6264
common_voice_sr_36765928.mp3	2232
common_voice_sr_27675949.mp3	2628
common_voice_sr_45994837.mp3	2700
common_voice_sr_28438519.mp3	2340
common_voice_sr_40471809.mp3	2556
common_voice_sr_28441287.mp3	2376
common_voice_sr_27635060.mp3	2988
common_voice_sr_40977734.mp3	2340
common_voice_sr_27808256.mp3	2736
common_voice_sr_41029086.mp3	2088
common_voice_sr_36950162.mp3	2556
common_voice_sr_36925156.mp3	2736
common_voice_sr_41010446.mp3	2340
common_voice_sr_38031086.mp3	3240
common_voice_sr_35265128.mp3	2808
common_voice_sr_40386261.mp3	3420
common_voice_sr_26874378.mp3	3060
common_voice_sr_41006531.mp3	1980
common_voice_sr_40983539.mp3	1980
common_voice_sr_40985611.mp3	1980
common_voice_sr_41009937.mp3	2520
common_voice_sr_40997423.mp3	5616
common_voice_sr_29083704.mp3	3168
common_voice_sr_27675763.mp3	2484
common_voice_sr_35090327.mp3	2700
common_voice_sr_41009874.mp3	2700
common_voice_sr_27671109.mp3	3816
common_voice_sr_36774470.mp3	2556
common_voice_sr_37391344.mp3	1836
common_voice_sr_28526378.mp3	2556
common_voice_sr_41012860.mp3	2916
common_voice_sr_40979971.mp3	5760
common_voice_sr_40983631.mp3	2088
common_voice_sr_27008204.mp3	2916
common_voice_sr_40989451.mp3	3708
common_voice_sr_36765682.mp3	2520
common_voice_sr_27635277.mp3	2808
common_voice_sr_35265041.mp3	2700
common_voice_sr_36946614.mp3	2376
common_voice_sr_37529543.mp3	5796
common_voice_sr_36765855.mp3	2196
common_voice_sr_40985151.mp3	1980
common_voice_sr_38833325.mp3	5148
common_voice_sr_26958932.mp3	6120
common_voice_sr_35085122.mp3	2916
common_voice_sr_40982872.mp3	4140
common_voice_sr_40977038.mp3	3060
common_voice_sr_40977896.mp3	2880
common_voice_sr_35399007.mp3	1476
common_voice_sr_37529546.mp3	5436
common_voice_sr_39884922.mp3	4644
common_voice_sr_35086738.mp3	3240
common_voice_sr_41024430.mp3	2268
common_voice_sr_40983518.mp3	2700
common_voice_sr_36804161.mp3	2556
common_voice_sr_27781352.mp3	2736
common_voice_sr_35090537.mp3	2340
common_voice_sr_40983338.mp3	4680
common_voice_sr_35099339.mp3	4644
common_voice_sr_40981805.mp3	2196
common_voice_sr_35265146.mp3	2304
common_voice_sr_27660569.mp3	2916
common_voice_sr_35094435.mp3	4716
common_voice_sr_40985114.mp3	2160
common_voice_sr_36773417.mp3	2556
common_voice_sr_46064050.mp3	3168
common_voice_sr_40983608.mp3	2340
common_voice_sr_40976273.mp3	2988
common_voice_sr_40987696.mp3	2916
common_voice_sr_36804270.mp3	2268
common_voice_sr_27014914.mp3	3060
common_voice_sr_35265185.mp3	2232
common_voice_sr_36773197.mp3	2952
common_voice_sr_40978154.mp3	3276
common_voice_sr_36949272.mp3	1908
common_voice_sr_27781479.mp3	2016
common_voice_sr_38523438.mp3	2268
common_voice_sr_40981594.mp3	3168
common_voice_sr_40978531.mp3	3528
common_voice_sr_40980940.mp3	3240
common_voice_sr_38847169.mp3	4176
common_voice_sr_40981189.mp3	3348
common_voice_sr_35085158.mp3	2196
common_voice_sr_41029132.mp3	2268
common_voice_sr_40997601.mp3	4968
common_voice_sr_40983578.mp3	2736
common_voice_sr_40975941.mp3	3780
common_voice_sr_35098201.mp3	2340
common_voice_sr_28663214.mp3	2700
common_voice_sr_40979989.mp3	1620
common_voice_sr_45994590.mp3	4608
common_voice_sr_40981576.mp3	2808
common_voice_sr_35125887.mp3	1800
common_voice_sr_27008212.mp3	2376
common_voice_sr_39254567.mp3	5616
common_voice_sr_27664089.mp3	4716
common_voice_sr_39316388.mp3	3348
common_voice_sr_33192086.mp3	2808
common_voice_sr_28452686.mp3	2736
common_voice_sr_46918823.mp3	1980
common_voice_sr_27794957.mp3	2988
common_voice_sr_40981596.mp3	5076
common_voice_sr_36774371.mp3	2448
common_voice_sr_40386137.mp3	3600
common_voice_sr_38521601.mp3	2016
common_voice_sr_36994453.mp3	4716
common_voice_sr_40981913.mp3	2700
common_voice_sr_37315293.mp3	4788
common_voice_sr_35094470.mp3	3528
common_voice_sr_40983638.mp3	1800
common_voice_sr_37523025.mp3	3780
common_voice_sr_35265102.mp3	2484
common_voice_sr_37810829.mp3	5328
common_voice_sr_36434796.mp3	2700
common_voice_sr_27675774.mp3	1980
common_voice_sr_41012715.mp3	2520
common_voice_sr_26969265.mp3	3888
common_voice_sr_40978779.mp3	2340
common_voice_sr_40984041.mp3	4248
common_voice_sr_40976876.mp3	4356
common_voice_sr_40981612.mp3	4356
common_voice_sr_40979240.mp3	2556
common_voice_sr_35097144.mp3	2988
common_voice_sr_35278247.mp3	1872
common_voice_sr_36767428.mp3	3780
common_voice_sr_36946612.mp3	2520
common_voice_sr_40982805.mp3	4356
common_voice_sr_40983986.mp3	7020
common_voice_sr_40985411.mp3	3528
common_voice_sr_35085099.mp3	2808
common_voice_sr_36950251.mp3	3276
common_voice_sr_35133170.mp3	3348
common_voice_sr_36934788.mp3	4932
common_voice_sr_40983560.mp3	2520
common_voice_sr_40983354.mp3	4176
common_voice_sr_27662245.mp3	3636
common_voice_sr_40385928.mp3	6876
common_voice_sr_35088675.mp3	2916
common_voice_sr_41031256.mp3	2160
common_voice_sr_40978743.mp3	2736
common_voice_sr_38845516.mp3	3276
common_voice_sr_40977827.mp3	3348
common_voice_sr_40985079.mp3	2088
common_voice_sr_40985681.mp3	4140
common_voice_sr_40976870.mp3	4140
common_voice_sr_39936595.mp3	3456
common_voice_sr_40984180.mp3	2268
common_voice_sr_38508448.mp3	4392
common_voice_sr_40976899.mp3	3420
common_voice_sr_27675650.mp3	2232
common_voice_sr_36950168.mp3	2880
common_voice_sr_40981398.mp3	3096
common_voice_sr_39257183.mp3	5076
common_voice_sr_40977758.mp3	5148
common_voice_sr_41012717.mp3	2340
common_voice_sr_40982879.mp3	2988
common_voice_sr_40975792.mp3	3348
common_voice_sr_38537487.mp3	3888
common_voice_sr_27675584.mp3	2232
common_voice_sr_39278136.mp3	5868
common_voice_sr_40983660.mp3	2160
common_voice_sr_36946846.mp3	2520
common_voice_sr_41029088.mp3	5508
common_voice_sr_36767369.mp3	2124
common_voice_sr_38515525.mp3	4212
common_voice_sr_40985102.mp3	2628
common_voice_sr_41006404.mp3	3636
common_voice_sr_40982620.mp3	3276
common_voice_sr_40975950.mp3	2520
common_voice_sr_36774294.mp3	2556
common_voice_sr_39885002.mp3	2808
common_voice_sr_40985185.mp3	2088
common_voice_sr_37810850.mp3	2052
common_voice_sr_40987728.mp3	3276
common_voice_sr_40981912.mp3	5148
common_voice_sr_39330584.mp3	3780
common_voice_sr_36946862.mp3	2088
common_voice_sr_40981819.mp3	3528
common_voice_sr_40981015.mp3	1980
common_voice_sr_37206883.mp3	2556
common_voice_sr_40976985.mp3	2988
common_voice_sr_35265081.mp3	4860
common_voice_sr_27675624.mp3	3564
common_voice_sr_48251069.mp3	3960
common_voice_sr_41012783.mp3	3168
common_voice_sr_40981763.mp3	2520
common_voice_sr_40985150.mp3	2160
common_voice_sr_40991170.mp3	2268
common_voice_sr_40977684.mp3	5220
common_voice_sr_40979999.mp3	2160
common_voice_sr_27314281.mp3	2988
common_voice_sr_40981624.mp3	2556
common_voice_sr_40987710.mp3	4248
common_voice_sr_36773539.mp3	2916
common_voice_sr_38183775.mp3	2592
common_voice_sr_36773993.mp3	3060
common_voice_sr_27781391.mp3	3600
common_voice_sr_40980307.mp3	4500
common_voice_sr_41000538.mp3	2736
common_voice_sr_36994233.mp3	2808
common_voice_sr_37259387.mp3	2556
common_voice_sr_37810837.mp3	3096
common_voice_sr_40979304.mp3	2556
common_voice_sr_40981994.mp3	1800
common_voice_sr_40975564.mp3	4896
common_voice_sr_27671135.mp3	2700
common_voice_sr_27781338.mp3	2736
common_voice_sr_36765723.mp3	2052
common_voice_sr_40471812.mp3	2880
common_voice_sr_41000559.mp3	3780
common_voice_sr_40985911.mp3	6768
common_voice_sr_40978436.mp3	3168
common_voice_sr_36946632.mp3	5868
common_voice_sr_36951798.mp3	2088
common_voice_sr_37810937.mp3	3132
common_voice_sr_40994066.mp3	2736
common_voice_sr_39316398.mp3	3996
common_voice_sr_40978792.mp3	6048
common_voice_sr_41029079.mp3	2088
common_voice_sr_40975983.mp3	2340
common_voice_sr_39330608.mp3	3276
common_voice_sr_40471916.mp3	5796
common_voice_sr_35086300.mp3	3060
common_voice_sr_40975859.mp3	4356
common_voice_sr_35361176.mp3	4428
common_voice_sr_36949305.mp3	1836
common_voice_sr_40989425.mp3	5940
common_voice_sr_28441290.mp3	2088
common_voice_sr_27655347.mp3	3348
common_voice_sr_46918878.mp3	3060
common_voice_sr_36950594.mp3	2196
common_voice_sr_40386193.mp3	4320
common_voice_sr_36994263.mp3	2304
common_voice_sr_36950212.mp3	5076
common_voice_sr_36774407.mp3	2556
common_voice_sr_40982662.mp3	2448
common_voice_sr_40984239.mp3	2016
common_voice_sr_36765567.mp3	2628
common_voice_sr_40991303.mp3	2916
common_voice_sr_36765879.mp3	2412
common_voice_sr_35091354.mp3	2160
common_voice_sr_35090479.mp3	2988
common_voice_sr_40985470.mp3	2268
common_voice_sr_35089040.mp3	2736
common_voice_sr_38844945.mp3	3996
common_voice_sr_40989532.mp3	2088
common_voice_sr_41325038.mp3	4140
common_voice_sr_40991141.mp3	3348
common_voice_sr_40405802.mp3	6516
common_voice_sr_40987714.mp3	3888
common_voice_sr_37315346.mp3	2520
common_voice_sr_40976281.mp3	4788
common_voice_sr_35399973.mp3	1440
common_voice_sr_40985850.mp3	6876
common_voice_sr_41010603.mp3	3276
common_voice_sr_38833124.mp3	4140
common_voice_sr_27781477.mp3	2196
common_voice_sr_38844861.mp3	3528
common_voice_sr_40979978.mp3	4968
common_voice_sr_40981409.mp3	1800
common_voice_sr_40975548.mp3	5400
common_voice_sr_36950709.mp3	4068
common_voice_sr_36951793.mp3	2232
common_voice_sr_40471929.mp3	4680
common_voice_sr_41031298.mp3	2916
common_voice_sr_40975569.mp3	5040
common_voice_sr_27654148.mp3	2700
common_voice_sr_28438442.mp3	4500
common_voice_sr_40491740.mp3	2916
common_voice_sr_35400233.mp3	1728
common_voice_sr_39212840.mp3	7308
common_voice_sr_36946755.mp3	2700
common_voice_sr_28153960.mp3	2700
common_voice_sr_40984030.mp3	2628
common_voice_sr_41009932.mp3	2196
common_voice_sr_40976958.mp3	2736
common_voice_sr_40985409.mp3	4536
common_voice_sr_39271908.mp3	3960
common_voice_sr_27675670.mp3	2232
common_voice_sr_40979335.mp3	3096
common_voice_sr_27655265.mp3	3024
common_voice_sr_36804160.mp3	3096
common_voice_sr_40974227.mp3	4896
common_voice_sr_37810821.mp3	2340
common_voice_sr_36774234.mp3	2916
common_voice_sr_45994995.mp3	5148
common_voice_sr_40983399.mp3	1908
common_voice_sr_35086549.mp3	4140
common_voice_sr_36950665.mp3	1908
common_voice_sr_37810849.mp3	3708
common_voice_sr_40386098.mp3	5400
common_voice_sr_35085077.mp3	4356
common_voice_sr_39212879.mp3	5472
common_voice_sr_35097136.mp3	2916
common_voice_sr_40983583.mp3	2916
common_voice_sr_35086524.mp3	2628
common_voice_sr_40997608.mp3	3276
common_voice_sr_40997538.mp3	3708
common_voice_sr_35097138.mp3	2700
common_voice_sr_40975803.mp3	5040
common_voice_sr_36774027.mp3	2160
common_voice_sr_40989511.mp3	5328
common_voice_sr_27677170.mp3	2016
common_voice_sr_28441251.mp3	4428
common_voice_sr_26874205.mp3	5796
common_voice_sr_38531833.mp3	4140
common_voice_sr_35085554.mp3	4248
common_voice_sr_40979921.mp3	3060
common_voice_sr_40491763.mp3	5616
common_voice_sr_35085634.mp3	3276
common_voice_sr_40994062.mp3	2340
common_voice_sr_35086572.mp3	3060
common_voice_sr_40985835.mp3	3780
common_voice_sr_40983575.mp3	2556
common_voice_sr_40982861.mp3	2376
common_voice_sr_40985832.mp3	5796
common_voice_sr_36765397.mp3	2628
common_voice_sr_40491751.mp3	5256
common_voice_sr_35399433.mp3	1332
common_voice_sr_35360999.mp3	1476
common_voice_sr_36950184.mp3	4356
common_voice_sr_41010764.mp3	2376
common_voice_sr_35090770.mp3	4356
common_voice_sr_28623175.mp3	3060
common_voice_sr_27781329.mp3	2268
common_voice_sr_36773239.mp3	5292
common_voice_sr_38521609.mp3	2196
common_voice_sr_36774515.mp3	2448
common_voice_sr_36774004.mp3	3708
common_voice_sr_36774746.mp3	2520
common_voice_sr_36994455.mp3	2628
common_voice_sr_40997391.mp3	2700
common_voice_sr_41006418.mp3	3096
common_voice_sr_26874406.mp3	2736
common_voice_sr_28521414.mp3	1548
common_voice_sr_38525999.mp3	2664
common_voice_sr_41012755.mp3	2808
common_voice_sr_40975975.mp3	5580
common_voice_sr_27314228.mp3	2808
common_voice_sr_39330744.mp3	6696
common_voice_sr_41000560.mp3	2736
common_voice_sr_27655728.mp3	2916
common_voice_sr_36774023.mp3	2088
common_voice_sr_40976849.mp3	4968
common_voice_sr_27011725.mp3	2808
common_voice_sr_41012869.mp3	1836
common_voice_sr_40976866.mp3	3960
common_voice_sr_39257280.mp3	2880
common_voice_sr_40984233.mp3	3960
common_voice_sr_40978666.mp3	4356
common_voice_sr_27656783.mp3	2988
common_voice_sr_36774533.mp3	2700
common_voice_sr_38508418.mp3	3096
common_voice_sr_40979274.mp3	2448
common_voice_sr_40982639.mp3	5796
common_voice_sr_40978768.mp3	3888
common_voice_sr_40983695.mp3	2448
common_voice_sr_35133150.mp3	3168
common_voice_sr_40975719.mp3	5220
common_voice_sr_41037810.mp3	5940
common_voice_sr_39884980.mp3	2664
common_voice_sr_40984208.mp3	1908
common_voice_sr_27014692.mp3	2628
common_voice_sr_46917713.mp3	2340
common_voice_sr_39885047.mp3	3600
common_voice_sr_41024498.mp3	3708
common_voice_sr_36950563.mp3	2700
common_voice_sr_28321636.mp3	3060
common_voice_sr_27675925.mp3	2232
common_voice_sr_36774246.mp3	3060
common_voice_sr_26873668.mp3	3960
common_voice_sr_36765476.mp3	3240
common_voice_sr_36774461.mp3	2520
common_voice_sr_40982837.mp3	5040
common_voice_sr_41012844.mp3	5616
common_voice_sr_40976960.mp3	3060
common_voice_sr_26945753.mp3	2592
common_voice_sr_38847196.mp3	2880
common_voice_sr_38515512.mp3	3996
common_voice_sr_40981808.mp3	2520
common_voice_sr_40989439.mp3	4140
common_voice_sr_40983980.mp3	3636
common_voice_sr_40471693.mp3	4464
common_voice_sr_40976305.mp3	2736
common_voice_sr_37810735.mp3	4068
common_voice_sr_37172281.mp3	4680
common_voice_sr_40977807.mp3	2448
common_voice_sr_36766070.mp3	2304
common_voice_sr_40980269.mp3	2808
common_voice_sr_39254897.mp3	3780
common_voice_sr_40977633.mp3	6408
common_voice_sr_40976263.mp3	6768
common_voice_sr_40985440.mp3	4068
common_voice_sr_38515543.mp3	2592
common_voice_sr_40977029.mp3	4320
common_voice_sr_40980938.mp3	2196
common_voice_sr_27014927.mp3	3096
common_voice_sr_36774030.mp3	2196
common_voice_sr_40977717.mp3	5940
common_voice_sr_40405839.mp3	5148
common_voice_sr_35099207.mp3	3024
common_voice_sr_37006636.mp3	2556
common_voice_sr_41012847.mp3	2556
common_voice_sr_31892182.mp3	2592
common_voice_sr_36949122.mp3	3348
common_voice_sr_35265053.mp3	3060
common_voice_sr_36949265.mp3	2268
common_voice_sr_40982606.mp3	2700
common_voice_sr_27886333.mp3	2556
common_voice_sr_28441176.mp3	2988
common_voice_sr_36765388.mp3	2808
common_voice_sr_40982010.mp3	1980
common_voice_sr_39316380.mp3	4500
common_voice_sr_40976019.mp3	5076
common_voice_sr_40471770.mp3	2520
common_voice_sr_35096215.mp3	3888
common_voice_sr_40975948.mp3	5328
common_voice_sr_36774557.mp3	5580
common_voice_sr_38833122.mp3	3096
common_voice_sr_26959636.mp3	2340
common_voice_sr_37517776.mp3	2844
common_voice_sr_36765354.mp3	2592
common_voice_sr_27655711.mp3	3240
common_voice_sr_39885058.mp3	5796
common_voice_sr_38531899.mp3	1872
common_voice_sr_40979917.mp3	3420
common_voice_sr_40977755.mp3	3780
common_voice_sr_41010549.mp3	4680
common_voice_sr_35090529.mp3	2880
common_voice_sr_41012702.mp3	2736
common_voice_sr_46917354.mp3	5508
common_voice_sr_39330734.mp3	6768
common_voice_sr_36949436.mp3	2700
common_voice_sr_35278219.mp3	2592
common_voice_sr_46920169.mp3	2844
common_voice_sr_27781463.mp3	4320
common_voice_sr_32761961.mp3	2160
common_voice_sr_40980254.mp3	2016
common_voice_sr_40979284.mp3	2988
common_voice_sr_26981152.mp3	2736
common_voice_sr_36947100.mp3	3096
common_voice_sr_41021463.mp3	3276
common_voice_sr_40975542.mp3	3780
common_voice_sr_40977724.mp3	6300
common_voice_sr_36949231.mp3	4320
common_voice_sr_40977786.mp3	2880
common_voice_sr_28526427.mp3	2448
common_voice_sr_39936533.mp3	7596
common_voice_sr_40386231.mp3	3420
common_voice_sr_27314269.mp3	2628
common_voice_sr_40982891.mp3	2268
common_voice_sr_33242705.mp3	3384
common_voice_sr_41031296.mp3	4716
common_voice_sr_38531879.mp3	4860
common_voice_sr_27675830.mp3	2232
common_voice_sr_40979953.mp3	2340
common_voice_sr_43532682.mp3	4788
common_voice_sr_41029120.mp3	2088
common_voice_sr_40983590.mp3	1836
common_voice_sr_40980034.mp3	3456
common_voice_sr_27636218.mp3	2808
common_voice_sr_40977486.mp3	3096
common_voice_sr_35090122.mp3	2988
common_voice_sr_37517824.mp3	3024
common_voice_sr_41029106.mp3	3348
common_voice_sr_40974189.mp3	6120
common_voice_sr_37810739.mp3	2556
common_voice_sr_36674337.mp3	2772
common_voice_sr_41006392.mp3	4320
common_voice_sr_36767542.mp3	2016
common_voice_sr_36946635.mp3	2376
common_voice_sr_40985671.mp3	5040
common_voice_sr_40977707.mp3	5976
common_voice_sr_27675876.mp3	2448
common_voice_sr_40985904.mp3	2340
common_voice_sr_36946958.mp3	2088
common_voice_sr_26946031.mp3	2088
common_voice_sr_26874368.mp3	2628
common_voice_sr_35278267.mp3	2304
common_voice_sr_40977808.mp3	2700
common_voice_sr_40549995.mp3	4860
common_voice_sr_40991257.mp3	2268
common_voice_sr_45995193.mp3	2916
common_voice_sr_35398979.mp3	1224
common_voice_sr_40977752.mp3	2016
common_voice_sr_36950610.mp3	2484
common_voice_sr_36774090.mp3	2196
common_voice_sr_27781263.mp3	2376
common_voice_sr_40386097.mp3	4428
common_voice_sr_40979322.mp3	6048
common_voice_sr_46917586.mp3	5076
common_voice_sr_35090073.mp3	4968
common_voice_sr_40987713.mp3	2808
common_voice_sr_41029092.mp3	2520
common_voice_sr_35085093.mp3	2880
common_voice_sr_40977737.mp3	5688
common_voice_sr_36950108.mp3	3456
common_voice_sr_41012763.mp3	2448
common_voice_sr_37517826.mp3	4248
common_voice_sr_46920125.mp3	2448
common_voice_sr_36994250.mp3	3168
common_voice_sr_35098210.mp3	2268
common_voice_sr_40976912.mp3	4068
common_voice_sr_40978619.mp3	3816
common_voice_sr_36950194.mp3	2700
common_voice_sr_36765842.mp3	2232
common_voice_sr_41006403.mp3	2088
common_voice_sr_38531821.mp3	3672
common_voice_sr_27781285.mp3	2988
common_voice_sr_27014630.mp3	2376
common_voice_sr_28521310.mp3	1980
common_voice_sr_39936546.mp3	4356
common_voice_sr_35097193.mp3	6048
common_voice_sr_26959502.mp3	2268
common_voice_sr_35125886.mp3	2268
common_voice_sr_28441175.mp3	2448
common_voice_sr_40976280.mp3	2520
common_voice_sr_38515491.mp3	1836
common_voice_sr_40977514.mp3	2880
common_voice_sr_40979342.mp3	2088
common_voice_sr_28441228.mp3	2340
common_voice_sr_39884953.mp3	3528
common_voice_sr_36774450.mp3	4680
common_voice_sr_40977614.mp3	3096
common_voice_sr_28321687.mp3	3060
common_voice_sr_27636511.mp3	2160
common_voice_sr_36804256.mp3	2556
common_voice_sr_37529542.mp3	7056
common_voice_sr_36774009.mp3	2196
common_voice_sr_32761955.mp3	1836
common_voice_sr_35265142.mp3	3420
common_voice_sr_40983555.mp3	3600
common_voice_sr_40978474.mp3	2736
common_voice_sr_27671156.mp3	3168
common_voice_sr_27781393.mp3	2160
common_voice_sr_40981292.mp3	3528
common_voice_sr_39330506.mp3	3420
common_voice_sr_45994797.mp3	2232
common_voice_sr_28663229.mp3	5076
common_voice_sr_40491744.mp3	4788
common_voice_sr_40405825.mp3	6300
common_voice_sr_40983328.mp3	5508
common_voice_sr_39330750.mp3	5148
common_voice_sr_40991156.mp3	2196
common_voice_sr_36950605.mp3	3024
common_voice_sr_40979908.mp3	4356
common_voice_sr_26959850.mp3	2520
common_voice_sr_41012745.mp3	3816
common_voice_sr_36947038.mp3	2448
common_voice_sr_27636077.mp3	2880
common_voice_sr_36765590.mp3	2268
common_voice_sr_41006377.mp3	2556
common_voice_sr_33192087.mp3	2628
common_voice_sr_36773397.mp3	3168
common_voice_sr_40985880.mp3	3528
common_voice_sr_27636075.mp3	2556
common_voice_sr_36947078.mp3	2520
common_voice_sr_47000530.mp3	2232
common_voice_sr_37172279.mp3	2016
common_voice_sr_27014849.mp3	2880
common_voice_sr_40979343.mp3	3636
common_voice_sr_36767561.mp3	2304
common_voice_sr_27011724.mp3	2700
common_voice_sr_36765935.mp3	2088
common_voice_sr_37259388.mp3	3060
common_voice_sr_36766033.mp3	2520
common_voice_sr_40997633.mp3	2016
common_voice_sr_38058782.mp3	2988
common_voice_sr_40980040.mp3	1980
common_voice_sr_39884945.mp3	4176
common_voice_sr_35085537.mp3	4176
common_voice_sr_37047346.mp3	2844
common_voice_sr_40985144.mp3	1980
common_voice_sr_40977582.mp3	3816
common_voice_sr_35399579.mp3	3168
common_voice_sr_38526020.mp3	2448
common_voice_sr_39330629.mp3	5436
common_voice_sr_40491655.mp3	2700
common_voice_sr_36949457.mp3	2520
common_voice_sr_27636276.mp3	4500
common_voice_sr_40978445.mp3	1656
common_voice_sr_40991081.mp3	3816
common_voice_sr_40981573.mp3	4860
common_voice_sr_36950155.mp3	2340
common_voice_sr_36994425.mp3	2628
common_voice_sr_40989531.mp3	3420
common_voice_sr_40834235.mp3	5436
common_voice_sr_40985684.mp3	3096
common_voice_sr_40978494.mp3	3708
common_voice_sr_40983652.mp3	2196
common_voice_sr_40997576.mp3	3420
common_voice_sr_38537452.mp3	2268
common_voice_sr_43196830.mp3	4212
common_voice_sr_35265144.mp3	2988
common_voice_sr_39330692.mp3	3456
common_voice_sr_40984242.mp3	4860
common_voice_sr_40975603.mp3	5076
common_voice_sr_36949203.mp3	2520
common_voice_sr_37810708.mp3	4716
common_voice_sr_36950573.mp3	2376
common_voice_sr_27636606.mp3	2160
common_voice_sr_40980953.mp3	2340
common_voice_sr_40974192.mp3	3816
common_voice_sr_40978580.mp3	3708
common_voice_sr_28441315.mp3	2808
common_voice_sr_37315369.mp3	2556
common_voice_sr_27314141.mp3	2376
common_voice_sr_40386356.mp3	5148
common_voice_sr_40984174.mp3	1656
common_voice_sr_38525994.mp3	2088
common_voice_sr_40985430.mp3	2160
common_voice_sr_41006527.mp3	1908
common_voice_sr_27781369.mp3	3240
common_voice_sr_27675522.mp3	2700
common_voice_sr_41009912.mp3	2448
common_voice_sr_37517903.mp3	4572
common_voice_sr_37047347.mp3	2448
common_voice_sr_40989488.mp3	2376
common_voice_sr_40978534.mp3	3240
common_voice_sr_46064113.mp3	4968
common_voice_sr_40983516.mp3	2376
common_voice_sr_47000543.mp3	2664
common_voice_sr_40982840.mp3	2520
common_voice_sr_28526469.mp3	2808
common_voice_sr_39330447.mp3	4500
common_voice_sr_35360829.mp3	1476
common_voice_sr_41012730.mp3	2880
common_voice_sr_26959023.mp3	2088
common_voice_sr_35086375.mp3	2016
common_voice_sr_30649702.mp3	4356
common_voice_sr_40985907.mp3	2376
common_voice_sr_39290748.mp3	6408
common_voice_sr_36934832.mp3	3204
common_voice_sr_36766032.mp3	2736
common_voice_sr_41000607.mp3	2340
common_voice_sr_36971221.mp3	2952
common_voice_sr_40985481.mp3	2448
common_voice_sr_36767552.mp3	2340
common_voice_sr_40983588.mp3	2016
common_voice_sr_36838916.mp3	3168
common_voice_sr_27166456.mp3	2808
common_voice_sr_46919562.mp3	2448
common_voice_sr_40994068.mp3	2376
common_voice_sr_41012868.mp3	2628
common_voice_sr_36767240.mp3	4824
common_voice_sr_41009889.mp3	5040
common_voice_sr_42629653.mp3	5760
common_voice_sr_40983594.mp3	2700
common_voice_sr_40981351.mp3	2808
common_voice_sr_27636668.mp3	2016
common_voice_sr_36950099.mp3	2880
common_voice_sr_26552821.mp3	2628
common_voice_sr_40975806.mp3	2016
common_voice_sr_36767343.mp3	4176
common_voice_sr_40989421.mp3	5040
common_voice_sr_40976966.mp3	3348
common_voice_sr_35101537.mp3	2196
common_voice_sr_37315354.mp3	2736
common_voice_sr_38833126.mp3	4176
common_voice_sr_40981362.mp3	2628
common_voice_sr_40982633.mp3	2268
common_voice_sr_36950250.mp3	2628
common_voice_sr_27655716.mp3	5868
common_voice_sr_41029091.mp3	1908
common_voice_sr_28517887.mp3	2916
common_voice_sr_40981859.mp3	4608
common_voice_sr_36946892.mp3	2268
common_voice_sr_40976855.mp3	5328
common_voice_sr_46917920.mp3	3312
common_voice_sr_40975585.mp3	4068
common_voice_sr_46919273.mp3	2232
common_voice_sr_40981192.mp3	3060
common_voice_sr_37206884.mp3	2556
common_voice_sr_27675870.mp3	2052
common_voice_sr_35265201.mp3	2700
common_voice_sr_35086460.mp3	2340
common_voice_sr_40975838.mp3	3456
common_voice_sr_36765478.mp3	2160
common_voice_sr_35090123.mp3	3060
common_voice_sr_40983625.mp3	1800
common_voice_sr_40975560.mp3	3168
common_voice_sr_37259375.mp3	4356
common_voice_sr_41009906.mp3	2556
common_voice_sr_36674338.mp3	3132
common_voice_sr_40979020.mp3	5616
common_voice_sr_40974225.mp3	5256
common_voice_sr_38531851.mp3	2448
common_voice_sr_36765684.mp3	2556
common_voice_sr_40997415.mp3	2376
common_voice_sr_35085245.mp3	2376
common_voice_sr_28521423.mp3	2340
common_voice_sr_39884998.mp3	2448
common_voice_sr_35278232.mp3	2268
common_voice_sr_28521372.mp3	2124
common_voice_sr_40989528.mp3	2088
common_voice_sr_41029135.mp3	2016
common_voice_sr_38509131.mp3	2376
common_voice_sr_26874412.mp3	3420
common_voice_sr_35085247.mp3	2268
common_voice_sr_36934828.mp3	2520
common_voice_sr_40977488.mp3	3240
common_voice_sr_40977034.mp3	2736
common_voice_sr_40977571.mp3	3240
common_voice_sr_28441193.mp3	2808
common_voice_sr_37315305.mp3	2880
common_voice_sr_37391370.mp3	2808
common_voice_sr_40471736.mp3	4104
common_voice_sr_38833196.mp3	4140
common_voice_sr_40981835.mp3	7236
common_voice_sr_46064228.mp3	6516
common_voice_sr_40991314.mp3	2268
common_voice_sr_39885243.mp3	3636
common_voice_sr_41012820.mp3	2160
common_voice_sr_45994564.mp3	6768
common_voice_sr_27636674.mp3	2340
common_voice_sr_38515522.mp3	3528
common_voice_sr_41000521.mp3	5328
common_voice_sr_28526317.mp3	2808
common_voice_sr_40984278.mp3	2520
common_voice_sr_36773254.mp3	2844
common_voice_sr_36765355.mp3	2232
common_voice_sr_40989454.mp3	3348
common_voice_sr_38511415.mp3	4284
common_voice_sr_37810891.mp3	3276
common_voice_sr_27671152.mp3	2736
common_voice_sr_40991086.mp3	3996
common_voice_sr_40974198.mp3	3456
common_voice_sr_35085568.mp3	2340
common_voice_sr_35278216.mp3	2376
common_voice_sr_37391361.mp3	3456
common_voice_sr_27664090.mp3	3060
common_voice_sr_28321613.mp3	3168
common_voice_sr_35278264.mp3	2628
common_voice_sr_26552924.mp3	2160
common_voice_sr_39271829.mp3	4788
common_voice_sr_35248748.mp3	2520
common_voice_sr_41009908.mp3	2196
common_voice_sr_38525975.mp3	3816
common_voice_sr_36950141.mp3	2916
common_voice_sr_38844863.mp3	3888
common_voice_sr_40978583.mp3	3240
common_voice_sr_40984250.mp3	2088
common_voice_sr_31333232.mp3	2880
common_voice_sr_41012850.mp3	2700
common_voice_sr_41325060.mp3	2628
common_voice_sr_41010488.mp3	2268
common_voice_sr_36949433.mp3	3060
common_voice_sr_39885000.mp3	3888
common_voice_sr_27636063.mp3	3168
common_voice_sr_40980989.mp3	3420
common_voice_sr_35265083.mp3	2592
common_voice_sr_40977416.mp3	7128
common_voice_sr_38058855.mp3	2916
common_voice_sr_36950200.mp3	2268
common_voice_sr_40983488.mp3	2700
common_voice_sr_41010645.mp3	1836
common_voice_sr_41024484.mp3	2016
common_voice_sr_39254532.mp3	4968
common_voice_sr_40979918.mp3	2196
common_voice_sr_38845514.mp3	4068
common_voice_sr_40985479.mp3	2376
common_voice_sr_36946986.mp3	4716
common_voice_sr_45994954.mp3	4896
common_voice_sr_35360851.mp3	3168
common_voice_sr_40609218.mp3	2304
common_voice_sr_28521334.mp3	1476
common_voice_sr_40983408.mp3	3600
common_voice_sr_46917930.mp3	2880
common_voice_sr_38523507.mp3	2160
common_voice_sr_40985616.mp3	4860
common_voice_sr_38509243.mp3	2988
common_voice_sr_28623190.mp3	2520
common_voice_sr_39254895.mp3	3420
common_voice_sr_48251026.mp3	2520
common_voice_sr_40977708.mp3	3780
common_voice_sr_40982809.mp3	2448
common_voice_sr_36765351.mp3	3852
common_voice_sr_28441344.mp3	2268
common_voice_sr_40997748.mp3	4716
common_voice_sr_40978443.mp3	3996
common_voice_sr_40981977.mp3	3456
common_voice_sr_35090452.mp3	3276
common_voice_sr_41029084.mp3	4500
common_voice_sr_27014862.mp3	2880
common_voice_sr_40609225.mp3	2340
common_voice_sr_41012875.mp3	3096
common_voice_sr_38523436.mp3	1728
common_voice_sr_38845577.mp3	2520
common_voice_sr_45994728.mp3	4932
common_voice_sr_41006380.mp3	3600
common_voice_sr_27011082.mp3	2988
common_voice_sr_40997741.mp3	3780
common_voice_sr_40978593.mp3	3600
common_voice_sr_41009911.mp3	4500
common_voice_sr_35278261.mp3	2196
common_voice_sr_35360803.mp3	2052
common_voice_sr_36767555.mp3	2268
common_voice_sr_35086079.mp3	2880
common_voice_sr_28438443.mp3	2880
common_voice_sr_36950766.mp3	2376
common_voice_sr_40977819.mp3	3096
common_voice_sr_38845587.mp3	2160
common_voice_sr_37172278.mp3	3096
common_voice_sr_36946781.mp3	2268
common_voice_sr_38523484.mp3	2124
common_voice_sr_40985610.mp3	2448
common_voice_sr_40989518.mp3	2808
common_voice_sr_28526291.mp3	1980
common_voice_sr_28623189.mp3	2736
common_voice_sr_36765568.mp3	2268
common_voice_sr_40979557.mp3	2016
common_voice_sr_40975856.mp3	3420
common_voice_sr_37315335.mp3	3996
common_voice_sr_40985424.mp3	3600
common_voice_sr_39936593.mp3	4500
common_voice_sr_46919429.mp3	3744
common_voice_sr_40991154.mp3	1980
common_voice_sr_36804228.mp3	2196
common_voice_sr_46064109.mp3	4392
common_voice_sr_39257223.mp3	3960
common_voice_sr_27781279.mp3	2268
common_voice_sr_40991107.mp3	3060
common_voice_sr_40975851.mp3	6228
common_voice_sr_40991248.mp3	7416
common_voice_sr_41031304.mp3	2448
common_voice_sr_26953607.mp3	4392
common_voice_sr_28521281.mp3	1584
common_voice_sr_27675869.mp3	1800
common_voice_sr_40983397.mp3	2700
common_voice_sr_36774092.mp3	2628
common_voice_sr_41012813.mp3	5220
common_voice_sr_27166454.mp3	2556
common_voice_sr_35125168.mp3	3096
common_voice_sr_39884981.mp3	4716
common_voice_sr_40975528.mp3	5976
common_voice_sr_40549966.mp3	4680
common_voice_sr_40977519.mp3	2376
common_voice_sr_27781448.mp3	3600
common_voice_sr_40991309.mp3	3996
common_voice_sr_40471745.mp3	2664
common_voice_sr_38526001.mp3	3204
common_voice_sr_40983556.mp3	2268
common_voice_sr_40405783.mp3	3060
common_voice_sr_40985135.mp3	2088
common_voice_sr_40997610.mp3	4356
common_voice_sr_35085261.mp3	2448
common_voice_sr_37517847.mp3	2340
common_voice_sr_27635164.mp3	2916
common_voice_sr_40985647.mp3	3420
common_voice_sr_36767258.mp3	2556
common_voice_sr_35086306.mp3	2556
common_voice_sr_40975981.mp3	2520
common_voice_sr_46827599.mp3	2880
common_voice_sr_40979970.mp3	3168
common_voice_sr_28623216.mp3	3060
common_voice_sr_27658338.mp3	3240
common_voice_sr_41037754.mp3	4140
common_voice_sr_37810946.mp3	4932
common_voice_sr_41006460.mp3	5256
common_voice_sr_36674433.mp3	2700
common_voice_sr_27675794.mp3	2268
common_voice_sr_36947049.mp3	2160
common_voice_sr_31333215.mp3	5580
common_voice_sr_41012791.mp3	2340
common_voice_sr_35089331.mp3	3060
common_voice_sr_40979935.mp3	2160
common_voice_sr_38537543.mp3	2124
common_voice_sr_36765777.mp3	3132
common_voice_sr_41029125.mp3	2808
common_voice_sr_36765334.mp3	3276
common_voice_sr_40491758.mp3	3384
common_voice_sr_37810906.mp3	3492
common_voice_sr_40978664.mp3	3420
common_voice_sr_35278280.mp3	4968
common_voice_sr_28521440.mp3	3600
common_voice_sr_38511412.mp3	2520
common_voice_sr_27886334.mp3	3888
common_voice_sr_40985955.mp3	3780
common_voice_sr_27635228.mp3	2736
common_voice_sr_27751805.mp3	3240
common_voice_sr_27675934.mp3	1692
common_voice_sr_40385932.mp3	4968
common_voice_sr_45994831.mp3	2052
common_voice_sr_35156280.mp3	3276
common_voice_sr_36773560.mp3	2520
common_voice_sr_28438333.mp3	3816
common_voice_sr_40471842.mp3	3492
common_voice_sr_41873215.mp3	7848
common_voice_sr_35399738.mp3	1620
common_voice_sr_35087273.mp3	4500
common_voice_sr_41012701.mp3	4860
common_voice_sr_41031259.mp3	4428
common_voice_sr_39257302.mp3	3888
common_voice_sr_41037807.mp3	6660
common_voice_sr_40997611.mp3	5688
common_voice_sr_39330595.mp3	4176
common_voice_sr_40987668.mp3	4176
common_voice_sr_27014850.mp3	2700
common_voice_sr_27654227.mp3	2736
common_voice_sr_36994414.mp3	2952
common_voice_sr_28526320.mp3	2556
common_voice_sr_40978453.mp3	6336
common_voice_sr_26969263.mp3	2520
common_voice_sr_41024483.mp3	1728
common_voice_sr_27781478.mp3	2160
common_voice_sr_35091340.mp3	1836
common_voice_sr_26874328.mp3	2160
common_voice_sr_36950231.mp3	5760
common_voice_sr_36765415.mp3	3744
common_voice_sr_39212750.mp3	5976
common_voice_sr_36951827.mp3	4104
common_voice_sr_37315352.mp3	2448
common_voice_sr_27634920.mp3	2988
common_voice_sr_35089139.mp3	2808
common_voice_sr_28517920.mp3	2340
common_voice_sr_38847171.mp3	3348
common_voice_sr_46064001.mp3	2628
common_voice_sr_37391362.mp3	3456
common_voice_sr_28526391.mp3	2916
common_voice_sr_37810660.mp3	4824
common_voice_sr_40385963.mp3	3528
common_voice_sr_39330711.mp3	4176
common_voice_sr_37254734.mp3	2340
common_voice_sr_36774499.mp3	2520
common_voice_sr_36947063.mp3	2628
common_voice_sr_27646365.mp3	6192
common_voice_sr_37517906.mp3	3708
common_voice_sr_40979539.mp3	2988
common_voice_sr_40979497.mp3	2268
common_voice_sr_40976853.mp3	4320
common_voice_sr_46063776.mp3	2880
common_voice_sr_27675540.mp3	3420
common_voice_sr_40405765.mp3	5436
common_voice_sr_38511370.mp3	3672
common_voice_sr_38523456.mp3	1764
common_voice_sr_38833120.mp3	4680
common_voice_sr_40977055.mp3	4248
common_voice_sr_46063954.mp3	5688
common_voice_sr_40983696.mp3	3348
common_voice_sr_37517915.mp3	2844
common_voice_sr_48250901.mp3	2520
common_voice_sr_38511428.mp3	2340
common_voice_sr_40978596.mp3	3708
common_voice_sr_36951818.mp3	4464
common_voice_sr_40979323.mp3	3060
common_voice_sr_36774411.mp3	2340
common_voice_sr_27675812.mp3	2160
common_voice_sr_35099175.mp3	3420
common_voice_sr_40464253.mp3	5076
common_voice_sr_36925159.mp3	2880
common_voice_sr_36793358.mp3	2160
common_voice_sr_35090325.mp3	2088
common_voice_sr_27635295.mp3	2880
common_voice_sr_41006499.mp3	5580
common_voice_sr_36951824.mp3	1872
common_voice_sr_46919159.mp3	2268
common_voice_sr_36793373.mp3	2088
common_voice_sr_36793359.mp3	2340
common_voice_sr_36767506.mp3	2304
common_voice_sr_40981999.mp3	3996
common_voice_sr_36766029.mp3	2880
common_voice_sr_40979500.mp3	2736
common_voice_sr_36950012.mp3	2700
common_voice_sr_48251023.mp3	2988
common_voice_sr_27656767.mp3	5256
common_voice_sr_35087751.mp3	2268
common_voice_sr_40981403.mp3	2520
common_voice_sr_40981806.mp3	3096
common_voice_sr_40405829.mp3	2988
common_voice_sr_36772001.mp3	3600
common_voice_sr_35085550.mp3	2160
common_voice_sr_28441237.mp3	2160
common_voice_sr_35087920.mp3	3564
common_voice_sr_36950129.mp3	2520
common_voice_sr_41006390.mp3	2700
common_voice_sr_35085131.mp3	5076
common_voice_sr_41037755.mp3	5040
common_voice_sr_38833346.mp3	3168
common_voice_sr_27635155.mp3	3240
common_voice_sr_40997397.mp3	3276
common_voice_sr_36804164.mp3	2376
common_voice_sr_40975727.mp3	2340
common_voice_sr_41000618.mp3	3348
common_voice_sr_27011087.mp3	2880
common_voice_sr_41010470.mp3	4176
common_voice_sr_26874435.mp3	2916
common_voice_sr_41010587.mp3	4536
common_voice_sr_40386250.mp3	4248
common_voice_sr_41000520.mp3	2916
common_voice_sr_41037835.mp3	4176
common_voice_sr_37315343.mp3	2448
common_voice_sr_36774584.mp3	2808
common_voice_sr_26874347.mp3	3240
common_voice_sr_35087799.mp3	2268
common_voice_sr_36946621.mp3	2700
common_voice_sr_28526287.mp3	2340
common_voice_sr_35090483.mp3	2376
common_voice_sr_36946662.mp3	2736
common_voice_sr_38523504.mp3	3420
common_voice_sr_39884952.mp3	5796
common_voice_sr_36950163.mp3	2448
common_voice_sr_27635298.mp3	5148
common_voice_sr_40976973.mp3	4788
common_voice_sr_46991662.mp3	3816
common_voice_sr_36773153.mp3	3456
common_voice_sr_38833343.mp3	2556
common_voice_sr_36947124.mp3	2196
common_voice_sr_40471794.mp3	2448
common_voice_sr_40386195.mp3	4536
common_voice_sr_26981374.mp3	2376
common_voice_sr_36946592.mp3	3096
common_voice_sr_46064343.mp3	3348
common_voice_sr_36774514.mp3	2196
common_voice_sr_27781256.mp3	2196
common_voice_sr_40978690.mp3	6156
common_voice_sr_40977904.mp3	2700
common_voice_sr_27781355.mp3	3276
common_voice_sr_41017407.mp3	3240
common_voice_sr_35248763.mp3	2808
common_voice_sr_40985104.mp3	2700
common_voice_sr_27781415.mp3	3060
common_voice_sr_40982626.mp3	2268
common_voice_sr_27675524.mp3	2844
common_voice_sr_40984263.mp3	2268
common_voice_sr_40977533.mp3	3960
common_voice_sr_41029085.mp3	1836
common_voice_sr_40985092.mp3	1836
common_voice_sr_37810941.mp3	3960
common_voice_sr_40980328.mp3	2160
common_voice_sr_40982646.mp3	2376
common_voice_sr_36772328.mp3	3528
common_voice_sr_27011723.mp3	2808
common_voice_sr_40977768.mp3	4536
common_voice_sr_41012912.mp3	5400
common_voice_sr_40471716.mp3	3168
common_voice_sr_38521555.mp3	3564
common_voice_sr_40981785.mp3	3708
common_voice_sr_38508433.mp3	2808
common_voice_sr_28517931.mp3	2736
common_voice_sr_35086463.mp3	2016
common_voice_sr_37810678.mp3	2160
common_voice_sr_38521556.mp3	1872
common_voice_sr_46921812.mp3	2268
common_voice_sr_40991071.mp3	2556
common_voice_sr_35089291.mp3	2988
common_voice_sr_26874395.mp3	3636
common_voice_sr_40983581.mp3	1800
common_voice_sr_36773393.mp3	2988
common_voice_sr_27636060.mp3	2988
common_voice_sr_35086261.mp3	3456
common_voice_sr_38508421.mp3	2412
common_voice_sr_37810762.mp3	1764
common_voice_sr_36946656.mp3	2448
common_voice_sr_27675545.mp3	2160
common_voice_sr_37315341.mp3	4500
common_voice_sr_27675902.mp3	2124
common_voice_sr_41021503.mp3	3420
common_voice_sr_35265066.mp3	2376
common_voice_sr_40975868.mp3	5040
common_voice_sr_40981162.mp3	6156
common_voice_sr_27635147.mp3	3060
common_voice_sr_40980033.mp3	4500
common_voice_sr_27636630.mp3	2268
common_voice_sr_38535695.mp3	2304
common_voice_sr_36765603.mp3	2268
common_voice_sr_28526449.mp3	2520
common_voice_sr_38523466.mp3	2088
common_voice_sr_35399358.mp3	1728
common_voice_sr_40981390.mp3	3888
common_voice_sr_40985449.mp3	2016
common_voice_sr_28321638.mp3	3240
common_voice_sr_38531824.mp3	1872
common_voice_sr_27660536.mp3	3636
common_voice_sr_40977017.mp3	2988
common_voice_sr_48251122.mp3	3168
common_voice_sr_36949206.mp3	2520
common_voice_sr_36773297.mp3	2916
common_voice_sr_40979029.mp3	6336
common_voice_sr_36765588.mp3	2304
common_voice_sr_36765440.mp3	2520
common_voice_sr_39330605.mp3	5436
common_voice_sr_36946705.mp3	2988
common_voice_sr_40983689.mp3	3456
common_voice_sr_40976270.mp3	3240
common_voice_sr_40978751.mp3	3276
common_voice_sr_40985166.mp3	2628
common_voice_sr_35085263.mp3	1980
common_voice_sr_36934721.mp3	3600
common_voice_sr_36773558.mp3	2376
common_voice_sr_27751807.mp3	3096
common_voice_sr_41000581.mp3	2160
common_voice_sr_32761967.mp3	1764
common_voice_sr_36379611.mp3	3096
common_voice_sr_36971124.mp3	2880
common_voice_sr_41012773.mp3	5796
common_voice_sr_40977817.mp3	4248
common_voice_sr_40405813.mp3	2628
common_voice_sr_35085518.mp3	2700
common_voice_sr_46991672.mp3	2520
common_voice_sr_37391353.mp3	3348
common_voice_sr_38521548.mp3	4068
common_voice_sr_40977902.mp3	2376
common_voice_sr_38525991.mp3	6372
common_voice_sr_40984228.mp3	4140
common_voice_sr_39278098.mp3	4320
common_voice_sr_35265125.mp3	3528
common_voice_sr_40385951.mp3	4356
common_voice_sr_35091019.mp3	2196
common_voice_sr_43532679.mp3	3600
common_voice_sr_40985617.mp3	5796
common_voice_sr_41029130.mp3	3528
common_voice_sr_40983444.mp3	2448
common_voice_sr_36951789.mp3	2196
common_voice_sr_36379613.mp3	3348
common_voice_sr_38183772.mp3	5220
common_voice_sr_40979964.mp3	1800
common_voice_sr_40977643.mp3	5580
common_voice_sr_40978685.mp3	7956
common_voice_sr_38847176.mp3	3240
common_voice_sr_38509136.mp3	2196
common_voice_sr_27794966.mp3	2700
common_voice_sr_28521441.mp3	1764
common_voice_sr_41012851.mp3	5328
common_voice_sr_39885055.mp3	3204
common_voice_sr_38537456.mp3	2160
common_voice_sr_28526328.mp3	2628
common_voice_sr_36950672.mp3	2232
common_voice_sr_41013042.mp3	1836
common_voice_sr_27953574.mp3	3096
common_voice_sr_41006539.mp3	2916
common_voice_sr_27675792.mp3	2304
common_voice_sr_40386270.mp3	4248
common_voice_sr_35399930.mp3	1404
common_voice_sr_36949468.mp3	2196
common_voice_sr_40989399.mp3	4176
common_voice_sr_27886337.mp3	5256
common_voice_sr_40982641.mp3	2628
common_voice_sr_39884930.mp3	4608
common_voice_sr_35085590.mp3	2160
common_voice_sr_36946854.mp3	1980
common_voice_sr_40976969.mp3	4068
common_voice_sr_40997412.mp3	3060
common_voice_sr_26959241.mp3	2700
common_voice_sr_41009880.mp3	2196
common_voice_sr_26960543.mp3	2556
common_voice_sr_28440082.mp3	3636
common_voice_sr_40983413.mp3	2160
common_voice_sr_40979309.mp3	5400
common_voice_sr_40977780.mp3	2916
common_voice_sr_26874259.mp3	2196
common_voice_sr_28521343.mp3	1332
common_voice_sr_40981165.mp3	2700
common_voice_sr_40991284.mp3	4140
common_voice_sr_39212843.mp3	2916
common_voice_sr_41873234.mp3	3996
common_voice_sr_40981215.mp3	1980
common_voice_sr_27636074.mp3	3060
common_voice_sr_39254680.mp3	4968
common_voice_sr_40985495.mp3	2556
common_voice_sr_40997733.mp3	8496
common_voice_sr_37391323.mp3	2736
common_voice_sr_40989469.mp3	4428
common_voice_sr_38531823.mp3	1728
common_voice_sr_28663253.mp3	2808
common_voice_sr_27675866.mp3	2088
common_voice_sr_27635302.mp3	3600
common_voice_sr_41031260.mp3	2268
common_voice_sr_40975595.mp3	2808
common_voice_sr_36946861.mp3	2628
common_voice_sr_27671110.mp3	3096
common_voice_sr_40975699.mp3	2736
common_voice_sr_33192074.mp3	3888
common_voice_sr_40981877.mp3	1980
common_voice_sr_40981598.mp3	4860
common_voice_sr_37810858.mp3	2808
common_voice_sr_38162270.mp3	6120
common_voice_sr_40985649.mp3	1836
common_voice_sr_38509219.mp3	4608
common_voice_sr_38511386.mp3	3744
common_voice_sr_40491752.mp3	5040
common_voice_sr_36765620.mp3	2772
common_voice_sr_36971095.mp3	3240
common_voice_sr_36971210.mp3	3240
common_voice_sr_40989417.mp3	3420
common_voice_sr_36765654.mp3	2196
common_voice_sr_28441236.mp3	2340
common_voice_sr_31892181.mp3	2304
common_voice_sr_37206880.mp3	2628
common_voice_sr_38847185.mp3	3060
common_voice_sr_39885046.mp3	5256
common_voice_sr_40985122.mp3	2196
common_voice_sr_36786953.mp3	4392
common_voice_sr_37315344.mp3	4428
common_voice_sr_39936695.mp3	5328
common_voice_sr_39330635.mp3	4320
common_voice_sr_26874397.mp3	2448
common_voice_sr_35098187.mp3	2376
common_voice_sr_41000573.mp3	8460
common_voice_sr_40983402.mp3	5040
common_voice_sr_27808252.mp3	1980
common_voice_sr_35278277.mp3	1836
common_voice_sr_36592627.mp3	3348
common_voice_sr_27014804.mp3	3060
common_voice_sr_36946920.mp3	2196
common_voice_sr_40987815.mp3	3276
common_voice_sr_36774275.mp3	2628
common_voice_sr_27314177.mp3	3708
common_voice_sr_36765985.mp3	2268
common_voice_sr_40975986.mp3	5040
common_voice_sr_36946985.mp3	2736
common_voice_sr_40978617.mp3	6228
common_voice_sr_36949456.mp3	2520
common_voice_sr_40985475.mp3	2196
common_voice_sr_35109131.mp3	2448
common_voice_sr_41678445.mp3	3816
common_voice_sr_40989444.mp3	4896
common_voice_sr_48250699.mp3	2376
common_voice_sr_39257144.mp3	3348
common_voice_sr_35278285.mp3	1872
common_voice_sr_40975728.mp3	4500
common_voice_sr_41006529.mp3	1908
common_voice_sr_40985957.mp3	2376
common_voice_sr_27781460.mp3	2448
common_voice_sr_40982596.mp3	2880
common_voice_sr_40985956.mp3	2448
common_voice_sr_40983692.mp3	2268
common_voice_sr_40979298.mp3	3780
common_voice_sr_38523459.mp3	2376
common_voice_sr_26953741.mp3	3384
common_voice_sr_36949254.mp3	2340
common_voice_sr_40989510.mp3	2448
common_voice_sr_39330652.mp3	3780
common_voice_sr_26552822.mp3	3240
common_voice_sr_29138993.mp3	4608
common_voice_sr_38847183.mp3	2736
common_voice_sr_40985458.mp3	2196
common_voice_sr_37517807.mp3	4464
common_voice_sr_26959181.mp3	2376
common_voice_sr_41031303.mp3	2016
common_voice_sr_35099344.mp3	2448
common_voice_sr_36793396.mp3	4860
common_voice_sr_40386208.mp3	4500
common_voice_sr_40989479.mp3	4968
common_voice_sr_37254728.mp3	2808
common_voice_sr_35085534.mp3	2376
common_voice_sr_37315350.mp3	2376
common_voice_sr_39330636.mp3	3888
common_voice_sr_40977482.mp3	4896
common_voice_sr_40980009.mp3	2808
common_voice_sr_46064158.mp3	4068
common_voice_sr_35090554.mp3	2376
common_voice_sr_37810774.mp3	5148
common_voice_sr_38847159.mp3	2988
common_voice_sr_40985111.mp3	3816
common_voice_sr_45994756.mp3	3924
common_voice_sr_40983676.mp3	2088
common_voice_sr_36950121.mp3	2376
common_voice_sr_40976963.mp3	3420
common_voice_sr_36925157.mp3	2448
common_voice_sr_35090457.mp3	2700
common_voice_sr_40979493.mp3	2628
common_voice_sr_27781378.mp3	2160
common_voice_sr_27634832.mp3	3168
common_voice_sr_36838833.mp3	3420
common_voice_sr_40982621.mp3	2160
common_voice_sr_37254730.mp3	2196
common_voice_sr_27675690.mp3	2556
common_voice_sr_39885159.mp3	3780
common_voice_sr_41013017.mp3	5328
common_voice_sr_36765861.mp3	4140
common_voice_sr_40991249.mp3	3276
common_voice_sr_43532684.mp3	3708
common_voice_sr_40975934.mp3	3528
common_voice_sr_35090485.mp3	4716
common_voice_sr_40491663.mp3	4572
common_voice_sr_40979532.mp3	3168
common_voice_sr_35101572.mp3	2088
common_voice_sr_35099243.mp3	3348
common_voice_sr_27781396.mp3	5400
common_voice_sr_36674341.mp3	2772
common_voice_sr_40977476.mp3	4680
common_voice_sr_26982154.mp3	2160
common_voice_sr_36994281.mp3	3960
common_voice_sr_35099233.mp3	2736
common_voice_sr_38058779.mp3	2988
common_voice_sr_40978991.mp3	2340
common_voice_sr_40609234.mp3	2340
common_voice_sr_27781372.mp3	2736
common_voice_sr_26945903.mp3	2556
common_voice_sr_41000569.mp3	3888
common_voice_sr_36950282.mp3	2556
common_voice_sr_36950154.mp3	2556
common_voice_sr_45994984.mp3	4932
common_voice_sr_40982864.mp3	2268
common_voice_sr_41021539.mp3	2016
common_voice_sr_28521415.mp3	1764
common_voice_sr_46917436.mp3	4248
common_voice_sr_40997549.mp3	6120
common_voice_sr_37810819.mp3	3960
common_voice_sr_35125877.mp3	2556
common_voice_sr_35097145.mp3	3060
common_voice_sr_33192094.mp3	3348
common_voice_sr_40983384.mp3	3816
common_voice_sr_40978616.mp3	2988
common_voice_sr_41024492.mp3	2196
common_voice_sr_40991319.mp3	3060
common_voice_sr_40979987.mp3	2880
common_voice_sr_40471846.mp3	4572
common_voice_sr_40989449.mp3	3456
common_voice_sr_27751804.mp3	3240
common_voice_sr_40978287.mp3	4608
common_voice_sr_28663238.mp3	2700
common_voice_sr_40985893.mp3	2988
common_voice_sr_39885165.mp3	4968
common_voice_sr_40976258.mp3	4608
common_voice_sr_40982808.mp3	2556
common_voice_sr_40977795.mp3	3168
common_voice_sr_40978485.mp3	3168
common_voice_sr_36767499.mp3	3420
common_voice_sr_40991171.mp3	4500
common_voice_sr_35133146.mp3	3060
common_voice_sr_40991172.mp3	6300
common_voice_sr_40978524.mp3	5580
common_voice_sr_40977698.mp3	3636
common_voice_sr_28521373.mp3	1368
common_voice_sr_41013028.mp3	2700
common_voice_sr_39936674.mp3	5148
common_voice_sr_36774758.mp3	3096
common_voice_sr_27314251.mp3	2916
common_voice_sr_38509229.mp3	5436
common_voice_sr_40977949.mp3	4068
common_voice_sr_36765390.mp3	2520
common_voice_sr_38508397.mp3	3528
common_voice_sr_41021523.mp3	2376
common_voice_sr_27655838.mp3	3636
common_voice_sr_36774227.mp3	2700
common_voice_sr_27781346.mp3	2268
common_voice_sr_40997722.mp3	3060
common_voice_sr_39278115.mp3	5040
common_voice_sr_38531893.mp3	2124
common_voice_sr_36950622.mp3	2376
common_voice_sr_40985177.mp3	2376
common_voice_sr_36994252.mp3	2700
common_voice_sr_35090741.mp3	2700
common_voice_sr_26960676.mp3	2736
common_voice_sr_36934833.mp3	2448
common_voice_sr_27675642.mp3	2160
common_voice_sr_27635249.mp3	3456
common_voice_sr_40975751.mp3	3636
common_voice_sr_35101521.mp3	2268
common_voice_sr_37315291.mp3	5328
common_voice_sr_40978772.mp3	6300
common_voice_sr_40982615.mp3	2088
common_voice_sr_36804168.mp3	2988
common_voice_sr_45995010.mp3	4896
common_voice_sr_41017409.mp3	1980
common_voice_sr_35098177.mp3	2628
common_voice_sr_35398649.mp3	1260
common_voice_sr_40471695.mp3	2700
common_voice_sr_36774471.mp3	2700
common_voice_sr_39330604.mp3	2916
common_voice_sr_40982012.mp3	2736
common_voice_sr_40985879.mp3	3600
common_voice_sr_40985473.mp3	2016
common_voice_sr_26981452.mp3	2556
common_voice_sr_36772890.mp3	3420
common_voice_sr_40974199.mp3	5436
common_voice_sr_40975939.mp3	4608
common_voice_sr_40976945.mp3	2700
common_voice_sr_40975835.mp3	4716
common_voice_sr_28526496.mp3	2916
common_voice_sr_36773395.mp3	2628
common_voice_sr_40980949.mp3	2016
common_voice_sr_40491726.mp3	4320
common_voice_sr_40977744.mp3	2196
common_voice_sr_35399837.mp3	1872
common_voice_sr_36946849.mp3	2880
common_voice_sr_28153957.mp3	3060
common_voice_sr_36950198.mp3	2196
common_voice_sr_35086766.mp3	2160
common_voice_sr_26981409.mp3	3420
common_voice_sr_40983468.mp3	3600
common_voice_sr_36946711.mp3	2628
common_voice_sr_46918875.mp3	4968
common_voice_sr_36950160.mp3	2916
common_voice_sr_38508447.mp3	2700
common_voice_sr_40980937.mp3	4320
common_voice_sr_40985598.mp3	2988
common_voice_sr_40975594.mp3	3780
common_voice_sr_36765638.mp3	2628
common_voice_sr_40989420.mp3	5940
common_voice_sr_40985941.mp3	6948
common_voice_sr_40985606.mp3	3780
common_voice_sr_40983489.mp3	2916
common_voice_sr_36946754.mp3	4536
common_voice_sr_36767412.mp3	2664
common_voice_sr_38509083.mp3	2664
common_voice_sr_36947060.mp3	3960
common_voice_sr_40991046.mp3	3096
common_voice_sr_26969266.mp3	2340
common_voice_sr_35097128.mp3	3096
common_voice_sr_37006621.mp3	2520
common_voice_sr_40981802.mp3	2016
common_voice_sr_40985056.mp3	2736
common_voice_sr_35089998.mp3	2376
common_voice_sr_36946645.mp3	2556
common_voice_sr_35086574.mp3	2916
common_voice_sr_36950225.mp3	2268
common_voice_sr_40979525.mp3	2340
common_voice_sr_38531859.mp3	4716
common_voice_sr_40405794.mp3	5076
common_voice_sr_37391343.mp3	3708
common_voice_sr_40978733.mp3	4680
common_voice_sr_40981801.mp3	2628
common_voice_sr_26960458.mp3	2160
common_voice_sr_41012734.mp3	2808
common_voice_sr_40975716.mp3	3636
common_voice_sr_36950645.mp3	3096
common_voice_sr_40977710.mp3	4716
common_voice_sr_37523021.mp3	3240
common_voice_sr_38833177.mp3	3636
common_voice_sr_40984211.mp3	2268
common_voice_sr_46917779.mp3	3564
common_voice_sr_41006450.mp3	5688
common_voice_sr_40977678.mp3	3420
common_voice_sr_39330709.mp3	4608
common_voice_sr_40981629.mp3	2628
common_voice_sr_26953605.mp3	3276
common_voice_sr_36774473.mp3	2376
common_voice_sr_38531882.mp3	4248
common_voice_sr_27781375.mp3	2520
common_voice_sr_35303047.mp3	2556
common_voice_sr_36946977.mp3	4788
common_voice_sr_40981663.mp3	2340
common_voice_sr_41012934.mp3	1980
common_voice_sr_27008158.mp3	2376
common_voice_sr_40983599.mp3	1836
common_voice_sr_42012748.mp3	4968
common_voice_sr_40386262.mp3	3960
common_voice_sr_39884955.mp3	4500
common_voice_sr_36804139.mp3	5616
common_voice_sr_36793224.mp3	3060
common_voice_sr_28441164.mp3	2916
common_voice_sr_40989457.mp3	6480
common_voice_sr_41021455.mp3	2016
common_voice_sr_40981656.mp3	3996
common_voice_sr_46918925.mp3	5472
common_voice_sr_40985641.mp3	5976
common_voice_sr_26981151.mp3	2556
common_voice_sr_27014816.mp3	2520
common_voice_sr_38535679.mp3	1908
common_voice_sr_37315337.mp3	4500
common_voice_sr_26959906.mp3	2700
common_voice_sr_28153947.mp3	3168
common_voice_sr_28517876.mp3	3096
common_voice_sr_36950265.mp3	2556
common_voice_sr_33242728.mp3	2808
common_voice_sr_40987663.mp3	4968
common_voice_sr_40985838.mp3	2628
common_voice_sr_40983643.mp3	1908
common_voice_sr_41012922.mp3	2016
common_voice_sr_36765947.mp3	2088
common_voice_sr_37517827.mp3	5220
common_voice_sr_40974218.mp3	3888
common_voice_sr_40997634.mp3	2808
common_voice_sr_40979305.mp3	1800
common_voice_sr_38509208.mp3	2412
common_voice_sr_26945982.mp3	2232
common_voice_sr_35086284.mp3	2808
common_voice_sr_28526348.mp3	2736
common_voice_sr_40975550.mp3	4068
common_voice_sr_38847170.mp3	3708
common_voice_sr_35399420.mp3	1296
common_voice_sr_27314176.mp3	5616
common_voice_sr_40981213.mp3	2340
common_voice_sr_36773513.mp3	2880
common_voice_sr_36949460.mp3	3096
common_voice_sr_41010623.mp3	2016
common_voice_sr_40976293.mp3	2448
common_voice_sr_36592603.mp3	3420
common_voice_sr_45995220.mp3	4608
common_voice_sr_35086285.mp3	3168
common_voice_sr_40985485.mp3	4356
common_voice_sr_40989408.mp3	2196
common_voice_sr_41017408.mp3	2016
common_voice_sr_41029134.mp3	2016
common_voice_sr_38833187.mp3	2700
common_voice_sr_39885098.mp3	3996
common_voice_sr_36946799.mp3	2088
common_voice_sr_27675915.mp3	1764
common_voice_sr_40991332.mp3	4788
common_voice_sr_36773715.mp3	3276
common_voice_sr_35085090.mp3	2376
common_voice_sr_46918881.mp3	3996
common_voice_sr_40977054.mp3	2808
common_voice_sr_40977831.mp3	3456
common_voice_sr_35085183.mp3	2448
common_voice_sr_40978764.mp3	4968
common_voice_sr_40979276.mp3	2196
common_voice_sr_36767333.mp3	2556
common_voice_sr_38845597.mp3	4500
common_voice_sr_40405762.mp3	3888
common_voice_sr_36767518.mp3	2232
common_voice_sr_28526540.mp3	2736
common_voice_sr_40981639.mp3	4500
common_voice_sr_35095543.mp3	4068
common_voice_sr_41012801.mp3	2268
common_voice_sr_27953564.mp3	2916
common_voice_sr_35086297.mp3	2736
common_voice_sr_40997426.mp3	1980
common_voice_sr_41021567.mp3	3528
common_voice_sr_35090072.mp3	2340
common_voice_sr_40983607.mp3	1980
common_voice_sr_40977606.mp3	1980
common_voice_sr_40980250.mp3	3996
common_voice_sr_35133169.mp3	3960
common_voice_sr_45995194.mp3	4248
common_voice_sr_40984047.mp3	3816
common_voice_sr_27675622.mp3	2376
common_voice_sr_36804236.mp3	3168
common_voice_sr_36774500.mp3	4140
common_voice_sr_38058857.mp3	2700
common_voice_sr_28441178.mp3	2520
common_voice_sr_40977058.mp3	3816
common_voice_sr_40471760.mp3	5400
common_voice_sr_39330623.mp3	3420
common_voice_sr_40978994.mp3	4356
common_voice_sr_36804247.mp3	1980
common_voice_sr_39278096.mp3	3816
common_voice_sr_28216731.mp3	2880
common_voice_sr_35088550.mp3	2628
common_voice_sr_27675548.mp3	2268
common_voice_sr_33242765.mp3	3276
common_voice_sr_37810807.mp3	2160
common_voice_sr_36951803.mp3	2088
common_voice_sr_40985623.mp3	2268
common_voice_sr_40991057.mp3	4356
common_voice_sr_37810649.mp3	5184
common_voice_sr_40981769.mp3	2880
common_voice_sr_40997560.mp3	3600
common_voice_sr_39254863.mp3	5580
common_voice_sr_39330737.mp3	6588
common_voice_sr_41873238.mp3	5436
common_voice_sr_40983379.mp3	2268
common_voice_sr_36765486.mp3	2412
common_voice_sr_27008139.mp3	2628
common_voice_sr_38844876.mp3	2520
common_voice_sr_40991291.mp3	4608
common_voice_sr_41012726.mp3	5148
common_voice_sr_40979267.mp3	3960
common_voice_sr_36765570.mp3	2448
common_voice_sr_39254866.mp3	5040
common_voice_sr_40997624.mp3	3456
common_voice_sr_35398614.mp3	1476
common_voice_sr_38515544.mp3	2196
common_voice_sr_28663254.mp3	2628
common_voice_sr_39885054.mp3	3564
common_voice_sr_36946794.mp3	2988
common_voice_sr_40977799.mp3	5040
common_voice_sr_40977481.mp3	4428
common_voice_sr_36771999.mp3	5076
common_voice_sr_40989460.mp3	5148
common_voice_sr_35086081.mp3	3276
common_voice_sr_37517822.mp3	3168
common_voice_sr_41012995.mp3	2628
common_voice_sr_40976885.mp3	2628
common_voice_sr_35265055.mp3	2628
common_voice_sr_40978775.mp3	4248
common_voice_sr_36773420.mp3	2628
common_voice_sr_36947010.mp3	2700
common_voice_sr_40983559.mp3	2880
common_voice_sr_39271868.mp3	2736
common_voice_sr_46919520.mp3	2268
common_voice_sr_26873720.mp3	2520
common_voice_sr_40981197.mp3	2916
common_voice_sr_26953745.mp3	4248
common_voice_sr_38521547.mp3	2124
common_voice_sr_41000603.mp3	5796
common_voice_sr_35126146.mp3	3168
common_voice_sr_40983633.mp3	5400
common_voice_sr_40981873.mp3	6300
common_voice_sr_40985669.mp3	5616
common_voice_sr_36946877.mp3	2448
common_voice_sr_40979993.mp3	2016
common_voice_sr_27675542.mp3	2376
common_voice_sr_35085161.mp3	2700
common_voice_sr_40981147.mp3	3600
common_voice_sr_40975738.mp3	3456
common_voice_sr_27671108.mp3	1980
common_voice_sr_28526404.mp3	2376
common_voice_sr_36946616.mp3	2340
common_voice_sr_45994680.mp3	5688
common_voice_sr_36838921.mp3	2340
common_voice_sr_28441362.mp3	2196
common_voice_sr_40985134.mp3	1800
common_voice_sr_26553066.mp3	2268
common_voice_sr_40985651.mp3	2016
common_voice_sr_36774363.mp3	4248
common_voice_sr_27655734.mp3	2880
common_voice_sr_39212864.mp3	6948
common_voice_sr_45994551.mp3	6696
common_voice_sr_41029164.mp3	2196
common_voice_sr_39330687.mp3	5436
common_voice_sr_37517873.mp3	4032
common_voice_sr_40983549.mp3	1656
common_voice_sr_39884950.mp3	4140
common_voice_sr_36949995.mp3	2448
common_voice_sr_39936573.mp3	3240
common_voice_sr_40985935.mp3	4788
common_voice_sr_40978504.mp3	2088
common_voice_sr_26959021.mp3	2520
common_voice_sr_41000592.mp3	4320
common_voice_sr_36946591.mp3	3060
common_voice_sr_40977813.mp3	3096
common_voice_sr_40984235.mp3	2016
common_voice_sr_40980004.mp3	1800
common_voice_sr_33192088.mp3	2448
common_voice_sr_40979495.mp3	5220
common_voice_sr_35085129.mp3	2340
common_voice_sr_40981574.mp3	2808
common_voice_sr_28517833.mp3	2880
common_voice_sr_38535705.mp3	1908
common_voice_sr_41000577.mp3	3168
common_voice_sr_26874416.mp3	2196
common_voice_sr_41010445.mp3	3240
common_voice_sr_40982599.mp3	2448
common_voice_sr_26944225.mp3	2520
common_voice_sr_38509210.mp3	1692
common_voice_sr_40975846.mp3	5076
common_voice_sr_41006489.mp3	2340
common_voice_sr_41009950.mp3	1800
common_voice_sr_41000591.mp3	5868
common_voice_sr_40983504.mp3	3708
common_voice_sr_40981762.mp3	2448
common_voice_sr_36950286.mp3	2340
common_voice_sr_37047348.mp3	2736
common_voice_sr_41021552.mp3	2268
common_voice_sr_40471796.mp3	2772
common_voice_sr_36767500.mp3	2556
common_voice_sr_40549982.mp3	4140
common_voice_sr_46064226.mp3	3600
common_voice_sr_40984232.mp3	2088
common_voice_sr_28526349.mp3	2916
common_voice_sr_40978689.mp3	2628
common_voice_sr_36971126.mp3	2556
common_voice_sr_40997710.mp3	5868
common_voice_sr_40976984.mp3	3060
common_voice_sr_41012826.mp3	4500
common_voice_sr_39254922.mp3	3996
common_voice_sr_40978510.mp3	3096
common_voice_sr_39885111.mp3	4284
common_voice_sr_40982868.mp3	2268
common_voice_sr_35109119.mp3	2808
common_voice_sr_40982601.mp3	3996
common_voice_sr_28526465.mp3	2556
common_voice_sr_36773444.mp3	4428
common_voice_sr_40977512.mp3	3996
common_voice_sr_37391342.mp3	4248
common_voice_sr_40977504.mp3	5220
common_voice_sr_28441279.mp3	2268
common_voice_sr_36774042.mp3	2376
common_voice_sr_40979550.mp3	4680
common_voice_sr_40385946.mp3	4068
common_voice_sr_40983393.mp3	3096
common_voice_sr_40978164.mp3	3348
common_voice_sr_27636425.mp3	2196
common_voice_sr_38521551.mp3	2124
common_voice_sr_40989538.mp3	3600
common_voice_sr_46919559.mp3	5832
common_voice_sr_35086493.mp3	3564
common_voice_sr_40991334.mp3	5256
common_voice_sr_41009948.mp3	7848
common_voice_sr_45995198.mp3	3780
common_voice_sr_35096124.mp3	2808
common_voice_sr_37315330.mp3	3240
common_voice_sr_36773428.mp3	2916
common_voice_sr_41009941.mp3	4068
common_voice_sr_45995213.mp3	5292
common_voice_sr_45994565.mp3	3672
common_voice_sr_40977009.mp3	3168
common_voice_sr_33242670.mp3	3816
common_voice_sr_36765602.mp3	2052
common_voice_sr_40979269.mp3	2808
common_voice_sr_41037736.mp3	9036
common_voice_sr_46919233.mp3	4536
common_voice_sr_36765411.mp3	2628
common_voice_sr_28216738.mp3	2628
common_voice_sr_36765304.mp3	3492
common_voice_sr_40977671.mp3	3816
common_voice_sr_35090505.mp3	4500
common_voice_sr_40982893.mp3	8676
common_voice_sr_38847162.mp3	2448
common_voice_sr_38833127.mp3	4716
common_voice_sr_40980946.mp3	2016
common_voice_sr_27636658.mp3	2628
common_voice_sr_36774057.mp3	2448
common_voice_sr_40977679.mp3	2880
common_voice_sr_39257258.mp3	4176
common_voice_sr_28521411.mp3	1332
common_voice_sr_39885184.mp3	3060
common_voice_sr_35098170.mp3	2628
common_voice_sr_40976033.mp3	2448
common_voice_sr_42012747.mp3	5868
common_voice_sr_36765391.mp3	2916
common_voice_sr_38511359.mp3	2412
common_voice_sr_36765946.mp3	2196
common_voice_sr_35360795.mp3	3204
common_voice_sr_35099230.mp3	5112
common_voice_sr_40981770.mp3	4428
common_voice_sr_40978660.mp3	5868
common_voice_sr_40983646.mp3	2016
common_voice_sr_26981454.mp3	3096
common_voice_sr_39330746.mp3	3888
common_voice_sr_28441410.mp3	2556
common_voice_sr_40976288.mp3	2880
common_voice_sr_40977522.mp3	3708
common_voice_sr_40978759.mp3	2196
common_voice_sr_36765483.mp3	2304
common_voice_sr_38509134.mp3	3240
common_voice_sr_46064339.mp3	3096
common_voice_sr_38844933.mp3	4968
common_voice_sr_28526301.mp3	2268
common_voice_sr_35085633.mp3	5616
common_voice_sr_40977784.mp3	4500
common_voice_sr_36949124.mp3	2808
common_voice_sr_40981600.mp3	2016
common_voice_sr_40405795.mp3	5760
common_voice_sr_40980980.mp3	2556
common_voice_sr_40989407.mp3	3960
common_voice_sr_38523500.mp3	3528
common_voice_sr_36950776.mp3	2304
common_voice_sr_37810712.mp3	3348
common_voice_sr_36952591.mp3	3060
common_voice_sr_45994916.mp3	4860
common_voice_sr_40976893.mp3	2880
common_voice_sr_45994987.mp3	3348
common_voice_sr_36946802.mp3	2736
common_voice_sr_40386230.mp3	4608
common_voice_sr_40386323.mp3	3816
common_voice_sr_26960328.mp3	2520
common_voice_sr_40978771.mp3	2376
common_voice_sr_36971093.mp3	3600
common_voice_sr_28452677.mp3	2556
common_voice_sr_27781446.mp3	2808
common_voice_sr_40978444.mp3	2448
common_voice_sr_36774095.mp3	2556
common_voice_sr_27781300.mp3	2196
common_voice_sr_40976907.mp3	5616
common_voice_sr_41013026.mp3	2340
common_voice_sr_40975726.mp3	2556
common_voice_sr_40981856.mp3	3276
common_voice_sr_26945758.mp3	2304
common_voice_sr_41010769.mp3	1980
common_voice_sr_45994753.mp3	4356
common_voice_sr_40981606.mp3	3888
common_voice_sr_36765667.mp3	2160
common_voice_sr_35090399.mp3	3384
common_voice_sr_40991254.mp3	2448
common_voice_sr_27014826.mp3	2448
common_voice_sr_27953566.mp3	3240
common_voice_sr_40978516.mp3	2700
common_voice_sr_40978483.mp3	3636
common_voice_sr_39885193.mp3	3996
common_voice_sr_40983649.mp3	3096
common_voice_sr_40981087.mp3	1908
common_voice_sr_40983566.mp3	4536
common_voice_sr_43532683.mp3	6840
common_voice_sr_28526386.mp3	2700
common_voice_sr_37810931.mp3	2700
common_voice_sr_36793374.mp3	2376
common_voice_sr_38521585.mp3	2124
common_voice_sr_39257117.mp3	3528
common_voice_sr_38509138.mp3	3456
common_voice_sr_38531822.mp3	1584
common_voice_sr_40977479.mp3	3600
common_voice_sr_37391368.mp3	3960
common_voice_sr_40976868.mp3	3996
common_voice_sr_36773511.mp3	3708
common_voice_sr_40985894.mp3	2880
common_voice_sr_28517860.mp3	2520
common_voice_sr_38525983.mp3	1692
common_voice_sr_35278240.mp3	2592
common_voice_sr_40997706.mp3	4356
common_voice_sr_39884977.mp3	5328
common_voice_sr_40997404.mp3	5580
common_voice_sr_26960259.mp3	3096
common_voice_sr_38535670.mp3	1620
common_voice_sr_40977820.mp3	3168
common_voice_sr_40976024.mp3	5220
common_voice_sr_35303048.mp3	2556
common_voice_sr_40979272.mp3	5400
common_voice_sr_27781462.mp3	3708
common_voice_sr_26874227.mp3	2916
common_voice_sr_28441210.mp3	2520
common_voice_sr_40984287.mp3	3600
common_voice_sr_36951820.mp3	2412
common_voice_sr_28153943.mp3	2520
common_voice_sr_36766068.mp3	2520
common_voice_sr_40983615.mp3	1908
common_voice_sr_39278097.mp3	4248
common_voice_sr_39884932.mp3	3564
common_voice_sr_40981646.mp3	2268
common_voice_sr_27014847.mp3	2916
common_voice_sr_40976300.mp3	2556
common_voice_sr_36949243.mp3	2016
common_voice_sr_28441341.mp3	2196
common_voice_sr_27671112.mp3	2520
common_voice_sr_40386284.mp3	4176
common_voice_sr_33242731.mp3	3636
common_voice_sr_41029159.mp3	5040
common_voice_sr_36950275.mp3	2340
common_voice_sr_40977042.mp3	4176
common_voice_sr_27661019.mp3	2520
common_voice_sr_41000524.mp3	3888
common_voice_sr_36767507.mp3	2124
common_voice_sr_40975742.mp3	3096
common_voice_sr_36950740.mp3	2700
common_voice_sr_41012832.mp3	2556
common_voice_sr_40471847.mp3	1764
common_voice_sr_27781464.mp3	2556
common_voice_sr_40981382.mp3	2160
common_voice_sr_40985953.mp3	4176
common_voice_sr_37517799.mp3	3060
common_voice_sr_40491728.mp3	3204
common_voice_sr_39212820.mp3	6732
common_voice_sr_40977581.mp3	3456
common_voice_sr_40978757.mp3	2556
common_voice_sr_40976036.mp3	5580
common_voice_sr_38508396.mp3	2664
common_voice_sr_40386135.mp3	3708
common_voice_sr_36971077.mp3	5220
common_voice_sr_27781417.mp3	4320
common_voice_sr_36950706.mp3	2448
common_voice_sr_40985608.mp3	3276
common_voice_sr_41012923.mp3	2268
common_voice_sr_38511425.mp3	2124
common_voice_sr_37810668.mp3	2448
common_voice_sr_40386240.mp3	4176
common_voice_sr_48251120.mp3	4068
common_voice_sr_27014950.mp3	3060
common_voice_sr_36946774.mp3	3420
common_voice_sr_36765593.mp3	3456
common_voice_sr_45994779.mp3	5220
common_voice_sr_39936600.mp3	4896
common_voice_sr_35126149.mp3	2088
common_voice_sr_39271881.mp3	3420
common_voice_sr_35265029.mp3	2916
common_voice_sr_46919315.mp3	2304
common_voice_sr_27635159.mp3	2988
common_voice_sr_36950572.mp3	2088
common_voice_sr_41021537.mp3	4788
common_voice_sr_40985836.mp3	4608
common_voice_sr_36767441.mp3	2484
common_voice_sr_28441161.mp3	2556
common_voice_sr_40977530.mp3	2628
common_voice_sr_38537464.mp3	2268
common_voice_sr_40471709.mp3	4320
common_voice_sr_37517879.mp3	2088
common_voice_sr_35094472.mp3	3456
common_voice_sr_38535716.mp3	1692
common_voice_sr_36765614.mp3	3240
common_voice_sr_36949291.mp3	2196
common_voice_sr_40975872.mp3	2268
common_voice_sr_36949204.mp3	2376
common_voice_sr_36947002.mp3	3060
common_voice_sr_37523084.mp3	4320
common_voice_sr_40978451.mp3	3456
common_voice_sr_40985834.mp3	4896
common_voice_sr_35085076.mp3	2700
common_voice_sr_38525970.mp3	1656
common_voice_sr_40975591.mp3	5616
common_voice_sr_46991745.mp3	5868
common_voice_sr_36946997.mp3	2520
common_voice_sr_40976025.mp3	2556
common_voice_sr_35099260.mp3	2700
common_voice_sr_27781273.mp3	2556
common_voice_sr_40978774.mp3	5040
common_voice_sr_40989521.mp3	3456
common_voice_sr_40978440.mp3	8136
common_voice_sr_40977010.mp3	3888
common_voice_sr_40977555.mp3	5580
common_voice_sr_39936563.mp3	4428
common_voice_sr_27781429.mp3	2520
common_voice_sr_46918024.mp3	4068
common_voice_sr_40975543.mp3	4500
common_voice_sr_36765348.mp3	2448
common_voice_sr_35091995.mp3	2628
common_voice_sr_38521602.mp3	2268
common_voice_sr_36925164.mp3	3996
common_voice_sr_41012815.mp3	3168
common_voice_sr_40997703.mp3	5076
common_voice_sr_40985687.mp3	3060
common_voice_sr_41009916.mp3	4248
common_voice_sr_26981376.mp3	4320
common_voice_sr_40976937.mp3	4320
common_voice_sr_36765858.mp3	2448
common_voice_sr_38847194.mp3	4140
common_voice_sr_36950016.mp3	2556
common_voice_sr_38523447.mp3	2376
common_voice_sr_36994289.mp3	2952
common_voice_sr_41012892.mp3	2268
common_voice_sr_40980954.mp3	2160
common_voice_sr_46917478.mp3	4248
common_voice_sr_27781260.mp3	2376
common_voice_sr_27014911.mp3	2340
common_voice_sr_40981343.mp3	2736
common_voice_sr_37810785.mp3	2736
common_voice_sr_36766030.mp3	2412
common_voice_sr_38531862.mp3	2340
common_voice_sr_36971105.mp3	3852
common_voice_sr_37517786.mp3	2880
common_voice_sr_47000538.mp3	4428
common_voice_sr_37315339.mp3	4320
common_voice_sr_48250805.mp3	3276
common_voice_sr_40976852.mp3	3708
common_voice_sr_40977731.mp3	3096
common_voice_sr_40977718.mp3	2160
common_voice_sr_40982642.mp3	1980
common_voice_sr_40983336.mp3	2016
common_voice_sr_33242673.mp3	3204
common_voice_sr_36767253.mp3	2160
common_voice_sr_36767529.mp3	2664
common_voice_sr_37810744.mp3	5652
common_voice_sr_41010605.mp3	2088
common_voice_sr_41000575.mp3	4608
common_voice_sr_36994282.mp3	2844
common_voice_sr_40491623.mp3	3240
common_voice_sr_39551729.mp3	6876
common_voice_sr_40985867.mp3	3528
common_voice_sr_27664438.mp3	5796
common_voice_sr_40977550.mp3	5328
common_voice_sr_41012722.mp3	2628
common_voice_sr_41325059.mp3	3528
common_voice_sr_40982877.mp3	2700
common_voice_sr_26960232.mp3	2628
common_voice_sr_40981914.mp3	4536
common_voice_sr_36765702.mp3	2268
common_voice_sr_46064151.mp3	3996
common_voice_sr_41037734.mp3	5580
common_voice_sr_37810835.mp3	2412
common_voice_sr_40997591.mp3	2340
common_voice_sr_36765430.mp3	2484
common_voice_sr_40471801.mp3	2052
common_voice_sr_35087750.mp3	4320
common_voice_sr_38509224.mp3	2520
common_voice_sr_27655275.mp3	2448
common_voice_sr_28526406.mp3	4788
common_voice_sr_38847180.mp3	3816
common_voice_sr_28216692.mp3	2808
common_voice_sr_35086489.mp3	5832
common_voice_sr_40977667.mp3	3888
common_voice_sr_40982018.mp3	2196
common_voice_sr_36950193.mp3	5148
common_voice_sr_40984184.mp3	2160
common_voice_sr_40983551.mp3	3276
common_voice_sr_46918824.mp3	6084
common_voice_sr_36951837.mp3	2772
common_voice_sr_35360826.mp3	1476
common_voice_sr_40984192.mp3	2088
common_voice_sr_40549964.mp3	4968
common_voice_sr_38847184.mp3	2196
common_voice_sr_27636332.mp3	2700
common_voice_sr_36950226.mp3	3708
common_voice_sr_40983507.mp3	2376
common_voice_sr_40471772.mp3	3960
common_voice_sr_40921727.mp3	3348
common_voice_sr_28441258.mp3	2016
common_voice_sr_46921807.mp3	2304
common_voice_sr_40981404.mp3	4860
common_voice_sr_40985670.mp3	2448
common_voice_sr_35098205.mp3	2016
common_voice_sr_38058841.mp3	3096
common_voice_sr_36934733.mp3	2952
common_voice_sr_40974207.mp3	3888
common_voice_sr_40985600.mp3	3960
common_voice_sr_35098167.mp3	4716
common_voice_sr_28526369.mp3	2700
common_voice_sr_40979024.mp3	2808
common_voice_sr_27635320.mp3	4248
common_voice_sr_35092024.mp3	2628
common_voice_sr_28526527.mp3	2376
common_voice_sr_36994415.mp3	2880
common_voice_sr_39263261.mp3	4068
common_voice_sr_28521391.mp3	1548
common_voice_sr_35399197.mp3	1548
common_voice_sr_38509221.mp3	2052
common_voice_sr_41021572.mp3	1548
common_voice_sr_46919086.mp3	3348
common_voice_sr_38537512.mp3	5148
common_voice_sr_38058839.mp3	3096
common_voice_sr_28623205.mp3	4356
common_voice_sr_40974197.mp3	3420
common_voice_sr_26552922.mp3	3240
common_voice_sr_27781281.mp3	2700
common_voice_sr_26553054.mp3	2916
common_voice_sr_40991336.mp3	5796
common_voice_sr_40979250.mp3	2736
common_voice_sr_26945991.mp3	2448
common_voice_sr_40985124.mp3	1980
common_voice_sr_27675673.mp3	2376
common_voice_sr_40978512.mp3	2376
common_voice_sr_37315333.mp3	3276
common_voice_sr_40989452.mp3	3420
common_voice_sr_37391346.mp3	4536
common_voice_sr_40981188.mp3	4716
common_voice_sr_41009947.mp3	2520
common_voice_sr_45994795.mp3	3888
common_voice_sr_36774107.mp3	2340
common_voice_sr_41006360.mp3	5688
common_voice_sr_40975634.mp3	3600
common_voice_sr_36951807.mp3	2520
common_voice_sr_36946703.mp3	2736
common_voice_sr_35085135.mp3	2376
common_voice_sr_41012770.mp3	2340
common_voice_sr_35098199.mp3	2268
common_voice_sr_40989404.mp3	3240
common_voice_sr_40491619.mp3	3384
common_voice_sr_41010515.mp3	2016
common_voice_sr_39936658.mp3	3780
common_voice_sr_36950197.mp3	2376
common_voice_sr_40982607.mp3	2628
common_voice_sr_40984245.mp3	1908
common_voice_sr_28441216.mp3	2448
common_voice_sr_40982600.mp3	5076
common_voice_sr_40385931.mp3	4716
common_voice_sr_40985858.mp3	2268
common_voice_sr_40980035.mp3	3780
common_voice_sr_35091343.mp3	2340
common_voice_sr_38511413.mp3	3564
common_voice_sr_28623233.mp3	5220
common_voice_sr_40977632.mp3	6156
common_voice_sr_27675719.mp3	2124
common_voice_sr_36950169.mp3	4536
common_voice_sr_26960040.mp3	2340
common_voice_sr_38525973.mp3	1872
common_voice_sr_35341230.mp3	3168
common_voice_sr_28517897.mp3	2736
common_voice_sr_38509216.mp3	2052
common_voice_sr_40983510.mp3	2556
common_voice_sr_40975862.mp3	2988
common_voice_sr_36952588.mp3	3168
common_voice_sr_40979319.mp3	2520
common_voice_sr_27675827.mp3	2124
common_voice_sr_40979976.mp3	6480
common_voice_sr_31333234.mp3	2736
common_voice_sr_26945955.mp3	2304
common_voice_sr_40981290.mp3	5688
common_voice_sr_40983983.mp3	2088
common_voice_sr_40985618.mp3	2988
common_voice_sr_37517858.mp3	2412
common_voice_sr_41013010.mp3	2808
common_voice_sr_35399427.mp3	1764
common_voice_sr_36793226.mp3	2880
common_voice_sr_35099212.mp3	3456
common_voice_sr_27635296.mp3	3276
common_voice_sr_28441361.mp3	5040
common_voice_sr_40471943.mp3	4536
common_voice_sr_40979911.mp3	4860
common_voice_sr_40977515.mp3	2628
common_voice_sr_36994372.mp3	2880
common_voice_sr_40975758.mp3	3096
common_voice_sr_28438523.mp3	2196
common_voice_sr_36804239.mp3	2448
common_voice_sr_40981820.mp3	2700
common_voice_sr_46063955.mp3	4716
common_voice_sr_40987709.mp3	2988
common_voice_sr_36950658.mp3	1980
common_voice_sr_40979984.mp3	1980
common_voice_sr_37810943.mp3	3204
common_voice_sr_35086651.mp3	5436
common_voice_sr_35085100.mp3	2340
common_voice_sr_40983694.mp3	2340
common_voice_sr_27646364.mp3	3024
common_voice_sr_35265103.mp3	2196
common_voice_sr_37810733.mp3	5544
common_voice_sr_40975736.mp3	4176
common_voice_sr_28441421.mp3	3096
common_voice_sr_35098147.mp3	2160
common_voice_sr_35126130.mp3	1908
common_voice_sr_36804165.mp3	2556
common_voice_sr_39936672.mp3	4176
common_voice_sr_40979260.mp3	2268
common_voice_sr_40983396.mp3	1728
common_voice_sr_28526457.mp3	2268
common_voice_sr_48251022.mp3	3816
common_voice_sr_35090151.mp3	3348
common_voice_sr_36950702.mp3	2412
common_voice_sr_40985891.mp3	6048
common_voice_sr_36765414.mp3	3132
common_voice_sr_35085049.mp3	3096
common_voice_sr_41012779.mp3	2340
common_voice_sr_39254919.mp3	3780
common_voice_sr_35085110.mp3	2556
common_voice_sr_39254920.mp3	3600
common_voice_sr_40985952.mp3	2448
common_voice_sr_40976850.mp3	3888
common_voice_sr_41031282.mp3	1980
common_voice_sr_36804205.mp3	2916
common_voice_sr_32761976.mp3	2088
common_voice_sr_46919053.mp3	4068
common_voice_sr_37810904.mp3	3060
common_voice_sr_40980290.mp3	2628
common_voice_sr_35278278.mp3	2268
common_voice_sr_40978582.mp3	3636
common_voice_sr_41006394.mp3	3996
common_voice_sr_40977536.mp3	3528
common_voice_sr_37315331.mp3	2700
common_voice_sr_36950224.mp3	3636
common_voice_sr_40471773.mp3	2700
common_voice_sr_37810688.mp3	4032
common_voice_sr_27636368.mp3	2196
common_voice_sr_35399309.mp3	1368
common_voice_sr_36994222.mp3	3456
common_voice_sr_36946994.mp3	2376
common_voice_sr_36947015.mp3	2196
common_voice_sr_40981571.mp3	2016
common_voice_sr_41006530.mp3	1908
common_voice_sr_45995190.mp3	3636
common_voice_sr_36766072.mp3	2448
common_voice_sr_40976091.mp3	2520
common_voice_sr_46919190.mp3	2124
common_voice_sr_40979916.mp3	2196
common_voice_sr_37517823.mp3	3564
common_voice_sr_39271906.mp3	3600
common_voice_sr_40978732.mp3	3528
common_voice_sr_36950707.mp3	2448
common_voice_sr_36804186.mp3	2340
common_voice_sr_28438384.mp3	3168
common_voice_sr_35098168.mp3	2628
common_voice_sr_35097125.mp3	3096
common_voice_sr_36311947.mp3	2448
common_voice_sr_27636575.mp3	2340
common_voice_sr_36804166.mp3	2808
common_voice_sr_36934869.mp3	2520
common_voice_sr_27751806.mp3	2700
common_voice_sr_27655273.mp3	3564
common_voice_sr_41012814.mp3	1980
common_voice_sr_40978984.mp3	6660
common_voice_sr_28521439.mp3	1872
common_voice_sr_40983618.mp3	1980
common_voice_sr_40975768.mp3	4536
common_voice_sr_39257134.mp3	6408
common_voice_sr_36950623.mp3	3744
common_voice_sr_40975762.mp3	2808
common_voice_sr_40491642.mp3	4104
common_voice_sr_35126161.mp3	1908
common_voice_sr_36765493.mp3	2268
common_voice_sr_38509237.mp3	1944
common_voice_sr_35278243.mp3	2232
common_voice_sr_36765409.mp3	2808
common_voice_sr_39278114.mp3	4068
common_voice_sr_40978692.mp3	6228
common_voice_sr_40491725.mp3	4104
common_voice_sr_35398967.mp3	1872
common_voice_sr_36774401.mp3	1908
common_voice_sr_36947052.mp3	2448
common_voice_sr_27014833.mp3	3780
common_voice_sr_40984262.mp3	2016
common_voice_sr_36773182.mp3	3420
common_voice_sr_36994426.mp3	2556
common_voice_sr_40989446.mp3	2520
common_voice_sr_37810679.mp3	2628
common_voice_sr_45995035.mp3	5364
common_voice_sr_31892525.mp3	1908
common_voice_sr_43196827.mp3	4464
common_voice_sr_40386321.mp3	4428
common_voice_sr_40471782.mp3	3708
common_voice_sr_40977803.mp3	3060
common_voice_sr_36950620.mp3	2160
common_voice_sr_27675921.mp3	2052
common_voice_sr_35399807.mp3	2124
common_voice_sr_35086262.mp3	3528
common_voice_sr_40977438.mp3	4680
common_voice_sr_38509124.mp3	2232
common_voice_sr_39330455.mp3	3708
common_voice_sr_26958521.mp3	8388
common_voice_sr_36946625.mp3	2700
common_voice_sr_40981609.mp3	2340
common_voice_sr_40984045.mp3	2376
common_voice_sr_36765843.mp3	3312
common_voice_sr_37574610.mp3	2376
common_voice_sr_27656788.mp3	2844
common_voice_sr_40978987.mp3	2268
common_voice_sr_27655634.mp3	2160
common_voice_sr_35089293.mp3	2772
common_voice_sr_33242672.mp3	3240
common_voice_sr_41000584.mp3	4248
common_voice_sr_40976901.mp3	4788
common_voice_sr_40981766.mp3	3708
common_voice_sr_36774582.mp3	2556
common_voice_sr_36773407.mp3	3096
common_voice_sr_38058854.mp3	2160
common_voice_sr_36765442.mp3	2952
common_voice_sr_36505842.mp3	2196
common_voice_sr_40975580.mp3	4140
common_voice_sr_40983519.mp3	1980
common_voice_sr_40979544.mp3	2988
common_voice_sr_37315325.mp3	2556
common_voice_sr_36946708.mp3	2916
common_voice_sr_36950583.mp3	2376
common_voice_sr_40491764.mp3	3456
common_voice_sr_41021480.mp3	3528
common_voice_sr_40979325.mp3	3960
common_voice_sr_26959027.mp3	2736
common_voice_sr_29083702.mp3	6372
common_voice_sr_41017395.mp3	2160
common_voice_sr_27314225.mp3	2916
common_voice_sr_39212875.mp3	6192
common_voice_sr_40975577.mp3	5760
common_voice_sr_40984265.mp3	3240
common_voice_sr_37810630.mp3	2628
common_voice_sr_41006474.mp3	2268
common_voice_sr_48250781.mp3	6840
common_voice_sr_40979968.mp3	2340
common_voice_sr_33242755.mp3	3312
common_voice_sr_28441333.mp3	3060
common_voice_sr_41012874.mp3	1980
common_voice_sr_36947007.mp3	4896
common_voice_sr_36767381.mp3	2304
common_voice_sr_27014860.mp3	2556
common_voice_sr_36767352.mp3	1944
common_voice_sr_36934735.mp3	5292
common_voice_sr_26945956.mp3	3744
common_voice_sr_37517880.mp3	3204
common_voice_sr_35126125.mp3	2448
common_voice_sr_40997704.mp3	5256
common_voice_sr_40985633.mp3	5760
common_voice_sr_35087564.mp3	6156
common_voice_sr_40978638.mp3	6948
common_voice_sr_36804229.mp3	2376
common_voice_sr_40989495.mp3	3816
common_voice_sr_39257284.mp3	2520
common_voice_sr_40977424.mp3	3780
common_voice_sr_41010501.mp3	2448
common_voice_sr_26982155.mp3	2736
common_voice_sr_39330735.mp3	3780
common_voice_sr_40982870.mp3	4176
common_voice_sr_35086739.mp3	3708
common_voice_sr_40983448.mp3	2808
common_voice_sr_35098191.mp3	2016
common_voice_sr_27751833.mp3	2700
common_voice_sr_41029151.mp3	1800
common_voice_sr_36994287.mp3	2124
common_voice_sr_36767410.mp3	1944
common_voice_sr_40981163.mp3	2268
common_voice_sr_40982853.mp3	3636
common_voice_sr_40997603.mp3	5400
common_voice_sr_36950238.mp3	2376
common_voice_sr_41006508.mp3	2988
common_voice_sr_42629666.mp3	6660
common_voice_sr_40976278.mp3	4248
common_voice_sr_27781293.mp3	2268
common_voice_sr_40981617.mp3	2340
common_voice_sr_39330655.mp3	3780
common_voice_sr_40982848.mp3	2088
common_voice_sr_27781459.mp3	2088
common_voice_sr_36950660.mp3	2304
common_voice_sr_41012908.mp3	2448
common_voice_sr_27781420.mp3	2160
common_voice_sr_27675857.mp3	2196
common_voice_sr_36964017.mp3	4068
common_voice_sr_40549983.mp3	4680
common_voice_sr_36772325.mp3	2808
common_voice_sr_41010772.mp3	2016
common_voice_sr_38847198.mp3	3780
common_voice_sr_39330670.mp3	5040
common_voice_sr_40979340.mp3	1908
common_voice_sr_28623229.mp3	2628
common_voice_sr_40491640.mp3	5544
common_voice_sr_35088686.mp3	2916
common_voice_sr_27314091.mp3	3168
common_voice_sr_40471866.mp3	2232
common_voice_sr_28663208.mp3	3708
common_voice_sr_35097146.mp3	2916
common_voice_sr_40471686.mp3	3312
common_voice_sr_40983629.mp3	1656
common_voice_sr_46919405.mp3	4356
common_voice_sr_26874304.mp3	3096
common_voice_sr_40978754.mp3	3780
common_voice_sr_26552920.mp3	2520
common_voice_sr_38535694.mp3	2268
common_voice_sr_40491735.mp3	4284
common_voice_sr_40983677.mp3	1836
common_voice_sr_40983378.mp3	4140
common_voice_sr_36767413.mp3	3996
common_voice_sr_41029146.mp3	2088
common_voice_sr_36994280.mp3	4500
common_voice_sr_40977759.mp3	5436
common_voice_sr_41009922.mp3	5040
common_voice_sr_40985417.mp3	5796
common_voice_sr_40978429.mp3	4896
common_voice_sr_36774278.mp3	2556
common_voice_sr_36950003.mp3	2736
common_voice_sr_40386099.mp3	3276
common_voice_sr_36925160.mp3	2808
common_voice_sr_40981211.mp3	4788
common_voice_sr_45994696.mp3	5148
common_voice_sr_38521597.mp3	2520
common_voice_sr_36804175.mp3	3060
common_voice_sr_28526525.mp3	2556
common_voice_sr_40976957.mp3	4140
common_voice_sr_40983381.mp3	1908
common_voice_sr_40978523.mp3	5796
common_voice_sr_36994441.mp3	2340
common_voice_sr_41006355.mp3	3168
common_voice_sr_40978718.mp3	2808
common_voice_sr_27781408.mp3	2520
common_voice_sr_27751814.mp3	3168
common_voice_sr_40977711.mp3	2520
common_voice_sr_36674268.mp3	3312
common_voice_sr_36774008.mp3	2916
common_voice_sr_41021477.mp3	3780
common_voice_sr_40978497.mp3	2628
common_voice_sr_39254622.mp3	5328
common_voice_sr_36774288.mp3	2520
common_voice_sr_28859076.mp3	2556
common_voice_sr_36774352.mp3	4680
common_voice_sr_35341233.mp3	2736
common_voice_sr_40981353.mp3	2268
common_voice_sr_37517811.mp3	4320
common_voice_sr_28623172.mp3	2988
common_voice_sr_40386274.mp3	3708
common_voice_sr_40491737.mp3	2484
common_voice_sr_38523470.mp3	2124
common_voice_sr_40997613.mp3	1908
common_voice_sr_40975714.mp3	3168
common_voice_sr_36949294.mp3	2628
common_voice_sr_35278283.mp3	3816
common_voice_sr_45994871.mp3	3996
common_voice_sr_38509246.mp3	3672
common_voice_sr_38521557.mp3	2196
common_voice_sr_36773383.mp3	2988
common_voice_sr_36947024.mp3	2520
common_voice_sr_26945779.mp3	2448
common_voice_sr_40974238.mp3	3348
common_voice_sr_27675960.mp3	1800
common_voice_sr_27701680.mp3	2412
common_voice_sr_39330654.mp3	4068
common_voice_sr_27675903.mp3	2340
common_voice_sr_38844948.mp3	4356
common_voice_sr_27675885.mp3	3456
common_voice_sr_35399858.mp3	3564
common_voice_sr_41024434.mp3	2016
common_voice_sr_36765389.mp3	3852
common_voice_sr_27314119.mp3	5256
common_voice_sr_46919374.mp3	4464
common_voice_sr_28441288.mp3	2628
common_voice_sr_35265069.mp3	2448
common_voice_sr_40471816.mp3	2520
common_voice_sr_40983515.mp3	5256
common_voice_sr_40977559.mp3	3240
common_voice_sr_40385948.mp3	2916
common_voice_sr_40977903.mp3	4068
common_voice_sr_40976857.mp3	3780
common_voice_sr_36950591.mp3	2448
common_voice_sr_28521419.mp3	1296
common_voice_sr_40977538.mp3	4140
common_voice_sr_40979313.mp3	2088
common_voice_sr_40976303.mp3	3456
common_voice_sr_40989416.mp3	9936
common_voice_sr_26969264.mp3	2988
common_voice_sr_37391332.mp3	2160
common_voice_sr_36767429.mp3	2196
common_voice_sr_40982025.mp3	2988
common_voice_sr_36804169.mp3	2520
common_voice_sr_27808254.mp3	2700
common_voice_sr_36946587.mp3	2628
common_voice_sr_40989484.mp3	4608
common_voice_sr_41013019.mp3	1908
common_voice_sr_36950778.mp3	2196
common_voice_sr_41010548.mp3	2880
common_voice_sr_41037732.mp3	7200
common_voice_sr_42629654.mp3	8460
common_voice_sr_40977578.mp3	5148
common_voice_sr_40405780.mp3	3636
common_voice_sr_36946710.mp3	2736
common_voice_sr_41000576.mp3	4500
common_voice_sr_26959499.mp3	2448
common_voice_sr_41012819.mp3	3996
common_voice_sr_37254722.mp3	2556
common_voice_sr_40981800.mp3	2520
common_voice_sr_27675539.mp3	2196
common_voice_sr_35097124.mp3	4248
common_voice_sr_40984254.mp3	2160
common_voice_sr_36950611.mp3	2520
common_voice_sr_40997390.mp3	3600
common_voice_sr_40978473.mp3	4176
common_voice_sr_40983424.mp3	3060
common_voice_sr_26959699.mp3	1980
common_voice_sr_40980979.mp3	4500
common_voice_sr_41021489.mp3	2016
common_voice_sr_37517810.mp3	5616
common_voice_sr_40491748.mp3	5040
common_voice_sr_37529545.mp3	4788
common_voice_sr_28517834.mp3	2700
common_voice_sr_35089056.mp3	2124
common_voice_sr_35089332.mp3	3564
common_voice_sr_35085552.mp3	2808
common_voice_sr_37529553.mp3	2340
common_voice_sr_33242697.mp3	3060
common_voice_sr_38833197.mp3	3528
common_voice_sr_28452674.mp3	2196
common_voice_sr_40984259.mp3	2340
common_voice_sr_39330504.mp3	3888
common_voice_sr_40974185.mp3	4896
common_voice_sr_43532686.mp3	4176
common_voice_sr_26960542.mp3	5076
common_voice_sr_36947004.mp3	3816
common_voice_sr_40386360.mp3	3276
common_voice_sr_40976304.mp3	2916
common_voice_sr_37523104.mp3	2988
common_voice_sr_39271895.mp3	2880
common_voice_sr_28216737.mp3	2628
common_voice_sr_27675910.mp3	1980
common_voice_sr_39254552.mp3	5328
common_voice_sr_40981570.mp3	2016
common_voice_sr_40978552.mp3	3420
common_voice_sr_40989436.mp3	3168
common_voice_sr_35086736.mp3	8460
common_voice_sr_40979018.mp3	2556
common_voice_sr_38844931.mp3	4320
common_voice_sr_37810853.mp3	4608
common_voice_sr_40980939.mp3	2160
common_voice_sr_40977660.mp3	3528
common_voice_sr_33192069.mp3	3060
common_voice_sr_36947099.mp3	5508
common_voice_sr_28441401.mp3	2628
common_voice_sr_36765652.mp3	2088
common_voice_sr_30649701.mp3	3240
common_voice_sr_37810638.mp3	2016
common_voice_sr_40983557.mp3	2268
common_voice_sr_40491757.mp3	3456
common_voice_sr_35265084.mp3	2448
common_voice_sr_27751821.mp3	2880
common_voice_sr_28441409.mp3	2376
common_voice_sr_38535673.mp3	2088
common_voice_sr_45995206.mp3	2880
common_voice_sr_40979942.mp3	1656
common_voice_sr_40997586.mp3	3528
common_voice_sr_27675890.mp3	1980
common_voice_sr_26960609.mp3	2448
common_voice_sr_27675899.mp3	2448
common_voice_sr_36947023.mp3	2556
common_voice_sr_46917477.mp3	3600
common_voice_sr_36934802.mp3	2520
common_voice_sr_40978643.mp3	5760
common_voice_sr_40991324.mp3	3456
common_voice_sr_35085255.mp3	2376
common_voice_sr_35085525.mp3	3420
common_voice_sr_26874226.mp3	2916
common_voice_sr_41029149.mp3	1836
common_voice_sr_41010774.mp3	2736
common_voice_sr_36973234.mp3	2268
common_voice_sr_35278262.mp3	1944
common_voice_sr_39936694.mp3	2556
common_voice_sr_40405823.mp3	4860
common_voice_sr_40985605.mp3	3456
common_voice_sr_46919083.mp3	3528
common_voice_sr_36946713.mp3	3240
common_voice_sr_40978152.mp3	5688
common_voice_sr_36949461.mp3	2520
common_voice_sr_40471808.mp3	3024
common_voice_sr_35085127.mp3	2988
common_voice_sr_33192064.mp3	3168
common_voice_sr_40405809.mp3	6480
common_voice_sr_40985602.mp3	7020
common_voice_sr_40975970.mp3	3240
common_voice_sr_27655636.mp3	2340
common_voice_sr_41010513.mp3	2268
common_voice_sr_41006484.mp3	4788
common_voice_sr_40991327.mp3	2448
common_voice_sr_36994381.mp3	6084
common_voice_sr_35278217.mp3	2520
common_voice_sr_40984269.mp3	2268
common_voice_sr_37810707.mp3	2448
common_voice_sr_36767463.mp3	2196
common_voice_sr_35125868.mp3	2196
common_voice_sr_40977612.mp3	2268
common_voice_sr_36767371.mp3	1980
common_voice_sr_36765375.mp3	2988
common_voice_sr_27675720.mp3	2448
common_voice_sr_37517830.mp3	4752
common_voice_sr_35099162.mp3	4680
common_voice_sr_41000594.mp3	3636
common_voice_sr_41006349.mp3	2340
common_voice_sr_35087277.mp3	3600
common_voice_sr_27781467.mp3	2448
common_voice_sr_40975613.mp3	3096
common_voice_sr_36946761.mp3	2880
common_voice_sr_37810787.mp3	4104
common_voice_sr_41021570.mp3	1800
common_voice_sr_35399238.mp3	1800
common_voice_sr_35085114.mp3	2340
common_voice_sr_40976294.mp3	3600
common_voice_sr_35133172.mp3	3168
common_voice_sr_27675762.mp3	1944
common_voice_sr_46917522.mp3	6768
common_voice_sr_36949290.mp3	2700
common_voice_sr_39885192.mp3	3996
common_voice_sr_38509206.mp3	2232
common_voice_sr_35090398.mp3	3420
common_voice_sr_28663255.mp3	2556
common_voice_sr_38525982.mp3	2124
common_voice_sr_36773738.mp3	4068
common_voice_sr_35097174.mp3	2736
common_voice_sr_38847178.mp3	4140
common_voice_sr_46917583.mp3	3420
common_voice_sr_38509238.mp3	1764
common_voice_sr_40977776.mp3	4968
common_voice_sr_41000533.mp3	5580
common_voice_sr_31333173.mp3	5148
common_voice_sr_40491750.mp3	3780
common_voice_sr_28441343.mp3	2808
common_voice_sr_35086365.mp3	3600
common_voice_sr_37810811.mp3	1872
common_voice_sr_40985680.mp3	5868
common_voice_sr_40989400.mp3	5256
common_voice_sr_39330453.mp3	7200
common_voice_sr_45994617.mp3	4140
common_voice_sr_38369103.mp3	8460
common_voice_sr_40974209.mp3	6840
common_voice_sr_40977546.mp3	4428
common_voice_sr_35099166.mp3	5652
common_voice_sr_40987711.mp3	5400
common_voice_sr_40977589.mp3	2016
common_voice_sr_40985125.mp3	2268
common_voice_sr_40979957.mp3	2916
common_voice_sr_40985115.mp3	1728
common_voice_sr_40981655.mp3	2016
common_voice_sr_42629674.mp3	3780
common_voice_sr_35087566.mp3	2916
common_voice_sr_38525990.mp3	1980
common_voice_sr_45994729.mp3	3888
common_voice_sr_40981352.mp3	2556
common_voice_sr_36767318.mp3	2232
common_voice_sr_28321654.mp3	2988
common_voice_sr_35099245.mp3	4536
common_voice_sr_35099210.mp3	2988
common_voice_sr_35086577.mp3	3168
common_voice_sr_35086216.mp3	3672
common_voice_sr_40984056.mp3	3456
common_voice_sr_36946748.mp3	2700
common_voice_sr_36950758.mp3	2232
common_voice_sr_36773717.mp3	3888
common_voice_sr_36946716.mp3	2088
common_voice_sr_37315371.mp3	4680
common_voice_sr_40982619.mp3	2628
common_voice_sr_35126114.mp3	2160
common_voice_sr_46064344.mp3	3456
common_voice_sr_28440081.mp3	3960
common_voice_sr_28153950.mp3	2340
common_voice_sr_40981281.mp3	2880
common_voice_sr_36947086.mp3	2808
common_voice_sr_41029148.mp3	2268
common_voice_sr_36765428.mp3	2448
common_voice_sr_35133153.mp3	2808
common_voice_sr_41029108.mp3	1728
common_voice_sr_35085175.mp3	2520
common_voice_sr_38531895.mp3	3564
common_voice_sr_27636657.mp3	2268
common_voice_sr_37523085.mp3	3852
common_voice_sr_27636314.mp3	2196
common_voice_sr_38509123.mp3	3528
common_voice_sr_38509139.mp3	3528
common_voice_sr_36767465.mp3	3456
common_voice_sr_27781343.mp3	2268
common_voice_sr_36946719.mp3	2916
common_voice_sr_36773186.mp3	4500
common_voice_sr_36765569.mp3	2268
common_voice_sr_35098203.mp3	4968
common_voice_sr_36765859.mp3	2088
common_voice_sr_40549963.mp3	2988
common_voice_sr_26959635.mp3	2988
common_voice_sr_35278263.mp3	1944
common_voice_sr_40978777.mp3	2376
common_voice_sr_27781426.mp3	2808
common_voice_sr_40977919.mp3	4320
common_voice_sr_36947085.mp3	2700
common_voice_sr_40386206.mp3	4896
common_voice_sr_35265068.mp3	2340
common_voice_sr_26960233.mp3	2268
common_voice_sr_40975925.mp3	2556
common_voice_sr_36765377.mp3	2808
common_voice_sr_36767494.mp3	3060
common_voice_sr_46919803.mp3	3024
common_voice_sr_28663241.mp3	2700
common_voice_sr_40981995.mp3	2736
common_voice_sr_28153953.mp3	2556
common_voice_sr_40983686.mp3	2520
common_voice_sr_36773314.mp3	3312
common_voice_sr_35126109.mp3	2448
common_voice_sr_35085132.mp3	2340
common_voice_sr_28441294.mp3	2808
common_voice_sr_37810820.mp3	3600
common_voice_sr_40997387.mp3	6048
common_voice_sr_27634834.mp3	3780
common_voice_sr_36773237.mp3	2772
common_voice_sr_40982652.mp3	4500
common_voice_sr_38509140.mp3	2412
common_voice_sr_41000530.mp3	2700
common_voice_sr_38162269.mp3	3240
common_voice_sr_36946876.mp3	3240
common_voice_sr_37810800.mp3	6552
common_voice_sr_36765788.mp3	2736
common_voice_sr_40471824.mp3	4608
common_voice_sr_41010657.mp3	3600
common_voice_sr_40978687.mp3	2628
common_voice_sr_36950567.mp3	2232
common_voice_sr_37523075.mp3	2664
common_voice_sr_40997583.mp3	3960
common_voice_sr_27636251.mp3	2520
common_voice_sr_38531880.mp3	1980
common_voice_sr_38531814.mp3	1764
common_voice_sr_39884984.mp3	4356
common_voice_sr_36951792.mp3	2052
common_voice_sr_40976313.mp3	5220
common_voice_sr_40975811.mp3	3168
common_voice_sr_28441227.mp3	2736
common_voice_sr_38031073.mp3	2196
common_voice_sr_40979030.mp3	3276
common_voice_sr_39257237.mp3	5580
common_voice_sr_40975584.mp3	4500
common_voice_sr_40980046.mp3	4680
common_voice_sr_33242575.mp3	4104
common_voice_sr_40975710.mp3	5220
common_voice_sr_40981374.mp3	2628
common_voice_sr_45994993.mp3	2988
common_voice_sr_39257225.mp3	3456
common_voice_sr_45994836.mp3	4716
common_voice_sr_36951811.mp3	3204
common_voice_sr_36925151.mp3	2700
common_voice_sr_40609214.mp3	3204
common_voice_sr_28623191.mp3	3240
common_voice_sr_36457936.mp3	3600
common_voice_sr_35098204.mp3	2628
common_voice_sr_39885197.mp3	4392
common_voice_sr_28439846.mp3	3168
common_voice_sr_36950596.mp3	2196
common_voice_sr_40989530.mp3	3816
common_voice_sr_38844862.mp3	3456
common_voice_sr_39257180.mp3	5040
common_voice_sr_38525976.mp3	1764
common_voice_sr_27635177.mp3	2196
common_voice_sr_36311941.mp3	6300
common_voice_sr_41024470.mp3	2376
common_voice_sr_27685958.mp3	3924
common_voice_sr_27808288.mp3	2196
common_voice_sr_40405785.mp3	3348
common_voice_sr_40977649.mp3	3708
common_voice_sr_41012733.mp3	2808
common_voice_sr_27781331.mp3	2520
common_voice_sr_38537465.mp3	2304
common_voice_sr_41031302.mp3	2340
common_voice_sr_40989493.mp3	1908
common_voice_sr_37254729.mp3	2916
common_voice_sr_41009942.mp3	5040
common_voice_sr_40878531.mp3	4608
common_voice_sr_36951819.mp3	3312
common_voice_sr_38058858.mp3	4248
common_voice_sr_46919268.mp3	5256
common_voice_sr_40985161.mp3	2268
common_voice_sr_36949428.mp3	3888
common_voice_sr_40977045.mp3	3276
common_voice_sr_35087753.mp3	2916
common_voice_sr_27014913.mp3	3888
common_voice_sr_38531906.mp3	2376
common_voice_sr_40983513.mp3	2160
common_voice_sr_38845573.mp3	3960
common_voice_sr_40979945.mp3	3240
common_voice_sr_36949150.mp3	2916
common_voice_sr_27781423.mp3	2556
common_voice_sr_46917654.mp3	4572
common_voice_sr_40405769.mp3	3600
common_voice_sr_41021511.mp3	2160
common_voice_sr_36952573.mp3	8208
common_voice_sr_45994799.mp3	1944
common_voice_sr_35248762.mp3	1908
common_voice_sr_40982618.mp3	4248
common_voice_sr_39254534.mp3	4176
common_voice_sr_40976268.mp3	2376
common_voice_sr_36773410.mp3	2916
common_voice_sr_39885112.mp3	3708
common_voice_sr_40987667.mp3	6408
common_voice_sr_37810895.mp3	3060
common_voice_sr_36925162.mp3	3060
common_voice_sr_39257211.mp3	3960
common_voice_sr_36773492.mp3	2376
common_voice_sr_27646363.mp3	2664
common_voice_sr_27636705.mp3	2196
common_voice_sr_26981135.mp3	2628
common_voice_sr_28526389.mp3	3276
common_voice_sr_27314252.mp3	3096
common_voice_sr_40978468.mp3	4968
common_voice_sr_36950606.mp3	2700
common_voice_sr_36950223.mp3	2736
common_voice_sr_39278067.mp3	4680
common_voice_sr_36457938.mp3	3816
common_voice_sr_28521342.mp3	1800
common_voice_sr_40976979.mp3	2340
common_voice_sr_40975567.mp3	2880
common_voice_sr_27781342.mp3	3240
common_voice_sr_28439845.mp3	3060
common_voice_sr_35090118.mp3	2520
common_voice_sr_37315349.mp3	4428
common_voice_sr_35086491.mp3	3168
common_voice_sr_39271867.mp3	4896
common_voice_sr_40975933.mp3	2988
common_voice_sr_36950082.mp3	2340
common_voice_sr_38535681.mp3	3168
common_voice_sr_39254860.mp3	5436
common_voice_sr_27675749.mp3	2340
common_voice_sr_35085160.mp3	2376
common_voice_sr_40984255.mp3	1836
common_voice_sr_37315332.mp3	4140
common_voice_sr_41037808.mp3	3960
common_voice_sr_40976265.mp3	2268
common_voice_sr_39936636.mp3	4176
common_voice_sr_35086490.mp3	4896
common_voice_sr_27635129.mp3	3240
common_voice_sr_40991158.mp3	6336
common_voice_sr_35278221.mp3	2520
common_voice_sr_40997589.mp3	2556
common_voice_sr_27781409.mp3	2340
common_voice_sr_40981151.mp3	3348
common_voice_sr_28321664.mp3	3636
common_voice_sr_40977062.mp3	3528
common_voice_sr_36765881.mp3	2016
common_voice_sr_33192076.mp3	3240
common_voice_sr_26981408.mp3	2736
common_voice_sr_36765912.mp3	2196
common_voice_sr_38509245.mp3	2700
common_voice_sr_31333169.mp3	2988
common_voice_sr_46917476.mp3	3096
common_voice_sr_40985157.mp3	1728
common_voice_sr_40977585.mp3	2988
common_voice_sr_27685973.mp3	3348
common_voice_sr_41024446.mp3	1620
common_voice_sr_35085098.mp3	2916
common_voice_sr_38523446.mp3	2160
common_voice_sr_35101523.mp3	2340
common_voice_sr_40985622.mp3	2736
common_voice_sr_40983587.mp3	2376
common_voice_sr_27781436.mp3	2556
common_voice_sr_36793408.mp3	2340
common_voice_sr_40386101.mp3	3456
common_voice_sr_35085115.mp3	2520
common_voice_sr_28517898.mp3	3240
common_voice_sr_27655710.mp3	3456
common_voice_sr_39884951.mp3	4176
common_voice_sr_35101506.mp3	2628
common_voice_sr_38515539.mp3	2052
common_voice_sr_41021550.mp3	2700
common_voice_sr_40983619.mp3	1836
common_voice_sr_38535654.mp3	2088
common_voice_sr_40405853.mp3	4896
common_voice_sr_46827356.mp3	6084
common_voice_sr_40985905.mp3	3816
common_voice_sr_45994833.mp3	3564
common_voice_sr_40985857.mp3	6300
common_voice_sr_46919057.mp3	3276
common_voice_sr_36773201.mp3	2880
common_voice_sr_37810798.mp3	5904
common_voice_sr_40977794.mp3	3996
common_voice_sr_38521606.mp3	1656
common_voice_sr_36765399.mp3	2880
common_voice_sr_35090644.mp3	2880
common_voice_sr_40976952.mp3	5076
common_voice_sr_36946691.mp3	2808
common_voice_sr_41010540.mp3	3636
common_voice_sr_36950269.mp3	2988
common_voice_sr_37172284.mp3	2340
common_voice_sr_40976860.mp3	5400
common_voice_sr_36950585.mp3	2448
common_voice_sr_35267590.mp3	2268
common_voice_sr_28526524.mp3	2556
common_voice_sr_40991143.mp3	4176
common_voice_sr_36838903.mp3	2376
common_voice_sr_27635229.mp3	3780
common_voice_sr_28521363.mp3	1368
common_voice_sr_40979033.mp3	3456
common_voice_sr_41012822.mp3	1908
common_voice_sr_28441411.mp3	2196
common_voice_sr_41021548.mp3	2196
common_voice_sr_36765422.mp3	2880
common_voice_sr_41024419.mp3	3960
common_voice_sr_39330732.mp3	5220
common_voice_sr_39330514.mp3	4680
common_voice_sr_40977511.mp3	4140
common_voice_sr_26960230.mp3	2196
common_voice_sr_40978466.mp3	2808
common_voice_sr_41006516.mp3	2340
common_voice_sr_37810813.mp3	1836
common_voice_sr_40386243.mp3	4068
common_voice_sr_26553052.mp3	3096
common_voice_sr_40977647.mp3	3528
common_voice_sr_27660625.mp3	3060
common_voice_sr_40985869.mp3	5940
common_voice_sr_36994249.mp3	2196
common_voice_sr_40983565.mp3	3600
common_voice_sr_27671133.mp3	2916
common_voice_sr_39290746.mp3	5040
common_voice_sr_40980045.mp3	1800
common_voice_sr_40985503.mp3	8280
common_voice_sr_36946628.mp3	2700
common_voice_sr_28216693.mp3	3060
common_voice_sr_41012873.mp3	2448
common_voice_sr_37523031.mp3	4248
common_voice_sr_40987692.mp3	3348
common_voice_sr_38526012.mp3	2520
common_voice_sr_27656429.mp3	3456
common_voice_sr_36804267.mp3	2880
common_voice_sr_40975932.mp3	4320
common_voice_sr_40997417.mp3	4428
common_voice_sr_39271878.mp3	3780
common_voice_sr_41010791.mp3	3600
common_voice_sr_37810838.mp3	2736
common_voice_sr_38031088.mp3	3456
common_voice_sr_37523082.mp3	2736
common_voice_sr_27781361.mp3	2628
common_voice_sr_39885126.mp3	4212
common_voice_sr_35126106.mp3	2268
common_voice_sr_40989496.mp3	2196
common_voice_sr_36773170.mp3	2916
common_voice_sr_27751853.mp3	2376
common_voice_sr_40997414.mp3	5688
common_voice_sr_40979297.mp3	1980
common_voice_sr_40977918.mp3	4968
common_voice_sr_28526343.mp3	2556
common_voice_sr_40981633.mp3	3600
common_voice_sr_28216705.mp3	3240
common_voice_sr_38537442.mp3	4356
common_voice_sr_45994823.mp3	2592
common_voice_sr_35086332.mp3	2160
common_voice_sr_40981619.mp3	2340
common_voice_sr_40975769.mp3	4176
common_voice_sr_38508467.mp3	2340
common_voice_sr_27781325.mp3	2268
common_voice_sr_42629663.mp3	6336
common_voice_sr_36950560.mp3	2844
common_voice_sr_48250703.mp3	3276
common_voice_sr_38508435.mp3	3132
common_voice_sr_40991267.mp3	4248
common_voice_sr_40978678.mp3	3600
common_voice_sr_40386362.mp3	5940
common_voice_sr_41013005.mp3	2736
common_voice_sr_40977929.mp3	3996
common_voice_sr_38515533.mp3	2016
common_voice_sr_38535698.mp3	1980
common_voice_sr_40976299.mp3	3600
common_voice_sr_40979988.mp3	1980
common_voice_sr_40981567.mp3	2520
common_voice_sr_39884933.mp3	2736
common_voice_sr_41873263.mp3	2916
common_voice_sr_39257136.mp3	3240
common_voice_sr_40979556.mp3	4860
common_voice_sr_40975587.mp3	3600
common_voice_sr_27655236.mp3	4032
common_voice_sr_36765675.mp3	2448
common_voice_sr_36765613.mp3	5940
common_voice_sr_40978493.mp3	2916
common_voice_sr_36934803.mp3	2592
common_voice_sr_40981860.mp3	3636
common_voice_sr_40981399.mp3	3168
common_voice_sr_39330634.mp3	5508
common_voice_sr_35086325.mp3	2844
common_voice_sr_27675859.mp3	2016
common_voice_sr_27781305.mp3	2088
common_voice_sr_38523506.mp3	2088
common_voice_sr_36765492.mp3	2232
common_voice_sr_40981589.mp3	5040
common_voice_sr_38508430.mp3	2628
common_voice_sr_40977474.mp3	3780
common_voice_sr_35398831.mp3	1656
common_voice_sr_40979548.mp3	4536
common_voice_sr_35399312.mp3	1476
common_voice_sr_40997393.mp3	4716
common_voice_sr_27655834.mp3	4140
common_voice_sr_27635134.mp3	3060
common_voice_sr_37391321.mp3	3780
common_voice_sr_40977044.mp3	4320
common_voice_sr_40983407.mp3	2916
common_voice_sr_40979977.mp3	5688
common_voice_sr_39884987.mp3	3924
common_voice_sr_36767599.mp3	2340
common_voice_sr_40981662.mp3	2700
common_voice_sr_28521438.mp3	1944
common_voice_sr_40977018.mp3	5508
common_voice_sr_36971127.mp3	6084
common_voice_sr_41010773.mp3	4320
common_voice_sr_41009939.mp3	2808
common_voice_sr_37810905.mp3	4644
common_voice_sr_37810808.mp3	1764
common_voice_sr_26960453.mp3	2016
common_voice_sr_40982001.mp3	5436
common_voice_sr_36765323.mp3	4752
common_voice_sr_37006624.mp3	2448
common_voice_sr_36765525.mp3	2988
common_voice_sr_32761993.mp3	1404
common_voice_sr_35400190.mp3	1548
common_voice_sr_27635323.mp3	3456
common_voice_sr_40386225.mp3	3816
common_voice_sr_35098149.mp3	2088
common_voice_sr_40983428.mp3	2448
common_voice_sr_40981295.mp3	2520
common_voice_sr_48251182.mp3	3456
common_voice_sr_38833326.mp3	2448
common_voice_sr_41010738.mp3	2088
common_voice_sr_40985426.mp3	2016
common_voice_sr_40980258.mp3	3168
common_voice_sr_40991069.mp3	2556
common_voice_sr_40980251.mp3	1980
common_voice_sr_40983351.mp3	3348
common_voice_sr_36946663.mp3	3060
common_voice_sr_27314181.mp3	2988
common_voice_sr_27675856.mp3	1944
common_voice_sr_35090581.mp3	3708
common_voice_sr_36765862.mp3	2304
common_voice_sr_40976944.mp3	4680
common_voice_sr_40983698.mp3	4248
common_voice_sr_39257259.mp3	4320
common_voice_sr_40991276.mp3	4860
common_voice_sr_41031312.mp3	2160
common_voice_sr_38031072.mp3	2916
common_voice_sr_27634892.mp3	2844
common_voice_sr_40979000.mp3	4968
common_voice_sr_40977905.mp3	2448
common_voice_sr_37391322.mp3	2376
common_voice_sr_27781216.mp3	2520
common_voice_sr_36950190.mp3	4788
common_voice_sr_38531900.mp3	3960
common_voice_sr_38509100.mp3	4572
common_voice_sr_45995098.mp3	4932
common_voice_sr_27781379.mp3	3816
common_voice_sr_40977663.mp3	5328
common_voice_sr_40984214.mp3	2376
common_voice_sr_27675742.mp3	1872
common_voice_sr_40981940.mp3	2160
common_voice_sr_46919185.mp3	2952
common_voice_sr_36766062.mp3	2376
common_voice_sr_38847199.mp3	3996
common_voice_sr_36804255.mp3	2628
common_voice_sr_40985171.mp3	2160
common_voice_sr_37006635.mp3	2628
common_voice_sr_36767448.mp3	3276
common_voice_sr_40878532.mp3	3960
common_voice_sr_26959184.mp3	2628
common_voice_sr_41012753.mp3	2376
common_voice_sr_40997418.mp3	9360
common_voice_sr_38511368.mp3	2592
common_voice_sr_36951832.mp3	2052
common_voice_sr_40980010.mp3	1908
common_voice_sr_37810883.mp3	2592
common_voice_sr_27701675.mp3	3492
common_voice_sr_40984034.mp3	2340
common_voice_sr_37517892.mp3	2916
common_voice_sr_36674267.mp3	2988
common_voice_sr_40978661.mp3	2448
common_voice_sr_26874305.mp3	2808
common_voice_sr_39330607.mp3	5328
common_voice_sr_27314163.mp3	2556
common_voice_sr_38523503.mp3	3492
common_voice_sr_40977736.mp3	5616
common_voice_sr_40975807.mp3	4788
common_voice_sr_40974191.mp3	4896
common_voice_sr_27781261.mp3	2088
common_voice_sr_40976302.mp3	3348
common_voice_sr_37810687.mp3	2052
common_voice_sr_40983492.mp3	2016
common_voice_sr_35099188.mp3	4824
common_voice_sr_36767354.mp3	1908
common_voice_sr_28526330.mp3	2628
common_voice_sr_36804249.mp3	3708
common_voice_sr_36765495.mp3	2412
common_voice_sr_40977495.mp3	2808
common_voice_sr_40991329.mp3	3348
common_voice_sr_36765651.mp3	1980
common_voice_sr_39293118.mp3	5220
common_voice_sr_36994291.mp3	3600
common_voice_sr_40981013.mp3	3888
common_voice_sr_48250986.mp3	4896
common_voice_sr_39330696.mp3	4140
common_voice_sr_39885135.mp3	4356
common_voice_sr_39316385.mp3	2628
common_voice_sr_35085075.mp3	2340
common_voice_sr_40405781.mp3	5976
common_voice_sr_27014848.mp3	4428
common_voice_sr_36946999.mp3	2628
common_voice_sr_26960169.mp3	3528
common_voice_sr_28441430.mp3	2448
common_voice_sr_27635175.mp3	2988
common_voice_sr_40977912.mp3	4140
common_voice_sr_36773233.mp3	3204
common_voice_sr_40982843.mp3	2088
common_voice_sr_26874322.mp3	2448
common_voice_sr_40976290.mp3	4176
common_voice_sr_27014824.mp3	2376
common_voice_sr_40980026.mp3	2520
common_voice_sr_27635146.mp3	2700
common_voice_sr_40471802.mp3	3600
common_voice_sr_28517919.mp3	2448
common_voice_sr_28526318.mp3	2916
common_voice_sr_41031309.mp3	4608
common_voice_sr_27636110.mp3	2736
common_voice_sr_27675623.mp3	2448
common_voice_sr_46063999.mp3	3348
common_voice_sr_27781340.mp3	2628
common_voice_sr_40979985.mp3	2088
common_voice_sr_39885063.mp3	4392
common_voice_sr_45994769.mp3	3384
common_voice_sr_40978163.mp3	3600
common_voice_sr_26958928.mp3	1908
common_voice_sr_28521400.mp3	1692
common_voice_sr_39257283.mp3	3636
common_voice_sr_41021500.mp3	2196
common_voice_sr_40979925.mp3	3816
common_voice_sr_39257119.mp3	4068
common_voice_sr_40978663.mp3	1908
common_voice_sr_40977812.mp3	4320
common_voice_sr_36949255.mp3	1836
common_voice_sr_38031087.mp3	3276
common_voice_sr_41873261.mp3	5040
common_voice_sr_40982884.mp3	4356
common_voice_sr_36804210.mp3	2880
common_voice_sr_28521338.mp3	2304
common_voice_sr_35089321.mp3	3564
common_voice_sr_41009938.mp3	3636
common_voice_sr_28526454.mp3	2736
common_voice_sr_40983536.mp3	4680
common_voice_sr_40983522.mp3	2268
common_voice_sr_41029080.mp3	5220
common_voice_sr_40980294.mp3	2016
common_voice_sr_38525964.mp3	2556
common_voice_sr_27011080.mp3	2340
common_voice_sr_39885057.mp3	3096
common_voice_sr_40991280.mp3	4176
common_voice_sr_35086563.mp3	3276
common_voice_sr_27635121.mp3	3456
common_voice_sr_35248764.mp3	2376
common_voice_sr_37810659.mp3	4248
common_voice_sr_40977478.mp3	3636
common_voice_sr_39770124.mp3	6660
common_voice_sr_40979017.mp3	1800
common_voice_sr_39278151.mp3	5256
common_voice_sr_35399881.mp3	1548
common_voice_sr_40975919.mp3	2880
common_voice_sr_28521390.mp3	1800
common_voice_sr_40982845.mp3	2340
common_voice_sr_38509090.mp3	3240
common_voice_sr_39330475.mp3	4140
common_voice_sr_40985645.mp3	2808
common_voice_sr_41024443.mp3	2340
common_voice_sr_36765857.mp3	2052
common_voice_sr_40983456.mp3	4248
common_voice_sr_40985477.mp3	4608
common_voice_sr_35399352.mp3	1116
common_voice_sr_26981407.mp3	2376
common_voice_sr_40977541.mp3	5580
common_voice_sr_40981831.mp3	3348
common_voice_sr_28521374.mp3	1584
common_voice_sr_40981797.mp3	2736
common_voice_sr_40976264.mp3	2196
common_voice_sr_36767475.mp3	2376
common_voice_sr_39263246.mp3	3528
common_voice_sr_40991262.mp3	3168
common_voice_sr_27014916.mp3	2736
common_voice_sr_40978508.mp3	1980
common_voice_sr_40983458.mp3	2088
common_voice_sr_41006528.mp3	2376
common_voice_sr_45995196.mp3	2448
common_voice_sr_38525988.mp3	3780
common_voice_sr_40985831.mp3	2628
common_voice_sr_37315351.mp3	2700
common_voice_sr_35099342.mp3	2844
common_voice_sr_40983567.mp3	2268
common_voice_sr_27675619.mp3	3960
common_voice_sr_40977505.mp3	4860
common_voice_sr_36453125.mp3	2448
common_voice_sr_36774409.mp3	3888
common_voice_sr_41325025.mp3	4824
common_voice_sr_40997539.mp3	2880
common_voice_sr_41010698.mp3	2160
common_voice_sr_28526526.mp3	2736
common_voice_sr_37259385.mp3	2556
common_voice_sr_40978999.mp3	2700
common_voice_sr_40997406.mp3	2556
common_voice_sr_38525980.mp3	3168
common_voice_sr_36994412.mp3	2736
common_voice_sr_35088564.mp3	2556
common_voice_sr_40984243.mp3	2340
common_voice_sr_40471860.mp3	3348
common_voice_sr_45994699.mp3	3672
common_voice_sr_35265105.mp3	2592
common_voice_sr_28623207.mp3	2376
common_voice_sr_38525997.mp3	2484
common_voice_sr_38521552.mp3	3384
common_voice_sr_40977691.mp3	5760
common_voice_sr_28439848.mp3	3168
common_voice_sr_40985594.mp3	5796
common_voice_sr_38833334.mp3	2556
common_voice_sr_41006381.mp3	4248
common_voice_sr_40979339.mp3	3276
common_voice_sr_35101538.mp3	2160
common_voice_sr_36949452.mp3	2736
common_voice_sr_36946593.mp3	2196
common_voice_sr_40987695.mp3	3528
common_voice_sr_27635059.mp3	4824
common_voice_sr_35086476.mp3	2196
common_voice_sr_35099191.mp3	3348
common_voice_sr_40997701.mp3	2340
common_voice_sr_36946800.mp3	3456
common_voice_sr_35098221.mp3	2556
common_voice_sr_40977816.mp3	2988
common_voice_sr_40982874.mp3	2196
common_voice_sr_37810732.mp3	2700
common_voice_sr_40991306.mp3	3168
common_voice_sr_27781306.mp3	2520
common_voice_sr_26874380.mp3	2628
common_voice_sr_41012931.mp3	2340
common_voice_sr_40991063.mp3	6408
common_voice_sr_41010526.mp3	2376
common_voice_sr_37810710.mp3	5040
common_voice_sr_35360817.mp3	1656
common_voice_sr_35087271.mp3	5220
common_voice_sr_46919336.mp3	2844
common_voice_sr_41021520.mp3	2628
common_voice_sr_36767563.mp3	2268
common_voice_sr_35097170.mp3	3960
common_voice_sr_40977934.mp3	3240
common_voice_sr_40975852.mp3	2196
common_voice_sr_27014835.mp3	2556
common_voice_sr_38526000.mp3	2052
common_voice_sr_40980936.mp3	3996
common_voice_sr_27660539.mp3	3240
common_voice_sr_26945893.mp3	2376
common_voice_sr_38531909.mp3	4068
common_voice_sr_40983335.mp3	2700
common_voice_sr_40984222.mp3	2376
common_voice_sr_40985824.mp3	6300
common_voice_sr_41012704.mp3	2448
common_voice_sr_39936648.mp3	3168
common_voice_sr_35126178.mp3	2376
common_voice_sr_35399399.mp3	1872
common_voice_sr_27636501.mp3	2376
common_voice_sr_40976919.mp3	3708
common_voice_sr_36804152.mp3	2880
common_voice_sr_35090551.mp3	2628
common_voice_sr_40985170.mp3	1728
common_voice_sr_33192072.mp3	3780
common_voice_sr_40976307.mp3	3420
common_voice_sr_41031276.mp3	2340
common_voice_sr_40975558.mp3	3528
common_voice_sr_38847177.mp3	3348
common_voice_sr_28526243.mp3	2268
common_voice_sr_27655837.mp3	3996
common_voice_sr_28526426.mp3	4608
common_voice_sr_27781413.mp3	2376
common_voice_sr_27014822.mp3	2556
common_voice_sr_36950617.mp3	2340
common_voice_sr_45994773.mp3	2808
common_voice_sr_35088683.mp3	2520
common_voice_sr_40979919.mp3	2880
common_voice_sr_28526480.mp3	2520
common_voice_sr_40974215.mp3	3708
common_voice_sr_40977818.mp3	6408
common_voice_sr_40975596.mp3	3348
common_voice_sr_27781235.mp3	4320
common_voice_sr_40978762.mp3	2376
common_voice_sr_40980042.mp3	2268
common_voice_sr_41000496.mp3	2916
common_voice_sr_38531813.mp3	3600
common_voice_sr_36765883.mp3	2016
common_voice_sr_46064115.mp3	4932
common_voice_sr_36765296.mp3	3024
common_voice_sr_38523480.mp3	2052
common_voice_sr_35091349.mp3	1980
common_voice_sr_40987681.mp3	3636
common_voice_sr_40982007.mp3	2916
common_voice_sr_40985943.mp3	2340
common_voice_sr_40989478.mp3	3996
common_voice_sr_40975804.mp3	2880
common_voice_sr_36950127.mp3	2448
common_voice_sr_27781431.mp3	2268
common_voice_sr_40997422.mp3	2700
common_voice_sr_40983535.mp3	2556
common_voice_sr_26943975.mp3	3060
common_voice_sr_36767482.mp3	3708
common_voice_sr_40975547.mp3	5508
common_voice_sr_27781469.mp3	2088
common_voice_sr_46919622.mp3	2124
common_voice_sr_41021533.mp3	3636
common_voice_sr_45994592.mp3	3600
common_voice_sr_40978579.mp3	4176
common_voice_sr_40386136.mp3	5508
common_voice_sr_40975997.mp3	5760
common_voice_sr_40985138.mp3	2376
common_voice_sr_37810896.mp3	3096
common_voice_sr_28216719.mp3	3060
common_voice_sr_45994554.mp3	6660
common_voice_sr_41006379.mp3	4680
common_voice_sr_36951830.mp3	2124
common_voice_sr_36994395.mp3	2520
common_voice_sr_41010442.mp3	3276
common_voice_sr_41006353.mp3	5040
common_voice_sr_35109109.mp3	2448
common_voice_sr_46063773.mp3	3780
common_voice_sr_36773255.mp3	2448
common_voice_sr_36804251.mp3	2448
common_voice_sr_39884969.mp3	3996
common_voice_sr_40974231.mp3	5760
common_voice_sr_31892524.mp3	1908
common_voice_sr_40976021.mp3	3528
common_voice_sr_38509225.mp3	1836
common_voice_sr_36774580.mp3	2628
common_voice_sr_45994997.mp3	2772
common_voice_sr_40978500.mp3	4068
common_voice_sr_39330548.mp3	4716
common_voice_sr_28517900.mp3	5220
common_voice_sr_40985474.mp3	2448
common_voice_sr_27781323.mp3	2268
common_voice_sr_36765524.mp3	2088
common_voice_sr_40975790.mp3	4608
common_voice_sr_35087797.mp3	2196
common_voice_sr_40984198.mp3	2088
common_voice_sr_36767291.mp3	2124
common_voice_sr_38847191.mp3	3276
common_voice_sr_35087919.mp3	3168
common_voice_sr_37574623.mp3	3996
common_voice_sr_40981217.mp3	2376
common_voice_sr_27661025.mp3	2376
common_voice_sr_36765309.mp3	2592
common_voice_sr_40980025.mp3	3780
common_voice_sr_40987715.mp3	6228
common_voice_sr_40985860.mp3	4176
common_voice_sr_27751832.mp3	3600
common_voice_sr_36765787.mp3	2664
common_voice_sr_28216754.mp3	2520
common_voice_sr_36950694.mp3	3024
common_voice_sr_39316383.mp3	4860
common_voice_sr_28441209.mp3	2808
common_voice_sr_39257257.mp3	5256
common_voice_sr_40977542.mp3	5220
common_voice_sr_37810701.mp3	3852
common_voice_sr_48251179.mp3	3348
common_voice_sr_36765771.mp3	3276
common_voice_sr_37315328.mp3	2628
common_voice_sr_40977771.mp3	3240
common_voice_sr_35087918.mp3	3348
common_voice_sr_37523054.mp3	2592
common_voice_sr_27014873.mp3	2556
common_voice_sr_26873669.mp3	3240
common_voice_sr_27675924.mp3	1980
common_voice_sr_40981158.mp3	2916
common_voice_sr_26553051.mp3	2268
common_voice_sr_36950735.mp3	2196
common_voice_sr_36765295.mp3	3852
common_voice_sr_36765884.mp3	2124
common_voice_sr_40980256.mp3	4320
common_voice_sr_33242757.mp3	3456
common_voice_sr_38535669.mp3	2484
common_voice_sr_41013012.mp3	3060
common_voice_sr_26946037.mp3	1872
common_voice_sr_40982679.mp3	3456
common_voice_sr_40979300.mp3	8136
common_voice_sr_40991105.mp3	4716
common_voice_sr_40978788.mp3	2628
common_voice_sr_39330454.mp3	6840
common_voice_sr_40997699.mp3	3456
common_voice_sr_38509092.mp3	2664
common_voice_sr_41024468.mp3	4248
common_voice_sr_39330583.mp3	4356
common_voice_sr_26959501.mp3	2016
common_voice_sr_36793409.mp3	2556
common_voice_sr_28441316.mp3	2736
common_voice_sr_36765979.mp3	2160
common_voice_sr_40984216.mp3	2088
common_voice_sr_27685959.mp3	3492
common_voice_sr_26959702.mp3	2736
common_voice_sr_39254642.mp3	2988
common_voice_sr_39770126.mp3	5580
common_voice_sr_35360940.mp3	1548
common_voice_sr_41325212.mp3	2268
common_voice_sr_40975914.mp3	5508
common_voice_sr_40977060.mp3	4428
common_voice_sr_39884992.mp3	4464
common_voice_sr_28321651.mp3	2916
common_voice_sr_46919495.mp3	3888
common_voice_sr_40471854.mp3	4140
common_voice_sr_27781433.mp3	2376
common_voice_sr_27634850.mp3	3276
common_voice_sr_33192096.mp3	2556
common_voice_sr_41006464.mp3	4968
common_voice_sr_40977937.mp3	3456
common_voice_sr_45994931.mp3	3960
common_voice_sr_40985825.mp3	3600
common_voice_sr_37810689.mp3	4032
common_voice_sr_40977640.mp3	5040
common_voice_sr_36951784.mp3	2196
common_voice_sr_40976257.mp3	3996
common_voice_sr_40977790.mp3	1836
common_voice_sr_38509091.mp3	4500
common_voice_sr_36774748.mp3	2196
common_voice_sr_41017416.mp3	2088
common_voice_sr_43196826.mp3	3924
common_voice_sr_35085155.mp3	2448
common_voice_sr_27675644.mp3	2268
common_voice_sr_35398956.mp3	1548
common_voice_sr_41000541.mp3	3168
common_voice_sr_28663230.mp3	3168
common_voice_sr_41029127.mp3	2016
common_voice_sr_36767293.mp3	5256
common_voice_sr_28521353.mp3	1656
common_voice_sr_40985950.mp3	9828
common_voice_sr_26945986.mp3	2484
common_voice_sr_37810786.mp3	1764
common_voice_sr_40979321.mp3	2088
common_voice_sr_40977028.mp3	4608
common_voice_sr_40977829.mp3	2016
common_voice_sr_41021502.mp3	2340
common_voice_sr_39885145.mp3	3636
common_voice_sr_40984060.mp3	1980
common_voice_sr_27781365.mp3	2808
common_voice_sr_40985644.mp3	5040
common_voice_sr_36946798.mp3	4356
common_voice_sr_40985108.mp3	2916
common_voice_sr_35397921.mp3	1296
common_voice_sr_28521355.mp3	1692
common_voice_sr_38509084.mp3	5220
common_voice_sr_41006384.mp3	2016
common_voice_sr_27314289.mp3	4176
common_voice_sr_31333170.mp3	2880
common_voice_sr_46917856.mp3	2916
common_voice_sr_40471748.mp3	2556
common_voice_sr_27635160.mp3	2808
common_voice_sr_39885137.mp3	3168
common_voice_sr_35267605.mp3	2232
common_voice_sr_28623236.mp3	2700
common_voice_sr_41010596.mp3	2016
common_voice_sr_40984029.mp3	2376
common_voice_sr_39884929.mp3	3996
common_voice_sr_35360827.mp3	2880
common_voice_sr_38515495.mp3	2412
common_voice_sr_40984061.mp3	2268
common_voice_sr_27636252.mp3	2736
common_voice_sr_27781405.mp3	3060
common_voice_sr_40983548.mp3	2520
common_voice_sr_27662242.mp3	4284
common_voice_sr_40983512.mp3	1836
common_voice_sr_40978604.mp3	5688
common_voice_sr_40984189.mp3	2268
common_voice_sr_40997552.mp3	2520
common_voice_sr_27636215.mp3	2520
common_voice_sr_36765303.mp3	3384
common_voice_sr_40985497.mp3	5040
common_voice_sr_36946922.mp3	2196
common_voice_sr_27675829.mp3	2124
common_voice_sr_40981568.mp3	2448
common_voice_sr_40975745.mp3	3420
common_voice_sr_40974237.mp3	2988
common_voice_sr_36765933.mp3	2232
common_voice_sr_37810822.mp3	3636
common_voice_sr_36765507.mp3	1908
common_voice_sr_40981375.mp3	3348
common_voice_sr_40983426.mp3	6300
common_voice_sr_39980229.mp3	5436
common_voice_sr_38509116.mp3	4464
common_voice_sr_39316400.mp3	4788
common_voice_sr_45995182.mp3	3240
common_voice_sr_41017415.mp3	1728
common_voice_sr_40989428.mp3	8316
common_voice_sr_36950132.mp3	2448
common_voice_sr_27794965.mp3	2808
common_voice_sr_28441217.mp3	2736
common_voice_sr_28526370.mp3	2880
common_voice_sr_27635300.mp3	4032
common_voice_sr_36774367.mp3	2196
common_voice_sr_36950642.mp3	2304
common_voice_sr_39257120.mp3	3600
common_voice_sr_40989415.mp3	2196
common_voice_sr_36774760.mp3	2268
common_voice_sr_40983417.mp3	2736
common_voice_sr_41029074.mp3	2736
common_voice_sr_35265186.mp3	2592
common_voice_sr_40550105.mp3	5616
common_voice_sr_36946717.mp3	2628
common_voice_sr_27011734.mp3	2700
common_voice_sr_40977728.mp3	6480
common_voice_sr_27675815.mp3	2880
common_voice_sr_40983622.mp3	1620
common_voice_sr_40985486.mp3	4320
common_voice_sr_27794971.mp3	2628
common_voice_sr_41012846.mp3	1800
common_voice_sr_35090742.mp3	2700
common_voice_sr_40984051.mp3	1908
common_voice_sr_40491662.mp3	3564
common_voice_sr_40985646.mp3	2268
common_voice_sr_40997714.mp3	4068
common_voice_sr_27014754.mp3	2700
common_voice_sr_36994409.mp3	3816
common_voice_sr_40386273.mp3	3888
common_voice_sr_35089136.mp3	3348
common_voice_sr_36765412.mp3	3564
common_voice_sr_36947025.mp3	2376
common_voice_sr_40981848.mp3	2520
common_voice_sr_40982610.mp3	2448
common_voice_sr_27636513.mp3	2340
common_voice_sr_45994996.mp3	5328
common_voice_sr_28441253.mp3	2376
common_voice_sr_26874206.mp3	3096
common_voice_sr_46919005.mp3	4176
common_voice_sr_40978636.mp3	2268
common_voice_sr_27781453.mp3	2520
common_voice_sr_38531830.mp3	2340
common_voice_sr_27662192.mp3	3492
common_voice_sr_35086377.mp3	2340
common_voice_sr_40977669.mp3	2196
common_voice_sr_40549968.mp3	5868
common_voice_sr_35085582.mp3	2160
common_voice_sr_36950763.mp3	2016
common_voice_sr_26874330.mp3	2736
common_voice_sr_26960666.mp3	4788
common_voice_sr_40981772.mp3	4248
common_voice_sr_36804144.mp3	2448
common_voice_sr_40980044.mp3	3276
common_voice_sr_28521324.mp3	1980
common_voice_sr_40982612.mp3	2808
common_voice_sr_36950646.mp3	2376
common_voice_sr_36774506.mp3	3636
common_voice_sr_27660639.mp3	2772
common_voice_sr_26937942.mp3	4248
common_voice_sr_40979003.mp3	3780
common_voice_sr_38511373.mp3	2268
common_voice_sr_38521582.mp3	4140
common_voice_sr_41010542.mp3	3096
common_voice_sr_36994423.mp3	2592
common_voice_sr_41012772.mp3	3240
common_voice_sr_40386153.mp3	3060
common_voice_sr_36434793.mp3	2916
common_voice_sr_40985427.mp3	1800
common_voice_sr_37810809.mp3	2160
common_voice_sr_41006363.mp3	6048
common_voice_sr_28441238.mp3	2448
common_voice_sr_27681770.mp3	2340
common_voice_sr_40977517.mp3	2196
common_voice_sr_41021513.mp3	2268
common_voice_sr_27675647.mp3	2160
common_voice_sr_37517911.mp3	3816
common_voice_sr_38509235.mp3	2556
common_voice_sr_40977690.mp3	4500
common_voice_sr_39936670.mp3	5508
common_voice_sr_39257155.mp3	3960
common_voice_sr_40980267.mp3	3420
common_voice_sr_41009904.mp3	3456
common_voice_sr_40991247.mp3	2520
common_voice_sr_41010604.mp3	2880
common_voice_sr_27636680.mp3	2016
common_voice_sr_27014803.mp3	5976
common_voice_sr_40983684.mp3	1908
common_voice_sr_35089138.mp3	3096
common_voice_sr_27655633.mp3	2340
common_voice_sr_36804221.mp3	2088
common_voice_sr_39254530.mp3	4248
common_voice_sr_36994451.mp3	3168
common_voice_sr_40977726.mp3	3456
common_voice_sr_38833183.mp3	2880
common_voice_sr_35091357.mp3	2268
common_voice_sr_39330622.mp3	5940
common_voice_sr_27314226.mp3	3060
common_voice_sr_38523435.mp3	2088
common_voice_sr_40985502.mp3	5220
common_voice_sr_36949451.mp3	3096
common_voice_sr_36946586.mp3	3240
common_voice_sr_27781475.mp3	2520
common_voice_sr_39936675.mp3	6840
common_voice_sr_32761938.mp3	2268
common_voice_sr_35099238.mp3	2916
common_voice_sr_40981273.mp3	3348
common_voice_sr_38031069.mp3	5040
common_voice_sr_40983467.mp3	4536
common_voice_sr_37810812.mp3	1944
common_voice_sr_33242696.mp3	2988
common_voice_sr_40982887.mp3	2916
common_voice_sr_40189517.mp3	4608
common_voice_sr_36774259.mp3	2556
common_voice_sr_41325208.mp3	2340
common_voice_sr_36765473.mp3	4032
common_voice_sr_38537468.mp3	1944
common_voice_sr_40983496.mp3	2880
common_voice_sr_40989401.mp3	5040
common_voice_sr_46919527.mp3	3420
common_voice_sr_37810751.mp3	5184
common_voice_sr_46919002.mp3	3636
common_voice_sr_39936566.mp3	4248
common_voice_sr_27636665.mp3	2196
common_voice_sr_36767528.mp3	2376
common_voice_sr_39257116.mp3	4860
common_voice_sr_26960409.mp3	2268
common_voice_sr_40981203.mp3	3456
common_voice_sr_35086337.mp3	2340
common_voice_sr_37810783.mp3	2340
common_voice_sr_37810781.mp3	2808
common_voice_sr_40984019.mp3	2196
common_voice_sr_41010471.mp3	3060
common_voice_sr_28153961.mp3	2520
common_voice_sr_38531839.mp3	1692
common_voice_sr_27781383.mp3	2556
common_voice_sr_40984285.mp3	2088
common_voice_sr_35086562.mp3	2304
common_voice_sr_36765520.mp3	1800
common_voice_sr_40981378.mp3	4500
common_voice_sr_36950214.mp3	2196
common_voice_sr_40977751.mp3	2520
common_voice_sr_37810670.mp3	2412
common_voice_sr_40985822.mp3	3960
common_voice_sr_27314134.mp3	2988
common_voice_sr_38535660.mp3	2088
common_voice_sr_36838904.mp3	2988
common_voice_sr_38521576.mp3	1908
common_voice_sr_48251071.mp3	3636
common_voice_sr_40991335.mp3	3816
common_voice_sr_41009873.mp3	4500
common_voice_sr_36949458.mp3	4320
common_voice_sr_27314265.mp3	2556
common_voice_sr_40983563.mp3	2088
common_voice_sr_40386252.mp3	3888
common_voice_sr_41021488.mp3	1908
common_voice_sr_28521375.mp3	2952
common_voice_sr_40405804.mp3	5256
common_voice_sr_45994866.mp3	3348
common_voice_sr_37006638.mp3	2700
common_voice_sr_36946664.mp3	2808
common_voice_sr_27635271.mp3	3204
common_voice_sr_39330729.mp3	4176
common_voice_sr_35400041.mp3	1404
common_voice_sr_40978549.mp3	5796
common_voice_sr_39257130.mp3	4968
common_voice_sr_36774505.mp3	2556
common_voice_sr_36767571.mp3	2196
common_voice_sr_41006364.mp3	5040
common_voice_sr_40977419.mp3	6300
common_voice_sr_27675897.mp3	3456
common_voice_sr_27675900.mp3	2520
common_voice_sr_37315290.mp3	3168
common_voice_sr_28623173.mp3	2880
common_voice_sr_40987685.mp3	5940
common_voice_sr_41012804.mp3	2520
common_voice_sr_36951788.mp3	2232
common_voice_sr_45995192.mp3	6300
common_voice_sr_41010663.mp3	2268
common_voice_sr_37315304.mp3	4500
common_voice_sr_27014755.mp3	2916
common_voice_sr_40974206.mp3	3528
common_voice_sr_39330582.mp3	4320
common_voice_sr_38369105.mp3	2520
common_voice_sr_36767305.mp3	2448
common_voice_sr_40984279.mp3	1980
common_voice_sr_28623174.mp3	5508
common_voice_sr_36774312.mp3	2016
common_voice_sr_38511438.mp3	2412
common_voice_sr_28521360.mp3	1980
common_voice_sr_27011726.mp3	2556
common_voice_sr_40983525.mp3	2448
common_voice_sr_36951790.mp3	2232
common_voice_sr_35085597.mp3	2160
common_voice_sr_40975740.mp3	3240
common_voice_sr_40978709.mp3	3636
common_voice_sr_36453124.mp3	2520
common_voice_sr_36767383.mp3	2304
common_voice_sr_40471755.mp3	4212
common_voice_sr_28321688.mp3	3168
common_voice_sr_35278268.mp3	1944
common_voice_sr_46919722.mp3	2628
common_voice_sr_27751851.mp3	2268
common_voice_sr_36774143.mp3	2340
common_voice_sr_36773293.mp3	3348
common_voice_sr_35397918.mp3	1476
common_voice_sr_48251245.mp3	3420
common_voice_sr_40985871.mp3	3636
common_voice_sr_35099204.mp3	2664
common_voice_sr_40978577.mp3	3996
common_voice_sr_40471798.mp3	2520
common_voice_sr_36964016.mp3	4788
common_voice_sr_40979027.mp3	1908
common_voice_sr_35399126.mp3	1512
common_voice_sr_41031285.mp3	2520
common_voice_sr_37810656.mp3	5292
common_voice_sr_27008124.mp3	2376
common_voice_sr_40978652.mp3	2448
common_voice_sr_39936647.mp3	4608
common_voice_sr_27781470.mp3	2520
common_voice_sr_40977026.mp3	3348
common_voice_sr_36946769.mp3	2448
common_voice_sr_41012841.mp3	2016
common_voice_sr_40983675.mp3	5328
common_voice_sr_40987701.mp3	6120
common_voice_sr_40976922.mp3	3096
common_voice_sr_27008154.mp3	2880
common_voice_sr_38526009.mp3	2124
common_voice_sr_37517859.mp3	3780
common_voice_sr_36934811.mp3	5220
common_voice_sr_40977757.mp3	2628
common_voice_sr_35085598.mp3	2556
common_voice_sr_37391354.mp3	4248
common_voice_sr_39263248.mp3	3636
common_voice_sr_37810706.mp3	2664
common_voice_sr_46919802.mp3	4284
common_voice_sr_27794960.mp3	2340
common_voice_sr_41009890.mp3	2556
common_voice_sr_36774045.mp3	2196
common_voice_sr_36950068.mp3	2916
common_voice_sr_36765834.mp3	2520
common_voice_sr_37315366.mp3	4176
common_voice_sr_35278248.mp3	3744
common_voice_sr_35094492.mp3	2448
common_voice_sr_36950245.mp3	1800
common_voice_sr_33242770.mp3	3384
common_voice_sr_40978462.mp3	6300
common_voice_sr_35360809.mp3	1800
common_voice_sr_35126177.mp3	2808
common_voice_sr_40975563.mp3	5328
common_voice_sr_40975535.mp3	5760
common_voice_sr_35126158.mp3	2016
common_voice_sr_27014711.mp3	2628
common_voice_sr_40977746.mp3	2088
common_voice_sr_28859098.mp3	2736
common_voice_sr_36773402.mp3	3708
common_voice_sr_37810632.mp3	2448
common_voice_sr_27014713.mp3	3240
common_voice_sr_27655815.mp3	2880
common_voice_sr_27781397.mp3	2340
common_voice_sr_26960228.mp3	2916
common_voice_sr_40978439.mp3	4860
common_voice_sr_36946603.mp3	3420
common_voice_sr_40979005.mp3	5220
common_voice_sr_28859083.mp3	2556
common_voice_sr_40976854.mp3	4608
common_voice_sr_41013036.mp3	1980
common_voice_sr_39936565.mp3	5976
common_voice_sr_36949301.mp3	2808
common_voice_sr_46919718.mp3	4860
common_voice_sr_36950554.mp3	2484
common_voice_sr_40983683.mp3	4716
common_voice_sr_40976255.mp3	3996
common_voice_sr_35085536.mp3	2448
common_voice_sr_40982622.mp3	2016
common_voice_sr_39936591.mp3	6120
common_voice_sr_27781341.mp3	2556
common_voice_sr_35086282.mp3	2880
common_voice_sr_39330502.mp3	4968
common_voice_sr_36765336.mp3	2772
common_voice_sr_37810792.mp3	3348
common_voice_sr_40977792.mp3	2808
common_voice_sr_27781356.mp3	2916
common_voice_sr_40985478.mp3	2880
common_voice_sr_36994385.mp3	2592
common_voice_sr_40981218.mp3	3996
common_voice_sr_40975575.mp3	2556
common_voice_sr_36453127.mp3	2448
common_voice_sr_36946797.mp3	2556
common_voice_sr_27781401.mp3	2736
common_voice_sr_40974221.mp3	3996
common_voice_sr_40491628.mp3	3384
common_voice_sr_35086475.mp3	2520
common_voice_sr_40994063.mp3	7200
common_voice_sr_40975698.mp3	3528
common_voice_sr_35090528.mp3	3600
common_voice_sr_28438388.mp3	2808
common_voice_sr_40471827.mp3	4500
common_voice_sr_39885033.mp3	3420
common_voice_sr_36949088.mp3	5508
common_voice_sr_36774332.mp3	2340
common_voice_sr_38523462.mp3	1908
common_voice_sr_40977624.mp3	4068
common_voice_sr_41012785.mp3	5076
common_voice_sr_41010595.mp3	3780
common_voice_sr_36765672.mp3	2736
common_voice_sr_37523113.mp3	3456
common_voice_sr_27660623.mp3	3780
common_voice_sr_40979268.mp3	3060
common_voice_sr_38531892.mp3	1692
common_voice_sr_37523050.mp3	4680
common_voice_sr_35086356.mp3	3564
common_voice_sr_40991268.mp3	3168
common_voice_sr_40991097.mp3	7560
common_voice_sr_39936657.mp3	6228
common_voice_sr_28526455.mp3	2520
common_voice_sr_40974184.mp3	5256
common_voice_sr_27008174.mp3	2736
common_voice_sr_40386086.mp3	4320
common_voice_sr_40491624.mp3	4644
common_voice_sr_35396977.mp3	1944
common_voice_sr_46917440.mp3	3960
common_voice_sr_38845515.mp3	2448
common_voice_sr_46920602.mp3	5976
common_voice_sr_30649703.mp3	3060
common_voice_sr_40984234.mp3	2340
common_voice_sr_35089397.mp3	3024
common_voice_sr_40979531.mp3	3060
common_voice_sr_36950233.mp3	3780
common_voice_sr_39885060.mp3	4752
common_voice_sr_40980992.mp3	1908
common_voice_sr_41010737.mp3	4248
common_voice_sr_39254640.mp3	3888
common_voice_sr_39330631.mp3	4140
common_voice_sr_40981934.mp3	1980
common_voice_sr_41012828.mp3	2376
common_voice_sr_46920598.mp3	2664
common_voice_sr_40991052.mp3	4068
common_voice_sr_36674269.mp3	3132
common_voice_sr_40989418.mp3	5940
common_voice_sr_35360816.mp3	1800
common_voice_sr_36947108.mp3	2988
common_voice_sr_40977568.mp3	2016
common_voice_sr_38509220.mp3	4824
common_voice_sr_45994822.mp3	3960
common_voice_sr_35098213.mp3	2268
common_voice_sr_26981423.mp3	2556
common_voice_sr_36774216.mp3	2736
common_voice_sr_40981582.mp3	5076
common_voice_sr_35086358.mp3	3492
common_voice_sr_35085045.mp3	3816
common_voice_sr_28441363.mp3	2340
common_voice_sr_35085556.mp3	2196
common_voice_sr_36994278.mp3	2484
common_voice_sr_38537459.mp3	2520
common_voice_sr_40977570.mp3	2988
common_voice_sr_40976022.mp3	2448
common_voice_sr_28521398.mp3	1512
common_voice_sr_40985127.mp3	2556
common_voice_sr_40983659.mp3	2160
common_voice_sr_40997705.mp3	3600
common_voice_sr_40981825.mp3	1800
common_voice_sr_40975867.mp3	2448
common_voice_sr_36804179.mp3	2736
common_voice_sr_40978790.mp3	4608
common_voice_sr_40977554.mp3	2556
common_voice_sr_36950213.mp3	2268
common_voice_sr_40977686.mp3	2916
common_voice_sr_40997568.mp3	3348
common_voice_sr_36774561.mp3	3060
common_voice_sr_39330513.mp3	2988
common_voice_sr_39257303.mp3	3420
common_voice_sr_37810939.mp3	2448
common_voice_sr_35085564.mp3	2088
common_voice_sr_41024473.mp3	2340
common_voice_sr_36950586.mp3	2268
common_voice_sr_36674431.mp3	2772
common_voice_sr_40471717.mp3	3456
common_voice_sr_27661023.mp3	2880
common_voice_sr_32761951.mp3	1656
common_voice_sr_27794964.mp3	2628
common_voice_sr_35090589.mp3	2880
common_voice_sr_40978435.mp3	3600
common_voice_sr_41029154.mp3	1800
common_voice_sr_35400121.mp3	1548
common_voice_sr_36765669.mp3	2664
common_voice_sr_36774408.mp3	2340
common_voice_sr_40984163.mp3	2988
common_voice_sr_40985103.mp3	4140
common_voice_sr_40991090.mp3	2988
common_voice_sr_40975540.mp3	5400
common_voice_sr_36773159.mp3	2988
common_voice_sr_27675718.mp3	1872
common_voice_sr_37523151.mp3	2196
common_voice_sr_27655717.mp3	6156
common_voice_sr_35278270.mp3	2304
common_voice_sr_28441230.mp3	2196
common_voice_sr_40975913.mp3	5148
common_voice_sr_27662318.mp3	3852
common_voice_sr_45994572.mp3	5724
common_voice_sr_40978530.mp3	3816
common_voice_sr_36804189.mp3	2376
common_voice_sr_26960041.mp3	2736
common_voice_sr_35085111.mp3	2556
common_voice_sr_36767519.mp3	2304
common_voice_sr_40982673.mp3	2520
common_voice_sr_41009897.mp3	5076
common_voice_sr_40981846.mp3	5328
common_voice_sr_41010466.mp3	7848
common_voice_sr_38515499.mp3	3888
common_voice_sr_26946023.mp3	2340
common_voice_sr_36950753.mp3	2052
common_voice_sr_38847172.mp3	2448
common_voice_sr_37810769.mp3	2304
common_voice_sr_41010443.mp3	3636
common_voice_sr_28517879.mp3	2340
common_voice_sr_35086560.mp3	5148
common_voice_sr_40980282.mp3	2880
common_voice_sr_27636500.mp3	2160
common_voice_sr_40981886.mp3	2016
common_voice_sr_40984042.mp3	2556
common_voice_sr_40386077.mp3	4608
common_voice_sr_40976926.mp3	4500
common_voice_sr_40471850.mp3	3600
common_voice_sr_36946718.mp3	2340
common_voice_sr_46064055.mp3	2952
common_voice_sr_40977605.mp3	2268
common_voice_sr_27675573.mp3	2340
common_voice_sr_40984053.mp3	2340
common_voice_sr_36947087.mp3	1980
common_voice_sr_27675740.mp3	1764
common_voice_sr_35133151.mp3	6660
common_voice_sr_40982865.mp3	5580
common_voice_sr_36951821.mp3	2916
common_voice_sr_35361000.mp3	2304
common_voice_sr_35099216.mp3	3564
common_voice_sr_40386372.mp3	5148
common_voice_sr_38535666.mp3	2700
common_voice_sr_40976020.mp3	4428
common_voice_sr_40978702.mp3	2700
common_voice_sr_33242708.mp3	3600
common_voice_sr_28951044.mp3	2232
common_voice_sr_40464255.mp3	4968
common_voice_sr_40994061.mp3	3600
common_voice_sr_40386338.mp3	3600
common_voice_sr_46920170.mp3	4248
common_voice_sr_37523138.mp3	2952
common_voice_sr_41031306.mp3	2088
common_voice_sr_36950173.mp3	2448
common_voice_sr_37523121.mp3	3384
common_voice_sr_40985088.mp3	2088
common_voice_sr_40983353.mp3	3168
common_voice_sr_36765724.mp3	2124
common_voice_sr_40975788.mp3	2376
common_voice_sr_28526560.mp3	2700
common_voice_sr_41010527.mp3	2700
common_voice_sr_36765698.mp3	2124
common_voice_sr_27781337.mp3	2628
common_voice_sr_27636427.mp3	2016
common_voice_sr_41021547.mp3	1908
common_voice_sr_36774056.mp3	2628
common_voice_sr_39936639.mp3	3708
common_voice_sr_40984271.mp3	4536
common_voice_sr_36774491.mp3	2988
common_voice_sr_40974201.mp3	4500
common_voice_sr_40975771.mp3	3276
common_voice_sr_41031268.mp3	2448
common_voice_sr_40981360.mp3	2700
common_voice_sr_40977405.mp3	3960
common_voice_sr_40974240.mp3	3600
common_voice_sr_40981645.mp3	2160
common_voice_sr_40985113.mp3	2268
common_voice_sr_39330637.mp3	4896
common_voice_sr_35087274.mp3	3312
common_voice_sr_28441277.mp3	2340
common_voice_sr_40189503.mp3	4896
common_voice_sr_36765357.mp3	2952
common_voice_sr_45994604.mp3	2376
common_voice_sr_40981981.mp3	1800
common_voice_sr_35090586.mp3	3060
common_voice_sr_40977033.mp3	2880
common_voice_sr_35399236.mp3	2376
common_voice_sr_28526334.mp3	2520
common_voice_sr_35085118.mp3	2700
common_voice_sr_35094469.mp3	3708
common_voice_sr_40985443.mp3	3060
common_voice_sr_40985439.mp3	2088
common_voice_sr_36994255.mp3	2664
common_voice_sr_41029160.mp3	1980
common_voice_sr_28321689.mp3	2628
common_voice_sr_27634867.mp3	2628
common_voice_sr_36946725.mp3	2376
common_voice_sr_26960454.mp3	1908
common_voice_sr_36765431.mp3	2844
common_voice_sr_41031254.mp3	1980
common_voice_sr_36949437.mp3	2736
common_voice_sr_37810644.mp3	2196
common_voice_sr_41017393.mp3	4068
common_voice_sr_40975759.mp3	2268
common_voice_sr_41012940.mp3	1908
common_voice_sr_39316374.mp3	2916
common_voice_sr_40985665.mp3	2088
common_voice_sr_35278235.mp3	3564
common_voice_sr_36804188.mp3	2268
common_voice_sr_40386224.mp3	4896
common_voice_sr_41325058.mp3	2916
common_voice_sr_35278220.mp3	2196
common_voice_sr_35098172.mp3	2196
common_voice_sr_40982844.mp3	3420
common_voice_sr_26981422.mp3	2520
common_voice_sr_38523482.mp3	2232
common_voice_sr_40985595.mp3	2628
common_voice_sr_36505839.mp3	2916
common_voice_sr_40997575.mp3	6408
common_voice_sr_36950655.mp3	2376
common_voice_sr_36994458.mp3	2736
common_voice_sr_40491630.mp3	3672
common_voice_sr_35098211.mp3	2520
common_voice_sr_39936597.mp3	6120
common_voice_sr_40978641.mp3	3060
common_voice_sr_26945760.mp3	2736
common_voice_sr_40979009.mp3	3276
common_voice_sr_28517842.mp3	2700
common_voice_sr_27675558.mp3	2304
common_voice_sr_36773542.mp3	2880
common_voice_sr_28441155.mp3	2736
common_voice_sr_38509214.mp3	4752
common_voice_sr_27781476.mp3	2448
common_voice_sr_36773989.mp3	2700
common_voice_sr_36793394.mp3	2520
common_voice_sr_46919012.mp3	2448
common_voice_sr_36804187.mp3	2736
common_voice_sr_40981640.mp3	1620
common_voice_sr_40975915.mp3	3888
common_voice_sr_41024431.mp3	3168
common_voice_sr_41024469.mp3	1908
common_voice_sr_40471834.mp3	4860
common_voice_sr_40471823.mp3	2844
common_voice_sr_36934870.mp3	4608
common_voice_sr_27636315.mp3	2196
common_voice_sr_36950185.mp3	2340
common_voice_sr_36950690.mp3	2052
common_voice_sr_36767498.mp3	2232
common_voice_sr_27781354.mp3	2628
common_voice_sr_27635301.mp3	4464
common_voice_sr_36765445.mp3	2592
common_voice_sr_40405831.mp3	7056
common_voice_sr_37391382.mp3	2268
common_voice_sr_46921857.mp3	4716
common_voice_sr_40985870.mp3	7020
common_voice_sr_36946858.mp3	2916
common_voice_sr_35278238.mp3	2268
common_voice_sr_37523023.mp3	2016
common_voice_sr_37517782.mp3	4392
common_voice_sr_37006631.mp3	5436
common_voice_sr_38833123.mp3	3240
common_voice_sr_41031281.mp3	1908
common_voice_sr_40987832.mp3	5076
common_voice_sr_37051783.mp3	3096
common_voice_sr_27038859.mp3	3924
common_voice_sr_40980048.mp3	5868
common_voice_sr_35101492.mp3	2448
common_voice_sr_36765432.mp3	2880
common_voice_sr_40979969.mp3	3420
common_voice_sr_40405790.mp3	5580
common_voice_sr_40981982.mp3	3168
common_voice_sr_35091992.mp3	4500
common_voice_sr_41010766.mp3	2160
common_voice_sr_40471832.mp3	2808
common_voice_sr_40977529.mp3	3636
common_voice_sr_27675543.mp3	2124
common_voice_sr_40997698.mp3	3168
common_voice_sr_36804177.mp3	3348
common_voice_sr_26946105.mp3	1980
common_voice_sr_40979559.mp3	2340
common_voice_sr_40983691.mp3	1980
common_voice_sr_40386157.mp3	5220
common_voice_sr_40549981.mp3	4176
common_voice_sr_35088684.mp3	2808
common_voice_sr_36925150.mp3	2808
common_voice_sr_41009936.mp3	3456
common_voice_sr_43194594.mp3	3168
common_voice_sr_38523461.mp3	3672
common_voice_sr_40386087.mp3	3060
common_voice_sr_45994761.mp3	3924
common_voice_sr_40979995.mp3	5400
common_voice_sr_40985668.mp3	2268
common_voice_sr_38526004.mp3	4608
common_voice_sr_28526394.mp3	2700
common_voice_sr_40982037.mp3	1836
common_voice_sr_26945979.mp3	4140
common_voice_sr_35278208.mp3	2844
common_voice_sr_35126126.mp3	1800
common_voice_sr_28441331.mp3	2556
common_voice_sr_40975812.mp3	3348
common_voice_sr_35265182.mp3	2052
common_voice_sr_41000617.mp3	2700
common_voice_sr_35094506.mp3	2520
common_voice_sr_40989405.mp3	5148
common_voice_sr_35248755.mp3	1980
common_voice_sr_41021521.mp3	2088
common_voice_sr_36773543.mp3	5148
common_voice_sr_38844879.mp3	3348
common_voice_sr_39936577.mp3	4428
common_voice_sr_40975977.mp3	4356
common_voice_sr_27953525.mp3	2700
common_voice_sr_36767454.mp3	1980
common_voice_sr_40978556.mp3	4068
common_voice_sr_40386207.mp3	3276
common_voice_sr_28440079.mp3	3636
common_voice_sr_40975808.mp3	5400
common_voice_sr_40983529.mp3	3168
common_voice_sr_38521554.mp3	4212
common_voice_sr_41006487.mp3	2880
common_voice_sr_35267561.mp3	2736
common_voice_sr_40977547.mp3	3996
common_voice_sr_27781330.mp3	2520
common_voice_sr_35397233.mp3	1728
common_voice_sr_40994069.mp3	4968
common_voice_sr_27671114.mp3	2736
common_voice_sr_36765594.mp3	3564
common_voice_sr_36973237.mp3	2448
common_voice_sr_39257261.mp3	5400
common_voice_sr_35097190.mp3	3168
common_voice_sr_40991282.mp3	4068
common_voice_sr_27635178.mp3	2340
common_voice_sr_36946998.mp3	2700
common_voice_sr_40983584.mp3	2520
common_voice_sr_27636109.mp3	4536
common_voice_sr_40974217.mp3	6336
common_voice_sr_38521591.mp3	2268
common_voice_sr_40991058.mp3	6660
common_voice_sr_40991271.mp3	4788
common_voice_sr_38833121.mp3	3096
common_voice_sr_39885160.mp3	3672
common_voice_sr_37574626.mp3	2340
common_voice_sr_40978447.mp3	6120
common_voice_sr_37206888.mp3	4140
common_voice_sr_41017403.mp3	1980
common_voice_sr_37810761.mp3	2808
common_voice_sr_38847186.mp3	4356
common_voice_sr_27314239.mp3	2340
common_voice_sr_41029133.mp3	4320
common_voice_sr_27675941.mp3	1764
common_voice_sr_40984176.mp3	3708
common_voice_sr_36765325.mp3	5040
common_voice_sr_43069440.mp3	7020
common_voice_sr_38515538.mp3	3492
common_voice_sr_40975985.mp3	4248
common_voice_sr_36767395.mp3	3456
common_voice_sr_38523449.mp3	3240
common_voice_sr_36838835.mp3	2376
common_voice_sr_35089396.mp3	2808
common_voice_sr_36767490.mp3	1980
common_voice_sr_37810842.mp3	2412
common_voice_sr_40979295.mp3	2088
common_voice_sr_40983498.mp3	5040
common_voice_sr_40982023.mp3	1908
common_voice_sr_38515497.mp3	2412
common_voice_sr_41010475.mp3	2556
common_voice_sr_28216706.mp3	3168
common_voice_sr_40386363.mp3	5220
common_voice_sr_37523154.mp3	2628
common_voice_sr_40979306.mp3	4140
common_voice_sr_40976306.mp3	2340
common_voice_sr_36950204.mp3	2340
common_voice_sr_26960456.mp3	2196
common_voice_sr_36767302.mp3	2232
common_voice_sr_40975609.mp3	5508
common_voice_sr_40405791.mp3	3888
common_voice_sr_28526539.mp3	2448
common_voice_sr_36453129.mp3	2448
common_voice_sr_39936579.mp3	4968
common_voice_sr_40991068.mp3	3528
common_voice_sr_40975917.mp3	2880
common_voice_sr_40975988.mp3	3420
common_voice_sr_39884978.mp3	3276
common_voice_sr_35400135.mp3	2268
common_voice_sr_36767553.mp3	2412
common_voice_sr_40977053.mp3	2556
common_voice_sr_32761988.mp3	2052
common_voice_sr_40997540.mp3	4788
common_voice_sr_38531810.mp3	2160
common_voice_sr_40978489.mp3	4500
common_voice_sr_41012898.mp3	4500
common_voice_sr_40982660.mp3	2520
common_voice_sr_27014876.mp3	2196
common_voice_sr_37810795.mp3	4932
common_voice_sr_40978155.mp3	3096
common_voice_sr_40977676.mp3	3276
common_voice_sr_40981773.mp3	4896
common_voice_sr_40991044.mp3	5616
common_voice_sr_28526371.mp3	2376
common_voice_sr_35126128.mp3	2556
common_voice_sr_41873260.mp3	3708
common_voice_sr_35399588.mp3	1728
common_voice_sr_28623206.mp3	2376
common_voice_sr_38833174.mp3	2736
common_voice_sr_38515546.mp3	2664
common_voice_sr_26958834.mp3	4248
common_voice_sr_40981954.mp3	2196
common_voice_sr_40985652.mp3	4680
common_voice_sr_40985942.mp3	5796
common_voice_sr_41029126.mp3	1908
common_voice_sr_40989414.mp3	5760
common_voice_sr_36950571.mp3	2628
common_voice_sr_38535706.mp3	2088
common_voice_sr_33242570.mp3	4068
common_voice_sr_41325209.mp3	1800
common_voice_sr_38511429.mp3	2160
common_voice_sr_40980306.mp3	2448
common_voice_sr_36994305.mp3	3816
common_voice_sr_40549962.mp3	3888
common_voice_sr_40975850.mp3	3240
common_voice_sr_41006504.mp3	3780
common_voice_sr_28859094.mp3	3348
common_voice_sr_40979259.mp3	5940
common_voice_sr_35092029.mp3	4140
common_voice_sr_46917533.mp3	2916
common_voice_sr_40978786.mp3	6408
common_voice_sr_40987821.mp3	4356
common_voice_sr_38833133.mp3	2160
common_voice_sr_38526023.mp3	2160
common_voice_sr_46919118.mp3	4104
common_voice_sr_40976935.mp3	3240
common_voice_sr_40982661.mp3	2628
common_voice_sr_35248758.mp3	2916
common_voice_sr_40978430.mp3	6300
common_voice_sr_41031301.mp3	2268
common_voice_sr_27781314.mp3	2340
common_voice_sr_40991157.mp3	2088
common_voice_sr_41029109.mp3	2988
common_voice_sr_37810734.mp3	5508
common_voice_sr_41009876.mp3	2736
common_voice_sr_27314122.mp3	2916
common_voice_sr_45994919.mp3	4752
common_voice_sr_36774532.mp3	3420
common_voice_sr_37517857.mp3	4356
common_voice_sr_40976941.mp3	4428
common_voice_sr_41006547.mp3	2268
common_voice_sr_37051781.mp3	3384
common_voice_sr_35090550.mp3	3060
common_voice_sr_38537507.mp3	2412
common_voice_sr_40991310.mp3	2340
common_voice_sr_41013035.mp3	2880
common_voice_sr_26945897.mp3	2196
common_voice_sr_40491637.mp3	3888
common_voice_sr_27781357.mp3	2196
common_voice_sr_46918714.mp3	2412
common_voice_sr_27781404.mp3	2340
common_voice_sr_40977613.mp3	2556
common_voice_sr_36767573.mp3	3816
common_voice_sr_40984223.mp3	2340
common_voice_sr_36951782.mp3	2196
common_voice_sr_26981450.mp3	2700
common_voice_sr_41012821.mp3	2088
common_voice_sr_36765365.mp3	3204
common_voice_sr_40983979.mp3	3276
common_voice_sr_40985410.mp3	1728
common_voice_sr_40985167.mp3	2376
common_voice_sr_41009924.mp3	5436
common_voice_sr_35095545.mp3	2556
common_voice_sr_41012762.mp3	3636
common_voice_sr_40987697.mp3	3420
common_voice_sr_26959907.mp3	2340
common_voice_sr_28521319.mp3	1476
common_voice_sr_40977434.mp3	3240
common_voice_sr_40979956.mp3	3276
common_voice_sr_40978988.mp3	3600
common_voice_sr_37254740.mp3	2448
common_voice_sr_40979570.mp3	5436
common_voice_sr_40975600.mp3	2988
common_voice_sr_40491621.mp3	4500
common_voice_sr_40977787.mp3	3276
common_voice_sr_35267593.mp3	2160
common_voice_sr_28216729.mp3	2700
common_voice_sr_40985084.mp3	1836
common_voice_sr_46919342.mp3	3744
common_voice_sr_40977955.mp3	4896
common_voice_sr_35133144.mp3	3096
common_voice_sr_36950619.mp3	2556
common_voice_sr_45995218.mp3	4356
common_voice_sr_40982671.mp3	2988
common_voice_sr_38369108.mp3	3420
common_voice_sr_26943603.mp3	3996
common_voice_sr_35125865.mp3	2376
common_voice_sr_36765688.mp3	2016
common_voice_sr_40977665.mp3	3276
common_voice_sr_40985683.mp3	3420
common_voice_sr_36804176.mp3	2520
common_voice_sr_35399468.mp3	1836
common_voice_sr_36766059.mp3	2844
common_voice_sr_27786021.mp3	4392
common_voice_sr_36951836.mp3	1980
common_voice_sr_40977777.mp3	2340
common_voice_sr_36951795.mp3	2016
common_voice_sr_36946588.mp3	2700
common_voice_sr_35109118.mp3	2700
common_voice_sr_37517821.mp3	2916
common_voice_sr_35125869.mp3	2268
common_voice_sr_40977644.mp3	3960
common_voice_sr_40976285.mp3	3096
common_voice_sr_26874434.mp3	2916
common_voice_sr_40985487.mp3	3600
common_voice_sr_40978432.mp3	7200
common_voice_sr_36457935.mp3	3600
common_voice_sr_35126157.mp3	2196
common_voice_sr_35133168.mp3	4356
common_voice_sr_36774396.mp3	3240
common_voice_sr_36793434.mp3	2016
common_voice_sr_40977041.mp3	3780
common_voice_sr_41012921.mp3	2196
common_voice_sr_40991089.mp3	3960
common_voice_sr_27781367.mp3	2448
common_voice_sr_35085113.mp3	3996
common_voice_sr_36951833.mp3	2016
common_voice_sr_35086740.mp3	2808
common_voice_sr_38523472.mp3	2664
common_voice_sr_37574625.mp3	2376
common_voice_sr_36767438.mp3	1944
common_voice_sr_40984036.mp3	2448
common_voice_sr_41006437.mp3	5328
common_voice_sr_36773491.mp3	2988
common_voice_sr_27008237.mp3	2628
common_voice_sr_48251121.mp3	5580
common_voice_sr_38847193.mp3	3060
common_voice_sr_40982008.mp3	2088
common_voice_sr_36774480.mp3	3636
common_voice_sr_41010569.mp3	4896
common_voice_sr_40989473.mp3	3600
common_voice_sr_40983611.mp3	4716
common_voice_sr_40985435.mp3	3420
common_voice_sr_35098209.mp3	2268
common_voice_sr_38031089.mp3	2628
common_voice_sr_43194819.mp3	6696
common_voice_sr_40997604.mp3	5040
common_voice_sr_40991298.mp3	3348
common_voice_sr_40997696.mp3	4608
common_voice_sr_40981783.mp3	2520
common_voice_sr_40405793.mp3	5508
common_voice_sr_40981867.mp3	2160
common_voice_sr_40989448.mp3	4356
common_voice_sr_37206878.mp3	3060
common_voice_sr_37315370.mp3	4248
common_voice_sr_46919160.mp3	1872
common_voice_sr_36994266.mp3	2484
common_voice_sr_27636277.mp3	2520
common_voice_sr_36947113.mp3	2448
common_voice_sr_36946967.mp3	2556
common_voice_sr_36767564.mp3	2232
common_voice_sr_40471829.mp3	4968
common_voice_sr_27781243.mp3	2088
common_voice_sr_45995197.mp3	5400
common_voice_sr_43532681.mp3	5220
common_voice_sr_36767530.mp3	3888
common_voice_sr_28441235.mp3	2700
common_voice_sr_36765813.mp3	2484
common_voice_sr_38844898.mp3	3168
common_voice_sr_37315289.mp3	3456
common_voice_sr_35360812.mp3	1944
common_voice_sr_40980006.mp3	3240
common_voice_sr_35085120.mp3	2808
common_voice_sr_40997399.mp3	5040
common_voice_sr_37810650.mp3	2124
common_voice_sr_40985136.mp3	2016
common_voice_sr_40980041.mp3	3420
common_voice_sr_28441174.mp3	3888
common_voice_sr_39885152.mp3	4104
common_voice_sr_40977897.mp3	4680
common_voice_sr_40975949.mp3	4716
common_voice_sr_40980327.mp3	2988
common_voice_sr_35091017.mp3	3024
common_voice_sr_40976950.mp3	2916
common_voice_sr_36946973.mp3	2340
common_voice_sr_36793227.mp3	2988
common_voice_sr_36934838.mp3	2808
common_voice_sr_40978538.mp3	2448
common_voice_sr_27314120.mp3	2880
common_voice_sr_35089064.mp3	3060
common_voice_sr_40984272.mp3	2196
common_voice_sr_36765317.mp3	3924
common_voice_sr_45994798.mp3	2844
common_voice_sr_36950128.mp3	2160
common_voice_sr_27675913.mp3	1944
common_voice_sr_27675947.mp3	1692
common_voice_sr_40982855.mp3	2088
common_voice_sr_37810666.mp3	6408
common_voice_sr_35090147.mp3	2448
common_voice_sr_41010765.mp3	2088
common_voice_sr_36774025.mp3	2988
common_voice_sr_39897685.mp3	2808
common_voice_sr_40471687.mp3	4500
common_voice_sr_38509254.mp3	1980
common_voice_sr_36949975.mp3	2160
common_voice_sr_40997724.mp3	5148
common_voice_sr_40981644.mp3	2808
common_voice_sr_46064002.mp3	4824
common_voice_sr_40983544.mp3	2376
common_voice_sr_26959334.mp3	2520
common_voice_sr_38509149.mp3	2844
common_voice_sr_35267559.mp3	2232
common_voice_sr_40997425.mp3	3168
common_voice_sr_40977754.mp3	2700
common_voice_sr_40981169.mp3	5040
common_voice_sr_27675750.mp3	1836
common_voice_sr_38537500.mp3	1872
common_voice_sr_37810642.mp3	5292
common_voice_sr_37523032.mp3	3888
common_voice_sr_40982613.mp3	2520
common_voice_sr_40983423.mp3	4248
common_voice_sr_40982836.mp3	2448
common_voice_sr_27646361.mp3	2844
common_voice_sr_36774262.mp3	4680
common_voice_sr_36934827.mp3	3240
common_voice_sr_36934858.mp3	3276
common_voice_sr_40979966.mp3	3996
common_voice_sr_40982880.mp3	2808
common_voice_sr_40979344.mp3	2376
common_voice_sr_46919471.mp3	2124
common_voice_sr_27781335.mp3	2808
common_voice_sr_40981276.mp3	3096
common_voice_sr_28438387.mp3	2376
common_voice_sr_35088676.mp3	3276
common_voice_sr_40975857.mp3	4068
common_voice_sr_28153946.mp3	2556
common_voice_sr_40974223.mp3	4176
common_voice_sr_27014710.mp3	2376
common_voice_sr_40979302.mp3	4968
common_voice_sr_39885100.mp3	4644
common_voice_sr_35086763.mp3	2268
common_voice_sr_38535696.mp3	1836
common_voice_sr_27781269.mp3	2376
common_voice_sr_40975623.mp3	2448
common_voice_sr_39330619.mp3	5040
common_voice_sr_40386115.mp3	2736
common_voice_sr_27660566.mp3	2628
common_voice_sr_40981271.mp3	2808
common_voice_sr_35399369.mp3	2016
common_voice_sr_38508431.mp3	2196
common_voice_sr_39330466.mp3	4356
common_voice_sr_36994445.mp3	2988
common_voice_sr_40978486.mp3	6516
common_voice_sr_38515521.mp3	2160
common_voice_sr_40985165.mp3	4536
common_voice_sr_40979277.mp3	6660
common_voice_sr_40985928.mp3	6948
common_voice_sr_39936667.mp3	5616
common_voice_sr_38833322.mp3	4680
common_voice_sr_40991250.mp3	2160
common_voice_sr_40976276.mp3	2556
common_voice_sr_40549965.mp3	5256
common_voice_sr_36947037.mp3	2628
common_voice_sr_40989509.mp3	3240
common_voice_sr_41010735.mp3	4500
common_voice_sr_40978454.mp3	3348
common_voice_sr_28526338.mp3	2448
common_voice_sr_41010467.mp3	2808
common_voice_sr_36947069.mp3	2268
common_voice_sr_27953579.mp3	2520
common_voice_sr_36765316.mp3	2592
common_voice_sr_37810771.mp3	2808
common_voice_sr_40385958.mp3	4860
common_voice_sr_27681769.mp3	2556
common_voice_sr_46918769.mp3	2304
common_voice_sr_35088565.mp3	2916
common_voice_sr_41010768.mp3	2916
common_voice_sr_27660680.mp3	2484
common_voice_sr_41000497.mp3	3096
common_voice_sr_40982629.mp3	2448
common_voice_sr_41017405.mp3	2196
common_voice_sr_40977687.mp3	3708
common_voice_sr_40976938.mp3	2916
common_voice_sr_40991302.mp3	3528
common_voice_sr_40997408.mp3	3996
common_voice_sr_39212846.mp3	5148
common_voice_sr_38508419.mp3	2988
common_voice_sr_40979924.mp3	2016
common_voice_sr_40983574.mp3	6336
common_voice_sr_40464257.mp3	2700
common_voice_sr_40975848.mp3	3096
common_voice_sr_40471814.mp3	2664
common_voice_sr_35085102.mp3	3276
common_voice_sr_38521595.mp3	1800
common_voice_sr_27008176.mp3	4356
common_voice_sr_40978584.mp3	5580
common_voice_sr_36925168.mp3	2700
common_voice_sr_39212844.mp3	7020
common_voice_sr_40977770.mp3	5688
common_voice_sr_40979258.mp3	5796
common_voice_sr_36950738.mp3	2916
common_voice_sr_38509228.mp3	2124
common_voice_sr_26981406.mp3	2556
common_voice_sr_40977895.mp3	2340
common_voice_sr_28526466.mp3	3096
common_voice_sr_36774223.mp3	3168
common_voice_sr_35099214.mp3	2772
common_voice_sr_35090593.mp3	3168
common_voice_sr_40975574.mp3	4716
common_voice_sr_40983538.mp3	2088
common_voice_sr_40987817.mp3	3996
common_voice_sr_36946637.mp3	2916
common_voice_sr_46918826.mp3	4140
common_voice_sr_41009894.mp3	2700
common_voice_sr_37254732.mp3	2448
common_voice_sr_37315356.mp3	4860
common_voice_sr_40976037.mp3	2520
common_voice_sr_41006401.mp3	3780
common_voice_sr_39330708.mp3	2700
common_voice_sr_39936692.mp3	4500
common_voice_sr_40979948.mp3	2376
common_voice_sr_40981168.mp3	4860
common_voice_sr_40471777.mp3	2592
common_voice_sr_41000605.mp3	2016
common_voice_sr_37810647.mp3	5292
common_voice_sr_26874415.mp3	2916
common_voice_sr_33192070.mp3	2628
common_voice_sr_41006411.mp3	3276
common_voice_sr_41006545.mp3	4860
common_voice_sr_40981085.mp3	3780
common_voice_sr_40981791.mp3	2988
common_voice_sr_35265172.mp3	2412
common_voice_sr_40977513.mp3	4896
common_voice_sr_27675759.mp3	2052
common_voice_sr_38537498.mp3	2160
common_voice_sr_38537490.mp3	2088
common_voice_sr_40985160.mp3	4320
common_voice_sr_35090641.mp3	3168
common_voice_sr_39278149.mp3	3636
common_voice_sr_35090482.mp3	2700
common_voice_sr_46917708.mp3	3960
common_voice_sr_41012845.mp3	1800
common_voice_sr_40983577.mp3	4536
common_voice_sr_27008119.mp3	2160
common_voice_sr_40981321.mp3	3996
common_voice_sr_41873218.mp3	3276
common_voice_sr_39316392.mp3	4788
common_voice_sr_27675674.mp3	2016
common_voice_sr_36773304.mp3	3024
common_voice_sr_40984014.mp3	2988
common_voice_sr_41021563.mp3	1728
common_voice_sr_40985823.mp3	2880
common_voice_sr_40978460.mp3	5688
common_voice_sr_41017385.mp3	2520
common_voice_sr_40989486.mp3	5040
common_voice_sr_40984227.mp3	1980
common_voice_sr_38523431.mp3	2340
common_voice_sr_45994868.mp3	5724
common_voice_sr_27675547.mp3	2988
common_voice_sr_36765645.mp3	1980
common_voice_sr_27675855.mp3	4608
common_voice_sr_28521340.mp3	4572
common_voice_sr_40984173.mp3	2880
common_voice_sr_39316369.mp3	3708
common_voice_sr_26943976.mp3	2448
common_voice_sr_36765726.mp3	3204
common_voice_sr_37517783.mp3	2988
common_voice_sr_40987678.mp3	3708
common_voice_sr_40975916.mp3	4140
common_voice_sr_37810953.mp3	4716
common_voice_sr_40981657.mp3	2448
common_voice_sr_40981857.mp3	2268
common_voice_sr_41012714.mp3	4680
common_voice_sr_40985116.mp3	2340
common_voice_sr_37810690.mp3	2988
common_voice_sr_35099202.mp3	2988
common_voice_sr_40977781.mp3	3456
common_voice_sr_27675741.mp3	2016
common_voice_sr_40983439.mp3	3420
common_voice_sr_35400119.mp3	1404
common_voice_sr_40991251.mp3	2808
common_voice_sr_36946875.mp3	2376
common_voice_sr_40978455.mp3	4896
common_voice_sr_31333212.mp3	2916
common_voice_sr_28521407.mp3	1692
common_voice_sr_28441422.mp3	2988
common_voice_sr_40405812.mp3	5328
common_voice_sr_40491734.mp3	6156
common_voice_sr_40977544.mp3	2448
common_voice_sr_35086527.mp3	2376
common_voice_sr_36765835.mp3	2160
common_voice_sr_27636687.mp3	1980
common_voice_sr_27636364.mp3	2556
common_voice_sr_36765790.mp3	2448
common_voice_sr_36774298.mp3	3348
common_voice_sr_36765641.mp3	2088
common_voice_sr_36994235.mp3	2556
common_voice_sr_35248760.mp3	3780
common_voice_sr_40981821.mp3	3096
common_voice_sr_38531872.mp3	3240
common_voice_sr_36767379.mp3	2232
common_voice_sr_40979251.mp3	2016
common_voice_sr_40978707.mp3	2340
common_voice_sr_40983688.mp3	2520
common_voice_sr_38515496.mp3	2016
common_voice_sr_27636624.mp3	2628
common_voice_sr_36949993.mp3	2268
common_voice_sr_41012866.mp3	2268
common_voice_sr_27953561.mp3	2376
common_voice_sr_45994865.mp3	6084
common_voice_sr_26874413.mp3	2448
common_voice_sr_27953578.mp3	2700
common_voice_sr_37006622.mp3	2628
common_voice_sr_36804215.mp3	2268
common_voice_sr_40385950.mp3	3636
common_voice_sr_39330725.mp3	2556
common_voice_sr_26874433.mp3	2448
common_voice_sr_40977785.mp3	3240
common_voice_sr_41006462.mp3	4500
common_voice_sr_35086218.mp3	2628
common_voice_sr_27701671.mp3	3852
common_voice_sr_36934809.mp3	3132
common_voice_sr_38509111.mp3	2520
common_voice_sr_35400212.mp3	1764
common_voice_sr_41012848.mp3	2340
common_voice_sr_36994371.mp3	2340
common_voice_sr_36951813.mp3	2556
common_voice_sr_39936535.mp3	6840
common_voice_sr_33242816.mp3	2988
common_voice_sr_39936689.mp3	3816
common_voice_sr_36949274.mp3	1800
common_voice_sr_40981787.mp3	3960
common_voice_sr_33242813.mp3	3276
common_voice_sr_40981367.mp3	1836
common_voice_sr_36766046.mp3	2376
common_voice_sr_36950783.mp3	1620
common_voice_sr_39330748.mp3	3096
common_voice_sr_27675813.mp3	3024
common_voice_sr_27781350.mp3	2376
common_voice_sr_27011085.mp3	3060
common_voice_sr_26552820.mp3	3060
common_voice_sr_38537467.mp3	1944
common_voice_sr_36774080.mp3	2196
common_voice_sr_36774238.mp3	3240
common_voice_sr_37810703.mp3	5652
common_voice_sr_27675764.mp3	2376
common_voice_sr_36947016.mp3	1980
common_voice_sr_48250786.mp3	3420
common_voice_sr_41031279.mp3	1800
common_voice_sr_36964018.mp3	5940
common_voice_sr_41024437.mp3	2268
common_voice_sr_41006428.mp3	5580
common_voice_sr_36765416.mp3	3240
common_voice_sr_36950553.mp3	2916
common_voice_sr_40981307.mp3	2556
common_voice_sr_41037840.mp3	6660
common_voice_sr_36946890.mp3	2556
common_voice_sr_37523053.mp3	2844
common_voice_sr_40981410.mp3	2556
common_voice_sr_37810623.mp3	7128
common_voice_sr_36767572.mp3	2232
common_voice_sr_40983527.mp3	2088
common_voice_sr_36804242.mp3	2520
common_voice_sr_40983464.mp3	4356
common_voice_sr_27781399.mp3	2448
common_voice_sr_27014948.mp3	4716
common_voice_sr_37517845.mp3	4284
common_voice_sr_40983342.mp3	1728
common_voice_sr_36950020.mp3	2556
common_voice_sr_40609217.mp3	4320
common_voice_sr_27014933.mp3	2880
common_voice_sr_28441360.mp3	3348
common_voice_sr_40386069.mp3	5328
common_voice_sr_40989466.mp3	2268
common_voice_sr_45994702.mp3	3420
common_voice_sr_40981796.mp3	2700
common_voice_sr_35125876.mp3	2448
common_voice_sr_28438490.mp3	3816
common_voice_sr_36311948.mp3	2556
common_voice_sr_36950222.mp3	2196
common_voice_sr_36946891.mp3	2916
common_voice_sr_36773425.mp3	2556
common_voice_sr_27781440.mp3	2556
common_voice_sr_37517907.mp3	2520
common_voice_sr_40982657.mp3	2268
common_voice_sr_40981080.mp3	3096
common_voice_sr_40975869.mp3	3276
common_voice_sr_40984195.mp3	2340
common_voice_sr_39212876.mp3	4284
common_voice_sr_36765816.mp3	2376
common_voice_sr_40981764.mp3	3780
common_voice_sr_37810655.mp3	2124
common_voice_sr_35094449.mp3	2628
common_voice_sr_40977733.mp3	2916
common_voice_sr_40984213.mp3	3060
common_voice_sr_38531799.mp3	2376
common_voice_sr_40978161.mp3	6660
common_voice_sr_48250702.mp3	4140
common_voice_sr_40982006.mp3	2556
common_voice_sr_40978662.mp3	2088
common_voice_sr_36950120.mp3	2196
common_voice_sr_36994292.mp3	2844
common_voice_sr_40975837.mp3	3456
common_voice_sr_39885045.mp3	3312
common_voice_sr_37810932.mp3	4644
common_voice_sr_28321609.mp3	3528
common_voice_sr_40987719.mp3	3240
common_voice_sr_41006417.mp3	2196
common_voice_sr_35101574.mp3	2268
common_voice_sr_40980300.mp3	2196
common_voice_sr_26959182.mp3	1980
common_voice_sr_26960459.mp3	2736
common_voice_sr_41012831.mp3	1800
common_voice_sr_35094437.mp3	3420
common_voice_sr_42012745.mp3	6912
common_voice_sr_28521328.mp3	1548
common_voice_sr_40984169.mp3	2520
common_voice_sr_38509205.mp3	1620
common_voice_sr_39884982.mp3	3888
common_voice_sr_40405768.mp3	4176
common_voice_sr_27781380.mp3	2340
common_voice_sr_36311945.mp3	2088
common_voice_sr_27636406.mp3	2340
common_voice_sr_35090380.mp3	3456
common_voice_sr_40983429.mp3	2448
common_voice_sr_40386080.mp3	2988
common_voice_sr_40977551.mp3	7416
common_voice_sr_36950218.mp3	2268
common_voice_sr_38833154.mp3	4176
common_voice_sr_37810756.mp3	5076
common_voice_sr_46991667.mp3	4608
common_voice_sr_36946965.mp3	4896
common_voice_sr_36949153.mp3	2628
common_voice_sr_35087922.mp3	3240
common_voice_sr_39885143.mp3	3456
common_voice_sr_40983988.mp3	2340
common_voice_sr_36767268.mp3	3528
common_voice_sr_37517856.mp3	2772
common_voice_sr_36767600.mp3	2268
common_voice_sr_46917527.mp3	3240
common_voice_sr_40978781.mp3	2520
common_voice_sr_40976981.mp3	3168
common_voice_sr_40974193.mp3	3636
common_voice_sr_26874045.mp3	5040
common_voice_sr_40977427.mp3	3420
common_voice_sr_28526249.mp3	2556
common_voice_sr_36774750.mp3	2628
common_voice_sr_33192068.mp3	2808
common_voice_sr_37810748.mp3	4536
common_voice_sr_36773169.mp3	2808
common_voice_sr_46919720.mp3	3132
common_voice_sr_38535662.mp3	1872
common_voice_sr_36971103.mp3	2772
common_voice_sr_36765687.mp3	2196
common_voice_sr_40981654.mp3	1728
common_voice_sr_39254595.mp3	5544
common_voice_sr_35087752.mp3	2700
common_voice_sr_40985483.mp3	3960
common_voice_sr_27781452.mp3	2160
common_voice_sr_40975527.mp3	6336
common_voice_sr_40989477.mp3	2340
common_voice_sr_37810832.mp3	5580
common_voice_sr_35099244.mp3	2880
common_voice_sr_36950039.mp3	2376
common_voice_sr_36947005.mp3	3420
common_voice_sr_40975871.mp3	3960
common_voice_sr_39885161.mp3	5148
common_voice_sr_37254721.mp3	2880
common_voice_sr_40976908.mp3	5400
common_voice_sr_40985884.mp3	3600
common_voice_sr_35086281.mp3	3420
common_voice_sr_40983668.mp3	2520
common_voice_sr_40976858.mp3	6516
common_voice_sr_35085109.mp3	2448
common_voice_sr_40977561.mp3	2268
common_voice_sr_40549969.mp3	5148
common_voice_sr_45994825.mp3	4464
common_voice_sr_40975570.mp3	3060
common_voice_sr_41012834.mp3	4716
common_voice_sr_41012824.mp3	2520
common_voice_sr_36949152.mp3	4140
common_voice_sr_27038861.mp3	4104
common_voice_sr_26874134.mp3	2916
common_voice_sr_36934806.mp3	2520
common_voice_sr_40985677.mp3	4320
common_voice_sr_40975552.mp3	4428
common_voice_sr_35090766.mp3	4320
common_voice_sr_38531832.mp3	3996
common_voice_sr_38535685.mp3	1836
common_voice_sr_26960411.mp3	2196
common_voice_sr_40989505.mp3	2340
common_voice_sr_36767483.mp3	2304
common_voice_sr_35096126.mp3	2340
common_voice_sr_27675686.mp3	2340
common_voice_sr_40471830.mp3	4752
common_voice_sr_40979913.mp3	3960
common_voice_sr_40981156.mp3	2160
common_voice_sr_36774106.mp3	2340
common_voice_sr_40975735.mp3	4896
common_voice_sr_35126108.mp3	2268
common_voice_sr_40977046.mp3	3636
common_voice_sr_45994618.mp3	6444
common_voice_sr_36765502.mp3	2088
common_voice_sr_40978532.mp3	5436
common_voice_sr_40989483.mp3	2016
common_voice_sr_35097192.mp3	2808
common_voice_sr_36946989.mp3	2448
common_voice_sr_38844930.mp3	6588
common_voice_sr_40977048.mp3	2196
common_voice_sr_28441256.mp3	2268
common_voice_sr_40989426.mp3	2268
common_voice_sr_40981614.mp3	6408
common_voice_sr_36946972.mp3	2916
common_voice_sr_37810720.mp3	2736
common_voice_sr_41037752.mp3	5688
common_voice_sr_41024497.mp3	4608
common_voice_sr_40979928.mp3	2448
common_voice_sr_40609195.mp3	2412
common_voice_sr_46063952.mp3	6372
common_voice_sr_40974190.mp3	3240
common_voice_sr_35400206.mp3	1404
common_voice_sr_36765587.mp3	2196
common_voice_sr_35278246.mp3	2448
common_voice_sr_46917582.mp3	2916
common_voice_sr_40982624.mp3	6516
common_voice_sr_38511352.mp3	2880
common_voice_sr_36804220.mp3	2088
common_voice_sr_35267591.mp3	3996
common_voice_sr_45994949.mp3	2880
common_voice_sr_38523471.mp3	1980
common_voice_sr_41024466.mp3	2376
common_voice_sr_35125884.mp3	2196
common_voice_sr_40975952.mp3	5616
common_voice_sr_40977662.mp3	3348
common_voice_sr_40977911.mp3	2988
common_voice_sr_37315306.mp3	2988
common_voice_sr_36951801.mp3	2412
common_voice_sr_26981379.mp3	3060
common_voice_sr_27781217.mp3	3168
common_voice_sr_28526238.mp3	2268
common_voice_sr_40980038.mp3	2268
common_voice_sr_40980293.mp3	4176
common_voice_sr_38515511.mp3	1908
common_voice_sr_28321690.mp3	3276
common_voice_sr_38525981.mp3	5148
common_voice_sr_38508468.mp3	4356
common_voice_sr_27781249.mp3	2700
common_voice_sr_40989501.mp3	5796
common_voice_sr_35265042.mp3	2844
common_voice_sr_41024429.mp3	4356
common_voice_sr_40405841.mp3	4716
common_voice_sr_35086242.mp3	5940
common_voice_sr_40491598.mp3	5220
common_voice_sr_36773350.mp3	2880
common_voice_sr_36793410.mp3	3096
common_voice_sr_36950246.mp3	2808
common_voice_sr_36767238.mp3	1908
common_voice_sr_36950732.mp3	2160
common_voice_sr_27664091.mp3	3888
common_voice_sr_27675726.mp3	2088
common_voice_sr_37810944.mp3	2700
common_voice_sr_36950786.mp3	2340
common_voice_sr_40976962.mp3	3636
common_voice_sr_38509146.mp3	2052
common_voice_sr_26874351.mp3	2736
common_voice_sr_27781439.mp3	2736
common_voice_sr_28526562.mp3	2520
common_voice_sr_27434490.mp3	1044
common_voice_sr_40981411.mp3	3528
common_voice_sr_36774287.mp3	5328
common_voice_sr_37810839.mp3	2916
common_voice_sr_40982627.mp3	2520
common_voice_sr_41006543.mp3	3276
common_voice_sr_35086546.mp3	3240
common_voice_sr_27014949.mp3	2808
common_voice_sr_36973236.mp3	2736
common_voice_sr_38535657.mp3	2412
common_voice_sr_28526401.mp3	2808
common_voice_sr_36949992.mp3	2448
common_voice_sr_40976925.mp3	4860
common_voice_sr_40997535.mp3	6228
common_voice_sr_41012756.mp3	2448
common_voice_sr_38509244.mp3	3636
common_voice_sr_40975900.mp3	3168
common_voice_sr_28526392.mp3	2160
common_voice_sr_35400178.mp3	2484
common_voice_sr_40989536.mp3	5328
common_voice_sr_36765617.mp3	2196
common_voice_sr_38525977.mp3	2124
common_voice_sr_40491746.mp3	4572
common_voice_sr_38845518.mp3	3816
common_voice_sr_40991047.mp3	4860
common_voice_sr_40987705.mp3	3456
common_voice_sr_39330483.mp3	2700
common_voice_sr_29083705.mp3	3060
common_voice_sr_38521573.mp3	4572
common_voice_sr_36765480.mp3	2736
common_voice_sr_40985183.mp3	2268
common_voice_sr_41017414.mp3	1728
common_voice_sr_46064052.mp3	4500
common_voice_sr_40979317.mp3	4608
common_voice_sr_40991340.mp3	2700
common_voice_sr_36793429.mp3	2448
common_voice_sr_40464256.mp3	4320
common_voice_sr_38511374.mp3	2340
common_voice_sr_28526436.mp3	3600
common_voice_sr_36947075.mp3	2520
common_voice_sr_36949221.mp3	3096
common_voice_sr_26874135.mp3	2808
common_voice_sr_35399499.mp3	1944
common_voice_sr_48251324.mp3	2196
common_voice_sr_28521386.mp3	1800
common_voice_sr_41012746.mp3	2196
common_voice_sr_27654229.mp3	2520
common_voice_sr_36773317.mp3	3312
common_voice_sr_40981150.mp3	3780
common_voice_sr_27675956.mp3	2376
common_voice_sr_28526387.mp3	2268
common_voice_sr_26959384.mp3	2196
common_voice_sr_40982016.mp3	1800
common_voice_sr_40386233.mp3	5868
common_voice_sr_38531871.mp3	1800
common_voice_sr_27314238.mp3	2520
common_voice_sr_40987694.mp3	2340
common_voice_sr_35089045.mp3	5112
common_voice_sr_40975627.mp3	4068
common_voice_sr_27636685.mp3	2016
common_voice_sr_40976956.mp3	4428
common_voice_sr_27011730.mp3	2556
common_voice_sr_35267608.mp3	2520
common_voice_sr_40979261.mp3	2808
common_voice_sr_40978740.mp3	3888
common_voice_sr_38509234.mp3	5256
common_voice_sr_27660648.mp3	3240
common_voice_sr_41001662.mp3	5328
common_voice_sr_27781410.mp3	2160
common_voice_sr_41024475.mp3	1980
common_voice_sr_35087568.mp3	3276
common_voice_sr_40982616.mp3	2088
common_voice_sr_28441204.mp3	2520
common_voice_sr_28859075.mp3	2340
common_voice_sr_36453130.mp3	2556
common_voice_sr_40976026.mp3	5508
common_voice_sr_36946980.mp3	2916
common_voice_sr_36505841.mp3	2376
common_voice_sr_36934790.mp3	3096
common_voice_sr_41009875.mp3	3960
common_voice_sr_35094448.mp3	3240
common_voice_sr_28521357.mp3	1512
common_voice_sr_40980289.mp3	4896
common_voice_sr_28521331.mp3	4320
common_voice_sr_40979511.mp3	5256
common_voice_sr_40991272.mp3	2808
common_voice_sr_35398977.mp3	1368
common_voice_sr_40978704.mp3	1908
common_voice_sr_37315308.mp3	2448
common_voice_sr_35085565.mp3	2340
common_voice_sr_38058837.mp3	2916
common_voice_sr_38509156.mp3	1836
common_voice_sr_35397224.mp3	1368
common_voice_sr_35099209.mp3	2988
common_voice_sr_36946975.mp3	2700
common_voice_sr_40985131.mp3	1656
common_voice_sr_37254733.mp3	2160
common_voice_sr_40979243.mp3	3528
common_voice_sr_35085047.mp3	3060
common_voice_sr_40385959.mp3	4788
common_voice_sr_40979016.mp3	4968
common_voice_sr_27356656.mp3	1044
common_voice_sr_40984062.mp3	3456
common_voice_sr_40976888.mp3	5220
common_voice_sr_40977548.mp3	4968
common_voice_sr_28859054.mp3	3996
common_voice_sr_39330620.mp3	3240
common_voice_sr_38523434.mp3	2484
common_voice_sr_37810768.mp3	1980
common_voice_sr_40386072.mp3	4500
common_voice_sr_41031307.mp3	2880
common_voice_sr_33192097.mp3	2700
common_voice_sr_35399972.mp3	1548
common_voice_sr_27635168.mp3	2448
common_voice_sr_37810746.mp3	4284
common_voice_sr_36946897.mp3	2556
common_voice_sr_27781395.mp3	2376
common_voice_sr_41010551.mp3	2196
common_voice_sr_40983465.mp3	2196
common_voice_sr_37523095.mp3	3024
common_voice_sr_40987672.mp3	3780
common_voice_sr_40975760.mp3	3168
common_voice_sr_41029165.mp3	2160
common_voice_sr_38031070.mp3	2268
common_voice_sr_45995219.mp3	6876
common_voice_sr_36774490.mp3	2340
common_voice_sr_36804142.mp3	2448
common_voice_sr_26553071.mp3	2916
common_voice_sr_36950555.mp3	2556
common_voice_sr_37810940.mp3	2268
common_voice_sr_40976869.mp3	4320
common_voice_sr_28216720.mp3	2880
common_voice_sr_40491629.mp3	4032
common_voice_sr_40977535.mp3	3708
common_voice_sr_40977500.mp3	2520
common_voice_sr_40981219.mp3	3060
common_voice_sr_35109120.mp3	2520
common_voice_sr_35085184.mp3	2448
common_voice_sr_28441152.mp3	2700
common_voice_sr_35126124.mp3	2340
common_voice_sr_27675727.mp3	2160
common_voice_sr_36765956.mp3	2556
common_voice_sr_28441370.mp3	2700
common_voice_sr_40491749.mp3	3996
common_voice_sr_28526395.mp3	2340
common_voice_sr_41031286.mp3	1800
common_voice_sr_41000522.mp3	3528
common_voice_sr_26874261.mp3	4320
common_voice_sr_37810763.mp3	2772
common_voice_sr_41029104.mp3	1908
common_voice_sr_41029140.mp3	2196
common_voice_sr_36946981.mp3	2628
common_voice_sr_38511380.mp3	3816
common_voice_sr_26943983.mp3	2952
common_voice_sr_40997725.mp3	2736
common_voice_sr_36950701.mp3	2592
common_voice_sr_27781333.mp3	2268
common_voice_sr_46919525.mp3	4536
common_voice_sr_43532678.mp3	5616
common_voice_sr_41325073.mp3	5076
common_voice_sr_39884919.mp3	3060
common_voice_sr_40834234.mp3	9576
common_voice_sr_31333230.mp3	2880
common_voice_sr_41031289.mp3	1908
common_voice_sr_39936569.mp3	5436
common_voice_sr_46917441.mp3	5148
common_voice_sr_28439847.mp3	3096
common_voice_sr_36804147.mp3	2916
common_voice_sr_35109140.mp3	2880
common_voice_sr_36964014.mp3	4608
common_voice_sr_39254553.mp3	5292
common_voice_sr_38515515.mp3	4716
common_voice_sr_35400002.mp3	1404
common_voice_sr_35400118.mp3	3096
common_voice_sr_36950750.mp3	2808
common_voice_sr_26960330.mp3	2376
common_voice_sr_35098171.mp3	2196
common_voice_sr_26960613.mp3	1836
common_voice_sr_40978537.mp3	2376
common_voice_sr_40471767.mp3	3492
common_voice_sr_40386184.mp3	3276
common_voice_sr_45995049.mp3	3024
common_voice_sr_39271882.mp3	2916
common_voice_sr_37517890.mp3	2232
common_voice_sr_41012893.mp3	2088
common_voice_sr_40983984.mp3	2988
common_voice_sr_41006362.mp3	8100
common_voice_sr_26873667.mp3	2736
common_voice_sr_38844899.mp3	4968
common_voice_sr_39980230.mp3	4968
common_voice_sr_40984183.mp3	5796
common_voice_sr_46917658.mp3	4680
common_voice_sr_41012703.mp3	2268
common_voice_sr_27781445.mp3	2268
common_voice_sr_41006372.mp3	2628
common_voice_sr_38531870.mp3	2232
common_voice_sr_36934787.mp3	4716
common_voice_sr_27953605.mp3	4176
common_voice_sr_35090542.mp3	3168
common_voice_sr_27660531.mp3	3348
common_voice_sr_40982901.mp3	2340
common_voice_sr_38531850.mp3	1908
common_voice_sr_40983546.mp3	2268
common_voice_sr_38523483.mp3	2160
common_voice_sr_28526327.mp3	4788
common_voice_sr_28526479.mp3	2556
common_voice_sr_40981921.mp3	2556
common_voice_sr_46920167.mp3	2232
common_voice_sr_40989427.mp3	5616
common_voice_sr_40975551.mp3	3060
common_voice_sr_40983403.mp3	2376
common_voice_sr_35101556.mp3	2448
common_voice_sr_28517826.mp3	2268
common_voice_sr_35086082.mp3	3996
common_voice_sr_40982000.mp3	1836
common_voice_sr_39330683.mp3	3348
common_voice_sr_26945901.mp3	2772
common_voice_sr_28441220.mp3	2196
common_voice_sr_39212893.mp3	4680
common_voice_sr_40983493.mp3	2880
common_voice_sr_40989450.mp3	3240
common_voice_sr_40980972.mp3	3888
common_voice_sr_41006435.mp3	2700
common_voice_sr_27675826.mp3	1908
common_voice_sr_37329746.mp3	2628
common_voice_sr_27014753.mp3	3996
common_voice_sr_40982866.mp3	2880
common_voice_sr_27675717.mp3	4104
common_voice_sr_41010505.mp3	2088
common_voice_sr_40978734.mp3	2448
common_voice_sr_40386071.mp3	5616
common_voice_sr_27781339.mp3	3816
common_voice_sr_38523474.mp3	1908
common_voice_sr_40989443.mp3	5040
common_voice_sr_46919241.mp3	4356
common_voice_sr_38525992.mp3	1836
common_voice_sr_35085569.mp3	1980
common_voice_sr_40997416.mp3	5436
common_voice_sr_39271891.mp3	3636
common_voice_sr_39936680.mp3	4356
common_voice_sr_41013043.mp3	3096
common_voice_sr_40982898.mp3	4248
common_voice_sr_40997587.mp3	3168
common_voice_sr_40977732.mp3	3240
common_voice_sr_41021549.mp3	1980
common_voice_sr_27635198.mp3	6264
common_voice_sr_35086343.mp3	3960
common_voice_sr_40982028.mp3	2556
common_voice_sr_41012999.mp3	5616
common_voice_sr_35099268.mp3	3564
common_voice_sr_39254617.mp3	4536
common_voice_sr_40609207.mp3	2700
common_voice_sr_40978717.mp3	4500
common_voice_sr_40981289.mp3	4428
common_voice_sr_35086265.mp3	3348
common_voice_sr_46920171.mp3	4356
common_voice_sr_40997700.mp3	2160
common_voice_sr_35095542.mp3	2448
common_voice_sr_38511354.mp3	3096
common_voice_sr_37529554.mp3	5400
common_voice_sr_35086774.mp3	3060
common_voice_sr_35085137.mp3	2880
common_voice_sr_39936686.mp3	4356
common_voice_sr_40977950.mp3	2700
common_voice_sr_40975729.mp3	5868
common_voice_sr_40982838.mp3	5940
common_voice_sr_37517908.mp3	3816
common_voice_sr_36767251.mp3	2844
common_voice_sr_27635318.mp3	3708
common_voice_sr_36774215.mp3	2520
common_voice_sr_39212878.mp3	3348
common_voice_sr_36950080.mp3	2160
common_voice_sr_28526306.mp3	2556
common_voice_sr_40979341.mp3	3708
common_voice_sr_35360824.mp3	1656
common_voice_sr_41012856.mp3	2736
common_voice_sr_35101493.mp3	5148
common_voice_sr_36951783.mp3	2232
common_voice_sr_37259373.mp3	3060
common_voice_sr_40386369.mp3	3888
common_voice_sr_40471780.mp3	3132
common_voice_sr_40989487.mp3	2088
common_voice_sr_39330752.mp3	3168
common_voice_sr_41006402.mp3	3708
common_voice_sr_36994237.mp3	2808
common_voice_sr_36765715.mp3	2160
common_voice_sr_27011733.mp3	2628
common_voice_sr_40981366.mp3	5976
common_voice_sr_40981200.mp3	4320
common_voice_sr_40985635.mp3	1908
common_voice_sr_40975628.mp3	2016
common_voice_sr_28521358.mp3	1980
common_voice_sr_27635225.mp3	4824
common_voice_sr_41021465.mp3	1980
common_voice_sr_36767517.mp3	2664
common_voice_sr_40921729.mp3	6120
common_voice_sr_28517828.mp3	2808
common_voice_sr_40386374.mp3	3708
common_voice_sr_40977484.mp3	5580
common_voice_sr_36951822.mp3	2232
common_voice_sr_27781245.mp3	2628
common_voice_sr_40977493.mp3	2160
common_voice_sr_40991252.mp3	4356
common_voice_sr_37391367.mp3	2160
common_voice_sr_40977682.mp3	4536
common_voice_sr_40981875.mp3	2160
common_voice_sr_40979967.mp3	2736
common_voice_sr_38537448.mp3	2448
common_voice_sr_39885185.mp3	5724
common_voice_sr_40981837.mp3	3096
common_voice_sr_37810749.mp3	1980
common_voice_sr_40985927.mp3	3780
common_voice_sr_36804149.mp3	2988
common_voice_sr_46919477.mp3	5400
common_voice_sr_36592626.mp3	2700
common_voice_sr_46919312.mp3	4716
common_voice_sr_27008227.mp3	2340
common_voice_sr_27038856.mp3	4284
common_voice_sr_41031297.mp3	3888
common_voice_sr_26874382.mp3	2736
common_voice_sr_40977906.mp3	2268
common_voice_sr_40987702.mp3	4176
common_voice_sr_40977712.mp3	3276
common_voice_sr_40974208.mp3	4716
common_voice_sr_40981660.mp3	2196
common_voice_sr_35090594.mp3	2736
common_voice_sr_40991273.mp3	5940
common_voice_sr_35098218.mp3	2700
common_voice_sr_36947070.mp3	3060
common_voice_sr_39936589.mp3	4716
common_voice_sr_40978464.mp3	5580
common_voice_sr_35090080.mp3	1188
common_voice_sr_42629655.mp3	7668
common_voice_sr_36774097.mp3	2556
common_voice_sr_35089320.mp3	3816
common_voice_sr_36765803.mp3	3960
common_voice_sr_35089058.mp3	2232
common_voice_sr_40977921.mp3	5220
common_voice_sr_39212749.mp3	5508
common_voice_sr_35126122.mp3	2880
common_voice_sr_38511360.mp3	5148
common_voice_sr_35090074.mp3	1116
common_voice_sr_38511420.mp3	3132
common_voice_sr_41325037.mp3	5220
common_voice_sr_35399515.mp3	1260
common_voice_sr_40991152.mp3	5796
common_voice_sr_36950774.mp3	2196
common_voice_sr_27781328.mp3	2448
common_voice_sr_35248757.mp3	3276
common_voice_sr_40983621.mp3	1620
common_voice_sr_40976872.mp3	4428
common_voice_sr_36773401.mp3	2916
common_voice_sr_38523429.mp3	3312
common_voice_sr_40405819.mp3	3960
common_voice_sr_28526409.mp3	2340
common_voice_sr_32072359.mp3	4068
common_voice_sr_37523114.mp3	2700
common_voice_sr_39330486.mp3	3600
common_voice_sr_40987823.mp3	3888
common_voice_sr_39885066.mp3	3204
common_voice_sr_40981970.mp3	5076
common_voice_sr_26944222.mp3	3204
common_voice_sr_38058838.mp3	3456
common_voice_sr_37523123.mp3	4392
common_voice_sr_36950699.mp3	2700
common_voice_sr_41012827.mp3	1800
common_voice_sr_35399507.mp3	1584
common_voice_sr_41013018.mp3	2016
common_voice_sr_31892523.mp3	2232
common_voice_sr_40979960.mp3	3708
common_voice_sr_40977683.mp3	3240
common_voice_sr_38509110.mp3	3672
common_voice_sr_40985628.mp3	2736
common_voice_sr_40979253.mp3	2088
common_voice_sr_37051780.mp3	4392
common_voice_sr_39271905.mp3	3168
common_voice_sr_36950267.mp3	3060
common_voice_sr_39330598.mp3	3780
common_voice_sr_40471788.mp3	2196
common_voice_sr_40997622.mp3	9396
common_voice_sr_36946938.mp3	3528
common_voice_sr_36765443.mp3	3168
common_voice_sr_41012790.mp3	1980
common_voice_sr_36994438.mp3	2844
common_voice_sr_35090694.mp3	4356
common_voice_sr_35090552.mp3	2448
common_voice_sr_35086649.mp3	4428
common_voice_sr_40977951.mp3	3960
common_voice_sr_26960260.mp3	2088
common_voice_sr_35086877.mp3	2520
common_voice_sr_38521583.mp3	1620
common_voice_sr_37391360.mp3	3996
common_voice_sr_40985626.mp3	2988
common_voice_sr_33242733.mp3	6228
common_voice_sr_40471944.mp3	2052
common_voice_sr_36950165.mp3	2016
common_voice_sr_40978989.mp3	2700
common_voice_sr_40997737.mp3	2556
common_voice_sr_40977801.mp3	5328
common_voice_sr_40976846.mp3	3456
common_voice_sr_40979521.mp3	5868
common_voice_sr_38537499.mp3	3492
common_voice_sr_36765677.mp3	2124
common_voice_sr_40979312.mp3	4608
common_voice_sr_40984207.mp3	4248
common_voice_sr_31892504.mp3	2484
common_voice_sr_35400048.mp3	1656
common_voice_sr_36994437.mp3	4644
common_voice_sr_40980304.mp3	2880
common_voice_sr_38521558.mp3	3348
common_voice_sr_40984021.mp3	2448
common_voice_sr_40982885.mp3	4356
common_voice_sr_36934812.mp3	2304
common_voice_sr_40982815.mp3	2088
common_voice_sr_38509227.mp3	2340
common_voice_sr_46921858.mp3	2736
common_voice_sr_36774531.mp3	2880
common_voice_sr_36950698.mp3	2556
common_voice_sr_41029121.mp3	2520
common_voice_sr_33242572.mp3	3888
common_voice_sr_43532680.mp3	3996
common_voice_sr_27655266.mp3	3168
common_voice_sr_37529552.mp3	5148
common_voice_sr_40989467.mp3	5436
common_voice_sr_36946714.mp3	2376
common_voice_sr_40979289.mp3	4176
common_voice_sr_36804204.mp3	2268
common_voice_sr_36950651.mp3	2412
common_voice_sr_35101573.mp3	2448
common_voice_sr_40386076.mp3	4608
common_voice_sr_36950589.mp3	2268
common_voice_sr_37810802.mp3	6696
common_voice_sr_40977437.mp3	3600
common_voice_sr_27636667.mp3	1836
common_voice_sr_40985415.mp3	1908
common_voice_sr_41031271.mp3	2016
common_voice_sr_27675933.mp3	2088
common_voice_sr_40977013.mp3	3528
common_voice_sr_27675615.mp3	2412
common_voice_sr_40981161.mp3	2556
common_voice_sr_40978285.mp3	2988
common_voice_sr_36765623.mp3	2448
common_voice_sr_27953565.mp3	2916
common_voice_sr_27635124.mp3	2700
common_voice_sr_27675808.mp3	2520
common_voice_sr_36768745.mp3	2448
common_voice_sr_40979035.mp3	3060
common_voice_sr_40977956.mp3	3636
common_voice_sr_27671115.mp3	2628
common_voice_sr_40984185.mp3	1728
common_voice_sr_40978515.mp3	3456
common_voice_sr_40983382.mp3	3060
common_voice_sr_35085134.mp3	2340
common_voice_sr_28452678.mp3	2628
common_voice_sr_40982804.mp3	3348
common_voice_sr_38511372.mp3	2232
common_voice_sr_39330449.mp3	4176
common_voice_sr_36804241.mp3	2196
common_voice_sr_36773714.mp3	3996
common_voice_sr_28439844.mp3	2628
common_voice_sr_27014908.mp3	4176
common_voice_sr_40991270.mp3	2880
common_voice_sr_35086874.mp3	2160
common_voice_sr_41021479.mp3	2088
common_voice_sr_28216755.mp3	3276
common_voice_sr_39936697.mp3	6696
common_voice_sr_39936663.mp3	3600
common_voice_sr_40984187.mp3	2088
common_voice_sr_40974219.mp3	4860
common_voice_sr_27953526.mp3	3168
common_voice_sr_36950691.mp3	2088
common_voice_sr_36934835.mp3	2268
common_voice_sr_40975556.mp3	3456
common_voice_sr_41029155.mp3	1836
common_voice_sr_40975549.mp3	5616
common_voice_sr_40471867.mp3	6120
common_voice_sr_40979915.mp3	3780
common_voice_sr_38511423.mp3	3168
common_voice_sr_39257212.mp3	4680
common_voice_sr_36951808.mp3	1980
common_voice_sr_26960476.mp3	2016
common_voice_sr_38511357.mp3	4284
common_voice_sr_36774384.mp3	2376
common_voice_sr_35090078.mp3	1296
common_voice_sr_40978501.mp3	1728
common_voice_sr_28859067.mp3	3240
common_voice_sr_36950258.mp3	2196
common_voice_sr_37810772.mp3	3636
common_voice_sr_40987827.mp3	4896
common_voice_sr_27635204.mp3	2592
common_voice_sr_40981653.mp3	2340
common_voice_sr_40982640.mp3	2088
common_voice_sr_35398692.mp3	1728
common_voice_sr_36838917.mp3	2268
common_voice_sr_40980286.mp3	1836
common_voice_sr_41013006.mp3	2160
common_voice_sr_27675809.mp3	2448
common_voice_sr_27635274.mp3	2916
common_voice_sr_35399066.mp3	1440
common_voice_sr_40983701.mp3	2556
common_voice_sr_27011722.mp3	2268
common_voice_sr_36950181.mp3	2556
common_voice_sr_40977957.mp3	5688
common_voice_sr_28441402.mp3	2196
common_voice_sr_35089042.mp3	2376
common_voice_sr_40977626.mp3	4716
common_voice_sr_40981379.mp3	2880
common_voice_sr_35109134.mp3	4500
common_voice_sr_40978488.mp3	2520
common_voice_sr_40977778.mp3	4248
common_voice_sr_38523491.mp3	2808
common_voice_sr_36767316.mp3	4716
common_voice_sr_40985178.mp3	7596
common_voice_sr_41024451.mp3	2736
common_voice_sr_36774044.mp3	2736
common_voice_sr_27655196.mp3	3636
common_voice_sr_41017412.mp3	2376
common_voice_sr_40983640.mp3	1800
common_voice_sr_36946918.mp3	2628
common_voice_sr_46919156.mp3	2916
common_voice_sr_26953674.mp3	4032
common_voice_sr_38844946.mp3	3528
common_voice_sr_38537541.mp3	1836
common_voice_sr_27781231.mp3	2520
common_voice_sr_35085256.mp3	3888
common_voice_sr_35085143.mp3	2160
common_voice_sr_40987814.mp3	4536
common_voice_sr_31333233.mp3	2628
common_voice_sr_40981294.mp3	2736
common_voice_sr_37810788.mp3	5184
common_voice_sr_41029096.mp3	2160
common_voice_sr_36950262.mp3	2196
common_voice_sr_40980944.mp3	2016
common_voice_sr_40982039.mp3	1728
common_voice_sr_40977830.mp3	2160
common_voice_sr_45994561.mp3	4716
common_voice_sr_27636654.mp3	1908
common_voice_sr_35125870.mp3	1980
common_voice_sr_40975605.mp3	2448
common_voice_sr_33242768.mp3	4068
common_voice_sr_36774484.mp3	2556
common_voice_sr_28623231.mp3	2808
common_voice_sr_40189502.mp3	3600
common_voice_sr_40405830.mp3	5688
common_voice_sr_40979314.mp3	2196
common_voice_sr_40491638.mp3	5040
common_voice_sr_36774340.mp3	4428
common_voice_sr_37810724.mp3	3168
common_voice_sr_36773093.mp3	3204
common_voice_sr_40977491.mp3	4896
common_voice_sr_40977553.mp3	4536
common_voice_sr_35087565.mp3	3096
common_voice_sr_38537527.mp3	1908
common_voice_sr_40980287.mp3	2736
common_voice_sr_40979982.mp3	2628
common_voice_sr_37517871.mp3	3528
common_voice_sr_40991073.mp3	4716
common_voice_sr_27677167.mp3	2628
common_voice_sr_39330465.mp3	4968
common_voice_sr_27655709.mp3	4068
common_voice_sr_40983469.mp3	1908
common_voice_sr_40981407.mp3	4500
common_voice_sr_40979979.mp3	2808
common_voice_sr_27953602.mp3	3600
common_voice_sr_37523094.mp3	3204
common_voice_sr_35086769.mp3	3240
common_voice_sr_35091328.mp3	1980
common_voice_sr_40985599.mp3	2088
common_voice_sr_39884949.mp3	3708
common_voice_sr_46919448.mp3	1980
common_voice_sr_40985432.mp3	3888
common_voice_sr_28526350.mp3	2628
common_voice_sr_40981599.mp3	2520
common_voice_sr_28521399.mp3	3348
common_voice_sr_35085178.mp3	2736
common_voice_sr_36766058.mp3	2736
common_voice_sr_38526024.mp3	1872
common_voice_sr_36949434.mp3	2376
common_voice_sr_27671134.mp3	2520
common_voice_sr_27014765.mp3	2340
common_voice_sr_36947008.mp3	2520
common_voice_sr_40386216.mp3	4968
common_voice_sr_27675878.mp3	1944
common_voice_sr_40982635.mp3	2016
common_voice_sr_35098189.mp3	2088
common_voice_sr_40985640.mp3	4320
common_voice_sr_35086548.mp3	2520
common_voice_sr_28441371.mp3	2448
common_voice_sr_35101522.mp3	1908
common_voice_sr_35085144.mp3	4320
common_voice_sr_28441398.mp3	2628
common_voice_sr_39330561.mp3	5076
common_voice_sr_38535671.mp3	2412
common_voice_sr_27675697.mp3	1980
common_voice_sr_35085526.mp3	2736
common_voice_sr_40977063.mp3	3600
common_voice_sr_35086333.mp3	2448
common_voice_sr_28521309.mp3	1692
common_voice_sr_27781242.mp3	4068
common_voice_sr_41010441.mp3	3708
common_voice_sr_36950669.mp3	4464
common_voice_sr_40985638.mp3	2088
common_voice_sr_41012748.mp3	2448
common_voice_sr_27014823.mp3	3096
common_voice_sr_38511432.mp3	3672
common_voice_sr_27781430.mp3	2556
common_voice_sr_40982831.mp3	2196
common_voice_sr_40985620.mp3	2448
common_voice_sr_45994915.mp3	3924
common_voice_sr_40978571.mp3	5436
common_voice_sr_26873719.mp3	2628
common_voice_sr_40983561.mp3	4788
common_voice_sr_27675672.mp3	2232
common_voice_sr_35085159.mp3	2448
common_voice_sr_28441259.mp3	4248
common_voice_sr_40834231.mp3	7884
common_voice_sr_37810634.mp3	2304
common_voice_sr_40981586.mp3	2556
common_voice_sr_38833193.mp3	2628
common_voice_sr_38511356.mp3	3780
common_voice_sr_40977510.mp3	4500
common_voice_sr_40997612.mp3	1908
common_voice_sr_36773303.mp3	3240
common_voice_sr_40983419.mp3	4356
common_voice_sr_37259381.mp3	2556
common_voice_sr_36804159.mp3	2988
common_voice_sr_36947088.mp3	2340
common_voice_sr_40977023.mp3	3240
common_voice_sr_40975864.mp3	2736
common_voice_sr_41021496.mp3	2016
common_voice_sr_27166453.mp3	2700
common_voice_sr_29138991.mp3	3420
common_voice_sr_27635280.mp3	3312
common_voice_sr_35090402.mp3	3600
common_voice_sr_38511417.mp3	3528
common_voice_sr_46919373.mp3	4356
common_voice_sr_35098151.mp3	3528
common_voice_sr_40985653.mp3	2880
common_voice_sr_36946704.mp3	3708
common_voice_sr_35085578.mp3	2160
common_voice_sr_36947059.mp3	2988
common_voice_sr_35278266.mp3	2340
common_voice_sr_40979002.mp3	2736
common_voice_sr_40982850.mp3	2196
common_voice_sr_40983995.mp3	2736
common_voice_sr_40975612.mp3	4176
common_voice_sr_40981601.mp3	2268
common_voice_sr_40985506.mp3	5256
common_voice_sr_38535682.mp3	1620
common_voice_sr_36925167.mp3	2736
common_voice_sr_40985663.mp3	3168
common_voice_sr_35360862.mp3	1728
common_voice_sr_40982638.mp3	3456
common_voice_sr_26946043.mp3	2556
common_voice_sr_27014851.mp3	3708
common_voice_sr_48251123.mp3	2628
common_voice_sr_37523091.mp3	2952
common_voice_sr_37810846.mp3	4536
common_voice_sr_40977577.mp3	5328
common_voice_sr_38535714.mp3	1908
common_voice_sr_33242815.mp3	3348
common_voice_sr_41006427.mp3	2880
common_voice_sr_28321622.mp3	4068
common_voice_sr_41021456.mp3	3096
common_voice_sr_40982852.mp3	2196
common_voice_sr_40982654.mp3	2808
common_voice_sr_36765671.mp3	2304
common_voice_sr_46917923.mp3	2088
common_voice_sr_36793412.mp3	4536
common_voice_sr_40975598.mp3	3960
common_voice_sr_28526289.mp3	2088
common_voice_sr_35098181.mp3	2520
common_voice_sr_41012812.mp3	4608
common_voice_sr_36804150.mp3	2736
common_voice_sr_36767541.mp3	2304
common_voice_sr_36950234.mp3	2376
common_voice_sr_40985613.mp3	2088
common_voice_sr_36949252.mp3	2196
common_voice_sr_28521327.mp3	1512
common_voice_sr_28441385.mp3	2160
common_voice_sr_40984236.mp3	2088
common_voice_sr_27886335.mp3	2628
common_voice_sr_38525978.mp3	1836
common_voice_sr_35109133.mp3	2700
common_voice_sr_37517855.mp3	4680
common_voice_sr_26874414.mp3	3096
common_voice_sr_36950557.mp3	2268
common_voice_sr_40984194.mp3	2016
common_voice_sr_40978628.mp3	7740
common_voice_sr_28521436.mp3	1548
common_voice_sr_41013008.mp3	2160
common_voice_sr_38521569.mp3	1728
common_voice_sr_40975631.mp3	4140
common_voice_sr_45995039.mp3	4644
common_voice_sr_40979257.mp3	4788
common_voice_sr_38509207.mp3	3636
common_voice_sr_40997625.mp3	3456
common_voice_sr_40989468.mp3	2340
common_voice_sr_40983586.mp3	1548
common_voice_sr_36934867.mp3	2844
common_voice_sr_41006426.mp3	3456
common_voice_sr_40977695.mp3	2016
common_voice_sr_40491665.mp3	3384
common_voice_sr_40982040.mp3	2268
common_voice_sr_36950770.mp3	2160
common_voice_sr_40977407.mp3	5040
common_voice_sr_27675796.mp3	2448
common_voice_sr_39330503.mp3	5220
common_voice_sr_40979288.mp3	4896
common_voice_sr_40982862.mp3	2088
common_voice_sr_35090598.mp3	4968
common_voice_sr_40997570.mp3	3348
common_voice_sr_40980326.mp3	2268
common_voice_sr_36950264.mp3	2520
common_voice_sr_28663251.mp3	4608
common_voice_sr_41010606.mp3	2736
common_voice_sr_27675810.mp3	1944
common_voice_sr_40983550.mp3	2340
common_voice_sr_36765469.mp3	3060
common_voice_sr_35101540.mp3	3600
common_voice_sr_41029089.mp3	2340
common_voice_sr_37810828.mp3	2628
common_voice_sr_27636632.mp3	3528
common_voice_sr_40975865.mp3	5400
common_voice_sr_46827440.mp3	4212
common_voice_sr_41678446.mp3	3276
common_voice_sr_27655747.mp3	3600
common_voice_sr_40978800.mp3	4968
common_voice_sr_37574620.mp3	4284
common_voice_sr_40981000.mp3	3960
common_voice_sr_40977420.mp3	4860
common_voice_sr_28441218.mp3	2448
common_voice_sr_40405822.mp3	3528
common_voice_sr_40976889.mp3	6516
common_voice_sr_27655327.mp3	3168
common_voice_sr_38511378.mp3	2556
common_voice_sr_39936690.mp3	4500
common_voice_sr_40982590.mp3	2556
common_voice_sr_41012910.mp3	2556
common_voice_sr_28441309.mp3	2376
common_voice_sr_41024418.mp3	4788
common_voice_sr_40977958.mp3	3708
common_voice_sr_27781286.mp3	2268
common_voice_sr_40978564.mp3	2016
common_voice_sr_26958704.mp3	3060
common_voice_sr_40468279.mp3	3240
common_voice_sr_38521560.mp3	2268
common_voice_sr_27008224.mp3	2880
common_voice_sr_40978688.mp3	2448
common_voice_sr_37391308.mp3	4896
common_voice_sr_40985938.mp3	2700
common_voice_sr_35086875.mp3	2340
common_voice_sr_36767331.mp3	3456
common_voice_sr_38833184.mp3	3996
common_voice_sr_27661021.mp3	3240
common_voice_sr_27636249.mp3	2916
common_voice_sr_39885099.mp3	3600
common_voice_sr_28521330.mp3	2232
common_voice_sr_45994933.mp3	4824
common_voice_sr_27781276.mp3	2376
common_voice_sr_36947042.mp3	2628
common_voice_sr_38509248.mp3	3096
common_voice_sr_36767520.mp3	3960
common_voice_sr_40976271.mp3	5328
common_voice_sr_40983670.mp3	3168
common_voice_sr_46918022.mp3	4464
common_voice_sr_36950588.mp3	2448
common_voice_sr_36804206.mp3	2520
common_voice_sr_27636407.mp3	2736
common_voice_sr_40491727.mp3	4860
common_voice_sr_36950290.mp3	3888
common_voice_sr_38531796.mp3	3564
common_voice_sr_27636509.mp3	2448
common_voice_sr_27675840.mp3	2124
common_voice_sr_36765668.mp3	2592
common_voice_sr_45994917.mp3	4104
common_voice_sr_27808286.mp3	2808
common_voice_sr_27781349.mp3	2556
common_voice_sr_40997388.mp3	3096
common_voice_sr_26874289.mp3	4320
common_voice_sr_38509095.mp3	2556
common_voice_sr_39316395.mp3	6120
common_voice_sr_37329749.mp3	2880
common_voice_sr_39330581.mp3	4500
common_voice_sr_40984205.mp3	3528
common_voice_sr_36765315.mp3	4068
common_voice_sr_39263250.mp3	4860
common_voice_sr_27681768.mp3	2376
common_voice_sr_35265143.mp3	2556
common_voice_sr_40979331.mp3	4716
common_voice_sr_27781362.mp3	2376
common_voice_sr_45994589.mp3	4212
common_voice_sr_40386217.mp3	6480
common_voice_sr_40471930.mp3	3924
common_voice_sr_36765429.mp3	2520
common_voice_sr_36951794.mp3	1872
common_voice_sr_27636217.mp3	3348
common_voice_sr_40983645.mp3	2556
common_voice_sr_36765575.mp3	2520
common_voice_sr_26874370.mp3	4320
common_voice_sr_40977435.mp3	3528
common_voice_sr_27781265.mp3	2448
common_voice_sr_35156281.mp3	3240
common_voice_sr_35099341.mp3	2844
common_voice_sr_39885247.mp3	4608
common_voice_sr_41012760.mp3	3960
common_voice_sr_40976284.mp3	4176
common_voice_sr_40975928.mp3	3456
common_voice_sr_35099340.mp3	2664
common_voice_sr_41012903.mp3	2376
common_voice_sr_35096216.mp3	4248
common_voice_sr_39330476.mp3	4536
common_voice_sr_36774247.mp3	2988
common_voice_sr_27636634.mp3	2196
common_voice_sr_39212890.mp3	5220
common_voice_sr_36767537.mp3	2196
common_voice_sr_40976949.mp3	4896
common_voice_sr_38525998.mp3	4032
common_voice_sr_36950038.mp3	2880
common_voice_sr_37006634.mp3	2880
common_voice_sr_35125164.mp3	3060
common_voice_sr_37810810.mp3	2196
common_voice_sr_41012900.mp3	2268
common_voice_sr_40981648.mp3	5580
common_voice_sr_41010793.mp3	2340
common_voice_sr_36946856.mp3	2268
common_voice_sr_38515504.mp3	1872
common_voice_sr_40386096.mp3	4608
common_voice_sr_27008153.mp3	2808
common_voice_sr_46919400.mp3	2628
common_voice_sr_40974228.mp3	5580
common_voice_sr_40979329.mp3	2448
common_voice_sr_35399194.mp3	1548
common_voice_sr_28439842.mp3	3240
common_voice_sr_41000582.mp3	3348
common_voice_sr_36946932.mp3	2268
common_voice_sr_26981420.mp3	2556
common_voice_sr_36773442.mp3	2628
common_voice_sr_27655718.mp3	3528
common_voice_sr_40991137.mp3	2088
common_voice_sr_40980005.mp3	2088
common_voice_sr_36773347.mp3	4896
common_voice_sr_36946987.mp3	2556
common_voice_sr_36946984.mp3	3096
common_voice_sr_36804238.mp3	2160
common_voice_sr_28526345.mp3	2340
common_voice_sr_39316401.mp3	3888
common_voice_sr_37810755.mp3	2628
common_voice_sr_37206894.mp3	4788
common_voice_sr_41012996.mp3	2196
common_voice_sr_35278269.mp3	3060
common_voice_sr_36994290.mp3	2556
common_voice_sr_41017388.mp3	5400
common_voice_sr_28521434.mp3	1296
common_voice_sr_41000551.mp3	3276
common_voice_sr_40991055.mp3	5760
common_voice_sr_40977540.mp3	3348
common_voice_sr_40977025.mp3	3348
common_voice_sr_40981992.mp3	2160
common_voice_sr_38537440.mp3	3276
common_voice_sr_40991056.mp3	5400
common_voice_sr_37810725.mp3	2088
common_voice_sr_39885157.mp3	3780
common_voice_sr_40978428.mp3	5328
common_voice_sr_38845567.mp3	4680
common_voice_sr_36773509.mp3	2880
common_voice_sr_36950249.mp3	2376
common_voice_sr_28521388.mp3	1584
common_voice_sr_38521568.mp3	2088
common_voice_sr_45994574.mp3	4356
common_voice_sr_40991289.mp3	3168
common_voice_sr_38844860.mp3	3816
common_voice_sr_40977696.mp3	4788
common_voice_sr_28521326.mp3	1836
common_voice_sr_40987729.mp3	4680
common_voice_sr_40977623.mp3	3780
common_voice_sr_38509157.mp3	3384
common_voice_sr_26959574.mp3	2916
common_voice_sr_36946610.mp3	2700
common_voice_sr_48251248.mp3	3276
common_voice_sr_40994065.mp3	2520
common_voice_sr_41017392.mp3	3600
common_voice_sr_37810780.mp3	2952
common_voice_sr_36994293.mp3	4176
common_voice_sr_26959120.mp3	3168
common_voice_sr_40978467.mp3	4176
common_voice_sr_40984231.mp3	3816
common_voice_sr_28441229.mp3	2916
common_voice_sr_40985414.mp3	3636
common_voice_sr_28526435.mp3	2808
common_voice_sr_40997430.mp3	2088
common_voice_sr_40984025.mp3	2196
common_voice_sr_40979324.mp3	4536
common_voice_sr_36950749.mp3	2268
common_voice_sr_40985678.mp3	2880
common_voice_sr_37810631.mp3	3384
common_voice_sr_28517859.mp3	3348
common_voice_sr_27671132.mp3	2088
common_voice_sr_46919155.mp3	2304
common_voice_sr_40977591.mp3	2916
common_voice_sr_48251072.mp3	6048
common_voice_sr_40982811.mp3	2340
common_voice_sr_35399465.mp3	1548
common_voice_sr_40991288.mp3	3960
common_voice_sr_40981588.mp3	2556
common_voice_sr_39316384.mp3	4860
common_voice_sr_40471882.mp3	4932
common_voice_sr_35099274.mp3	2556
common_voice_sr_41031255.mp3	2016
common_voice_sr_27314287.mp3	2340
common_voice_sr_41017387.mp3	2700
common_voice_sr_40976895.mp3	3708
common_voice_sr_28441431.mp3	2340
common_voice_sr_36765356.mp3	2664
common_voice_sr_35398490.mp3	1368
common_voice_sr_27781234.mp3	2808
common_voice_sr_40982817.mp3	5580
common_voice_sr_40981592.mp3	7668
common_voice_sr_38531798.mp3	2052
common_voice_sr_36774354.mp3	2520
common_voice_sr_35086885.mp3	4068
common_voice_sr_40983534.mp3	5256
common_voice_sr_28439839.mp3	4248
common_voice_sr_36793333.mp3	2196
common_voice_sr_41017413.mp3	2088
common_voice_sr_37810721.mp3	4860
common_voice_sr_40981581.mp3	6120
common_voice_sr_38535717.mp3	3420
common_voice_sr_40977516.mp3	2628
common_voice_sr_40978654.mp3	2988
common_voice_sr_40987717.mp3	4500
common_voice_sr_27781332.mp3	2376
common_voice_sr_35109135.mp3	2880
common_voice_sr_38844878.mp3	5400
common_voice_sr_46917926.mp3	2016
common_voice_sr_39263260.mp3	3060
common_voice_sr_36767509.mp3	2376
common_voice_sr_36773157.mp3	3348
common_voice_sr_28526339.mp3	3276
common_voice_sr_40983505.mp3	2520
common_voice_sr_40976291.mp3	5616
common_voice_sr_41006488.mp3	3240
common_voice_sr_27664441.mp3	3060
common_voice_sr_40981264.mp3	2520
common_voice_sr_27014671.mp3	3420
common_voice_sr_38521584.mp3	2016
common_voice_sr_27701674.mp3	3132
common_voice_sr_36434798.mp3	3348
common_voice_sr_40978484.mp3	3168
common_voice_sr_40979337.mp3	4680
common_voice_sr_40471734.mp3	5364
common_voice_sr_37315338.mp3	3888
common_voice_sr_40974245.mp3	4860
common_voice_sr_40978450.mp3	3960
common_voice_sr_27781284.mp3	2268
common_voice_sr_40982611.mp3	2556
common_voice_sr_39330597.mp3	4176
common_voice_sr_40980295.mp3	1980
common_voice_sr_36949219.mp3	2376
common_voice_sr_37523071.mp3	4356
common_voice_sr_26960038.mp3	4608
common_voice_sr_41009881.mp3	2340
common_voice_sr_40977426.mp3	3060
common_voice_sr_36767259.mp3	2232
common_voice_sr_41017389.mp3	2268
common_voice_sr_40978985.mp3	2808
common_voice_sr_38521607.mp3	1656
common_voice_sr_39330707.mp3	4248
common_voice_sr_29138971.mp3	3348
common_voice_sr_40975974.mp3	3708
common_voice_sr_48251185.mp3	4680
common_voice_sr_36950088.mp3	2880
common_voice_sr_35085553.mp3	2448
common_voice_sr_41000561.mp3	3276
common_voice_sr_38537513.mp3	2376
common_voice_sr_40549980.mp3	3276
common_voice_sr_26874288.mp3	3996
common_voice_sr_36773421.mp3	3708
common_voice_sr_36765836.mp3	2844
common_voice_sr_27655213.mp3	3744
common_voice_sr_39271828.mp3	3816
common_voice_sr_37810782.mp3	2556
common_voice_sr_36994439.mp3	2844
common_voice_sr_40984226.mp3	2196
common_voice_sr_40985421.mp3	2556
common_voice_sr_36765592.mp3	2484
common_voice_sr_40982681.mp3	2088
common_voice_sr_40976845.mp3	6588
common_voice_sr_40471833.mp3	5004
common_voice_sr_35094496.mp3	2556
common_voice_sr_36994241.mp3	3528
common_voice_sr_26960331.mp3	2340
common_voice_sr_36765789.mp3	2232
common_voice_sr_27675889.mp3	1908
common_voice_sr_26874229.mp3	2808
common_voice_sr_40976972.mp3	2988
common_voice_sr_36765685.mp3	2088
common_voice_sr_45994794.mp3	4572
common_voice_sr_35086359.mp3	3708
common_voice_sr_27261790.mp3	1044
common_voice_sr_48250939.mp3	3240
common_voice_sr_27781295.mp3	2196
common_voice_sr_27781250.mp3	2448
common_voice_sr_40983442.mp3	3456
common_voice_sr_41037811.mp3	8316
common_voice_sr_40985128.mp3	2556
common_voice_sr_28517932.mp3	2268
common_voice_sr_40981377.mp3	3168
common_voice_sr_41029152.mp3	1800
common_voice_sr_27314123.mp3	2556
common_voice_sr_40984258.mp3	1980
common_voice_sr_27636688.mp3	2808
common_voice_sr_37517878.mp3	4536
common_voice_sr_41010594.mp3	4068
common_voice_sr_40975834.mp3	4356
common_voice_sr_27166443.mp3	3240
common_voice_sr_40980029.mp3	4896
common_voice_sr_36925147.mp3	3348
common_voice_sr_46991741.mp3	3636
common_voice_sr_39330448.mp3	4968
common_voice_sr_38515503.mp3	2700
common_voice_sr_41010762.mp3	2340
common_voice_sr_46919056.mp3	2340
common_voice_sr_36773392.mp3	3060
common_voice_sr_36947011.mp3	2916
common_voice_sr_35278212.mp3	2340
common_voice_sr_28521344.mp3	3240
common_voice_sr_38537450.mp3	3132
common_voice_sr_35109136.mp3	2340
common_voice_sr_46827439.mp3	3816
common_voice_sr_40991168.mp3	2700
common_voice_sr_40609213.mp3	4932
common_voice_sr_35399451.mp3	2016
common_voice_sr_28441202.mp3	2376
common_voice_sr_36950618.mp3	2340
common_voice_sr_35094434.mp3	4320
common_voice_sr_28521322.mp3	3204
common_voice_sr_40976965.mp3	2556
common_voice_sr_40982824.mp3	4356
common_voice_sr_40985484.mp3	5040
common_voice_sr_27607050.mp3	3420
common_voice_sr_46919475.mp3	2988
common_voice_sr_40981952.mp3	2916
common_voice_sr_36950283.mp3	2808
common_voice_sr_28441364.mp3	3276
common_voice_sr_36592599.mp3	3204
common_voice_sr_37517837.mp3	4104
common_voice_sr_36947110.mp3	2628
common_voice_sr_36994254.mp3	2664
common_voice_sr_27781258.mp3	2700
common_voice_sr_39278066.mp3	3960
common_voice_sr_41024477.mp3	1656
common_voice_sr_33242706.mp3	4716
common_voice_sr_27781402.mp3	2916
common_voice_sr_38521580.mp3	2088
common_voice_sr_36765678.mp3	2268
common_voice_sr_36934834.mp3	2952
common_voice_sr_27781272.mp3	3348
common_voice_sr_27781318.mp3	2700
common_voice_sr_36765841.mp3	2016
common_voice_sr_41029102.mp3	3168
common_voice_sr_36765624.mp3	4464
common_voice_sr_40983524.mp3	3528
common_voice_sr_40974187.mp3	5256
common_voice_sr_35126163.mp3	1980
common_voice_sr_27008226.mp3	2376
common_voice_sr_40405760.mp3	4608
common_voice_sr_26552819.mp3	2628
common_voice_sr_28438335.mp3	2376
common_voice_sr_26874207.mp3	3060
common_voice_sr_40976289.mp3	2628
common_voice_sr_28521339.mp3	1548
common_voice_sr_36946971.mp3	2520
common_voice_sr_40468278.mp3	3024
common_voice_sr_40977727.mp3	3060
common_voice_sr_39254533.mp3	5436
common_voice_sr_36994270.mp3	2196
common_voice_sr_28526344.mp3	3636
common_voice_sr_43069437.mp3	6516
common_voice_sr_36765489.mp3	2196
common_voice_sr_36950232.mp3	2880
common_voice_sr_36773540.mp3	2520
common_voice_sr_40977432.mp3	2916
common_voice_sr_41021564.mp3	3060
common_voice_sr_45994763.mp3	2340
common_voice_sr_28521337.mp3	1980
common_voice_sr_40984215.mp3	3780
common_voice_sr_40977709.mp3	4680
common_voice_sr_41325057.mp3	4284
common_voice_sr_27808285.mp3	2880
common_voice_sr_28859057.mp3	2808
common_voice_sr_40979931.mp3	2160
common_voice_sr_39271842.mp3	4176
common_voice_sr_27662308.mp3	4644
common_voice_sr_28526458.mp3	2556
common_voice_sr_40978487.mp3	4896
common_voice_sr_41000610.mp3	1728
common_voice_sr_35397911.mp3	2124
common_voice_sr_27635273.mp3	3780
common_voice_sr_40976018.mp3	5616
common_voice_sr_40985631.mp3	2268
common_voice_sr_36994410.mp3	2664
common_voice_sr_39897688.mp3	3960
common_voice_sr_40978157.mp3	6300
common_voice_sr_40976999.mp3	3600
common_voice_sr_41006472.mp3	5508
common_voice_sr_28526407.mp3	2556
common_voice_sr_27635279.mp3	2880
common_voice_sr_36950040.mp3	2628
common_voice_sr_38526011.mp3	1836
common_voice_sr_39330527.mp3	2700
common_voice_sr_41010761.mp3	2340
common_voice_sr_41012876.mp3	1908
common_voice_sr_36765612.mp3	2088
common_voice_sr_37810815.mp3	2232
common_voice_sr_41021534.mp3	3528
common_voice_sr_40976890.mp3	3708
common_voice_sr_45994834.mp3	2160
common_voice_sr_35097160.mp3	4356
common_voice_sr_40978708.mp3	5508
common_voice_sr_27658339.mp3	4428
common_voice_sr_35086509.mp3	2556
common_voice_sr_35399786.mp3	1512
common_voice_sr_36950734.mp3	2520
common_voice_sr_36765625.mp3	2304
common_voice_sr_40977703.mp3	3456
common_voice_sr_35096217.mp3	3060
common_voice_sr_40982645.mp3	2700
common_voice_sr_36379612.mp3	3240
common_voice_sr_40979522.mp3	2376
common_voice_sr_36765640.mp3	2088
common_voice_sr_27008137.mp3	2628
common_voice_sr_27014912.mp3	2736
common_voice_sr_27781458.mp3	2196
common_voice_sr_41006358.mp3	3636
common_voice_sr_40978750.mp3	5616
common_voice_sr_40981786.mp3	2556
common_voice_sr_35090764.mp3	2628
common_voice_sr_38509251.mp3	4716
common_voice_sr_40975624.mp3	1728
common_voice_sr_41012706.mp3	1980
common_voice_sr_38515492.mp3	2844
common_voice_sr_40997561.mp3	2340
common_voice_sr_40985659.mp3	5076
common_voice_sr_27781310.mp3	2628
common_voice_sr_28521349.mp3	1800
common_voice_sr_27011079.mp3	2340
common_voice_sr_46919123.mp3	6768
common_voice_sr_27014857.mp3	3996
common_voice_sr_40979287.mp3	2376
common_voice_sr_36950579.mp3	2160
common_voice_sr_28521350.mp3	2052
common_voice_sr_36765518.mp3	2052
common_voice_sr_36950207.mp3	2088
common_voice_sr_40985172.mp3	2556
common_voice_sr_39278117.mp3	4896
common_voice_sr_27038862.mp3	5724
common_voice_sr_38508466.mp3	2448
common_voice_sr_45994934.mp3	2664
common_voice_sr_41010790.mp3	6048
common_voice_sr_36946585.mp3	4140
common_voice_sr_28521348.mp3	1692
common_voice_sr_28521383.mp3	1764
common_voice_sr_40978281.mp3	4248
common_voice_sr_46919629.mp3	3384
common_voice_sr_36765637.mp3	2412
common_voice_sr_37810705.mp3	5364
common_voice_sr_41037836.mp3	4788
common_voice_sr_35126175.mp3	2340
common_voice_sr_40975982.mp3	5508
common_voice_sr_40975629.mp3	5580
common_voice_sr_40983656.mp3	2016
common_voice_sr_36804226.mp3	2556
common_voice_sr_40983650.mp3	2088
common_voice_sr_40975743.mp3	2268
common_voice_sr_39271876.mp3	4356
common_voice_sr_40997631.mp3	2268
common_voice_sr_35085519.mp3	2376
common_voice_sr_36765487.mp3	2664
common_voice_sr_40997555.mp3	2988
common_voice_sr_36592601.mp3	3276
common_voice_sr_38509093.mp3	4428
common_voice_sr_36949121.mp3	3240
common_voice_sr_40975995.mp3	3456
common_voice_sr_35248766.mp3	2700
common_voice_sr_36434799.mp3	2880
common_voice_sr_40997394.mp3	3096
common_voice_sr_35086776.mp3	3888
common_voice_sr_35090076.mp3	2520
common_voice_sr_38537522.mp3	1908
common_voice_sr_35399489.mp3	1836
common_voice_sr_27781222.mp3	3096
common_voice_sr_35094452.mp3	2520
common_voice_sr_39330694.mp3	4788
common_voice_sr_39212825.mp3	5112
common_voice_sr_40471851.mp3	1656
common_voice_sr_40979934.mp3	3636
common_voice_sr_40991331.mp3	3060
common_voice_sr_37517902.mp3	4104
common_voice_sr_36765523.mp3	2340
common_voice_sr_40991098.mp3	3708
common_voice_sr_41010668.mp3	2520
common_voice_sr_35092028.mp3	2520
common_voice_sr_26874136.mp3	2448
common_voice_sr_40977436.mp3	4788
common_voice_sr_45995215.mp3	3600
common_voice_sr_40405796.mp3	3420
common_voice_sr_35090738.mp3	2808
common_voice_sr_46921810.mp3	4428
common_voice_sr_26552921.mp3	2520
common_voice_sr_38526003.mp3	2124
common_voice_sr_28521378.mp3	1980
common_voice_sr_40997602.mp3	7128
common_voice_sr_38509082.mp3	5436
common_voice_sr_26945953.mp3	2808
common_voice_sr_35086241.mp3	4500
common_voice_sr_40984268.mp3	2448
common_voice_sr_36774422.mp3	2628
common_voice_sr_40976315.mp3	2520
common_voice_sr_35094433.mp3	2808
common_voice_sr_38833342.mp3	2556
common_voice_sr_40984022.mp3	2196
common_voice_sr_41006546.mp3	4536
common_voice_sr_36950261.mp3	2736
common_voice_sr_35086321.mp3	4248
common_voice_sr_36973233.mp3	4176
common_voice_sr_36950565.mp3	3816
common_voice_sr_40991305.mp3	2628
common_voice_sr_27675793.mp3	2988
common_voice_sr_40991278.mp3	3348
common_voice_sr_40975582.mp3	3600
common_voice_sr_39770127.mp3	3348
common_voice_sr_36774513.mp3	2016
common_voice_sr_41009902.mp3	2556
common_voice_sr_45994755.mp3	4068
common_voice_sr_40978457.mp3	6588
common_voice_sr_35360801.mp3	2484
common_voice_sr_40985969.mp3	6048
common_voice_sr_40978503.mp3	2700
common_voice_sr_40985920.mp3	4068
common_voice_sr_40985471.mp3	4860
common_voice_sr_36772888.mp3	3528
common_voice_sr_36765504.mp3	3780
common_voice_sr_27781252.mp3	5040
common_voice_sr_36765958.mp3	2196
common_voice_sr_41006468.mp3	3168
common_voice_sr_40983569.mp3	5400
common_voice_sr_36950559.mp3	3204
common_voice_sr_28663213.mp3	2808
common_voice_sr_40975937.mp3	5328
common_voice_sr_40981916.mp3	1728
common_voice_sr_27635179.mp3	2880
common_voice_sr_33192085.mp3	2808
common_voice_sr_35086773.mp3	3420
common_voice_sr_28441162.mp3	3240
common_voice_sr_38523432.mp3	3420
common_voice_sr_27014712.mp3	2160
common_voice_sr_36950177.mp3	6516
common_voice_sr_38508436.mp3	3024
common_voice_sr_40983543.mp3	2808
common_voice_sr_39263258.mp3	2988
common_voice_sr_38509101.mp3	2916
common_voice_sr_35086335.mp3	2376
common_voice_sr_40991323.mp3	6120
common_voice_sr_41006436.mp3	2268
common_voice_sr_36950670.mp3	2232
common_voice_sr_40991139.mp3	4248
common_voice_sr_40981014.mp3	2016
common_voice_sr_31892506.mp3	2016
common_voice_sr_40982806.mp3	2448
common_voice_sr_36765337.mp3	2772
common_voice_sr_40975559.mp3	2916
common_voice_sr_40405854.mp3	4968
common_voice_sr_40975621.mp3	4248
common_voice_sr_38515529.mp3	2052
common_voice_sr_26552851.mp3	3348
common_voice_sr_40987829.mp3	3168
common_voice_sr_35398698.mp3	1584
common_voice_sr_35090142.mp3	2628
common_voice_sr_40983613.mp3	2736
common_voice_sr_35089140.mp3	3096
common_voice_sr_40983573.mp3	2736
common_voice_sr_40979015.mp3	2340
common_voice_sr_38535664.mp3	2412
common_voice_sr_37810758.mp3	3168
common_voice_sr_41029099.mp3	1800
common_voice_sr_41012798.mp3	4068
common_voice_sr_46919046.mp3	2088
common_voice_sr_40981626.mp3	2988
common_voice_sr_40981305.mp3	2916
common_voice_sr_37810621.mp3	2412
common_voice_sr_28521329.mp3	1476
common_voice_sr_27655736.mp3	3276
common_voice_sr_40975987.mp3	3348
common_voice_sr_27675880.mp3	4500
common_voice_sr_36934810.mp3	3060
common_voice_sr_45995008.mp3	4464
common_voice_sr_26981405.mp3	3060
common_voice_sr_41031311.mp3	4968
common_voice_sr_38509130.mp3	2736
common_voice_sr_27635058.mp3	3708
common_voice_sr_35398388.mp3	1656
common_voice_sr_40982591.mp3	3960
common_voice_sr_40979534.mp3	2628
common_voice_sr_28526512.mp3	2808
common_voice_sr_36804145.mp3	2736
common_voice_sr_27655632.mp3	2376
common_voice_sr_36765889.mp3	2052
common_voice_sr_40982859.mp3	2340
common_voice_sr_40981172.mp3	2628
common_voice_sr_35086307.mp3	2736
common_voice_sr_40981866.mp3	1980
common_voice_sr_40386103.mp3	4140
common_voice_sr_35085632.mp3	3960
common_voice_sr_39330647.mp3	4500
common_voice_sr_36946670.mp3	4428
common_voice_sr_36765516.mp3	2052
common_voice_sr_36950146.mp3	2016
common_voice_sr_37206895.mp3	2736
common_voice_sr_40979241.mp3	5256
common_voice_sr_36946745.mp3	2340
common_voice_sr_27634889.mp3	3024
common_voice_sr_36994393.mp3	2016
common_voice_sr_45994826.mp3	7020
common_voice_sr_40977935.mp3	2628
common_voice_sr_40977743.mp3	4968
common_voice_sr_36765519.mp3	1944
common_voice_sr_40981373.mp3	5256
common_voice_sr_41009882.mp3	2376
common_voice_sr_41873217.mp3	5580
common_voice_sr_37206889.mp3	2988
common_voice_sr_41000593.mp3	3780
common_voice_sr_40985939.mp3	2160
common_voice_sr_40975898.mp3	3348
common_voice_sr_36765886.mp3	1944
common_voice_sr_39885044.mp3	4032
common_voice_sr_28521397.mp3	972
common_voice_sr_40980965.mp3	5616
common_voice_sr_28521417.mp3	2124
common_voice_sr_41012749.mp3	3996
common_voice_sr_28526251.mp3	2016
common_voice_sr_40975701.mp3	1728
common_voice_sr_27781271.mp3	2196
common_voice_sr_39330633.mp3	3528
common_voice_sr_38537492.mp3	1620
common_voice_sr_40989471.mp3	2376
common_voice_sr_36949263.mp3	2088
common_voice_sr_40977740.mp3	3528
common_voice_sr_35085583.mp3	1980
common_voice_sr_46917526.mp3	3636
common_voice_sr_45994716.mp3	3600
common_voice_sr_28526241.mp3	2700
common_voice_sr_35248751.mp3	3996
common_voice_sr_37391307.mp3	4716
common_voice_sr_40979334.mp3	2088
common_voice_sr_27808287.mp3	2880
common_voice_sr_40979292.mp3	4788
common_voice_sr_39254643.mp3	3888
common_voice_sr_38521603.mp3	3888
common_voice_sr_35360928.mp3	1548
common_voice_sr_37523152.mp3	2556
common_voice_sr_38535656.mp3	2160
common_voice_sr_37810934.mp3	2232
common_voice_sr_41013009.mp3	1908
common_voice_sr_38508432.mp3	4572
common_voice_sr_40978475.mp3	5976
common_voice_sr_35278233.mp3	2376
common_voice_sr_40978758.mp3	5148
common_voice_sr_36994383.mp3	3636
common_voice_sr_39257235.mp3	3348
common_voice_sr_37810804.mp3	3384
common_voice_sr_40491626.mp3	2484
common_voice_sr_38523463.mp3	1908
common_voice_sr_40977657.mp3	3456
common_voice_sr_40980927.mp3	2376
common_voice_sr_41009899.mp3	3168
common_voice_sr_40981164.mp3	3888
common_voice_sr_36951799.mp3	2232
common_voice_sr_40471719.mp3	3600
common_voice_sr_26874324.mp3	3960
common_voice_sr_36804143.mp3	3420
common_voice_sr_45994725.mp3	2448
common_voice_sr_28526510.mp3	2448
common_voice_sr_45994768.mp3	2592
common_voice_sr_40983602.mp3	2088
common_voice_sr_36774006.mp3	2088
common_voice_sr_40980292.mp3	5076
common_voice_sr_38521578.mp3	2700
common_voice_sr_40979940.mp3	2196
common_voice_sr_35086559.mp3	2520
common_voice_sr_41006515.mp3	2448
common_voice_sr_27655587.mp3	2736
common_voice_sr_37517798.mp3	3816
common_voice_sr_28441254.mp3	4320
common_voice_sr_36950229.mp3	2880
common_voice_sr_36946775.mp3	2988
common_voice_sr_36950211.mp3	2628
common_voice_sr_40984026.mp3	2196
common_voice_sr_36453131.mp3	2016
common_voice_sr_40985837.mp3	3888
common_voice_sr_36773430.mp3	2880
common_voice_sr_40978785.mp3	3816
common_voice_sr_45995187.mp3	4788
common_voice_sr_40980252.mp3	2808
common_voice_sr_36946960.mp3	2448
common_voice_sr_40981611.mp3	1908
common_voice_sr_38847181.mp3	3528
common_voice_sr_27781425.mp3	2196
common_voice_sr_27635152.mp3	2808
common_voice_sr_41024500.mp3	2160
common_voice_sr_28521361.mp3	4248
common_voice_sr_27751840.mp3	2628
common_voice_sr_46919493.mp3	4284
common_voice_sr_28526252.mp3	2376
common_voice_sr_36773403.mp3	2520
common_voice_sr_38537501.mp3	2088
common_voice_sr_28526495.mp3	2988
common_voice_sr_26953668.mp3	3960
common_voice_sr_39257122.mp3	3816
common_voice_sr_40984267.mp3	4716
common_voice_sr_40980999.mp3	2376
common_voice_sr_27636637.mp3	2088
common_voice_sr_36950648.mp3	2196
common_voice_sr_35086792.mp3	2916
common_voice_sr_36767315.mp3	2232
common_voice_sr_36773199.mp3	2844
common_voice_sr_38531896.mp3	1944
common_voice_sr_40609232.mp3	2520
common_voice_sr_36946801.mp3	2880
common_voice_sr_40976292.mp3	5508
common_voice_sr_39330545.mp3	5796
common_voice_sr_46918922.mp3	2196
common_voice_sr_46991743.mp3	1836
common_voice_sr_36950081.mp3	2808
common_voice_sr_35086078.mp3	4968
common_voice_sr_28441153.mp3	2340
common_voice_sr_36767246.mp3	2952
common_voice_sr_35085086.mp3	2880
common_voice_sr_40979291.mp3	4500
common_voice_sr_27314236.mp3	2916
common_voice_sr_36767474.mp3	2088
common_voice_sr_40991321.mp3	2628
common_voice_sr_28517827.mp3	3780
common_voice_sr_35399025.mp3	1800
common_voice_sr_36950714.mp3	2484
common_voice_sr_26958710.mp3	2916
common_voice_sr_27314189.mp3	3060
common_voice_sr_41000568.mp3	4068
common_voice_sr_40974235.mp3	4356
common_voice_sr_41024463.mp3	2196
common_voice_sr_40984027.mp3	1836
common_voice_sr_36773336.mp3	2880
common_voice_sr_28216694.mp3	3168
common_voice_sr_41017401.mp3	2340
common_voice_sr_35399887.mp3	1404
common_voice_sr_36804173.mp3	2916
common_voice_sr_43069438.mp3	6948
common_voice_sr_39271827.mp3	6228
common_voice_sr_26958523.mp3	2448
common_voice_sr_36950260.mp3	4608
common_voice_sr_35098183.mp3	2196
common_voice_sr_28623158.mp3	2628
common_voice_sr_41017386.mp3	2196
common_voice_sr_36804218.mp3	2016
common_voice_sr_41012799.mp3	1836
common_voice_sr_38847195.mp3	5868
common_voice_sr_35265155.mp3	2484
common_voice_sr_37517914.mp3	5076
common_voice_sr_39278134.mp3	3636
common_voice_sr_36950634.mp3	2196
common_voice_sr_40982589.mp3	3348
common_voice_sr_37810716.mp3	3852
common_voice_sr_40983985.mp3	2700
common_voice_sr_40989431.mp3	8316
common_voice_sr_36774481.mp3	2700
common_voice_sr_39271841.mp3	5040
common_voice_sr_38523437.mp3	2484
common_voice_sr_28216690.mp3	3168
common_voice_sr_36774566.mp3	3096
common_voice_sr_45995052.mp3	3240
common_voice_sr_38523458.mp3	3276
common_voice_sr_38535697.mp3	2016
common_voice_sr_36994269.mp3	4572
common_voice_sr_37810831.mp3	3924
common_voice_sr_40976920.mp3	5076
common_voice_sr_36971125.mp3	2988
common_voice_sr_26937943.mp3	4140
common_voice_sr_36773441.mp3	2916
common_voice_sr_36971206.mp3	3708
common_voice_sr_40985164.mp3	1908
common_voice_sr_40979246.mp3	3240
common_voice_sr_37391349.mp3	2556
common_voice_sr_40985451.mp3	2196
common_voice_sr_35086764.mp3	3276
common_voice_sr_40985142.mp3	3708
common_voice_sr_28859079.mp3	2556
common_voice_sr_36774454.mp3	2160
common_voice_sr_28623210.mp3	2736
common_voice_sr_40991067.mp3	3456
common_voice_sr_41010472.mp3	3348
common_voice_sr_28441387.mp3	2160
common_voice_sr_38844877.mp3	3060
common_voice_sr_38509096.mp3	5112
common_voice_sr_28441252.mp3	2448
common_voice_sr_41024472.mp3	4536
common_voice_sr_37810778.mp3	2988
common_voice_sr_27675618.mp3	2484
common_voice_sr_35086263.mp3	3096
common_voice_sr_39257234.mp3	2808
common_voice_sr_40980000.mp3	2196
common_voice_sr_46917651.mp3	4824
common_voice_sr_37810779.mp3	3888
common_voice_sr_36765649.mp3	2484
common_voice_sr_35099347.mp3	2664
common_voice_sr_40978770.mp3	2376
common_voice_sr_41012872.mp3	2196
common_voice_sr_27014646.mp3	2520
common_voice_sr_40991290.mp3	3096
common_voice_sr_40989476.mp3	3240
common_voice_sr_36765400.mp3	4320
common_voice_sr_40975562.mp3	3240
common_voice_sr_35099190.mp3	3348
common_voice_sr_35109132.mp3	2448
common_voice_sr_40471817.mp3	3276
common_voice_sr_41012775.mp3	5868
common_voice_sr_40979040.mp3	7920
common_voice_sr_36765987.mp3	2520
common_voice_sr_40979275.mp3	2520
common_voice_sr_28526302.mp3	4356
common_voice_sr_40980003.mp3	4176
common_voice_sr_27008222.mp3	2556
common_voice_sr_45994682.mp3	6012
common_voice_sr_40976978.mp3	5760
common_voice_sr_39278122.mp3	6048
common_voice_sr_40980281.mp3	2736
common_voice_sr_27675860.mp3	2052
common_voice_sr_40991337.mp3	2520
common_voice_sr_36950741.mp3	2736
common_voice_sr_40989526.mp3	3456
common_voice_sr_36773235.mp3	3276
common_voice_sr_35092022.mp3	3996
common_voice_sr_40978558.mp3	3816
common_voice_sr_40982623.mp3	2520
common_voice_sr_39316393.mp3	3456
common_voice_sr_40977809.mp3	5400
common_voice_sr_38515534.mp3	1980
common_voice_sr_40977910.mp3	2340
common_voice_sr_36772000.mp3	2988
common_voice_sr_41013027.mp3	3456
common_voice_sr_40977672.mp3	3420
common_voice_sr_38537460.mp3	1836
common_voice_sr_36946992.mp3	4680
common_voice_sr_35267594.mp3	2268
common_voice_sr_40985919.mp3	3456
common_voice_sr_27781390.mp3	2916
common_voice_sr_40405855.mp3	4536
common_voice_sr_39330572.mp3	4896
common_voice_sr_41009945.mp3	2376
common_voice_sr_40981350.mp3	3240
common_voice_sr_40983533.mp3	2088
common_voice_sr_40609224.mp3	3276
common_voice_sr_41006517.mp3	2736
common_voice_sr_28441269.mp3	2160
common_voice_sr_40989489.mp3	3816
common_voice_sr_40983634.mp3	2268
common_voice_sr_40985422.mp3	2268
common_voice_sr_39884948.mp3	4572
common_voice_sr_40984175.mp3	2160
common_voice_sr_39885134.mp3	3636
common_voice_sr_36951839.mp3	2736
common_voice_sr_35278234.mp3	2412
common_voice_sr_39885056.mp3	3528
common_voice_sr_40985882.mp3	6696
common_voice_sr_26959024.mp3	2376
common_voice_sr_36946848.mp3	2520
common_voice_sr_33192054.mp3	4320
common_voice_sr_41012802.mp3	3816
common_voice_sr_36765703.mp3	2304
common_voice_sr_36767320.mp3	2664
common_voice_sr_43194817.mp3	4068
common_voice_sr_40982902.mp3	1980
common_voice_sr_36765806.mp3	2304
common_voice_sr_28521389.mp3	1800
common_voice_sr_36774342.mp3	2628
common_voice_sr_39330695.mp3	3636
common_voice_sr_40386287.mp3	4860
common_voice_sr_27751812.mp3	2448
common_voice_sr_40977597.mp3	2736
common_voice_sr_38535663.mp3	2376
common_voice_sr_27671155.mp3	2448
common_voice_sr_41006361.mp3	2448
common_voice_sr_41013034.mp3	4860
common_voice_sr_40977750.mp3	2916
common_voice_sr_39330473.mp3	4176
common_voice_sr_41013013.mp3	7416
common_voice_sr_39885146.mp3	3132
common_voice_sr_40977507.mp3	3636
common_voice_sr_36950768.mp3	2052
common_voice_sr_40978747.mp3	2088
common_voice_sr_36950280.mp3	2736
common_voice_sr_40981185.mp3	3960
common_voice_sr_40977788.mp3	6300
common_voice_sr_27635162.mp3	2988
common_voice_sr_40997707.mp3	3780
common_voice_sr_41021485.mp3	3888
common_voice_sr_39330745.mp3	5256
common_voice_sr_40985666.mp3	4428
common_voice_sr_35360905.mp3	5004
common_voice_sr_36767526.mp3	2268
common_voice_sr_40991162.mp3	1980
common_voice_sr_40491645.mp3	2916
common_voice_sr_28526380.mp3	2376
common_voice_sr_40983620.mp3	1800
common_voice_sr_36949292.mp3	2160
common_voice_sr_28526376.mp3	2556
common_voice_sr_36971212.mp3	5796
common_voice_sr_36434787.mp3	3240
common_voice_sr_38509241.mp3	2556
common_voice_sr_46919183.mp3	2196
common_voice_sr_39278158.mp3	4140
common_voice_sr_41000537.mp3	1800
common_voice_sr_40983502.mp3	2196
common_voice_sr_40982625.mp3	2376
common_voice_sr_36773307.mp3	2772
common_voice_sr_40985052.mp3	4320
common_voice_sr_40985636.mp3	5328
common_voice_sr_46917706.mp3	5796
common_voice_sr_35098198.mp3	2448
common_voice_sr_40991279.mp3	5868
common_voice_sr_37810715.mp3	2556
common_voice_sr_40983388.mp3	2880
common_voice_sr_40997385.mp3	4860
common_voice_sr_27781422.mp3	4716
common_voice_sr_41000523.mp3	4140
common_voice_sr_28153948.mp3	2628
common_voice_sr_40982668.mp3	2268
common_voice_sr_36950564.mp3	3492
common_voice_sr_39278123.mp3	4428
common_voice_sr_35086791.mp3	3240
common_voice_sr_40985967.mp3	2160
common_voice_sr_35278222.mp3	2088
common_voice_sr_26959905.mp3	2268
common_voice_sr_40985452.mp3	3708
common_voice_sr_40980027.mp3	2268
common_voice_sr_36765989.mp3	2556
common_voice_sr_40982631.mp3	3996
common_voice_sr_39330450.mp3	4968
common_voice_sr_40981650.mp3	3240
common_voice_sr_38844895.mp3	3600
common_voice_sr_38525963.mp3	2592
common_voice_sr_39254550.mp3	5724
common_voice_sr_28452683.mp3	2340
common_voice_sr_40983499.mp3	2556
common_voice_sr_48250807.mp3	2556
common_voice_sr_46918777.mp3	6192
common_voice_sr_41012731.mp3	3420
common_voice_sr_36453128.mp3	4896
common_voice_sr_36950608.mp3	2232
common_voice_sr_27011084.mp3	2268
common_voice_sr_40979239.mp3	5436
common_voice_sr_40983440.mp3	2628
common_voice_sr_26874367.mp3	2520
common_voice_sr_27014768.mp3	2448
common_voice_sr_27636607.mp3	2088
common_voice_sr_35090124.mp3	3528
common_voice_sr_41024432.mp3	2268
common_voice_sr_40979487.mp3	2340
common_voice_sr_36946768.mp3	4896
common_voice_sr_46918919.mp3	2016
common_voice_sr_40983463.mp3	2088
common_voice_sr_41012805.mp3	1728
common_voice_sr_36765366.mp3	3312
common_voice_sr_40980043.mp3	2016
common_voice_sr_40979014.mp3	3780
common_voice_sr_27781268.mp3	2088
common_voice_sr_40981160.mp3	2628
common_voice_sr_38523479.mp3	1800
common_voice_sr_40991060.mp3	2556
common_voice_sr_40982890.mp3	2880
common_voice_sr_40976295.mp3	3528
common_voice_sr_45995221.mp3	4248
common_voice_sr_36946996.mp3	2196
common_voice_sr_36950230.mp3	2196
common_voice_sr_48251323.mp3	3960
common_voice_sr_41029142.mp3	1620
common_voice_sr_28517836.mp3	2556
common_voice_sr_38515527.mp3	3348
common_voice_sr_45995074.mp3	2556
common_voice_sr_35267610.mp3	1692
common_voice_sr_38523476.mp3	2088
common_voice_sr_38508446.mp3	3996
common_voice_sr_37810726.mp3	2376
common_voice_sr_40983667.mp3	1980
common_voice_sr_37172283.mp3	2520
common_voice_sr_40982650.mp3	1800
common_voice_sr_27675663.mp3	2268
common_voice_sr_33242767.mp3	3492
common_voice_sr_26982157.mp3	2628
common_voice_sr_38537519.mp3	2052
common_voice_sr_33242729.mp3	2952
common_voice_sr_28441190.mp3	2628
common_voice_sr_28521454.mp3	3204
common_voice_sr_40983329.mp3	2268
common_voice_sr_27655746.mp3	3420
common_voice_sr_40974205.mp3	7200
common_voice_sr_26946027.mp3	5112
common_voice_sr_27662312.mp3	4068
common_voice_sr_40985448.mp3	2556
common_voice_sr_40983681.mp3	1728
common_voice_sr_36950087.mp3	2196
common_voice_sr_26960262.mp3	2736
common_voice_sr_35278209.mp3	2448
common_voice_sr_39885246.mp3	4212
common_voice_sr_40991074.mp3	2808
common_voice_sr_27014658.mp3	5796
common_voice_sr_33242793.mp3	3492
common_voice_sr_40982828.mp3	6408
common_voice_sr_40983445.mp3	3060
common_voice_sr_46918018.mp3	3060
common_voice_sr_27781257.mp3	2268
common_voice_sr_40405782.mp3	4860
common_voice_sr_26945989.mp3	2340
common_voice_sr_40982637.mp3	4536
common_voice_sr_41013039.mp3	2088
common_voice_sr_38523478.mp3	5616
common_voice_sr_40975566.mp3	4140
common_voice_sr_40491731.mp3	5436
common_voice_sr_36453126.mp3	2268
common_voice_sr_27660678.mp3	2880
common_voice_sr_36773334.mp3	2880
common_voice_sr_27635250.mp3	3312
common_voice_sr_40975930.mp3	3060
common_voice_sr_37810636.mp3	2340
common_voice_sr_35086883.mp3	5220
common_voice_sr_40983614.mp3	2340
common_voice_sr_36947039.mp3	2916
common_voice_sr_36774277.mp3	2088
common_voice_sr_40975565.mp3	3960
common_voice_sr_40978295.mp3	5940
common_voice_sr_27636253.mp3	2736
common_voice_sr_40985156.mp3	2196
common_voice_sr_36793433.mp3	2376
common_voice_sr_40977532.mp3	4500
common_voice_sr_40386234.mp3	5220
common_voice_sr_40984225.mp3	2448
common_voice_sr_40405766.mp3	3060
common_voice_sr_41021467.mp3	1728
common_voice_sr_35099163.mp3	3348
common_voice_sr_35085580.mp3	2016
common_voice_sr_36951796.mp3	2340
common_voice_sr_40979932.mp3	8460
common_voice_sr_43194821.mp3	3600
common_voice_sr_35090638.mp3	2916
common_voice_sr_36767464.mp3	2556
common_voice_sr_40987727.mp3	3060
common_voice_sr_35086650.mp3	2520
common_voice_sr_28521404.mp3	1584
common_voice_sr_39936649.mp3	5256
common_voice_sr_36765506.mp3	2808
common_voice_sr_27660232.mp3	2916
common_voice_sr_36946759.mp3	2916
common_voice_sr_40983390.mp3	2988
common_voice_sr_35265184.mp3	1872
common_voice_sr_37254726.mp3	2340
common_voice_sr_40979245.mp3	4896
common_voice_sr_46918767.mp3	1980
common_voice_sr_27635172.mp3	2088
common_voice_sr_37517874.mp3	4320
common_voice_sr_46918920.mp3	5904
common_voice_sr_40978548.mp3	3600
common_voice_sr_41031261.mp3	3096
common_voice_sr_40975805.mp3	2520
common_voice_sr_40982667.mp3	2376
common_voice_sr_40985181.mp3	1728
common_voice_sr_27675821.mp3	3528
common_voice_sr_46918822.mp3	3780
common_voice_sr_36765349.mp3	2520
common_voice_sr_27781466.mp3	2448
common_voice_sr_40405808.mp3	3420
common_voice_sr_39885003.mp3	4212
common_voice_sr_40975711.mp3	2736
common_voice_sr_35101571.mp3	3780
common_voice_sr_35098212.mp3	2268
common_voice_sr_40386183.mp3	3600
common_voice_sr_36950568.mp3	2484
common_voice_sr_38515501.mp3	2340
common_voice_sr_40985109.mp3	1980
common_voice_sr_27781299.mp3	2376
common_voice_sr_40977404.mp3	5436
common_voice_sr_36950135.mp3	2700
common_voice_sr_40985872.mp3	4968
common_voice_sr_36773349.mp3	3168
common_voice_sr_35089999.mp3	2808
common_voice_sr_35099343.mp3	2664
common_voice_sr_41006501.mp3	2520
common_voice_sr_40981798.mp3	3348
common_voice_sr_36838901.mp3	2520
common_voice_sr_41012924.mp3	5400
common_voice_sr_40980280.mp3	3240
common_voice_sr_35098196.mp3	2448
common_voice_sr_36994256.mp3	2160
common_voice_sr_27634866.mp3	3168
common_voice_sr_27675665.mp3	2484
common_voice_sr_36949087.mp3	2988
common_voice_sr_40984280.mp3	1980
common_voice_sr_40386227.mp3	4608
common_voice_sr_40975773.mp3	2448
common_voice_sr_40982580.mp3	2268
common_voice_sr_35265106.mp3	2520
common_voice_sr_39936570.mp3	4248
common_voice_sr_42629665.mp3	5940
common_voice_sr_28859066.mp3	2628
common_voice_sr_40978715.mp3	2196
common_voice_sr_36804148.mp3	2556
common_voice_sr_46919476.mp3	3888
common_voice_sr_40975583.mp3	3708
common_voice_sr_40471837.mp3	3924
common_voice_sr_45994616.mp3	2916
common_voice_sr_46919271.mp3	4680
common_voice_sr_43532688.mp3	4140
common_voice_sr_28216730.mp3	3060
common_voice_sr_36950142.mp3	4176
common_voice_sr_27675625.mp3	2124
common_voice_sr_38521550.mp3	1980
common_voice_sr_27014932.mp3	2880
common_voice_sr_35090081.mp3	1188
common_voice_sr_41010624.mp3	2376
common_voice_sr_40981148.mp3	4716
common_voice_sr_38833136.mp3	2916
common_voice_sr_40978703.mp3	2880
common_voice_sr_38509153.mp3	4176
common_voice_sr_39330685.mp3	2700
common_voice_sr_35098148.mp3	2376
common_voice_sr_40405784.mp3	5940
common_voice_sr_39257142.mp3	3996
common_voice_sr_40977583.mp3	2736
common_voice_sr_35091289.mp3	2268
common_voice_sr_40977704.mp3	4320
common_voice_sr_35094471.mp3	2700
common_voice_sr_39330538.mp3	4680
common_voice_sr_40981922.mp3	2268
common_voice_sr_36946744.mp3	2376
common_voice_sr_35265067.mp3	2340
common_voice_sr_38521604.mp3	2988
common_voice_sr_36951785.mp3	2340
common_voice_sr_41010792.mp3	2196
common_voice_sr_36765990.mp3	3312
common_voice_sr_38531897.mp3	1728
common_voice_sr_40979332.mp3	2700
common_voice_sr_36765780.mp3	1980
common_voice_sr_40977528.mp3	2448
common_voice_sr_35090126.mp3	2448
common_voice_sr_40385930.mp3	6768
common_voice_sr_40985146.mp3	2340
common_voice_sr_39254566.mp3	3600
common_voice_sr_35088673.mp3	3600
common_voice_sr_38537542.mp3	2016
common_voice_sr_36950603.mp3	2700
common_voice_sr_28521401.mp3	1584
common_voice_sr_40975920.mp3	1908
common_voice_sr_28441332.mp3	4068
common_voice_sr_40979286.mp3	2736
common_voice_sr_27781407.mp3	3168
common_voice_sr_28526341.mp3	2808
common_voice_sr_27781233.mp3	4320
common_voice_sr_40984240.mp3	2448
common_voice_sr_35094412.mp3	2808
common_voice_sr_37523126.mp3	3528
common_voice_sr_40984257.mp3	2160
common_voice_sr_39257124.mp3	4500
common_voice_sr_35099259.mp3	2628
common_voice_sr_33192056.mp3	2880
common_voice_sr_40981627.mp3	2196
common_voice_sr_40987726.mp3	5616
common_voice_sr_38833175.mp3	2556
common_voice_sr_41010689.mp3	3456
common_voice_sr_36946957.mp3	2700
common_voice_sr_40981288.mp3	4176
common_voice_sr_38845570.mp3	2628
common_voice_sr_36773296.mp3	4824
common_voice_sr_38511440.mp3	2124
common_voice_sr_38525996.mp3	1872
common_voice_sr_36951805.mp3	2016
common_voice_sr_38844875.mp3	4788
common_voice_sr_37517913.mp3	3636
common_voice_sr_41031275.mp3	2016
common_voice_sr_26552853.mp3	3096
common_voice_sr_35098165.mp3	2736
common_voice_sr_36950036.mp3	2880
common_voice_sr_37810942.mp3	3564
common_voice_sr_36804140.mp3	2808
common_voice_sr_36772002.mp3	3168
common_voice_sr_40985674.mp3	3168
common_voice_sr_40974230.mp3	4140
common_voice_sr_36765297.mp3	3204
common_voice_sr_26874203.mp3	2808
common_voice_sr_36765313.mp3	3024
common_voice_sr_40405788.mp3	4068
common_voice_sr_35101507.mp3	3780
common_voice_sr_36774214.mp3	2376
common_voice_sr_39936698.mp3	4248
common_voice_sr_40985676.mp3	3816
common_voice_sr_27338803.mp3	864
common_voice_sr_29083703.mp3	3564
common_voice_sr_37259379.mp3	2268
common_voice_sr_40983655.mp3	1836
common_voice_sr_36946700.mp3	2700
common_voice_sr_36946757.mp3	2556
common_voice_sr_37810856.mp3	3240
common_voice_sr_36765353.mp3	2268
common_voice_sr_40977431.mp3	2268
common_voice_sr_36950748.mp3	3456
common_voice_sr_27008175.mp3	2880
common_voice_sr_36793454.mp3	2520
common_voice_sr_40977602.mp3	2916
common_voice_sr_40386318.mp3	3888
common_voice_sr_36951834.mp3	1944
common_voice_sr_36804245.mp3	2160
common_voice_sr_40977579.mp3	3600
common_voice_sr_40985186.mp3	3420
common_voice_sr_40982888.mp3	5616
common_voice_sr_33242703.mp3	3744
common_voice_sr_38515517.mp3	3132
common_voice_sr_40977477.mp3	3888
common_voice_sr_27781449.mp3	2196
common_voice_sr_27781414.mp3	2988
common_voice_sr_39330681.mp3	3816
common_voice_sr_26873721.mp3	2196
common_voice_sr_41029111.mp3	3276
common_voice_sr_40491643.mp3	3384
common_voice_sr_28521437.mp3	2916
common_voice_sr_40977826.mp3	5400
common_voice_sr_27675777.mp3	1944
common_voice_sr_27675932.mp3	2052
common_voice_sr_36774494.mp3	2340
common_voice_sr_38509242.mp3	3276
common_voice_sr_40985143.mp3	6120
common_voice_sr_39330722.mp3	5436
common_voice_sr_37517797.mp3	5076
common_voice_sr_40983509.mp3	1908
common_voice_sr_40981002.mp3	1548
common_voice_sr_27014929.mp3	2628
common_voice_sr_35125873.mp3	2448
common_voice_sr_27635316.mp3	2736
common_voice_sr_40976864.mp3	2520
common_voice_sr_27660644.mp3	3600
common_voice_sr_40985438.mp3	4140
common_voice_sr_39257226.mp3	3996
common_voice_sr_40991059.mp3	5796
common_voice_sr_39936567.mp3	3600
common_voice_sr_26960406.mp3	3636
common_voice_sr_40386181.mp3	3816
common_voice_sr_40997409.mp3	2520
common_voice_sr_28321612.mp3	3348
common_voice_sr_27636656.mp3	2736
common_voice_sr_28438334.mp3	2808
common_voice_sr_40386079.mp3	4140
common_voice_sr_40975744.mp3	3348
common_voice_sr_39885164.mp3	5004
common_voice_sr_36946929.mp3	2556
common_voice_sr_40491743.mp3	3096
common_voice_sr_40609216.mp3	4212
common_voice_sr_41021457.mp3	2196
common_voice_sr_40386218.mp3	5148
common_voice_sr_40984251.mp3	1800
common_voice_sr_40974239.mp3	3096
common_voice_sr_40983666.mp3	2160
common_voice_sr_41021478.mp3	2376
common_voice_sr_36765596.mp3	2196
common_voice_sr_28663240.mp3	2448
common_voice_sr_26959124.mp3	2700
common_voice_sr_27781336.mp3	2808
common_voice_sr_36765479.mp3	2304
common_voice_sr_36951831.mp3	2160
common_voice_sr_40985607.mp3	6876
common_voice_sr_36767540.mp3	2340
common_voice_sr_36946627.mp3	5220
common_voice_sr_46064000.mp3	3060
common_voice_sr_37517777.mp3	4068
common_voice_sr_40978570.mp3	5868
common_voice_sr_36946893.mp3	2736
common_voice_sr_35086545.mp3	4032
common_voice_sr_40386158.mp3	3636
common_voice_sr_40985457.mp3	4068
common_voice_sr_41010504.mp3	3816
common_voice_sr_40985498.mp3	4896
common_voice_sr_27636664.mp3	2376
common_voice_sr_40983506.mp3	2448
common_voice_sr_27314190.mp3	2808
common_voice_sr_40189518.mp3	4608
common_voice_sr_40981284.mp3	5760
common_voice_sr_40981919.mp3	3240
common_voice_sr_28526542.mp3	2448
common_voice_sr_37254742.mp3	2268
common_voice_sr_41031274.mp3	4320
common_voice_sr_27953575.mp3	2556
common_voice_sr_36946780.mp3	2808
common_voice_sr_36950037.mp3	2160
common_voice_sr_37523060.mp3	5256
common_voice_sr_36950739.mp3	2952
common_voice_sr_26945486.mp3	2268
common_voice_sr_26960226.mp3	2628
common_voice_sr_35090144.mp3	2520
common_voice_sr_40974242.mp3	2520
common_voice_sr_40985940.mp3	4356
common_voice_sr_27011081.mp3	3348
common_voice_sr_27675765.mp3	3060
common_voice_sr_35097135.mp3	2988
common_voice_sr_40987822.mp3	5328
common_voice_sr_40978550.mp3	3276
common_voice_sr_41037842.mp3	2988
common_voice_sr_39330451.mp3	4140
common_voice_sr_36950584.mp3	3996
common_voice_sr_38845585.mp3	3060
common_voice_sr_26945905.mp3	2268
common_voice_sr_46827436.mp3	3132
common_voice_sr_41006503.mp3	1908
common_voice_sr_46919310.mp3	2016
common_voice_sr_36767249.mp3	4500
common_voice_sr_38833157.mp3	2736
common_voice_sr_28321652.mp3	3060
common_voice_sr_40989507.mp3	2160
common_voice_sr_40983333.mp3	5580
common_voice_sr_39254678.mp3	3888
common_voice_sr_38369102.mp3	6840
common_voice_sr_35085107.mp3	2808
common_voice_sr_27655263.mp3	4284
common_voice_sr_40979950.mp3	3636
common_voice_sr_40979922.mp3	4860
common_voice_sr_27660624.mp3	5652
common_voice_sr_36774309.mp3	2880
common_voice_sr_40976916.mp3	3528
common_voice_sr_40985425.mp3	1836
common_voice_sr_35278284.mp3	2664
common_voice_sr_40997635.mp3	5436
common_voice_sr_38535691.mp3	1800
common_voice_sr_41037753.mp3	4428
common_voice_sr_36765817.mp3	2196
common_voice_sr_40975775.mp3	2088
common_voice_sr_28526439.mp3	6516
common_voice_sr_35265183.mp3	5256
common_voice_sr_39254598.mp3	4752
common_voice_sr_35085153.mp3	2448
common_voice_sr_36774213.mp3	2736
common_voice_sr_45995077.mp3	2340
common_voice_sr_40386085.mp3	5436
common_voice_sr_41021544.mp3	2988
common_voice_sr_36946729.mp3	2448
common_voice_sr_45994777.mp3	4356
common_voice_sr_35085177.mp3	2340
common_voice_sr_35091662.mp3	3420
common_voice_sr_35086652.mp3	2736
common_voice_sr_40976879.mp3	5940
common_voice_sr_46919339.mp3	4392
common_voice_sr_40985472.mp3	3816
common_voice_sr_40405770.mp3	4608
common_voice_sr_41000557.mp3	3816
common_voice_sr_27781227.mp3	2376
common_voice_sr_38509232.mp3	2052
common_voice_sr_39884988.mp3	4896
common_voice_sr_40981267.mp3	4140
common_voice_sr_40985686.mp3	3168
common_voice_sr_27781363.mp3	4428
common_voice_sr_40981363.mp3	3276
common_voice_sr_35097173.mp3	2628
common_voice_sr_40982656.mp3	3528
common_voice_sr_36793372.mp3	2448
common_voice_sr_39330645.mp3	4140
common_voice_sr_35090553.mp3	3528
common_voice_sr_36950721.mp3	2628
common_voice_sr_41024501.mp3	2196
common_voice_sr_28526468.mp3	2700
common_voice_sr_27675807.mp3	1944
common_voice_sr_40983398.mp3	3240
common_voice_sr_40977938.mp3	4860
common_voice_sr_40989499.mp3	6336
common_voice_sr_41012788.mp3	2988
common_voice_sr_26874386.mp3	3816
common_voice_sr_36767485.mp3	2412
common_voice_sr_40982822.mp3	2700
common_voice_sr_37315365.mp3	4140
common_voice_sr_27781381.mp3	2520
common_voice_sr_26960532.mp3	1836
common_voice_sr_36946921.mp3	2196
common_voice_sr_36949302.mp3	2916
common_voice_sr_36773490.mp3	3600
common_voice_sr_40983431.mp3	2520
common_voice_sr_40981956.mp3	2016
common_voice_sr_28521335.mp3	1692
common_voice_sr_41029137.mp3	2160
common_voice_sr_40997407.mp3	6336
common_voice_sr_35399446.mp3	1368
common_voice_sr_27781438.mp3	2340
common_voice_sr_39936537.mp3	5868
common_voice_sr_26959577.mp3	2340
common_voice_sr_28663239.mp3	2700
common_voice_sr_26981153.mp3	2808
common_voice_sr_40983432.mp3	2988
common_voice_sr_36804162.mp3	2700
common_voice_sr_41024450.mp3	1800
common_voice_sr_38058840.mp3	3708
common_voice_sr_40982609.mp3	4248
common_voice_sr_35133141.mp3	2700
common_voice_sr_35101491.mp3	2916
common_voice_sr_37315307.mp3	3060
common_voice_sr_36838859.mp3	2448
common_voice_sr_27636428.mp3	2916
common_voice_sr_36804207.mp3	2556
common_voice_sr_36838861.mp3	2628
common_voice_sr_46827119.mp3	2448
common_voice_sr_45994726.mp3	4572
common_voice_sr_36773577.mp3	2736
common_voice_sr_27646366.mp3	5076
common_voice_sr_40991085.mp3	2916
common_voice_sr_40984289.mp3	2016
common_voice_sr_40981306.mp3	4428
common_voice_sr_40985856.mp3	3276
common_voice_sr_35085179.mp3	3816
common_voice_sr_40978648.mp3	3168
common_voice_sr_35098173.mp3	2376
common_voice_sr_39980228.mp3	6516
common_voice_sr_40977489.mp3	5580
common_voice_sr_35090328.mp3	2340
common_voice_sr_27014652.mp3	2808
common_voice_sr_40471869.mp3	5436
common_voice_sr_39980232.mp3	4716
common_voice_sr_26946106.mp3	2016
common_voice_sr_46064341.mp3	6228
common_voice_sr_40979278.mp3	3456
common_voice_sr_40991325.mp3	4356
common_voice_sr_27314254.mp3	2700
common_voice_sr_40985147.mp3	2736
common_voice_sr_36950676.mp3	2484
common_voice_sr_39271893.mp3	2988
common_voice_sr_38833153.mp3	3816
common_voice_sr_36774581.mp3	2628
common_voice_sr_36766015.mp3	2628
common_voice_sr_40975700.mp3	4068
common_voice_sr_35090120.mp3	2376
common_voice_sr_36994443.mp3	6588
common_voice_sr_35084393.mp3	2160
common_voice_sr_36765372.mp3	2592
common_voice_sr_35099338.mp3	2628
common_voice_sr_40983441.mp3	6156
common_voice_sr_28521352.mp3	4824
common_voice_sr_40991100.mp3	3240
common_voice_sr_40978746.mp3	3816
common_voice_sr_45995011.mp3	2268
common_voice_sr_37391348.mp3	4140
common_voice_sr_35090125.mp3	2628
common_voice_sr_27314143.mp3	2520
common_voice_sr_41006502.mp3	4356
common_voice_sr_36950656.mp3	2376
common_voice_sr_37523093.mp3	3888
common_voice_sr_38369107.mp3	4176
common_voice_sr_40989520.mp3	2700
common_voice_sr_36765838.mp3	2664
common_voice_sr_40975843.mp3	2520
common_voice_sr_38509247.mp3	2448
common_voice_sr_36765314.mp3	2484
common_voice_sr_40834233.mp3	10008
common_voice_sr_45994754.mp3	6300
common_voice_sr_40982899.mp3	2340
common_voice_sr_27636278.mp3	1980
common_voice_sr_35278244.mp3	2916
common_voice_sr_40975593.mp3	2088
common_voice_sr_36765885.mp3	2124
common_voice_sr_40981610.mp3	2340
common_voice_sr_41012782.mp3	2556
common_voice_sr_38535665.mp3	1872
common_voice_sr_37051784.mp3	6804
common_voice_sr_40975842.mp3	2340
common_voice_sr_36773561.mp3	2556
common_voice_sr_40977552.mp3	5868
common_voice_sr_36774549.mp3	4680
common_voice_sr_36766017.mp3	1944
common_voice_sr_40975899.mp3	4320
common_voice_sr_36951802.mp3	2052
common_voice_sr_41009901.mp3	3816
common_voice_sr_40989533.mp3	3276
common_voice_sr_35086243.mp3	2196
common_voice_sr_40982813.mp3	2520
common_voice_sr_40981643.mp3	2376
common_voice_sr_41006471.mp3	3780
common_voice_sr_36765376.mp3	2988
common_voice_sr_39885232.mp3	4500
common_voice_sr_38833332.mp3	5148
common_voice_sr_40974222.mp3	5580
common_voice_sr_28452691.mp3	2448
common_voice_sr_40386265.mp3	5220
common_voice_sr_35099173.mp3	3492
common_voice_sr_35397121.mp3	1692
common_voice_sr_45995034.mp3	8100
common_voice_sr_36946995.mp3	2268
common_voice_sr_36949275.mp3	1836
common_voice_sr_38531841.mp3	1692
common_voice_sr_40983409.mp3	3276
common_voice_sr_36592600.mp3	2808
common_voice_sr_40991144.mp3	6408
common_voice_sr_41031269.mp3	2088
common_voice_sr_36949220.mp3	4896
common_voice_sr_28441165.mp3	2340
common_voice_sr_27008205.mp3	4320
common_voice_sr_40978705.mp3	5940
common_voice_sr_38535672.mp3	1584
common_voice_sr_36765661.mp3	2088
common_voice_sr_27781384.mp3	2196
common_voice_sr_36766043.mp3	2232
common_voice_sr_40491760.mp3	3924
common_voice_sr_36950206.mp3	2376
common_voice_sr_37810711.mp3	3996
common_voice_sr_40980283.mp3	2088
common_voice_sr_40982833.mp3	4968
common_voice_sr_40989485.mp3	2088
common_voice_sr_40491602.mp3	3996
common_voice_sr_28441418.mp3	3456
common_voice_sr_40980928.mp3	2700
common_voice_sr_26959849.mp3	2700
common_voice_sr_36765490.mp3	2376
common_voice_sr_27314192.mp3	2268
common_voice_sr_38058777.mp3	3780
common_voice_sr_36950255.mp3	2196
common_voice_sr_40984012.mp3	2160
common_voice_sr_35278214.mp3	2484
common_voice_sr_36994456.mp3	2664
common_voice_sr_40985885.mp3	9000
common_voice_sr_38515506.mp3	2160
common_voice_sr_36774382.mp3	3348
common_voice_sr_48251074.mp3	3420
common_voice_sr_40978551.mp3	3636
common_voice_sr_45994678.mp3	4752
common_voice_sr_40978283.mp3	4176
common_voice_sr_27794969.mp3	2988
common_voice_sr_40983627.mp3	2196
common_voice_sr_37517809.mp3	2808
common_voice_sr_41012932.mp3	1908
common_voice_sr_38508445.mp3	3132
common_voice_sr_28521429.mp3	1584
common_voice_sr_27751854.mp3	2160
common_voice_sr_48251326.mp3	3528
common_voice_sr_28441298.mp3	2268
common_voice_sr_40977587.mp3	3816
common_voice_sr_40983385.mp3	2880
common_voice_sr_40985630.mp3	3456
common_voice_sr_36766042.mp3	2448
common_voice_sr_38526027.mp3	1944
common_voice_sr_38526019.mp3	1620
common_voice_sr_45995048.mp3	3132
common_voice_sr_37810731.mp3	4716
common_voice_sr_26959332.mp3	2556
common_voice_sr_40386139.mp3	3528
common_voice_sr_35097084.mp3	4500
common_voice_sr_28526481.mp3	2628
common_voice_sr_40983500.mp3	4068
common_voice_sr_37523034.mp3	4464
common_voice_sr_38509236.mp3	3024
common_voice_sr_40975561.mp3	5328
common_voice_sr_41021543.mp3	4428
common_voice_sr_40978782.mp3	2340
common_voice_sr_28438488.mp3	2736
common_voice_sr_27781229.mp3	2160
common_voice_sr_40981615.mp3	2988
common_voice_sr_36773739.mp3	3276
common_voice_sr_41012920.mp3	3060
common_voice_sr_35278251.mp3	2268
common_voice_sr_40985968.mp3	2880
common_voice_sr_40987828.mp3	2556
common_voice_sr_35089067.mp3	2052
common_voice_sr_35091352.mp3	3276
common_voice_sr_41010736.mp3	3060
common_voice_sr_33242671.mp3	3276
common_voice_sr_28216709.mp3	2880
common_voice_sr_39330580.mp3	4428
common_voice_sr_36766005.mp3	2232
common_voice_sr_38511371.mp3	4392
common_voice_sr_27636316.mp3	2376
common_voice_sr_38537457.mp3	1908
common_voice_sr_40471810.mp3	4500
common_voice_sr_39884946.mp3	3780
common_voice_sr_38537458.mp3	1800
common_voice_sr_27635251.mp3	2772
common_voice_sr_37529555.mp3	2556
common_voice_sr_40983541.mp3	2448
common_voice_sr_46918772.mp3	2376
common_voice_sr_40491597.mp3	4824
common_voice_sr_40978639.mp3	3096
common_voice_sr_36804203.mp3	2700
common_voice_sr_40471818.mp3	4356
common_voice_sr_38509212.mp3	2052
common_voice_sr_40471828.mp3	4428
common_voice_sr_40985099.mp3	2088
common_voice_sr_40977580.mp3	2088
common_voice_sr_35086653.mp3	2700
common_voice_sr_40978291.mp3	3456
common_voice_sr_40982598.mp3	2916
common_voice_sr_41021538.mp3	2088
common_voice_sr_39884918.mp3	6912
common_voice_sr_26959123.mp3	3096
common_voice_sr_40991275.mp3	2736
common_voice_sr_35267563.mp3	2304
common_voice_sr_36838915.mp3	2340
common_voice_sr_36950158.mp3	4680
common_voice_sr_40989541.mp3	5580
common_voice_sr_36765805.mp3	2484
common_voice_sr_35085117.mp3	3060
common_voice_sr_38531834.mp3	1908
common_voice_sr_39278118.mp3	4968
common_voice_sr_40991274.mp3	4320
common_voice_sr_46919799.mp3	1872
common_voice_sr_45995073.mp3	5724
common_voice_sr_36947077.mp3	2628
common_voice_sr_38833336.mp3	2340
common_voice_sr_28441342.mp3	2268
common_voice_sr_40405851.mp3	3708
common_voice_sr_36765658.mp3	2484
common_voice_sr_41006429.mp3	1980
common_voice_sr_40985873.mp3	5328
common_voice_sr_35086299.mp3	2556
common_voice_sr_40189500.mp3	3276
common_voice_sr_38535674.mp3	2052
common_voice_sr_27636676.mp3	3456
common_voice_sr_32761981.mp3	1656
common_voice_sr_40997556.mp3	3636
common_voice_sr_40979996.mp3	1836
common_voice_sr_40405811.mp3	3960
common_voice_sr_27675575.mp3	2016
common_voice_sr_26945484.mp3	2304
common_voice_sr_40978461.mp3	4896
common_voice_sr_41024461.mp3	4680
common_voice_sr_40989504.mp3	6480
common_voice_sr_41000548.mp3	4356
common_voice_sr_46920604.mp3	2016
common_voice_sr_27636318.mp3	5256
common_voice_sr_28521384.mp3	2124
common_voice_sr_41013041.mp3	1620
common_voice_sr_39551730.mp3	5220
common_voice_sr_40977638.mp3	4536
common_voice_sr_38515526.mp3	2412
common_voice_sr_40976897.mp3	3096
common_voice_sr_40980982.mp3	2556
common_voice_sr_40978156.mp3	7596
common_voice_sr_26873666.mp3	3096
common_voice_sr_39330726.mp3	5040
common_voice_sr_40983404.mp3	2160
common_voice_sr_35085094.mp3	3780
common_voice_sr_35398014.mp3	2016
common_voice_sr_41006532.mp3	3240
common_voice_sr_47000546.mp3	2232
common_voice_sr_40979296.mp3	3276
common_voice_sr_41006446.mp3	2340
common_voice_sr_27781376.mp3	2376
common_voice_sr_38535710.mp3	3816
common_voice_sr_40997632.mp3	5688
common_voice_sr_39271866.mp3	4608
common_voice_sr_35278215.mp3	2448
common_voice_sr_35098178.mp3	2520
common_voice_sr_28663228.mp3	2628
common_voice_sr_46919088.mp3	5040
common_voice_sr_37206886.mp3	2556
common_voice_sr_35278239.mp3	2232
common_voice_sr_26960612.mp3	1908
common_voice_sr_37810794.mp3	3276
common_voice_sr_37315364.mp3	3996
common_voice_sr_35099164.mp3	3312
common_voice_sr_37810652.mp3	5184
common_voice_sr_40975845.mp3	2556
common_voice_sr_36947084.mp3	4356
common_voice_sr_36925170.mp3	2196
common_voice_sr_40471751.mp3	1980
common_voice_sr_28526559.mp3	2268
common_voice_sr_41031287.mp3	3996
common_voice_sr_48251073.mp3	4320
common_voice_sr_46919496.mp3	2628
common_voice_sr_26874321.mp3	2628
common_voice_sr_40977534.mp3	1800
common_voice_sr_26945849.mp3	2952
common_voice_sr_36767373.mp3	2484
common_voice_sr_40977719.mp3	2376
common_voice_sr_40985959.mp3	1476
common_voice_sr_28521278.mp3	1764
common_voice_sr_40989481.mp3	4176
common_voice_sr_35101510.mp3	2916
common_voice_sr_40983579.mp3	4896
common_voice_sr_40974213.mp3	4788
common_voice_sr_39884962.mp3	3996
common_voice_sr_28526377.mp3	2376
common_voice_sr_27014801.mp3	2556
common_voice_sr_35099208.mp3	2772
common_voice_sr_40982030.mp3	3960
common_voice_sr_36774226.mp3	3096
common_voice_sr_35360946.mp3	1872
common_voice_sr_36950717.mp3	2664
common_voice_sr_36950764.mp3	2052
common_voice_sr_35133171.mp3	3096
common_voice_sr_37810741.mp3	3060
common_voice_sr_28452675.mp3	2736
common_voice_sr_36994460.mp3	3348
common_voice_sr_40977689.mp3	3348
common_voice_sr_26959333.mp3	2520
common_voice_sr_36765444.mp3	2808
common_voice_sr_40976980.mp3	4068
common_voice_sr_40464254.mp3	5436
common_voice_sr_41021494.mp3	2016
common_voice_sr_40977590.mp3	3780
common_voice_sr_40983545.mp3	2556
common_voice_sr_40983606.mp3	1728
common_voice_sr_36950577.mp3	2268
common_voice_sr_31892180.mp3	2628
common_voice_sr_39278161.mp3	6048
common_voice_sr_46918710.mp3	3204
common_voice_sr_40981637.mp3	2268
common_voice_sr_36804151.mp3	2880
common_voice_sr_40979909.mp3	2340
common_voice_sr_40978742.mp3	3096
common_voice_sr_40491666.mp3	3276
common_voice_sr_36971217.mp3	6372
common_voice_sr_41006461.mp3	2700
common_voice_sr_39212891.mp3	4284
common_voice_sr_35265174.mp3	2196
common_voice_sr_28517930.mp3	2556
common_voice_sr_35090699.mp3	3348
common_voice_sr_37523145.mp3	3456
common_voice_sr_35091022.mp3	2808
common_voice_sr_40984191.mp3	2160
common_voice_sr_45994698.mp3	4284
common_voice_sr_40549994.mp3	3096
common_voice_sr_40980008.mp3	2376
common_voice_sr_26959336.mp3	3996
common_voice_sr_36765683.mp3	2376
common_voice_sr_36804214.mp3	2268
common_voice_sr_40984018.mp3	4608
common_voice_sr_39980231.mp3	5868
common_voice_sr_40977498.mp3	2988
common_voice_sr_38535713.mp3	2880
common_voice_sr_35360818.mp3	1980
common_voice_sr_41012771.mp3	3528
common_voice_sr_36765619.mp3	2088
common_voice_sr_40983657.mp3	3528
common_voice_sr_40491766.mp3	5004
common_voice_sr_28517824.mp3	5328
common_voice_sr_41009915.mp3	5940
common_voice_sr_40982603.mp3	2160
common_voice_sr_41031270.mp3	3348
common_voice_sr_46919376.mp3	4500
common_voice_sr_39885030.mp3	4536
common_voice_sr_40977747.mp3	3420
common_voice_sr_40983418.mp3	3600
common_voice_sr_40989422.mp3	2196
common_voice_sr_38521543.mp3	3096
common_voice_sr_36964015.mp3	3960
common_voice_sr_40984032.mp3	2268
common_voice_sr_27781240.mp3	2448
common_voice_sr_40991062.mp3	3348
common_voice_sr_40989539.mp3	2088
common_voice_sr_35085164.mp3	2556
common_voice_sr_40985145.mp3	2088
common_voice_sr_36767527.mp3	2520
common_voice_sr_36950688.mp3	2160
common_voice_sr_36774248.mp3	2340
common_voice_sr_38031071.mp3	3636
common_voice_sr_35399859.mp3	1872
common_voice_sr_27655739.mp3	2880
common_voice_sr_27786024.mp3	3060
common_voice_sr_38511424.mp3	2340
common_voice_sr_40981864.mp3	4896
common_voice_sr_26959386.mp3	2448
common_voice_sr_26953735.mp3	3384
common_voice_sr_35094408.mp3	3348
common_voice_sr_40981077.mp3	3960
common_voice_sr_40975940.mp3	2808
common_voice_sr_36765656.mp3	2268
common_voice_sr_28517899.mp3	2340
common_voice_sr_35089054.mp3	2484
common_voice_sr_39330630.mp3	4788
common_voice_sr_35085551.mp3	2376
common_voice_sr_40491765.mp3	3204
common_voice_sr_26946107.mp3	2880
common_voice_sr_40975610.mp3	4068
common_voice_sr_36774341.mp3	2520
common_voice_sr_41006465.mp3	1836
common_voice_sr_36765812.mp3	2340
common_voice_sr_40976034.mp3	2556
common_voice_sr_26958227.mp3	3636
common_voice_sr_27794958.mp3	2160
common_voice_sr_41006408.mp3	3060
common_voice_sr_39271883.mp3	5508
common_voice_sr_40980291.mp3	2160
common_voice_sr_39257227.mp3	5400
common_voice_sr_41024462.mp3	2988
common_voice_sr_40978536.mp3	3636
common_voice_sr_35086357.mp3	2952
common_voice_sr_41024435.mp3	2196
common_voice_sr_36804240.mp3	2880
common_voice_sr_27781317.mp3	3168
common_voice_sr_40405824.mp3	4680
common_voice_sr_40985951.mp3	2088
common_voice_sr_40471791.mp3	3564
common_voice_sr_36951825.mp3	2268
common_voice_sr_38511416.mp3	2124
common_voice_sr_46063775.mp3	3636
common_voice_sr_40987680.mp3	3528
common_voice_sr_38515523.mp3	4644
common_voice_sr_36793357.mp3	2340
common_voice_sr_40978477.mp3	8100
common_voice_sr_40975737.mp3	2268
common_voice_sr_27675605.mp3	2304
common_voice_sr_40984039.mp3	2880
common_voice_sr_38833344.mp3	2340
common_voice_sr_39278095.mp3	4608
common_voice_sr_35098184.mp3	2088
common_voice_sr_41006525.mp3	3528
common_voice_sr_27014691.mp3	4356
common_voice_sr_40471875.mp3	4752
common_voice_sr_35265052.mp3	2700
common_voice_sr_38515505.mp3	2484
common_voice_sr_36767295.mp3	2412
common_voice_sr_40981979.mp3	1908
common_voice_sr_37574634.mp3	3132
common_voice_sr_41037809.mp3	4788
common_voice_sr_37315336.mp3	3888
common_voice_sr_40981266.mp3	2448
common_voice_sr_40981280.mp3	2340
common_voice_sr_36768744.mp3	2232
common_voice_sr_45995118.mp3	3348
common_voice_sr_36765660.mp3	2016
common_voice_sr_38521600.mp3	1944
common_voice_sr_27677166.mp3	6192
common_voice_sr_38845572.mp3	2916
common_voice_sr_35088546.mp3	4068
common_voice_sr_39271830.mp3	3636
common_voice_sr_26960473.mp3	2376
common_voice_sr_46919427.mp3	4212
common_voice_sr_40977569.mp3	3528
common_voice_sr_38844896.mp3	7740
common_voice_sr_41031272.mp3	2556
common_voice_sr_40982648.mp3	1800
common_voice_sr_40979299.mp3	3348
common_voice_sr_40386138.mp3	3780
common_voice_sr_36946634.mp3	2088
common_voice_sr_26943980.mp3	3204
common_voice_sr_35098188.mp3	2268
common_voice_sr_35085139.mp3	2628
common_voice_sr_37574622.mp3	4536
common_voice_sr_40471792.mp3	3528
common_voice_sr_26552852.mp3	3096
common_voice_sr_27636625.mp3	3276
common_voice_sr_36773526.mp3	2520
common_voice_sr_36994284.mp3	2520
common_voice_sr_37315345.mp3	3060
common_voice_sr_35085088.mp3	2448
common_voice_sr_39257139.mp3	3348
common_voice_sr_28216752.mp3	3276
common_voice_sr_27314138.mp3	2340
common_voice_sr_39254549.mp3	4320
common_voice_sr_35126112.mp3	2700
common_voice_sr_36766011.mp3	2412
common_voice_sr_41024421.mp3	2448
common_voice_sr_27675724.mp3	4788
common_voice_sr_40991265.mp3	6588
common_voice_sr_37523130.mp3	4176
common_voice_sr_27781450.mp3	2088
common_voice_sr_40991260.mp3	5616
common_voice_sr_36950755.mp3	2160
common_voice_sr_40978716.mp3	1908
common_voice_sr_36765701.mp3	2628
common_voice_sr_26874290.mp3	2916
common_voice_sr_40984199.mp3	4716
common_voice_sr_28859065.mp3	3348
common_voice_sr_36774109.mp3	2556
common_voice_sr_39330462.mp3	5616
common_voice_sr_40983400.mp3	3960
common_voice_sr_26874078.mp3	2196
common_voice_sr_40983485.mp3	2268
common_voice_sr_28526393.mp3	2376
common_voice_sr_27781319.mp3	3888
common_voice_sr_38525965.mp3	2520
common_voice_sr_36774058.mp3	5436
common_voice_sr_39257213.mp3	4536
common_voice_sr_35265198.mp3	2520
common_voice_sr_35094407.mp3	3960
common_voice_sr_36765621.mp3	2232
common_voice_sr_39257209.mp3	4788
common_voice_sr_36773306.mp3	3348
common_voice_sr_38515535.mp3	1836
common_voice_sr_36804217.mp3	2268
common_voice_sr_37517839.mp3	4824
common_voice_sr_40991146.mp3	3600
common_voice_sr_41010524.mp3	3528
common_voice_sr_28441305.mp3	2268
common_voice_sr_40978555.mp3	4788
common_voice_sr_27701679.mp3	3312
common_voice_sr_40978700.mp3	2628
common_voice_sr_36765616.mp3	2160
common_voice_sr_40981604.mp3	4356
common_voice_sr_40976951.mp3	4680
common_voice_sr_40977065.mp3	2340
common_voice_sr_38537451.mp3	2844
common_voice_sr_40984182.mp3	2088
common_voice_sr_26874325.mp3	2808
common_voice_sr_40976998.mp3	2736
common_voice_sr_40978787.mp3	2520
common_voice_sr_46917356.mp3	2664
common_voice_sr_41031284.mp3	2376
common_voice_sr_37315295.mp3	3780
common_voice_sr_35265199.mp3	2484
common_voice_sr_40985877.mp3	2268
common_voice_sr_40991049.mp3	6516
common_voice_sr_40405840.mp3	4320
common_voice_sr_40979036.mp3	2736
common_voice_sr_27636076.mp3	2808
common_voice_sr_40386241.mp3	2808
common_voice_sr_40983600.mp3	1836
common_voice_sr_26553053.mp3	2988
common_voice_sr_40978437.mp3	4860
common_voice_sr_27660533.mp3	3636
common_voice_sr_40991312.mp3	6336
common_voice_sr_41006375.mp3	5436
common_voice_sr_39936661.mp3	4608
common_voice_sr_35085532.mp3	2520
common_voice_sr_41009926.mp3	1836
common_voice_sr_36765485.mp3	2232
common_voice_sr_36950252.mp3	2340
common_voice_sr_40978992.mp3	2808
common_voice_sr_27675671.mp3	3132
common_voice_sr_40982029.mp3	2556
common_voice_sr_40984288.mp3	1908
common_voice_sr_36946701.mp3	2808
common_voice_sr_36765417.mp3	2592
common_voice_sr_26953676.mp3	3348
common_voice_sr_36793360.mp3	3528
common_voice_sr_40405806.mp3	4176
common_voice_sr_40991320.mp3	5220
common_voice_sr_38531861.mp3	3888
common_voice_sr_26958525.mp3	3096
common_voice_sr_36950664.mp3	1980
common_voice_sr_37810790.mp3	3996
common_voice_sr_36774400.mp3	2448
common_voice_sr_36950188.mp3	2880
common_voice_sr_40978675.mp3	2808
common_voice_sr_40974216.mp3	3276
common_voice_sr_36774338.mp3	2880
common_voice_sr_28521385.mp3	1440
common_voice_sr_40491768.mp3	3096
common_voice_sr_35125872.mp3	6120
common_voice_sr_39254568.mp3	4356
common_voice_sr_38523465.mp3	2412
common_voice_sr_36774498.mp3	2880
common_voice_sr_40985658.mp3	7056
common_voice_sr_39885154.mp3	4068
common_voice_sr_40989453.mp3	5508
common_voice_sr_40979997.mp3	4680
common_voice_sr_40491733.mp3	5796
common_voice_sr_40985168.mp3	1836
common_voice_sr_41031266.mp3	2376
common_voice_sr_39936699.mp3	4896
common_voice_sr_27014759.mp3	4068
common_voice_sr_37391320.mp3	4320
common_voice_sr_36946765.mp3	2520
common_voice_sr_40976902.mp3	3996
common_voice_sr_35086310.mp3	2808
common_voice_sr_40985174.mp3	2016
common_voice_sr_36766016.mp3	2232
common_voice_sr_40981622.mp3	5688
common_voice_sr_46919450.mp3	1908
common_voice_sr_32072361.mp3	3276
common_voice_sr_41029136.mp3	3528
common_voice_sr_40982628.mp3	2268
common_voice_sr_41031299.mp3	2268
common_voice_sr_27781403.mp3	2160
common_voice_sr_40471765.mp3	2664
common_voice_sr_28321623.mp3	3276
common_voice_sr_36767496.mp3	2160
common_voice_sr_40980036.mp3	2340
common_voice_sr_40982653.mp3	2196
common_voice_sr_36774268.mp3	2556
common_voice_sr_40994055.mp3	4896
common_voice_sr_28438491.mp3	2556
common_voice_sr_33192055.mp3	6120
common_voice_sr_35097137.mp3	3816
common_voice_sr_36934831.mp3	2160
common_voice_sr_35125871.mp3	2340
common_voice_sr_36925152.mp3	4248
common_voice_sr_28441226.mp3	2376
common_voice_sr_40977417.mp3	4140
common_voice_sr_41006506.mp3	3276
common_voice_sr_35265104.mp3	2376
common_voice_sr_40980990.mp3	2196
common_voice_sr_38523450.mp3	1908
common_voice_sr_41010550.mp3	6660
common_voice_sr_36767396.mp3	3204
common_voice_sr_38515542.mp3	2376
common_voice_sr_27781224.mp3	2268
common_voice_sr_27014946.mp3	2520
common_voice_sr_35303049.mp3	2484
common_voice_sr_28623176.mp3	5580
common_voice_sr_36947071.mp3	2268
common_voice_sr_26552923.mp3	2700
common_voice_sr_35267607.mp3	2304
common_voice_sr_36773574.mp3	2088
common_voice_sr_37810702.mp3	2196
common_voice_sr_40982814.mp3	2916
common_voice_sr_40980257.mp3	3708
common_voice_sr_40975991.mp3	4608
common_voice_sr_45995012.mp3	2268
common_voice_sr_40979008.mp3	3816
common_voice_sr_40991043.mp3	5796
common_voice_sr_35098186.mp3	2340
common_voice_sr_41006448.mp3	6120
common_voice_sr_38509152.mp3	1836
common_voice_sr_36765438.mp3	2592
common_voice_sr_27675958.mp3	2268
common_voice_sr_36765910.mp3	2124
common_voice_sr_46919120.mp3	2232
common_voice_sr_36767565.mp3	2412
common_voice_sr_40981391.mp3	2700
common_voice_sr_41010685.mp3	6840
common_voice_sr_38833173.mp3	2808
common_voice_sr_43532692.mp3	7416
common_voice_sr_36994262.mp3	2628
common_voice_sr_36946589.mp3	5076
common_voice_sr_46919452.mp3	3096
common_voice_sr_28521405.mp3	1980
common_voice_sr_36767574.mp3	2376
common_voice_sr_28859056.mp3	2448
common_voice_sr_41024428.mp3	2628
common_voice_sr_40979514.mp3	4500
common_voice_sr_27675574.mp3	2016
common_voice_sr_27166455.mp3	2736
common_voice_sr_39330646.mp3	4320
common_voice_sr_36765670.mp3	2160
common_voice_sr_37810776.mp3	4356
common_voice_sr_37810657.mp3	5328
common_voice_sr_40491627.mp3	3384
common_voice_sr_40977039.mp3	2448
common_voice_sr_38515541.mp3	4320
common_voice_sr_36949435.mp3	2700
common_voice_sr_38521559.mp3	3492
common_voice_sr_40984003.mp3	2736
common_voice_sr_39271909.mp3	3456
common_voice_sr_40975861.mp3	2916
common_voice_sr_40979920.mp3	5220
common_voice_sr_36994247.mp3	4788
common_voice_sr_35094504.mp3	2520
common_voice_sr_40985133.mp3	2556
common_voice_sr_40983630.mp3	3420
common_voice_sr_35086379.mp3	2340
common_voice_sr_40985627.mp3	2160
common_voice_sr_40980002.mp3	4140
common_voice_sr_39897687.mp3	4248
common_voice_sr_40976891.mp3	3420
common_voice_sr_39257184.mp3	4176
common_voice_sr_33242694.mp3	5328
common_voice_sr_40984166.mp3	2376
common_voice_sr_35126113.mp3	2448
common_voice_sr_40979524.mp3	5400
common_voice_sr_41010622.mp3	1980
common_voice_sr_40471805.mp3	2772
common_voice_sr_40983454.mp3	2340
common_voice_sr_35097127.mp3	2916
common_voice_sr_36947019.mp3	2448
common_voice_sr_40975936.mp3	2700
common_voice_sr_40978153.mp3	4536
common_voice_sr_35086340.mp3	4176
common_voice_sr_40983682.mp3	1908
common_voice_sr_38531889.mp3	1908
common_voice_sr_27014813.mp3	2628
common_voice_sr_40983391.mp3	3276
common_voice_sr_28517857.mp3	4968
common_voice_sr_39254867.mp3	3636
common_voice_sr_40978456.mp3	5760
common_voice_sr_35089323.mp3	2772
common_voice_sr_40991145.mp3	4248
common_voice_sr_40978796.mp3	4608
common_voice_sr_36767294.mp3	2304
common_voice_sr_40977604.mp3	2088
common_voice_sr_36765426.mp3	3132
common_voice_sr_40491644.mp3	4140
common_voice_sr_40991053.mp3	3060
common_voice_sr_36765856.mp3	2304
common_voice_sr_40980297.mp3	2088
common_voice_sr_36774564.mp3	2088
common_voice_sr_40985876.mp3	7056
common_voice_sr_40977004.mp3	3636
common_voice_sr_40991255.mp3	4788
common_voice_sr_28153951.mp3	2376
common_voice_sr_40977035.mp3	3276
common_voice_sr_40983437.mp3	4320
common_voice_sr_40977791.mp3	6660
common_voice_sr_38525968.mp3	1692
common_voice_sr_41006415.mp3	4968
common_voice_sr_40983635.mp3	1980
common_voice_sr_35098175.mp3	2340
common_voice_sr_38844932.mp3	4536
common_voice_sr_36950723.mp3	2124
common_voice_sr_40974243.mp3	6228
common_voice_sr_35360988.mp3	3204
common_voice_sr_40974200.mp3	7020
common_voice_sr_46919245.mp3	5580
common_voice_sr_40982871.mp3	2700
common_voice_sr_26960007.mp3	2448
common_voice_sr_36765725.mp3	2340
common_voice_sr_38525995.mp3	2016
common_voice_sr_40978509.mp3	5256
common_voice_sr_45994571.mp3	3024
common_voice_sr_36994236.mp3	2952
common_voice_sr_41325056.mp3	3852
common_voice_sr_45994930.mp3	3492
common_voice_sr_39936580.mp3	5688
common_voice_sr_37517894.mp3	2844
common_voice_sr_41010643.mp3	3096
common_voice_sr_28517921.mp3	2376
common_voice_sr_27664440.mp3	3996
common_voice_sr_36765626.mp3	2016
common_voice_sr_46917661.mp3	3168
common_voice_sr_35096127.mp3	2916
common_voice_sr_40977485.mp3	1980
common_voice_sr_45995095.mp3	2988
common_voice_sr_41024423.mp3	1908
common_voice_sr_41017396.mp3	6048
common_voice_sr_36773256.mp3	4068
common_voice_sr_35088682.mp3	4536
common_voice_sr_38511377.mp3	3816
common_voice_sr_27794959.mp3	2448
common_voice_sr_36765589.mp3	2484
common_voice_sr_40980001.mp3	1908
common_voice_sr_39936650.mp3	3888
common_voice_sr_28441384.mp3	2736
common_voice_sr_36767256.mp3	2088
common_voice_sr_36950156.mp3	2700
common_voice_sr_40471843.mp3	2952
common_voice_sr_36947009.mp3	2520
common_voice_sr_40980324.mp3	2628
common_voice_sr_40984015.mp3	2268
common_voice_sr_40976928.mp3	2376
common_voice_sr_40977915.mp3	2628
common_voice_sr_40471707.mp3	6048
common_voice_sr_27314109.mp3	2880
common_voice_sr_40977024.mp3	4248
common_voice_sr_40977714.mp3	3960
common_voice_sr_36946894.mp3	3528
common_voice_sr_40983377.mp3	2628
common_voice_sr_40981985.mp3	2088
common_voice_sr_39330547.mp3	4176
common_voice_sr_41031258.mp3	2376
common_voice_sr_36994265.mp3	2700
common_voice_sr_48251244.mp3	4356
common_voice_sr_36946978.mp3	2340
common_voice_sr_35085141.mp3	2700
common_voice_sr_38537473.mp3	1692
common_voice_sr_40985423.mp3	3456
common_voice_sr_40983699.mp3	1800
common_voice_sr_37517828.mp3	3528
common_voice_sr_27314165.mp3	2520
common_voice_sr_45994562.mp3	2880
common_voice_sr_40997554.mp3	2988
common_voice_sr_47000535.mp3	4212
common_voice_sr_40975976.mp3	2520
common_voice_sr_41006485.mp3	1908
common_voice_sr_46919272.mp3	3204
common_voice_sr_40975927.mp3	2988
common_voice_sr_39936571.mp3	4536
common_voice_sr_36951829.mp3	1872
common_voice_sr_40981405.mp3	3348
common_voice_sr_41037735.mp3	5616
common_voice_sr_36946660.mp3	4788
common_voice_sr_28521333.mp3	4140
common_voice_sr_40974196.mp3	4860
common_voice_sr_41006419.mp3	2088
common_voice_sr_41029139.mp3	3996
common_voice_sr_41010517.mp3	2736
common_voice_sr_28526425.mp3	3348
common_voice_sr_27636317.mp3	2736
common_voice_sr_40189499.mp3	3888
common_voice_sr_36925158.mp3	4176
common_voice_sr_41000595.mp3	6048
common_voice_sr_43532690.mp3	4788
common_voice_sr_28526483.mp3	2556
common_voice_sr_40979281.mp3	2628
common_voice_sr_40471844.mp3	2196
common_voice_sr_40975697.mp3	3168
common_voice_sr_39316390.mp3	3996
common_voice_sr_41873214.mp3	4320
common_voice_sr_40981318.mp3	4500
common_voice_sr_27635144.mp3	3060
common_voice_sr_40997616.mp3	2700
common_voice_sr_40981885.mp3	1728
common_voice_sr_27014858.mp3	2808
common_voice_sr_37259392.mp3	2556
common_voice_sr_40981178.mp3	6516
common_voice_sr_40981186.mp3	3276
common_voice_sr_38509080.mp3	4428
common_voice_sr_40386104.mp3	4680
common_voice_sr_28623159.mp3	5868
common_voice_sr_41000614.mp3	6228
common_voice_sr_27781283.mp3	2700
common_voice_sr_27014751.mp3	2448
common_voice_sr_35090476.mp3	2700
common_voice_sr_26874349.mp3	2196
common_voice_sr_38531881.mp3	1872
common_voice_sr_33192084.mp3	3456
common_voice_sr_35098185.mp3	2808
common_voice_sr_40980941.mp3	2736
common_voice_sr_39330546.mp3	4356
common_voice_sr_35086380.mp3	2196
common_voice_sr_37810730.mp3	2988
common_voice_sr_35085108.mp3	2628
common_voice_sr_41012781.mp3	2808
common_voice_sr_36994374.mp3	2664
common_voice_sr_26960171.mp3	2340
common_voice_sr_39330563.mp3	5436
common_voice_sr_38521574.mp3	2340
common_voice_sr_36765791.mp3	1908
common_voice_sr_28521320.mp3	2808
common_voice_sr_39936576.mp3	3456
common_voice_sr_26960009.mp3	2808
common_voice_sr_40978606.mp3	2196
common_voice_sr_40978753.mp3	5256
common_voice_sr_36767303.mp3	2484
common_voice_sr_40985155.mp3	1656
common_voice_sr_41021501.mp3	2340
common_voice_sr_36950021.mp3	2628
common_voice_sr_38845584.mp3	3996
common_voice_sr_35399100.mp3	1764
common_voice_sr_27008134.mp3	4716
common_voice_sr_37517891.mp3	3672
common_voice_sr_41006542.mp3	3960
common_voice_sr_36774059.mp3	2340
common_voice_sr_36950145.mp3	1980
common_voice_sr_39271890.mp3	4068
common_voice_sr_36766073.mp3	2484
common_voice_sr_41325036.mp3	6192
common_voice_sr_40975614.mp3	2628
common_voice_sr_40189501.mp3	4140
common_voice_sr_40977005.mp3	3060
common_voice_sr_38523475.mp3	2160
common_voice_sr_27636499.mp3	4176
common_voice_sr_39212751.mp3	6624
common_voice_sr_39257132.mp3	3528
common_voice_sr_38511376.mp3	2268
common_voice_sr_37315367.mp3	2628
common_voice_sr_40978165.mp3	2556
common_voice_sr_40983996.mp3	2016
common_voice_sr_38509098.mp3	4500
common_voice_sr_35360863.mp3	1404
common_voice_sr_28526494.mp3	2880
common_voice_sr_36950216.mp3	2340
common_voice_sr_40979926.mp3	2700
common_voice_sr_40989441.mp3	2556
common_voice_sr_28623155.mp3	2700
common_voice_sr_36946931.mp3	2628
common_voice_sr_38509094.mp3	3060
common_voice_sr_27655323.mp3	4248
common_voice_sr_35090579.mp3	7020
common_voice_sr_27781241.mp3	2196
common_voice_sr_40976865.mp3	3528
common_voice_sr_36774079.mp3	2196
common_voice_sr_36767473.mp3	1872
common_voice_sr_41009896.mp3	2376
common_voice_sr_40977497.mp3	4608
common_voice_sr_40977556.mp3	3096
common_voice_sr_40983380.mp3	2088
common_voice_sr_40981659.mp3	2556
common_voice_sr_36946728.mp3	2376
common_voice_sr_40982878.mp3	1908
common_voice_sr_40386166.mp3	4716
common_voice_sr_40979972.mp3	2916
common_voice_sr_41006383.mp3	2556
common_voice_sr_45994600.mp3	5544
common_voice_sr_27781287.mp3	5148
common_voice_sr_38509103.mp3	2376
common_voice_sr_40549952.mp3	4320
common_voice_sr_27314167.mp3	2556
common_voice_sr_27014693.mp3	2736
common_voice_sr_39271869.mp3	4680
common_voice_sr_36946702.mp3	2700
common_voice_sr_28521387.mp3	1548
common_voice_sr_41325071.mp3	4176
common_voice_sr_40979566.mp3	4248
common_voice_sr_36946906.mp3	2340
common_voice_sr_38521562.mp3	3456
common_voice_sr_27685957.mp3	3240
common_voice_sr_40984260.mp3	2160
common_voice_sr_40985508.mp3	5076
common_voice_sr_38521596.mp3	3816
common_voice_sr_38058804.mp3	3348
common_voice_sr_40983455.mp3	2556
common_voice_sr_36765815.mp3	2556
common_voice_sr_39330621.mp3	4320
common_voice_sr_27675957.mp3	1836
common_voice_sr_40983547.mp3	7128
common_voice_sr_36946707.mp3	3096
common_voice_sr_40405792.mp3	5688
common_voice_sr_27655590.mp3	2916
common_voice_sr_40983558.mp3	5256
common_voice_sr_40978773.mp3	4788
common_voice_sr_28441268.mp3	2268
common_voice_sr_40985881.mp3	2448
common_voice_sr_45994980.mp3	5724
common_voice_sr_35086477.mp3	2340
common_voice_sr_40982821.mp3	2700
common_voice_sr_35267574.mp3	3348
common_voice_sr_40974232.mp3	3636
common_voice_sr_36946604.mp3	4968
common_voice_sr_40491769.mp3	4752
common_voice_sr_40977725.mp3	3420
common_voice_sr_40981865.mp3	2448
common_voice_sr_40985673.mp3	2088
common_voice_sr_35085517.mp3	1980
common_voice_sr_27655744.mp3	3060
common_voice_sr_40979010.mp3	2376
common_voice_sr_40976314.mp3	2916
common_voice_sr_26874323.mp3	2448
common_voice_sr_26958707.mp3	2160
common_voice_sr_40985612.mp3	3636
common_voice_sr_38833118.mp3	4248
common_voice_sr_40985080.mp3	2016
common_voice_sr_40976861.mp3	3240
common_voice_sr_27675839.mp3	2232
common_voice_sr_28521409.mp3	2628
common_voice_sr_40549967.mp3	5076
common_voice_sr_40977802.mp3	3528
common_voice_sr_40984024.mp3	2808
common_voice_sr_36934804.mp3	2304
common_voice_sr_40976848.mp3	6768
common_voice_sr_36774356.mp3	3096
common_voice_sr_35090145.mp3	2376
common_voice_sr_27794967.mp3	2988
common_voice_sr_36774474.mp3	2556
common_voice_sr_39330693.mp3	4320
common_voice_sr_40974241.mp3	4428
common_voice_sr_26981455.mp3	2880
common_voice_sr_41009903.mp3	5580
common_voice_sr_41010794.mp3	1728
common_voice_sr_37810938.mp3	2520
common_voice_sr_36951787.mp3	2088
common_voice_sr_40983434.mp3	5220
common_voice_sr_28321653.mp3	2916
common_voice_sr_40997420.mp3	3636
common_voice_sr_35085046.mp3	5976
common_voice_sr_39330549.mp3	4680
common_voice_sr_27636675.mp3	2016
common_voice_sr_35125864.mp3	2376
common_voice_sr_39212874.mp3	5904
common_voice_sr_40991096.mp3	3708
common_voice_sr_35090509.mp3	3240
common_voice_sr_40977699.mp3	3276
common_voice_sr_40985119.mp3	2016
common_voice_sr_36765484.mp3	2592
common_voice_sr_28441372.mp3	2880
common_voice_sr_27701678.mp3	2340
common_voice_sr_41012735.mp3	5508
common_voice_sr_40997598.mp3	5940
common_voice_sr_40981179.mp3	3060
common_voice_sr_36774460.mp3	2700
common_voice_sr_28441280.mp3	2268
common_voice_sr_27636426.mp3	2088
common_voice_sr_45994946.mp3	3168
common_voice_sr_26874344.mp3	2268
common_voice_sr_40985868.mp3	3636
common_voice_sr_41029093.mp3	1908
common_voice_sr_40977492.mp3	2376
common_voice_sr_40978735.mp3	2808
common_voice_sr_40979994.mp3	4896
common_voice_sr_38521599.mp3	2736
common_voice_sr_40983998.mp3	2268
common_voice_sr_40976959.mp3	3240
common_voice_sr_40991317.mp3	4860
common_voice_sr_36946617.mp3	2808
common_voice_sr_35090400.mp3	2700
common_voice_sr_27660622.mp3	3636
common_voice_sr_36773740.mp3	3456
common_voice_sr_26960003.mp3	2808
common_voice_sr_36947062.mp3	2808
common_voice_sr_35278228.mp3	3276
common_voice_sr_40982858.mp3	2556
common_voice_sr_36934719.mp3	5544
common_voice_sr_35096128.mp3	2160
common_voice_sr_41021512.mp3	1836
common_voice_sr_36774260.mp3	2628
common_voice_sr_46919313.mp3	6480
common_voice_sr_36773398.mp3	4176
common_voice_sr_35126110.mp3	2340
common_voice_sr_36950268.mp3	2628
common_voice_sr_36950118.mp3	2556
common_voice_sr_27014631.mp3	2196
common_voice_sr_39936601.mp3	4680
common_voice_sr_36772782.mp3	3744
common_voice_sr_35265171.mp3	2052
common_voice_sr_40976266.mp3	2628
common_voice_sr_26959637.mp3	3060
common_voice_sr_36950217.mp3	2196
common_voice_sr_40979981.mp3	2340
common_voice_sr_36674270.mp3	3204
common_voice_sr_26958773.mp3	2160
common_voice_sr_31892184.mp3	2052
common_voice_sr_28526321.mp3	2376
common_voice_sr_40991150.mp3	2520
common_voice_sr_40979011.mp3	4968
common_voice_sr_40985601.mp3	4500
common_voice_sr_41012911.mp3	2268
common_voice_sr_36804237.mp3	2268
common_voice_sr_36994413.mp3	2448
common_voice_sr_40976883.mp3	6660
common_voice_sr_40550107.mp3	4716
common_voice_sr_41012842.mp3	1800
common_voice_sr_33192066.mp3	5220
common_voice_sr_40977789.mp3	5328
common_voice_sr_40978506.mp3	2160
common_voice_sr_41029073.mp3	3060
common_voice_sr_40491654.mp3	3600
common_voice_sr_36838902.mp3	2448
common_voice_sr_38058836.mp3	3276
common_voice_sr_37810667.mp3	4752
common_voice_sr_27660231.mp3	3888
common_voice_sr_27675648.mp3	2520
common_voice_sr_40977501.mp3	5400
common_voice_sr_38162266.mp3	3348
common_voice_sr_36951823.mp3	1872
common_voice_sr_38515514.mp3	3960
common_voice_sr_40978651.mp3	6768
common_voice_sr_40981641.mp3	4968
common_voice_sr_41029076.mp3	2088
common_voice_sr_27681771.mp3	2340
common_voice_sr_26959497.mp3	2196
common_voice_sr_26874346.mp3	2160
common_voice_sr_35399078.mp3	1764
common_voice_sr_28216708.mp3	3060
common_voice_sr_39330710.mp3	4860
common_voice_sr_35099271.mp3	3132
common_voice_sr_46917437.mp3	2412
common_voice_sr_27675778.mp3	3168
common_voice_sr_40983672.mp3	2088
common_voice_sr_36774124.mp3	4500
common_voice_sr_27014931.mp3	3636
common_voice_sr_31333213.mp3	3276
common_voice_sr_36950085.mp3	2196
common_voice_sr_35085180.mp3	2268
common_voice_sr_36766008.mp3	2232
common_voice_sr_37391328.mp3	1980
common_voice_sr_26959963.mp3	2376
common_voice_sr_40974233.mp3	2916
common_voice_sr_36804269.mp3	2016
common_voice_sr_40981016.mp3	1908
common_voice_sr_40976851.mp3	5076
common_voice_sr_40982886.mp3	2376
common_voice_sr_38511351.mp3	4788
common_voice_sr_46920172.mp3	3528
common_voice_sr_40405817.mp3	4608
common_voice_sr_40981195.mp3	4860
common_voice_sr_35089394.mp3	5076
common_voice_sr_40985098.mp3	2916
common_voice_sr_38511375.mp3	2808
common_voice_sr_40977716.mp3	5868
common_voice_sr_40991051.mp3	4068
common_voice_sr_35085089.mp3	5220
common_voice_sr_27636404.mp3	2340
common_voice_sr_41010420.mp3	2196
common_voice_sr_40984178.mp3	2160
common_voice_sr_40991077.mp3	9648
common_voice_sr_28663216.mp3	2880
common_voice_sr_39885183.mp3	3960
common_voice_sr_40983647.mp3	3528
common_voice_sr_40975847.mp3	4968
common_voice_sr_36773716.mp3	3348
common_voice_sr_40386244.mp3	2520
common_voice_sr_35399524.mp3	1476
common_voice_sr_46919081.mp3	2052
common_voice_sr_27781308.mp3	2196
common_voice_sr_40979013.mp3	2160
common_voice_sr_38521567.mp3	2124
common_voice_sr_28321611.mp3	4428
common_voice_sr_46917860.mp3	2520
common_voice_sr_35091345.mp3	2268
common_voice_sr_40977011.mp3	2736
common_voice_sr_40980929.mp3	3456
common_voice_sr_41024447.mp3	2880
common_voice_sr_40977061.mp3	5040
common_voice_sr_27014915.mp3	2520
common_voice_sr_27655724.mp3	3528
common_voice_sr_36767398.mp3	1908
common_voice_sr_36946756.mp3	2916
common_voice_sr_41031253.mp3	3240
common_voice_sr_40987679.mp3	3888
common_voice_sr_27675556.mp3	2088
common_voice_sr_28153945.mp3	2700
common_voice_sr_46827442.mp3	2916
common_voice_sr_40981204.mp3	3960
common_voice_sr_40983511.mp3	2088
common_voice_sr_27781311.mp3	2556
common_voice_sr_36804167.mp3	4536
common_voice_sr_39885136.mp3	4428
common_voice_sr_40550110.mp3	3636
common_voice_sr_36949234.mp3	2016
common_voice_sr_40985413.mp3	3528
common_voice_sr_40981861.mp3	2340
common_voice_sr_38845586.mp3	2196
common_voice_sr_35086363.mp3	4536
common_voice_sr_39254594.mp3	5724
common_voice_sr_36950086.mp3	2268
common_voice_sr_37810857.mp3	2412
common_voice_sr_40977601.mp3	2520
common_voice_sr_39330653.mp3	3996
common_voice_sr_39770125.mp3	3708
common_voice_sr_35091020.mp3	2556
common_voice_sr_40983610.mp3	2448
common_voice_sr_36949202.mp3	2268
common_voice_sr_27675806.mp3	2628
common_voice_sr_36949465.mp3	2628
common_voice_sr_36793455.mp3	3168
common_voice_sr_39257137.mp3	3456
common_voice_sr_40981577.mp3	1908
common_voice_sr_40985642.mp3	2376
common_voice_sr_40982856.mp3	2448
common_voice_sr_28517891.mp3	2196
common_voice_sr_41012867.mp3	2196
common_voice_sr_36925169.mp3	3096
common_voice_sr_37254719.mp3	2808
common_voice_sr_27636708.mp3	2448
common_voice_sr_26981384.mp3	3096
common_voice_sr_40977047.mp3	2556
common_voice_sr_28452681.mp3	2448
common_voice_sr_35089324.mp3	2628
common_voice_sr_41013024.mp3	6480
common_voice_sr_27671111.mp3	3096
common_voice_sr_38509121.mp3	2376
common_voice_sr_29138973.mp3	4248
common_voice_sr_27781348.mp3	2160
common_voice_sr_39278159.mp3	4068
common_voice_sr_40491601.mp3	2916
common_voice_sr_33192065.mp3	3420
common_voice_sr_38509255.mp3	3528
common_voice_sr_36994251.mp3	2664
common_voice_sr_40979543.mp3	1800
common_voice_sr_39936572.mp3	3996
common_voice_sr_40977797.mp3	5148
common_voice_sr_35088563.mp3	2448
common_voice_sr_40994056.mp3	6660
common_voice_sr_35097147.mp3	2880
common_voice_sr_28438445.mp3	2736
common_voice_sr_38515545.mp3	1908
common_voice_sr_40471806.mp3	4536
common_voice_sr_36934859.mp3	4860
common_voice_sr_37529556.mp3	5400
common_voice_sr_40981314.mp3	3276
common_voice_sr_36950726.mp3	3600
common_voice_sr_26959633.mp3	2340
common_voice_sr_40982608.mp3	2016
common_voice_sr_46917480.mp3	4392
common_voice_sr_40975573.mp3	2628
common_voice_sr_41012902.mp3	3780
common_voice_sr_40987730.mp3	3348
common_voice_sr_40981339.mp3	3708
common_voice_sr_35086219.mp3	3096
common_voice_sr_38509097.mp3	2232
common_voice_sr_41010525.mp3	4248
common_voice_sr_39885016.mp3	5688
common_voice_sr_46919158.mp3	3888
common_voice_sr_40981608.mp3	3240
common_voice_sr_41029119.mp3	2160
common_voice_sr_40978478.mp3	4680
common_voice_sr_38525962.mp3	3276
common_voice_sr_40985597.mp3	3528
common_voice_sr_46991670.mp3	3780
common_voice_sr_40977648.mp3	4716
common_voice_sr_41012941.mp3	4860
common_voice_sr_37810773.mp3	3492
common_voice_sr_45994593.mp3	5328
common_voice_sr_26960610.mp3	2088
common_voice_sr_39330472.mp3	5796
common_voice_sr_36946694.mp3	2700
common_voice_sr_41325072.mp3	3888
common_voice_sr_40991261.mp3	3060
common_voice_sr_38537509.mp3	2016
common_voice_sr_36950174.mp3	2448
common_voice_sr_46918020.mp3	5004
common_voice_sr_27781225.mp3	2628
common_voice_sr_29138972.mp3	3348
common_voice_sr_35399907.mp3	1656
common_voice_sr_45995071.mp3	2952
common_voice_sr_41012894.mp3	1656
common_voice_sr_40982869.mp3	2628
common_voice_sr_46917579.mp3	2448
common_voice_sr_40386373.mp3	4068
common_voice_sr_35278236.mp3	4716
common_voice_sr_35086264.mp3	2736
common_voice_sr_40981296.mp3	2160
common_voice_sr_38525971.mp3	3564
common_voice_sr_40985476.mp3	3168
common_voice_sr_40386251.mp3	5868
common_voice_sr_27675946.mp3	1908
common_voice_sr_40985840.mp3	2556
common_voice_sr_36951838.mp3	2232
common_voice_sr_35265028.mp3	2664
common_voice_sr_36804172.mp3	2196
common_voice_sr_48250897.mp3	2196
common_voice_sr_40981580.mp3	2556
common_voice_sr_27014910.mp3	2736
common_voice_sr_27635135.mp3	2736
common_voice_sr_27655274.mp3	3060
common_voice_sr_28526464.mp3	4968
common_voice_sr_41029077.mp3	2016
common_voice_sr_40985090.mp3	2160
common_voice_sr_26874077.mp3	2160
common_voice_sr_35090143.mp3	2520
common_voice_sr_40991285.mp3	4788
common_voice_sr_48251249.mp3	2700
common_voice_sr_36946953.mp3	2628
common_voice_sr_27781270.mp3	2700
common_voice_sr_41029150.mp3	1728
common_voice_sr_40989472.mp3	3096
common_voice_sr_40983982.mp3	2376
common_voice_sr_40997582.mp3	4680
common_voice_sr_26946103.mp3	2016
common_voice_sr_36793228.mp3	2700
common_voice_sr_39551731.mp3	5436
common_voice_sr_28441330.mp3	2520
common_voice_sr_39936691.mp3	5868
common_voice_sr_26874133.mp3	2916
common_voice_sr_35088544.mp3	3528
common_voice_sr_40976874.mp3	3816
common_voice_sr_39936534.mp3	4608
common_voice_sr_27675696.mp3	2088
common_voice_sr_40997559.mp3	2988
common_voice_sr_38509145.mp3	1764
common_voice_sr_40491767.mp3	2880
common_voice_sr_38509158.mp3	2952
common_voice_sr_40982649.mp3	2376
common_voice_sr_40978706.mp3	3528
common_voice_sr_36804146.mp3	3528
common_voice_sr_35085106.mp3	2700
common_voice_sr_40981275.mp3	3636
common_voice_sr_40977588.mp3	2916
common_voice_sr_41021536.mp3	2088
common_voice_sr_36804219.mp3	2160
common_voice_sr_40978629.mp3	2520
common_voice_sr_40981993.mp3	2088
common_voice_sr_37810880.mp3	2484
common_voice_sr_43194596.mp3	3780
common_voice_sr_40979248.mp3	6336
common_voice_sr_37523125.mp3	2304
common_voice_sr_38509115.mp3	4500
common_voice_sr_36971148.mp3	6012
common_voice_sr_28441307.mp3	3780
common_voice_sr_40997402.mp3	2448
common_voice_sr_36934823.mp3	3312
common_voice_sr_27660649.mp3	3312
common_voice_sr_38508429.mp3	4464
common_voice_sr_36765371.mp3	2736
common_voice_sr_33192067.mp3	2880
common_voice_sr_40977901.mp3	5148
common_voice_sr_40977749.mp3	2268
common_voice_sr_39278120.mp3	3600
common_voice_sr_40987704.mp3	4788
common_voice_sr_40991292.mp3	3168
common_voice_sr_40984221.mp3	1980
common_voice_sr_35099174.mp3	3924
common_voice_sr_40491625.mp3	5076
common_voice_sr_40471825.mp3	3240
common_voice_sr_36950649.mp3	2376
common_voice_sr_41006409.mp3	5220
common_voice_sr_40985159.mp3	2340
common_voice_sr_26874076.mp3	2196
common_voice_sr_41013037.mp3	5436
common_voice_sr_40386371.mp3	3708
common_voice_sr_35090326.mp3	2340
common_voice_sr_39330706.mp3	5220
common_voice_sr_38509154.mp3	2700
common_voice_sr_36774462.mp3	2808
common_voice_sr_36946795.mp3	3240
common_voice_sr_38515531.mp3	2880
common_voice_sr_45995050.mp3	2844
common_voice_sr_27781442.mp3	2088
common_voice_sr_36767452.mp3	2304
common_voice_sr_40982021.mp3	1980
common_voice_sr_40549992.mp3	2988
common_voice_sr_38521545.mp3	2088
common_voice_sr_37810654.mp3	2736
common_voice_sr_28517825.mp3	2808
common_voice_sr_36765712.mp3	2592
common_voice_sr_39330496.mp3	3780
common_voice_sr_40983495.mp3	2340
common_voice_sr_28663212.mp3	3096
common_voice_sr_40997614.mp3	3096
common_voice_sr_37315340.mp3	2988
common_voice_sr_40984038.mp3	2088
common_voice_sr_27671142.mp3	5508
common_voice_sr_35133152.mp3	3060
common_voice_sr_28526308.mp3	2700
common_voice_sr_38535700.mp3	1800
common_voice_sr_40979293.mp3	1980
common_voice_sr_36951814.mp3	1836
common_voice_sr_45994762.mp3	4644
common_voice_sr_37810624.mp3	2268
common_voice_sr_40982665.mp3	2376
common_voice_sr_41009913.mp3	4500
common_voice_sr_27314237.mp3	2520
common_voice_sr_40981569.mp3	2448
common_voice_sr_36774333.mp3	2556
common_voice_sr_40983616.mp3	2700
common_voice_sr_40981968.mp3	5256
common_voice_sr_39330494.mp3	4896
common_voice_sr_40997558.mp3	2880
common_voice_sr_35125165.mp3	3276
common_voice_sr_41010687.mp3	2448
common_voice_sr_40985482.mp3	2880
common_voice_sr_26981449.mp3	2340
common_voice_sr_40471848.mp3	4896
common_voice_sr_35400015.mp3	1800
common_voice_sr_28441180.mp3	2376
common_voice_sr_27701669.mp3	3744
common_voice_sr_28517880.mp3	2628
common_voice_sr_40982816.mp3	2088
common_voice_sr_40983449.mp3	2736
common_voice_sr_37517887.mp3	2844
common_voice_sr_40991283.mp3	2628
common_voice_sr_33192071.mp3	2520
common_voice_sr_40985107.mp3	2016
common_voice_sr_40978446.mp3	6156
common_voice_sr_40981658.mp3	2448
common_voice_sr_35085150.mp3	2736
common_voice_sr_36971094.mp3	3528
common_voice_sr_41024493.mp3	2088
common_voice_sr_39254682.mp3	4680
common_voice_sr_36765335.mp3	2952
common_voice_sr_41009933.mp3	5400
common_voice_sr_27636516.mp3	2268
common_voice_sr_36765819.mp3	2196
common_voice_sr_27008216.mp3	2700
common_voice_sr_36773155.mp3	2988
common_voice_sr_40975590.mp3	3636
common_voice_sr_40979955.mp3	2268
common_voice_sr_40977637.mp3	5616
common_voice_sr_28623192.mp3	2448
common_voice_sr_40977490.mp3	5976
common_voice_sr_40977545.mp3	3528
common_voice_sr_40983330.mp3	4536
common_voice_sr_39936653.mp3	3708
common_voice_sr_40981268.mp3	2808
common_voice_sr_36950220.mp3	3276
common_voice_sr_36774534.mp3	2628
common_voice_sr_40975994.mp3	4356
common_voice_sr_48250700.mp3	4860
common_voice_sr_40981316.mp3	1908
common_voice_sr_40975554.mp3	4140
common_voice_sr_36950657.mp3	2340
common_voice_sr_40984224.mp3	1980
common_voice_sr_38509148.mp3	4608
common_voice_sr_40977006.mp3	6228
common_voice_sr_37810766.mp3	3672
common_voice_sr_35085257.mp3	2448
common_voice_sr_40989540.mp3	2268
common_voice_sr_38162268.mp3	4968
common_voice_sr_37517848.mp3	2304
common_voice_sr_27781280.mp3	2556
common_voice_sr_40981349.mp3	4536
common_voice_sr_27781226.mp3	2736
common_voice_sr_40983350.mp3	2556
common_voice_sr_37254744.mp3	2160
common_voice_sr_27675922.mp3	1764
common_voice_sr_46921859.mp3	3024
common_voice_sr_40405820.mp3	3528
common_voice_sr_46827443.mp3	2844
common_voice_sr_35090148.mp3	2556
common_voice_sr_36765604.mp3	2376
common_voice_sr_36950271.mp3	4068
common_voice_sr_40981089.mp3	2016
common_voice_sr_36950724.mp3	2412
common_voice_sr_27008203.mp3	2736
common_voice_sr_27655816.mp3	2376
common_voice_sr_38509250.mp3	2232
common_voice_sr_33242693.mp3	3096
common_voice_sr_40981078.mp3	3096
common_voice_sr_35094503.mp3	2700
common_voice_sr_28521412.mp3	1908
common_voice_sr_40471715.mp3	3960
common_voice_sr_36765722.mp3	2772
common_voice_sr_36946982.mp3	2520
common_voice_sr_26874258.mp3	2736
common_voice_sr_40997557.mp3	2556
common_voice_sr_28441267.mp3	2340
common_voice_sr_40981308.mp3	2088
common_voice_sr_39936671.mp3	5688
common_voice_sr_39936665.mp3	5940
common_voice_sr_38833185.mp3	2160
common_voice_sr_39254639.mp3	5148
common_voice_sr_40984238.mp3	2016
common_voice_sr_40979042.mp3	3888
common_voice_sr_27635156.mp3	4248
common_voice_sr_40985661.mp3	1980
common_voice_sr_37517825.mp3	4284
common_voice_sr_40386088.mp3	5436
common_voice_sr_40975951.mp3	2556
common_voice_sr_40991341.mp3	2556
common_voice_sr_40549955.mp3	4968
common_voice_sr_39330528.mp3	5256
common_voice_sr_36434789.mp3	2880
common_voice_sr_28438522.mp3	3060
common_voice_sr_40975703.mp3	4968
common_voice_sr_27781392.mp3	2628
common_voice_sr_36946633.mp3	2340
common_voice_sr_39770123.mp3	5148
common_voice_sr_40386154.mp3	3096
common_voice_sr_27781254.mp3	2700
common_voice_sr_35094411.mp3	3420
common_voice_sr_35126179.mp3	2376
common_voice_sr_48251180.mp3	2988
common_voice_sr_41031264.mp3	2628
common_voice_sr_26959966.mp3	4680
common_voice_sr_27636061.mp3	3096
common_voice_sr_40981408.mp3	2880
common_voice_sr_28438492.mp3	2700
common_voice_sr_39330644.mp3	2916
common_voice_sr_27655738.mp3	2880
common_voice_sr_36971219.mp3	2880
common_voice_sr_37574630.mp3	4608
common_voice_sr_40979992.mp3	4500
common_voice_sr_39278162.mp3	4896
common_voice_sr_27635270.mp3	3060
common_voice_sr_40978151.mp3	5040
common_voice_sr_27675583.mp3	2196
common_voice_sr_40997713.mp3	3636
common_voice_sr_40979004.mp3	10476
common_voice_sr_35094450.mp3	2988
common_voice_sr_40987691.mp3	7740
common_voice_sr_27660679.mp3	2844
common_voice_sr_41012784.mp3	3960
common_voice_sr_35278249.mp3	4176
common_voice_sr_40985089.mp3	2088
common_voice_sr_40984264.mp3	2088
common_voice_sr_37810643.mp3	4572
common_voice_sr_40386215.mp3	4680
common_voice_sr_27655745.mp3	3816
common_voice_sr_40987669.mp3	2016
common_voice_sr_37810789.mp3	4572
common_voice_sr_40978646.mp3	5508
common_voice_sr_38845574.mp3	3636
common_voice_sr_27675570.mp3	1980
common_voice_sr_35086762.mp3	2556
common_voice_sr_40981849.mp3	4788
common_voice_sr_40974214.mp3	6588
common_voice_sr_41012909.mp3	5436
common_voice_sr_26981131.mp3	2988
common_voice_sr_40981017.mp3	2376
common_voice_sr_35265054.mp3	5220
common_voice_sr_36765880.mp3	2196
common_voice_sr_41012776.mp3	4356
common_voice_sr_28521308.mp3	1440
common_voice_sr_35265200.mp3	2520
common_voice_sr_40978752.mp3	2628
common_voice_sr_36946873.mp3	2196
common_voice_sr_37523103.mp3	2448
common_voice_sr_26953604.mp3	3528
common_voice_sr_28438337.mp3	2556
common_voice_sr_40982847.mp3	2340
common_voice_sr_36765595.mp3	2268
common_voice_sr_38508423.mp3	4932
common_voice_sr_37810754.mp3	2916
common_voice_sr_40982849.mp3	2736
common_voice_sr_40983604.mp3	3528
common_voice_sr_35099215.mp3	2844
common_voice_sr_38535655.mp3	2340
common_voice_sr_36793431.mp3	2556
common_voice_sr_36774369.mp3	2916
common_voice_sr_36767341.mp3	2124
common_voice_sr_39885004.mp3	3600
common_voice_sr_46918877.mp3	3420
common_voice_sr_37006623.mp3	3888
common_voice_sr_46991737.mp3	6120
common_voice_sr_28521431.mp3	1116
common_voice_sr_36925155.mp3	2340
common_voice_sr_38511431.mp3	2016
common_voice_sr_26937939.mp3	3780
common_voice_sr_36838922.mp3	2988
common_voice_sr_35085522.mp3	3600
common_voice_sr_40989463.mp3	2736
common_voice_sr_33242576.mp3	4392
common_voice_sr_37810826.mp3	2484
common_voice_sr_40981214.mp3	3780
common_voice_sr_39885032.mp3	3348
common_voice_sr_40997746.mp3	2808
common_voice_sr_33242814.mp3	3204
common_voice_sr_36838923.mp3	2196
common_voice_sr_40978511.mp3	2520
common_voice_sr_40981858.mp3	2376
common_voice_sr_41017402.mp3	2736
common_voice_sr_27675687.mp3	2052
common_voice_sr_41029122.mp3	3348
common_voice_sr_40974186.mp3	4716
common_voice_sr_40991093.mp3	4176
common_voice_sr_45995222.mp3	4932
common_voice_sr_40979279.mp3	2340
common_voice_sr_39936564.mp3	4320
common_voice_sr_40978684.mp3	5328
common_voice_sr_38531811.mp3	3924
common_voice_sr_38515488.mp3	2916
common_voice_sr_39316397.mp3	5040
common_voice_sr_38531891.mp3	2340
common_voice_sr_39330727.mp3	5508
common_voice_sr_45995214.mp3	2844
common_voice_sr_36767340.mp3	2880
common_voice_sr_40985118.mp3	3636
common_voice_sr_27014709.mp3	3276
common_voice_sr_35087796.mp3	3060
common_voice_sr_40981978.mp3	2196
common_voice_sr_28439843.mp3	3276
common_voice_sr_32761937.mp3	1836
common_voice_sr_39330536.mp3	4356
common_voice_sr_40981323.mp3	3420
common_voice_sr_26959493.mp3	4536
common_voice_sr_40985965.mp3	3276
common_voice_sr_39257156.mp3	4500
common_voice_sr_40985180.mp3	2196
common_voice_sr_38537476.mp3	2124
common_voice_sr_40979315.mp3	1908
common_voice_sr_36949445.mp3	2520
common_voice_sr_36946680.mp3	2340
common_voice_sr_40977729.mp3	3348
common_voice_sr_26874132.mp3	3420
common_voice_sr_27675637.mp3	2160
common_voice_sr_40985685.mp3	2628
common_voice_sr_36951797.mp3	2520
common_voice_sr_40984286.mp3	2880
common_voice_sr_40386214.mp3	3816
common_voice_sr_45994713.mp3	4896
common_voice_sr_36773507.mp3	2448
common_voice_sr_36773559.mp3	2628
common_voice_sr_35278231.mp3	2160
common_voice_sr_40981822.mp3	2700
common_voice_sr_45995183.mp3	2340
common_voice_sr_36765491.mp3	4212
common_voice_sr_35085521.mp3	2736
common_voice_sr_40989497.mp3	2736
common_voice_sr_40981341.mp3	1656
common_voice_sr_40978679.mp3	6876
common_voice_sr_27701677.mp3	2700
common_voice_sr_27635196.mp3	5832
common_voice_sr_38847175.mp3	2916
common_voice_sr_40997419.mp3	2448
common_voice_sr_40491738.mp3	3024
common_voice_sr_26958709.mp3	2088
common_voice_sr_40979937.mp3	1908
common_voice_sr_36950175.mp3	2880
common_voice_sr_40386100.mp3	4428
common_voice_sr_37206887.mp3	2628
common_voice_sr_35098193.mp3	2556
common_voice_sr_40982867.mp3	2700
common_voice_sr_35101524.mp3	2160
common_voice_sr_40976089.mp3	5328
common_voice_sr_40471855.mp3	5328
common_voice_sr_28623154.mp3	3240
common_voice_sr_45995181.mp3	3276
common_voice_sr_40981832.mp3	2196
common_voice_sr_36773575.mp3	2340
common_voice_sr_27660233.mp3	3276
common_voice_sr_35125867.mp3	3168
common_voice_sr_40979001.mp3	3060
common_voice_sr_41325211.mp3	3996
common_voice_sr_27675666.mp3	2556
common_voice_sr_40976909.mp3	5256
common_voice_sr_40491739.mp3	3600
common_voice_sr_40977518.mp3	5220
common_voice_sr_40471820.mp3	2556
common_voice_sr_39257181.mp3	4248
common_voice_sr_26874249.mp3	2160
common_voice_sr_40405800.mp3	3816
common_voice_sr_40386095.mp3	3888
common_voice_sr_36767399.mp3	1908
common_voice_sr_40997708.mp3	4320
common_voice_sr_40987716.mp3	4248
common_voice_sr_40991343.mp3	2988
common_voice_sr_37254741.mp3	2268
common_voice_sr_26960477.mp3	2196
common_voice_sr_36765368.mp3	2340
common_voice_sr_40978738.mp3	3348
common_voice_sr_40976967.mp3	4356
common_voice_sr_40978476.mp3	2808
common_voice_sr_28517861.mp3	2736
common_voice_sr_40983632.mp3	2268
common_voice_sr_37315355.mp3	4608
common_voice_sr_27014802.mp3	2520
common_voice_sr_40978594.mp3	7128
common_voice_sr_36773713.mp3	3348
common_voice_sr_45994892.mp3	4392
common_voice_sr_40979974.mp3	6120
common_voice_sr_39885231.mp3	5220
common_voice_sr_37517829.mp3	4572
common_voice_sr_36950777.mp3	2304
common_voice_sr_26552823.mp3	3060
common_voice_sr_38523481.mp3	2232
common_voice_sr_40985874.mp3	2700
common_voice_sr_36994279.mp3	2376
common_voice_sr_40981969.mp3	2556
common_voice_sr_40981088.mp3	1800
common_voice_sr_27636577.mp3	1800
common_voice_sr_40991104.mp3	4716
common_voice_sr_35248759.mp3	2988
common_voice_sr_36774076.mp3	2340
common_voice_sr_35086461.mp3	1908
common_voice_sr_38833333.mp3	2556
common_voice_sr_41010490.mp3	5040
common_voice_sr_40978427.mp3	4356
common_voice_sr_40978568.mp3	3348
common_voice_sr_27636111.mp3	2628
common_voice_sr_35125866.mp3	1980
common_voice_sr_39257118.mp3	4248
common_voice_sr_45995204.mp3	2412
common_voice_sr_35089290.mp3	2052
common_voice_sr_40985619.mp3	3708
common_voice_sr_40978539.mp3	3060
common_voice_sr_48250983.mp3	3960
common_voice_sr_27781303.mp3	2880
common_voice_sr_38535675.mp3	1656
common_voice_sr_40989508.mp3	3708
common_voice_sr_36457934.mp3	3780
common_voice_sr_35265145.mp3	2844
common_voice_sr_40981937.mp3	6336
common_voice_sr_40974210.mp3	3960
common_voice_sr_27781418.mp3	2628
common_voice_sr_40983395.mp3	4140
common_voice_sr_48251327.mp3	4176
common_voice_sr_36774547.mp3	4680
common_voice_sr_40989429.mp3	5940
common_voice_sr_36947072.mp3	4788
common_voice_sr_27781266.mp3	2808
common_voice_sr_35089068.mp3	2592
common_voice_sr_40975622.mp3	3888
common_voice_sr_27636702.mp3	2160
common_voice_sr_37315347.mp3	2736
common_voice_sr_40981936.mp3	6516
common_voice_sr_40983685.mp3	5040
common_voice_sr_37315324.mp3	4068
common_voice_sr_40978797.mp3	2736
common_voice_sr_27781374.mp3	2268
common_voice_sr_39330668.mp3	5220
common_voice_sr_41017382.mp3	3420
common_voice_sr_40983663.mp3	2376
common_voice_sr_27655344.mp3	5040
common_voice_sr_36950677.mp3	2124
common_voice_sr_40979939.mp3	4500
common_voice_sr_36774236.mp3	2556
common_voice_sr_27008240.mp3	2268
common_voice_sr_27675851.mp3	4176
common_voice_sr_40987661.mp3	5148
common_voice_sr_27635166.mp3	3096
common_voice_sr_40997532.mp3	4680
common_voice_sr_40989458.mp3	2340
common_voice_sr_40991147.mp3	5220
common_voice_sr_40981870.mp3	2808
common_voice_sr_40976877.mp3	4176
common_voice_sr_26958830.mp3	2268
common_voice_sr_39330474.mp3	3888
common_voice_sr_28521408.mp3	3060
common_voice_sr_40980305.mp3	2736
common_voice_sr_36949216.mp3	3888
common_voice_sr_36934717.mp3	3528
common_voice_sr_36766019.mp3	1944
common_voice_sr_40983401.mp3	6696
common_voice_sr_48250985.mp3	2160
common_voice_sr_46917577.mp3	4572
common_voice_sr_40491646.mp3	3024
common_voice_sr_38845576.mp3	2196
common_voice_sr_39278121.mp3	4428
common_voice_sr_40989437.mp3	3528
common_voice_sr_36950757.mp3	2520
common_voice_sr_36934720.mp3	3420
common_voice_sr_36772887.mp3	6660
common_voice_sr_35360895.mp3	2340
common_voice_sr_28623193.mp3	2880
common_voice_sr_36773409.mp3	2196
common_voice_sr_27636635.mp3	2196
common_voice_sr_40386286.mp3	4140
common_voice_sr_26874204.mp3	3060
common_voice_sr_45995191.mp3	4860
common_voice_sr_28859073.mp3	2700
common_voice_sr_38845571.mp3	5040
common_voice_sr_35086576.mp3	3168
common_voice_sr_41037733.mp3	10080
common_voice_sr_26945761.mp3	2700
common_voice_sr_35278260.mp3	2088
common_voice_sr_40974220.mp3	5256
common_voice_sr_38511367.mp3	3744
common_voice_sr_35085584.mp3	2376
common_voice_sr_39278119.mp3	3960
common_voice_sr_40987699.mp3	2700
common_voice_sr_37315310.mp3	3960
common_voice_sr_36947021.mp3	2196
common_voice_sr_40983466.mp3	2736
common_voice_sr_45994730.mp3	2844
common_voice_sr_40978769.mp3	2988
common_voice_sr_36946988.mp3	2916
common_voice_sr_35085119.mp3	2268
common_voice_sr_37810855.mp3	2196
common_voice_sr_27781282.mp3	2268
common_voice_sr_35278265.mp3	2376
common_voice_sr_40976884.mp3	3816
common_voice_sr_27014872.mp3	2700
common_voice_sr_40985428.mp3	2988
common_voice_sr_36971080.mp3	3492
common_voice_sr_40976878.mp3	4176
common_voice_sr_36949262.mp3	2160
common_voice_sr_36950570.mp3	2628
common_voice_sr_40471774.mp3	2556
common_voice_sr_35126111.mp3	2340
common_voice_sr_46064046.mp3	4860
common_voice_sr_39330516.mp3	2916
common_voice_sr_36804243.mp3	2556
common_voice_sr_40976282.mp3	4320
common_voice_sr_35098174.mp3	4716
common_voice_sr_37810740.mp3	4068
common_voice_sr_33242754.mp3	3528
common_voice_sr_27314253.mp3	2160
common_voice_sr_39936693.mp3	7380
common_voice_sr_37517909.mp3	4356
common_voice_sr_45994717.mp3	2916
common_voice_sr_40991315.mp3	5400
common_voice_sr_28526432.mp3	2736
common_voice_sr_39897689.mp3	5328
common_voice_sr_26873717.mp3	2520
common_voice_sr_46919314.mp3	2340
common_voice_sr_36767345.mp3	2088
common_voice_sr_40981406.mp3	4896
common_voice_sr_40981809.mp3	2160
common_voice_sr_40975741.mp3	3348
common_voice_sr_40981971.mp3	2088
common_voice_sr_35399335.mp3	1404
common_voice_sr_36765505.mp3	2016
common_voice_sr_40987712.mp3	3168
common_voice_sr_28441289.mp3	4716
common_voice_sr_40976298.mp3	2160
common_voice_sr_28441234.mp3	2700
common_voice_sr_41024496.mp3	1836
common_voice_sr_35303050.mp3	3564
common_voice_sr_39330564.mp3	5220
common_voice_sr_40981180.mp3	4176
common_voice_sr_40981833.mp3	6156
common_voice_sr_40978644.mp3	5400
common_voice_sr_41017404.mp3	1908
common_voice_sr_36804170.mp3	2268
common_voice_sr_35265126.mp3	2520
common_voice_sr_27781259.mp3	2160
common_voice_sr_40987703.mp3	5040
common_voice_sr_36773198.mp3	2520
common_voice_sr_35085104.mp3	2628
common_voice_sr_40976968.mp3	4896
common_voice_sr_40977641.mp3	4608
common_voice_sr_40991050.mp3	2736
common_voice_sr_36950179.mp3	2268
common_voice_sr_27677168.mp3	5760
common_voice_sr_40984277.mp3	3240
common_voice_sr_26874327.mp3	2160
common_voice_sr_41010553.mp3	2808
common_voice_sr_36765957.mp3	2016
common_voice_sr_36950281.mp3	2700
common_voice_sr_26959119.mp3	2880
common_voice_sr_40980266.mp3	2700
common_voice_sr_40975791.mp3	2340
common_voice_sr_35278281.mp3	2988
common_voice_sr_40989537.mp3	5436
common_voice_sr_38509102.mp3	4680
common_voice_sr_41021551.mp3	2088
common_voice_sr_37391326.mp3	2520
common_voice_sr_39885048.mp3	2556
common_voice_sr_35089065.mp3	1944
common_voice_sr_38521592.mp3	2196
common_voice_sr_39330730.mp3	5976
common_voice_sr_38531890.mp3	3636
common_voice_sr_40491729.mp3	5544
common_voice_sr_40983438.mp3	3708
common_voice_sr_35278258.mp3	2304
common_voice_sr_40984249.mp3	2988
common_voice_sr_35399910.mp3	1728
common_voice_sr_27166442.mp3	2448
common_voice_sr_39936543.mp3	5076
common_voice_sr_39257141.mp3	4788
common_voice_sr_40982002.mp3	2736
common_voice_sr_36457937.mp3	3708
common_voice_sr_42629673.mp3	4320
common_voice_sr_40978458.mp3	2520
common_voice_sr_38511418.mp3	2016
common_voice_sr_37529544.mp3	3096
common_voice_sr_45995195.mp3	3060
common_voice_sr_40979021.mp3	2556
common_voice_sr_37523033.mp3	4752
common_voice_sr_27675795.mp3	2520
common_voice_sr_40977639.mp3	5040
common_voice_sr_36971149.mp3	2772
common_voice_sr_37391311.mp3	4608
common_voice_sr_36946630.mp3	2448
common_voice_sr_28859087.mp3	5688
common_voice_sr_40983459.mp3	2736
common_voice_sr_40983626.mp3	2160
common_voice_sr_40989515.mp3	4608
common_voice_sr_40471922.mp3	2592
common_voice_sr_27953603.mp3	2808
common_voice_sr_39254899.mp3	4428
common_voice_sr_40981847.mp3	4248
common_voice_sr_40975992.mp3	2808
common_voice_sr_36793456.mp3	2700
common_voice_sr_35085547.mp3	2376
common_voice_sr_38531908.mp3	2124
common_voice_sr_38535703.mp3	3348
common_voice_sr_26981130.mp3	3168
common_voice_sr_35398358.mp3	1656
common_voice_sr_40977804.mp3	1980
common_voice_sr_39885061.mp3	4572
common_voice_sr_36952575.mp3	5544
common_voice_sr_27781237.mp3	4968
common_voice_sr_41031290.mp3	2736
common_voice_sr_40980325.mp3	1980
common_voice_sr_41024499.mp3	2088
common_voice_sr_40981202.mp3	2376
common_voice_sr_36765779.mp3	2160
common_voice_sr_40981879.mp3	2196
common_voice_sr_40981605.mp3	2088
common_voice_sr_40997400.mp3	5256
common_voice_sr_48250810.mp3	2268
common_voice_sr_28521453.mp3	2772
common_voice_sr_36774353.mp3	2160
common_voice_sr_40981380.mp3	3816
common_voice_sr_26944219.mp3	4104
common_voice_sr_36774237.mp3	4680
common_voice_sr_45995217.mp3	2808
common_voice_sr_27781441.mp3	2340
common_voice_sr_40981401.mp3	2916
common_voice_sr_40987676.mp3	5328
common_voice_sr_35265027.mp3	3384
common_voice_sr_36994272.mp3	3276
common_voice_sr_40979484.mp3	3240
common_voice_sr_36949467.mp3	2520
common_voice_sr_28517843.mp3	2520
common_voice_sr_41021566.mp3	1800
common_voice_sr_36767492.mp3	2196
common_voice_sr_41009907.mp3	4428
common_voice_sr_27781474.mp3	2376
common_voice_sr_35086795.mp3	3420
common_voice_sr_37523128.mp3	3492
common_voice_sr_40984037.mp3	2196
common_voice_sr_40984274.mp3	1980
common_voice_sr_40997410.mp3	4680
common_voice_sr_38183773.mp3	4932
common_voice_sr_35086308.mp3	2376
common_voice_sr_27781472.mp3	2376
common_voice_sr_41029094.mp3	2340
common_voice_sr_40405763.mp3	3276
common_voice_sr_40975712.mp3	2988
common_voice_sr_40981868.mp3	6840
common_voice_sr_36765778.mp3	2268
common_voice_sr_40997584.mp3	1728
common_voice_sr_35126176.mp3	2520
common_voice_sr_38508416.mp3	3024
common_voice_sr_27675521.mp3	2376
common_voice_sr_28859097.mp3	2700
common_voice_sr_28452673.mp3	2736
common_voice_sr_46919473.mp3	3816
common_voice_sr_40977953.mp3	3168
common_voice_sr_40997386.mp3	5436
common_voice_sr_28521318.mp3	1908
common_voice_sr_37259377.mp3	2376
common_voice_sr_36947111.mp3	2700
common_voice_sr_37329745.mp3	5076
common_voice_sr_41029144.mp3	2016
common_voice_sr_40976927.mp3	3960
common_voice_sr_40981282.mp3	2988
common_voice_sr_38537485.mp3	1872
common_voice_sr_40491603.mp3	4788
common_voice_sr_36804141.mp3	3096
common_voice_sr_40982818.mp3	4680
common_voice_sr_40471738.mp3	5472
common_voice_sr_36838919.mp3	3780
common_voice_sr_40987830.mp3	3708
common_voice_sr_40977496.mp3	4428
common_voice_sr_40983394.mp3	2268
common_voice_sr_45995097.mp3	4824
common_voice_sr_40984203.mp3	2196
common_voice_sr_40978290.mp3	5976
common_voice_sr_41010415.mp3	4320
common_voice_sr_28321663.mp3	4176
common_voice_sr_40979540.mp3	1728
common_voice_sr_38531883.mp3	2736
common_voice_sr_26960261.mp3	3060
common_voice_sr_39330573.mp3	5076
common_voice_sr_38526008.mp3	3204
common_voice_sr_35090401.mp3	3384
common_voice_sr_36946770.mp3	2520
common_voice_sr_40989424.mp3	3240
common_voice_sr_36950100.mp3	2700
common_voice_sr_39884965.mp3	3240
common_voice_sr_38509211.mp3	3636
common_voice_sr_39316394.mp3	2376
common_voice_sr_40975973.mp3	5760
common_voice_sr_38531837.mp3	2232
common_voice_sr_40984202.mp3	2196
common_voice_sr_36947074.mp3	2520
common_voice_sr_40989514.mp3	3096
common_voice_sr_40975830.mp3	2628
common_voice_sr_27781248.mp3	2268
common_voice_sr_36950013.mp3	2448
common_voice_sr_35265158.mp3	4680
common_voice_sr_27751803.mp3	4176
common_voice_sr_38844947.mp3	3996
common_voice_sr_40981932.mp3	4716
common_voice_sr_26944218.mp3	3204
common_voice_sr_40985447.mp3	4536
common_voice_sr_40983430.mp3	4716
common_voice_sr_35278279.mp3	2160
common_voice_sr_41010781.mp3	4536
common_voice_sr_37810890.mp3	4032
common_voice_sr_36765374.mp3	2628
common_voice_sr_46063779.mp3	4464
common_voice_sr_36951841.mp3	2484
common_voice_sr_40987671.mp3	5688
common_voice_sr_40985500.mp3	6048
common_voice_sr_39936638.mp3	2556
common_voice_sr_36949972.mp3	3528
common_voice_sr_38509120.mp3	4392
common_voice_sr_36774271.mp3	2520
common_voice_sr_27660650.mp3	2844
common_voice_sr_37810626.mp3	5904
common_voice_sr_35278218.mp3	2052
common_voice_sr_26959964.mp3	2340
common_voice_sr_40985643.mp3	2340
common_voice_sr_38525979.mp3	2232
common_voice_sr_36994267.mp3	4644
common_voice_sr_35098192.mp3	2196
common_voice_sr_38535707.mp3	1872
common_voice_sr_36767313.mp3	2808
common_voice_sr_39330505.mp3	6768
common_voice_sr_40983564.mp3	2700
common_voice_sr_36946993.mp3	4896
common_voice_sr_46064047.mp3	2484
common_voice_sr_36804224.mp3	2340
common_voice_sr_45995185.mp3	2880
common_voice_sr_35278242.mp3	2304
common_voice_sr_35125167.mp3	3240
common_voice_sr_37315329.mp3	4536
common_voice_sr_40976283.mp3	2988
common_voice_sr_28623234.mp3	2556
common_voice_sr_28526390.mp3	2268
common_voice_sr_37391380.mp3	5076
common_voice_sr_27014670.mp3	5580
common_voice_sr_28526239.mp3	2340
common_voice_sr_40981227.mp3	2916
common_voice_sr_40977670.mp3	2736
common_voice_sr_36765807.mp3	2196
common_voice_sr_40609206.mp3	5148
common_voice_sr_37523022.mp3	2664
common_voice_sr_35086339.mp3	2160
common_voice_sr_40985917.mp3	5148
common_voice_sr_40981320.mp3	2700
common_voice_sr_37315342.mp3	4500
common_voice_sr_40985660.mp3	2700
common_voice_sr_40987723.mp3	5256
common_voice_sr_43532691.mp3	4680
common_voice_sr_40471858.mp3	4716
common_voice_sr_40978526.mp3	3888
common_voice_sr_40471839.mp3	2340
common_voice_sr_38511411.mp3	3960
common_voice_sr_31333214.mp3	2916
common_voice_sr_27675789.mp3	1836
common_voice_sr_26958522.mp3	2700
common_voice_sr_37810680.mp3	2844
common_voice_sr_40983596.mp3	1656
common_voice_sr_35396923.mp3	1440
common_voice_sr_28321639.mp3	3096
common_voice_sr_36804208.mp3	2448
common_voice_sr_36774047.mp3	3528
common_voice_sr_35085577.mp3	2448
common_voice_sr_41012899.mp3	3600
common_voice_sr_39271831.mp3	4860
common_voice_sr_40982024.mp3	5220
common_voice_sr_27655589.mp3	3168
common_voice_sr_40471881.mp3	3384
common_voice_sr_27014909.mp3	2340
common_voice_sr_38511435.mp3	1908
common_voice_sr_27655348.mp3	6300
common_voice_sr_28859074.mp3	2916
common_voice_sr_36947006.mp3	2808
common_voice_sr_40979345.mp3	3600
common_voice_sr_42012746.mp3	5436
common_voice_sr_40977722.mp3	4356
common_voice_sr_45995114.mp3	3672
common_voice_sr_40978495.mp3	5076
common_voice_sr_40975572.mp3	2808
common_voice_sr_40983405.mp3	3528
common_voice_sr_40977056.mp3	3528
common_voice_sr_28441207.mp3	2448
common_voice_sr_27671136.mp3	3348
common_voice_sr_40978505.mp3	2880
common_voice_sr_40978756.mp3	2988
common_voice_sr_27781255.mp3	2736
common_voice_sr_41000604.mp3	3060
common_voice_sr_27636367.mp3	3420
common_voice_sr_35086737.mp3	3996
common_voice_sr_41006374.mp3	2088
common_voice_sr_36774077.mp3	2340
common_voice_sr_36774355.mp3	2736
common_voice_sr_38537472.mp3	2376
common_voice_sr_45994951.mp3	3600
common_voice_sr_41024433.mp3	2016
common_voice_sr_40977673.mp3	5040
common_voice_sr_37391347.mp3	4176
common_voice_sr_27636385.mp3	2268
common_voice_sr_35089066.mp3	2016
common_voice_sr_28521356.mp3	1872
common_voice_sr_40471838.mp3	4500
common_voice_sr_36804153.mp3	2700
common_voice_sr_40983411.mp3	3528
common_voice_sr_37810956.mp3	5436
common_voice_sr_36773348.mp3	3600
common_voice_sr_41006459.mp3	2448
common_voice_sr_37810805.mp3	2844
common_voice_sr_40975536.mp3	4680
common_voice_sr_38508444.mp3	3636
common_voice_sr_36774766.mp3	2196
common_voice_sr_40981621.mp3	5400
common_voice_sr_28521433.mp3	1440
common_voice_sr_41021481.mp3	2268
common_voice_sr_28521413.mp3	1656
common_voice_sr_35099273.mp3	2916
common_voice_sr_37315326.mp3	2448
common_voice_sr_36804213.mp3	2448
common_voice_sr_40989525.mp3	3168
common_voice_sr_37315372.mp3	3600
common_voice_sr_40982827.mp3	2196
common_voice_sr_41024436.mp3	2160
common_voice_sr_36947003.mp3	2628
common_voice_sr_39254641.mp3	4896
common_voice_sr_41001667.mp3	4500
common_voice_sr_40984193.mp3	4428
common_voice_sr_36946776.mp3	2556
common_voice_sr_36765691.mp3	2124
common_voice_sr_28526437.mp3	2340
common_voice_sr_40984054.mp3	2880
common_voice_sr_40405821.mp3	3708
common_voice_sr_36950782.mp3	2088
common_voice_sr_40983410.mp3	1836
common_voice_sr_41013011.mp3	4176
common_voice_sr_28321620.mp3	3168
common_voice_sr_36946778.mp3	2808
common_voice_sr_40976312.mp3	3060
common_voice_sr_40609215.mp3	4212
common_voice_sr_38508464.mp3	2736
common_voice_sr_36949232.mp3	3276
common_voice_sr_35099337.mp3	3204
common_voice_sr_28623157.mp3	6120
common_voice_sr_40985442.mp3	2880
common_voice_sr_40991277.mp3	3060
common_voice_sr_40981774.mp3	2628
common_voice_sr_38526021.mp3	2124
common_voice_sr_36767435.mp3	2088
common_voice_sr_40982019.mp3	3168
common_voice_sr_35085581.mp3	2196
common_voice_sr_40981359.mp3	3708
common_voice_sr_40985061.mp3	2160
common_voice_sr_27808289.mp3	2808
common_voice_sr_35098200.mp3	2520
common_voice_sr_35398489.mp3	1440
common_voice_sr_40984246.mp3	1836
common_voice_sr_27781457.mp3	2268
common_voice_sr_36946979.mp3	2556
common_voice_sr_40984008.mp3	2880
common_voice_sr_46918026.mp3	3600
common_voice_sr_28216733.mp3	3276
common_voice_sr_37810722.mp3	3852
common_voice_sr_40981388.mp3	2808
common_voice_sr_38833186.mp3	2448
common_voice_sr_39885028.mp3	3852
common_voice_sr_27675887.mp3	2268
common_voice_sr_40975935.mp3	3240
common_voice_sr_40987684.mp3	5868
common_voice_sr_27607049.mp3	3636
common_voice_sr_36774365.mp3	2628
common_voice_sr_40991322.mp3	4140
common_voice_sr_40982592.mp3	3096
common_voice_sr_26960535.mp3	1836
common_voice_sr_38515489.mp3	2124
common_voice_sr_27675798.mp3	4284
common_voice_sr_45995051.mp3	3780
common_voice_sr_40386264.mp3	3816
common_voice_sr_40609196.mp3	2844
common_voice_sr_41000612.mp3	6336
common_voice_sr_40609239.mp3	3276
common_voice_sr_40983648.mp3	2196
common_voice_sr_40989455.mp3	2556
common_voice_sr_28216732.mp3	2880
common_voice_sr_30649699.mp3	4176
common_voice_sr_40983422.mp3	3168
common_voice_sr_40977779.mp3	3996
common_voice_sr_40997740.mp3	4968
common_voice_sr_35086345.mp3	3420
common_voice_sr_40977494.mp3	3420
common_voice_sr_35126145.mp3	2088
common_voice_sr_48250782.mp3	4428
common_voice_sr_27635200.mp3	4896
common_voice_sr_46064340.mp3	4176
common_voice_sr_40979961.mp3	4788
common_voice_sr_36946693.mp3	2880
common_voice_sr_41009951.mp3	4068
common_voice_sr_40984023.mp3	3168
common_voice_sr_40985657.mp3	4536
common_voice_sr_37517905.mp3	4284
common_voice_sr_28441233.mp3	2268
common_voice_sr_38535702.mp3	2052
common_voice_sr_40978986.mp3	2520
common_voice_sr_37391366.mp3	5148
common_voice_sr_27014690.mp3	2556
common_voice_sr_39884943.mp3	3996
common_voice_sr_40984190.mp3	1908
common_voice_sr_40980952.mp3	2196
common_voice_sr_27675621.mp3	1980
common_voice_sr_39330485.mp3	3420
common_voice_sr_36674429.mp3	2808
common_voice_sr_40491759.mp3	3600
common_voice_sr_40978491.mp3	2196
common_voice_sr_37810897.mp3	4464
common_voice_sr_40997431.mp3	3276
common_voice_sr_28321660.mp3	2988
common_voice_sr_38847192.mp3	3960
common_voice_sr_38511379.mp3	2772
common_voice_sr_41024511.mp3	2880
common_voice_sr_35090701.mp3	2808
common_voice_sr_36949976.mp3	2448
common_voice_sr_27781468.mp3	2520
common_voice_sr_36946631.mp3	2160
common_voice_sr_40978507.mp3	4356
common_voice_sr_27675689.mp3	2232
common_voice_sr_35085163.mp3	2376
common_voice_sr_41024460.mp3	3816
common_voice_sr_39330753.mp3	6048
common_voice_sr_40386102.mp3	4680
common_voice_sr_40979025.mp3	5220
common_voice_sr_39257260.mp3	3780
common_voice_sr_40405838.mp3	3348
common_voice_sr_27635315.mp3	4068
common_voice_sr_39278065.mp3	4068
common_voice_sr_35090506.mp3	2736
common_voice_sr_35094468.mp3	3348
common_voice_sr_38845517.mp3	3780
common_voice_sr_40984168.mp3	3708
common_voice_sr_40978572.mp3	3636
common_voice_sr_36950133.mp3	4140
common_voice_sr_27781264.mp3	2160
common_voice_sr_41012723.mp3	2016
common_voice_sr_40987724.mp3	2088
common_voice_sr_36592628.mp3	3312
common_voice_sr_36765471.mp3	2340
common_voice_sr_38511414.mp3	4788
common_voice_sr_35248747.mp3	2700
common_voice_sr_26981381.mp3	4320
common_voice_sr_40983341.mp3	2196
common_voice_sr_36952574.mp3	10404
common_voice_sr_38511353.mp3	4968
common_voice_sr_35085048.mp3	3348
common_voice_sr_26958921.mp3	2628
common_voice_sr_27675825.mp3	1944
common_voice_sr_38511433.mp3	4284
common_voice_sr_26874044.mp3	2448
common_voice_sr_40978791.mp3	2556
common_voice_sr_40981789.mp3	2376
common_voice_sr_46064229.mp3	4860
common_voice_sr_36765854.mp3	2376
common_voice_sr_39330728.mp3	4500
common_voice_sr_36949090.mp3	5076
common_voice_sr_26874075.mp3	2628
common_voice_sr_36774310.mp3	2628
common_voice_sr_36774492.mp3	3060
common_voice_sr_39254898.mp3	3888
common_voice_sr_40974236.mp3	6408
common_voice_sr_40983508.mp3	2196
common_voice_sr_38531860.mp3	2736
common_voice_sr_40976886.mp3	5868
common_voice_sr_36804190.mp3	2808
common_voice_sr_40471732.mp3	3060
common_voice_sr_40983678.mp3	1980
common_voice_sr_28438385.mp3	2376
common_voice_sr_40981818.mp3	4356
common_voice_sr_41029082.mp3	1836
common_voice_sr_35085149.mp3	2700
common_voice_sr_37810648.mp3	2088
common_voice_sr_40979038.mp3	4248
common_voice_sr_29138992.mp3	2016
common_voice_sr_40985903.mp3	4068
common_voice_sr_36951828.mp3	2556
common_voice_sr_39936681.mp3	3780
common_voice_sr_35089294.mp3	2664
common_voice_sr_27675836.mp3	2196
common_voice_sr_39330596.mp3	4320
common_voice_sr_40984044.mp3	5220
common_voice_sr_37810801.mp3	4680
common_voice_sr_40977000.mp3	5148
common_voice_sr_28663231.mp3	3600
common_voice_sr_39885150.mp3	3672
common_voice_sr_40977020.mp3	7056
common_voice_sr_36765772.mp3	3744
common_voice_sr_40975531.mp3	8208
common_voice_sr_28526373.mp3	2196
common_voice_sr_35085563.mp3	2556
common_voice_sr_48250935.mp3	3996
common_voice_sr_26953672.mp3	6768
common_voice_sr_36950662.mp3	2268
common_voice_sr_40921730.mp3	2556
common_voice_sr_40549953.mp3	5580
common_voice_sr_36592625.mp3	2664
common_voice_sr_27751817.mp3	3348
common_voice_sr_26945954.mp3	2088
common_voice_sr_35098215.mp3	1980
common_voice_sr_33192078.mp3	2880
common_voice_sr_36767237.mp3	2556
common_voice_sr_27953523.mp3	3528
common_voice_sr_27636626.mp3	2376
common_voice_sr_40982881.mp3	2448
common_voice_sr_38521565.mp3	2268
common_voice_sr_26553035.mp3	6156
common_voice_sr_40985966.mp3	3960
common_voice_sr_36766014.mp3	2736
common_voice_sr_36774273.mp3	2376
common_voice_sr_39936655.mp3	6480
common_voice_sr_45994573.mp3	2412
common_voice_sr_41031267.mp3	2448
common_voice_sr_40978719.mp3	5688
common_voice_sr_27008156.mp3	2448
common_voice_sr_36951844.mp3	1980
common_voice_sr_41029075.mp3	2700
common_voice_sr_40491771.mp3	4968
common_voice_sr_40471799.mp3	4572
common_voice_sr_27636503.mp3	3528
common_voice_sr_40984040.mp3	3060
common_voice_sr_36946619.mp3	5400
common_voice_sr_40985494.mp3	2160
common_voice_sr_40471756.mp3	2304
common_voice_sr_37172282.mp3	2340
common_voice_sr_40977916.mp3	5328
common_voice_sr_35278213.mp3	2124
common_voice_sr_39936575.mp3	2736
common_voice_sr_37315296.mp3	4068
common_voice_sr_35084391.mp3	3240
common_voice_sr_35098182.mp3	2160
common_voice_sr_40977567.mp3	3816
common_voice_sr_46919561.mp3	2340
common_voice_sr_27635304.mp3	3420
common_voice_sr_26953749.mp3	7668
common_voice_sr_36946742.mp3	2628
common_voice_sr_28441399.mp3	2916
common_voice_sr_40984229.mp3	2556
common_voice_sr_26873715.mp3	3528
common_voice_sr_40975809.mp3	5940
common_voice_sr_27781434.mp3	2340
common_voice_sr_36774336.mp3	2520
common_voice_sr_40997590.mp3	3168
common_voice_sr_40976256.mp3	2196
common_voice_sr_40987690.mp3	5040
common_voice_sr_40977685.mp3	5688
common_voice_sr_40994067.mp3	2376
common_voice_sr_35109138.mp3	2988
common_voice_sr_40975555.mp3	3636
common_voice_sr_36773316.mp3	2988
common_voice_sr_35099203.mp3	2664
common_voice_sr_27675699.mp3	2016
common_voice_sr_40977760.mp3	2376
common_voice_sr_28441317.mp3	2520
common_voice_sr_32761970.mp3	2556
common_voice_sr_41006526.mp3	2016
common_voice_sr_36768747.mp3	2628
common_voice_sr_37206882.mp3	2808
common_voice_sr_40978795.mp3	2556
common_voice_sr_26874384.mp3	2916
common_voice_sr_36950209.mp3	2196
common_voice_sr_40984050.mp3	2376
common_voice_sr_40979327.mp3	2160
common_voice_sr_40471903.mp3	3672
common_voice_sr_46917358.mp3	3636
common_voice_sr_36949264.mp3	2268
common_voice_sr_36453123.mp3	2268
common_voice_sr_36994446.mp3	3348
common_voice_sr_35278271.mp3	2304
common_voice_sr_40977022.mp3	4428
common_voice_sr_27781437.mp3	2088
common_voice_sr_27781236.mp3	2376
common_voice_sr_41010568.mp3	2196
common_voice_sr_40977599.mp3	4428
common_voice_sr_35360869.mp3	1764
common_voice_sr_40984017.mp3	2340
common_voice_sr_36767497.mp3	2304
common_voice_sr_38515507.mp3	2196
common_voice_sr_27008122.mp3	2088
common_voice_sr_28951042.mp3	1584
common_voice_sr_38537523.mp3	1980
common_voice_sr_38511355.mp3	4896
common_voice_sr_27675942.mp3	2376
common_voice_sr_40550109.mp3	3708
common_voice_sr_26959576.mp3	2196
common_voice_sr_36767329.mp3	2664
common_voice_sr_26553068.mp3	2808
common_voice_sr_26958925.mp3	2088
common_voice_sr_39254921.mp3	3348
common_voice_sr_36950607.mp3	2664
common_voice_sr_36774530.mp3	2340
common_voice_sr_40975581.mp3	3348
common_voice_sr_36994264.mp3	3456
common_voice_sr_37523140.mp3	3744
common_voice_sr_39330539.mp3	5040
common_voice_sr_41029101.mp3	1728
common_voice_sr_37810818.mp3	2988
common_voice_sr_41029157.mp3	2520
common_voice_sr_46921860.mp3	2844
common_voice_sr_36946706.mp3	2340
common_voice_sr_36768743.mp3	3060
common_voice_sr_46920607.mp3	2988
common_voice_sr_36804235.mp3	2340
common_voice_sr_41031291.mp3	5688
common_voice_sr_40974194.mp3	5436
common_voice_sr_37810717.mp3	4788
common_voice_sr_41029147.mp3	1656
common_voice_sr_41000609.mp3	5400
common_voice_sr_40386167.mp3	5040
common_voice_sr_35094505.mp3	2268
common_voice_sr_37206885.mp3	3348
common_voice_sr_36950708.mp3	2484
common_voice_sr_40981840.mp3	2376
common_voice_sr_40991065.mp3	3528
common_voice_sr_39263244.mp3	3168
common_voice_sr_40982826.mp3	2016
common_voice_sr_40975601.mp3	2700
common_voice_sr_40978438.mp3	3780
common_voice_sr_27655235.mp3	2988
common_voice_sr_40980030.mp3	4680
common_voice_sr_35090379.mp3	4500
common_voice_sr_36949251.mp3	2988
common_voice_sr_36946624.mp3	2448
common_voice_sr_36767472.mp3	3384
common_voice_sr_36950597.mp3	2376
common_voice_sr_36950687.mp3	2628
common_voice_sr_36950689.mp3	2700
common_voice_sr_35092025.mp3	2556
common_voice_sr_36946773.mp3	3636
common_voice_sr_40978677.mp3	2376
common_voice_sr_46919337.mp3	3168
common_voice_sr_40975980.mp3	4176
common_voice_sr_26945846.mp3	2160
common_voice_sr_35085566.mp3	2268
common_voice_sr_27655350.mp3	2808
common_voice_sr_40981176.mp3	3600
common_voice_sr_35085096.mp3	2556
common_voice_sr_40981583.mp3	4608
common_voice_sr_40982854.mp3	2520
common_voice_sr_27781382.mp3	2196
common_voice_sr_40979266.mp3	2268
common_voice_sr_35085599.mp3	2628
common_voice_sr_40978282.mp3	6696
common_voice_sr_40978625.mp3	5256
common_voice_sr_35086886.mp3	4788
common_voice_sr_27635272.mp3	3420
common_voice_sr_40983460.mp3	2340
common_voice_sr_35400224.mp3	1656
common_voice_sr_40985117.mp3	2988
common_voice_sr_41029162.mp3	3996
common_voice_sr_37517904.mp3	3780
common_voice_sr_46919375.mp3	3240
common_voice_sr_32761924.mp3	1692
common_voice_sr_46919090.mp3	6300
common_voice_sr_40991328.mp3	3960
common_voice_sr_36925148.mp3	2268
common_voice_sr_38515537.mp3	1800
common_voice_sr_36949304.mp3	2160
common_voice_sr_35090508.mp3	2736
common_voice_sr_40983554.mp3	2268
common_voice_sr_41678443.mp3	2700
common_voice_sr_40991138.mp3	3816
common_voice_sr_28441151.mp3	2340
common_voice_sr_40981998.mp3	4896
common_voice_sr_40989459.mp3	2628
common_voice_sr_27781322.mp3	2268
common_voice_sr_35097189.mp3	3456
common_voice_sr_40975533.mp3	3456
common_voice_sr_40978997.mp3	2448
common_voice_sr_36925171.mp3	2916
common_voice_sr_36951806.mp3	2124
common_voice_sr_27675587.mp3	2304
common_voice_sr_40985480.mp3	2556
common_voice_sr_36767349.mp3	2052
common_voice_sr_40471831.mp3	4716
common_voice_sr_37523102.mp3	3024
common_voice_sr_45994714.mp3	3132
common_voice_sr_36793331.mp3	2520
common_voice_sr_40985929.mp3	3420
common_voice_sr_40991316.mp3	3096
common_voice_sr_38535712.mp3	2160
common_voice_sr_35087754.mp3	3960
common_voice_sr_36379614.mp3	3600
common_voice_sr_40978527.mp3	2916
common_voice_sr_36765373.mp3	2844
common_voice_sr_28216753.mp3	2916
common_voice_sr_35278259.mp3	2232
common_voice_sr_41029123.mp3	2088
common_voice_sr_40977913.mp3	3168
common_voice_sr_27781353.mp3	2736
common_voice_sr_41012997.mp3	2376
common_voice_sr_40471910.mp3	4320
common_voice_sr_36994304.mp3	1980
common_voice_sr_43194816.mp3	5508
common_voice_sr_38531852.mp3	2160
common_voice_sr_40981194.mp3	3528
common_voice_sr_28216718.mp3	3636
common_voice_sr_40987819.mp3	3096
common_voice_sr_38058835.mp3	5580
common_voice_sr_35265156.mp3	3420
common_voice_sr_40977475.mp3	4140
common_voice_sr_35085105.mp3	3600
common_voice_sr_46064111.mp3	3996
common_voice_sr_38535651.mp3	3240
common_voice_sr_41006425.mp3	5688
common_voice_sr_26953606.mp3	3276
common_voice_sr_37391310.mp3	4680
common_voice_sr_40977030.mp3	2376
common_voice_sr_26958832.mp3	2448
common_voice_sr_40985682.mp3	6156
common_voice_sr_26959573.mp3	2700
common_voice_sr_26552854.mp3	2808
common_voice_sr_40982017.mp3	3600
common_voice_sr_40983487.mp3	1980
common_voice_sr_27635247.mp3	3564
common_voice_sr_35109137.mp3	2700
common_voice_sr_40981090.mp3	2808
common_voice_sr_40989513.mp3	2700
common_voice_sr_40978470.mp3	6840
common_voice_sr_36950765.mp3	2124
common_voice_sr_37315368.mp3	4500
common_voice_sr_40979485.mp3	1836
common_voice_sr_40975860.mp3	2520
common_voice_sr_27781412.mp3	2268
common_voice_sr_40984204.mp3	3600
common_voice_sr_46917355.mp3	4788
common_voice_sr_35360835.mp3	1764
common_voice_sr_40405815.mp3	3996
common_voice_sr_39316373.mp3	3240
common_voice_sr_36804272.mp3	2376
common_voice_sr_28517917.mp3	2988
common_voice_sr_42629676.mp3	3636
common_voice_sr_41021510.mp3	1620
common_voice_sr_35399125.mp3	1836
common_voice_sr_40385929.mp3	4860
common_voice_sr_39885109.mp3	3924
common_voice_sr_36773493.mp3	2736
common_voice_sr_40549970.mp3	3816
common_voice_sr_40978667.mp3	3600
common_voice_sr_27781326.mp3	2448
common_voice_sr_32072358.mp3	1908
common_voice_sr_41031265.mp3	5796
common_voice_sr_40978694.mp3	3528
common_voice_sr_40991099.mp3	3060
common_voice_sr_37810738.mp3	1980
common_voice_sr_36994454.mp3	3456
common_voice_sr_40491618.mp3	3816
common_voice_sr_36946940.mp3	2700
common_voice_sr_40983580.mp3	2340
common_voice_sr_27660676.mp3	2952
common_voice_sr_38509256.mp3	3456
common_voice_sr_27636386.mp3	4968
common_voice_sr_36774472.mp3	2016
common_voice_sr_37810764.mp3	5112
common_voice_sr_36994392.mp3	3024
common_voice_sr_28441179.mp3	2988
common_voice_sr_36950593.mp3	2376
common_voice_sr_35085248.mp3	2160
common_voice_sr_28216739.mp3	2916
common_voice_sr_27675557.mp3	2268
common_voice_sr_35399821.mp3	1692
common_voice_sr_36804212.mp3	2160
common_voice_sr_41012830.mp3	2736
common_voice_sr_40471757.mp3	4572
common_voice_sr_40978993.mp3	3168
common_voice_sr_40985499.mp3	3780
common_voice_sr_36774245.mp3	2736
common_voice_sr_41009943.mp3	3060
common_voice_sr_40980270.mp3	2268
common_voice_sr_37810814.mp3	2232
common_voice_sr_39885156.mp3	4284
common_voice_sr_40982829.mp3	3168
common_voice_sr_40976918.mp3	3276
common_voice_sr_45994614.mp3	4572
common_voice_sr_40978578.mp3	5688
common_voice_sr_36971078.mp3	4608
common_voice_sr_35088685.mp3	2628
common_voice_sr_40977603.mp3	3168
common_voice_sr_40491620.mp3	4500
common_voice_sr_46920610.mp3	2484
common_voice_sr_40977014.mp3	3168
common_voice_sr_26958775.mp3	2556
common_voice_sr_40984006.mp3	4536
common_voice_sr_27636112.mp3	2880
common_voice_sr_36947014.mp3	2628
common_voice_sr_35099269.mp3	2880
common_voice_sr_41010583.mp3	2088
common_voice_sr_26874394.mp3	2340
common_voice_sr_40982823.mp3	2268
common_voice_sr_35267573.mp3	2412
common_voice_sr_40979946.mp3	2196
common_voice_sr_41010487.mp3	2340
common_voice_sr_36838837.mp3	3096
common_voice_sr_40975831.mp3	4860
common_voice_sr_40978490.mp3	2700
common_voice_sr_36950199.mp3	2448
common_voice_sr_36804244.mp3	3600
common_voice_sr_40997548.mp3	2088
common_voice_sr_39884931.mp3	4968
common_voice_sr_38509240.mp3	3312
common_voice_sr_35087567.mp3	3276
common_voice_sr_39885127.mp3	3420
common_voice_sr_40981587.mp3	2700
common_voice_sr_36773521.mp3	2340
common_voice_sr_40978557.mp3	5256
common_voice_sr_39316402.mp3	5040
common_voice_sr_40997712.mp3	5256
common_voice_sr_46918712.mp3	2520
common_voice_sr_36804246.mp3	2016
common_voice_sr_36949217.mp3	2196
common_voice_sr_36766045.mp3	3384
common_voice_sr_40983593.mp3	3420
common_voice_sr_40983571.mp3	3168
common_voice_sr_36765307.mp3	2988
common_voice_sr_40981862.mp3	2088
common_voice_sr_40982651.mp3	1908
common_voice_sr_40976311.mp3	2700
common_voice_sr_27675959.mp3	2448
common_voice_sr_40982897.mp3	2520
common_voice_sr_41010640.mp3	6048
common_voice_sr_40984020.mp3	1800
common_voice_sr_36774123.mp3	2160
common_voice_sr_27008177.mp3	2736
common_voice_sr_38508437.mp3	4608
common_voice_sr_36949303.mp3	1908
common_voice_sr_28526300.mp3	2196
common_voice_sr_40977677.mp3	5256
common_voice_sr_36971101.mp3	3600
common_voice_sr_40981216.mp3	2556
common_voice_sr_38833335.mp3	2340
common_voice_sr_41021541.mp3	2808
common_voice_sr_38535718.mp3	2088
common_voice_sr_40984046.mp3	4248
common_voice_sr_40978480.mp3	4860
common_voice_sr_36765352.mp3	2736
common_voice_sr_41006382.mp3	2160
common_voice_sr_40977429.mp3	2916
common_voice_sr_36773405.mp3	4140
common_voice_sr_38535661.mp3	1980
common_voice_sr_40981175.mp3	3528
common_voice_sr_27751839.mp3	2700
common_voice_sr_40977600.mp3	3528
common_voice_sr_40985909.mp3	2196
common_voice_sr_40985158.mp3	2088
common_voice_sr_40978492.mp3	2556
common_voice_sr_35089041.mp3	2664
common_voice_sr_40979910.mp3	2268
common_voice_sr_39316372.mp3	3996
common_voice_sr_27655234.mp3	3384
common_voice_sr_41021468.mp3	2556
common_voice_sr_40979310.mp3	3420
common_voice_sr_36765699.mp3	2232
common_voice_sr_36950172.mp3	2556
common_voice_sr_40980273.mp3	4140
common_voice_sr_37810686.mp3	2772
common_voice_sr_39330571.mp3	5220
common_voice_sr_40987664.mp3	5076
common_voice_sr_36934791.mp3	2772
common_voice_sr_40978737.mp3	2880
common_voice_sr_38523433.mp3	3204
common_voice_sr_28859081.mp3	2556
common_voice_sr_40977920.mp3	3888
common_voice_sr_37329747.mp3	4428
common_voice_sr_41021486.mp3	1908
common_voice_sr_27635275.mp3	2772
common_voice_sr_38845569.mp3	3420
common_voice_sr_36766061.mp3	2196
common_voice_sr_36765481.mp3	2844
common_voice_sr_35399780.mp3	1404
common_voice_sr_36947076.mp3	2340
common_voice_sr_40997723.mp3	2628
common_voice_sr_28526482.mp3	2808
common_voice_sr_40982614.mp3	2700
common_voice_sr_37574613.mp3	2484
common_voice_sr_40984196.mp3	1980
common_voice_sr_35094493.mp3	3096
common_voice_sr_27636387.mp3	2376
common_voice_sr_45995121.mp3	4932
common_voice_sr_40991307.mp3	7560
common_voice_sr_27635227.mp3	3168
common_voice_sr_40977796.mp3	2700
common_voice_sr_40991045.mp3	4068
common_voice_sr_40471835.mp3	2448
common_voice_sr_40983490.mp3	2268
common_voice_sr_38535686.mp3	1872
common_voice_sr_27011732.mp3	2448
common_voice_sr_36765517.mp3	2412
common_voice_sr_40975893.mp3	4896
common_voice_sr_40991094.mp3	2916
common_voice_sr_36773995.mp3	2880
common_voice_sr_41010686.mp3	2016
common_voice_sr_40985110.mp3	2160
common_voice_sr_41021571.mp3	1908
common_voice_sr_36765306.mp3	2952
common_voice_sr_36946990.mp3	4500
common_voice_sr_40471733.mp3	3276
common_voice_sr_40976986.mp3	3168
common_voice_sr_36994234.mp3	3348
common_voice_sr_27635127.mp3	2880
common_voice_sr_46917475.mp3	4968
common_voice_sr_27953527.mp3	3276
common_voice_sr_35265043.mp3	3636
common_voice_sr_36767536.mp3	2340
common_voice_sr_35398500.mp3	1440
common_voice_sr_46063951.mp3	4788
common_voice_sr_28441257.mp3	2808
common_voice_sr_40979560.mp3	2016
common_voice_sr_40983687.mp3	2880
common_voice_sr_27781344.mp3	2556
common_voice_sr_36767453.mp3	2124
common_voice_sr_36765503.mp3	2556
common_voice_sr_35399755.mp3	1512
common_voice_sr_40978431.mp3	6588
common_voice_sr_40991133.mp3	3600
common_voice_sr_41021504.mp3	2160
common_voice_sr_35098197.mp3	2160
common_voice_sr_40977412.mp3	4140
common_voice_sr_39936673.mp3	3456
common_voice_sr_40989461.mp3	4536
common_voice_sr_38847158.mp3	4320
common_voice_sr_40982597.mp3	2628
common_voice_sr_41029081.mp3	2520
common_voice_sr_40975534.mp3	3168
common_voice_sr_40987825.mp3	2700
common_voice_sr_39330464.mp3	4428
common_voice_sr_40985441.mp3	2268
common_voice_sr_35099247.mp3	2988
common_voice_sr_40980971.mp3	4140
common_voice_sr_41873259.mp3	3600
common_voice_sr_40984177.mp3	2880
common_voice_sr_35091016.mp3	3780
common_voice_sr_27781275.mp3	2196
common_voice_sr_40974234.mp3	6768
common_voice_sr_36505843.mp3	2268
common_voice_sr_37810633.mp3	3708
common_voice_sr_40471856.mp3	2592
common_voice_sr_35085121.mp3	2556
common_voice_sr_36774410.mp3	2448
common_voice_sr_40979567.mp3	2736
common_voice_sr_46917785.mp3	3780
common_voice_sr_40975840.mp3	4428
common_voice_sr_40981572.mp3	2700
common_voice_sr_36950652.mp3	2592
common_voice_sr_40985596.mp3	2736
common_voice_sr_38058806.mp3	5076
common_voice_sr_36950737.mp3	4392
common_voice_sr_40985821.mp3	5760
common_voice_sr_39257135.mp3	3780
common_voice_sr_28441208.mp3	2736
common_voice_sr_39936562.mp3	5328
common_voice_sr_40979320.mp3	1836
common_voice_sr_36765674.mp3	2412
common_voice_sr_41006514.mp3	3348
common_voice_sr_40979929.mp3	1908
common_voice_sr_38515520.mp3	1872
common_voice_sr_26960042.mp3	2340
common_voice_sr_27014836.mp3	3420
common_voice_sr_40989434.mp3	2916
common_voice_sr_36934830.mp3	2772
common_voice_sr_36765350.mp3	2628
common_voice_sr_38515524.mp3	2484
common_voice_sr_36949244.mp3	2088
common_voice_sr_27008215.mp3	2556
common_voice_sr_45995188.mp3	2772
common_voice_sr_36765821.mp3	2160
common_voice_sr_40975849.mp3	3888
common_voice_sr_27751852.mp3	2880
common_voice_sr_26959853.mp3	2808
common_voice_sr_37810759.mp3	3852
common_voice_sr_36950134.mp3	2520
common_voice_sr_36950018.mp3	2736
common_voice_sr_36946963.mp3	3276
common_voice_sr_40981625.mp3	4860
common_voice_sr_41010571.mp3	3888
common_voice_sr_48251027.mp3	3600
common_voice_sr_40976911.mp3	5040
common_voice_sr_41009877.mp3	5400
common_voice_sr_36950263.mp3	3780
common_voice_sr_36994459.mp3	2268
common_voice_sr_40981157.mp3	3060
common_voice_sr_36838834.mp3	4140
common_voice_sr_40983386.mp3	4068
common_voice_sr_27660537.mp3	4068
common_voice_sr_26553036.mp3	3060
common_voice_sr_38526018.mp3	2124
common_voice_sr_36994406.mp3	2736
common_voice_sr_40985182.mp3	2556
common_voice_sr_35098195.mp3	3708
common_voice_sr_36765650.mp3	2232
common_voice_sr_35265025.mp3	3060
common_voice_sr_38535677.mp3	1620
common_voice_sr_40981651.mp3	2628
common_voice_sr_37206879.mp3	3420
common_voice_sr_40991088.mp3	5400
common_voice_sr_27635245.mp3	3132
common_voice_sr_40978463.mp3	2736
common_voice_sr_38523440.mp3	2268
common_voice_sr_27011731.mp3	2088
common_voice_sr_39770128.mp3	5040
common_voice_sr_40997731.mp3	3708
common_voice_sr_40979535.mp3	3276
common_voice_sr_28526402.mp3	2520
common_voice_sr_40982602.mp3	2268
common_voice_sr_36950575.mp3	2196
common_voice_sr_38515540.mp3	1872
common_voice_sr_40989491.mp3	2880
common_voice_sr_38058843.mp3	5148
common_voice_sr_36946903.mp3	2376
common_voice_sr_28321662.mp3	2916
common_voice_sr_40471724.mp3	3960
common_voice_sr_40386223.mp3	3600
common_voice_sr_35126104.mp3	3636
common_voice_sr_38515509.mp3	2232
common_voice_sr_27675760.mp3	1692
common_voice_sr_27675546.mp3	2736
common_voice_sr_36950784.mp3	2268
common_voice_sr_40980993.mp3	2340
common_voice_sr_36946746.mp3	2160
common_voice_sr_40386192.mp3	3420
common_voice_sr_40983486.mp3	1836
common_voice_sr_40977806.mp3	3636
common_voice_sr_40985176.mp3	2016
common_voice_sr_36804202.mp3	2556
common_voice_sr_32761939.mp3	1944
common_voice_sr_40982669.mp3	5076
common_voice_sr_28517856.mp3	2448
common_voice_sr_39212889.mp3	5580
common_voice_sr_35086794.mp3	2988
common_voice_sr_39885125.mp3	2880
common_voice_sr_35085151.mp3	2376
common_voice_sr_27655197.mp3	4032
common_voice_sr_27781238.mp3	2808
common_voice_sr_36774276.mp3	3276
common_voice_sr_27781455.mp3	1980
common_voice_sr_28663210.mp3	2736
common_voice_sr_40982013.mp3	2160
common_voice_sr_26874171.mp3	2520
common_voice_sr_35085262.mp3	1980
common_voice_sr_36946758.mp3	2736
common_voice_sr_38523502.mp3	1980
common_voice_sr_45994932.mp3	2592
common_voice_sr_36767382.mp3	2700
common_voice_sr_26959239.mp3	2520
common_voice_sr_37810645.mp3	2232
common_voice_sr_41024458.mp3	2448
common_voice_sr_35089328.mp3	4104
common_voice_sr_40609231.mp3	4320
common_voice_sr_39936581.mp3	5148
common_voice_sr_40977634.mp3	4248
common_voice_sr_40981863.mp3	2016
common_voice_sr_40471845.mp3	2916
common_voice_sr_40991142.mp3	3708
common_voice_sr_27953604.mp3	2376
common_voice_sr_40983641.mp3	1728
common_voice_sr_37517849.mp3	4536
common_voice_sr_28153964.mp3	2520
common_voice_sr_33242817.mp3	3024
common_voice_sr_40980991.mp3	3348
common_voice_sr_40983568.mp3	3708
common_voice_sr_38531820.mp3	2412
common_voice_sr_36946959.mp3	2916
common_voice_sr_38531907.mp3	2052
common_voice_sr_35085101.mp3	2736
common_voice_sr_33242695.mp3	3204
common_voice_sr_40975702.mp3	2376
common_voice_sr_27675775.mp3	2088
common_voice_sr_36947125.mp3	2448
common_voice_sr_35086513.mp3	2376
common_voice_sr_36946974.mp3	2448
common_voice_sr_39254569.mp3	4680
common_voice_sr_37810669.mp3	3564
common_voice_sr_36949151.mp3	2808
common_voice_sr_41325023.mp3	2448
common_voice_sr_40997421.mp3	3816
common_voice_sr_38515547.mp3	4032
common_voice_sr_41006507.mp3	2556
common_voice_sr_38847200.mp3	5220
common_voice_sr_37517877.mp3	4284
common_voice_sr_41000567.mp3	6336
common_voice_sr_40997395.mp3	2196
common_voice_sr_37315292.mp3	3096
common_voice_sr_35091326.mp3	2520
common_voice_sr_38508465.mp3	2808
common_voice_sr_35086217.mp3	3348
common_voice_sr_35085142.mp3	2448
common_voice_sr_36950725.mp3	2736
common_voice_sr_40977502.mp3	2988
common_voice_sr_40979328.mp3	3096
common_voice_sr_40977646.mp3	7056
common_voice_sr_35098163.mp3	2196
common_voice_sr_40878530.mp3	5796
common_voice_sr_40984210.mp3	3060
common_voice_sr_36949464.mp3	2880
common_voice_sr_35094497.mp3	2880
common_voice_sr_36767292.mp3	2376
common_voice_sr_40979515.mp3	2268
common_voice_sr_27636604.mp3	2160
common_voice_sr_39936660.mp3	4680
common_voice_sr_27656432.mp3	3096
common_voice_sr_48250808.mp3	2376
common_voice_sr_40983639.mp3	1800
common_voice_sr_40997711.mp3	5076
common_voice_sr_36765716.mp3	2160
common_voice_sr_35084394.mp3	2160
common_voice_sr_41017383.mp3	2376
common_voice_sr_38509112.mp3	4284
common_voice_sr_40991299.mp3	3168
common_voice_sr_36994288.mp3	4500
common_voice_sr_36950279.mp3	2880
common_voice_sr_38845599.mp3	5040
common_voice_sr_36773406.mp3	2556
common_voice_sr_40976279.mp3	3240
common_voice_sr_27781289.mp3	1908
common_voice_sr_40975578.mp3	2448
common_voice_sr_38523494.mp3	1908
common_voice_sr_35265129.mp3	2196
common_voice_sr_36950767.mp3	2556
common_voice_sr_38537514.mp3	2160
common_voice_sr_35099213.mp3	2772
common_voice_sr_36774399.mp3	2520
common_voice_sr_39330736.mp3	3456
common_voice_sr_27636666.mp3	2160
common_voice_sr_40981228.mp3	4608
common_voice_sr_39770130.mp3	4896
common_voice_sr_40980255.mp3	4860
common_voice_sr_35099346.mp3	2412
common_voice_sr_39330484.mp3	3708
common_voice_sr_39316387.mp3	4320
common_voice_sr_40989433.mp3	2448
common_voice_sr_40982666.mp3	2376
common_voice_sr_40977414.mp3	6048
common_voice_sr_28438440.mp3	2520
common_voice_sr_28526456.mp3	2736
common_voice_sr_27675904.mp3	1908
common_voice_sr_39316396.mp3	4968
common_voice_sr_36946896.mp3	2448
common_voice_sr_35086876.mp3	2448
common_voice_sr_40978442.mp3	2988
common_voice_sr_26981132.mp3	2736
common_voice_sr_26874247.mp3	3636
common_voice_sr_41000608.mp3	3168
common_voice_sr_40983453.mp3	2628
common_voice_sr_36767260.mp3	2556
common_voice_sr_40979041.mp3	1980
common_voice_sr_27655233.mp3	5724
common_voice_sr_35126162.mp3	2520
common_voice_sr_40982857.mp3	2700
common_voice_sr_29138969.mp3	2016
common_voice_sr_27635299.mp3	3096
common_voice_sr_26945842.mp3	2592
common_voice_sr_40978554.mp3	4248
common_voice_sr_40976975.mp3	2340
common_voice_sr_41000613.mp3	2988
common_voice_sr_41021535.mp3	4680
common_voice_sr_40982595.mp3	2700
common_voice_sr_41010659.mp3	2196
common_voice_sr_26981149.mp3	2556
common_voice_sr_40978745.mp3	3420
common_voice_sr_36946649.mp3	2016
common_voice_sr_40991258.mp3	5616
common_voice_sr_36949149.mp3	3456
common_voice_sr_41873235.mp3	3960
common_voice_sr_28526538.mp3	3096
common_voice_sr_35360828.mp3	1584
common_voice_sr_38509132.mp3	3456
common_voice_sr_40985429.mp3	2268
common_voice_sr_36774507.mp3	1980
common_voice_sr_40978605.mp3	2268
common_voice_sr_35085570.mp3	2160
common_voice_sr_40977425.mp3	6336
common_voice_sr_40977661.mp3	2880
common_voice_sr_40980288.mp3	4608
common_voice_sr_41021492.mp3	2160
common_voice_sr_37810635.mp3	4968
common_voice_sr_36946954.mp3	2268
common_voice_sr_27655748.mp3	5328
common_voice_sr_40985895.mp3	5688
common_voice_sr_38521610.mp3	3096
common_voice_sr_28441306.mp3	3240
common_voice_sr_40983679.mp3	2016
common_voice_sr_39254918.mp3	4248
common_voice_sr_40985648.mp3	2196
common_voice_sr_40979482.mp3	3168
common_voice_sr_40981997.mp3	2628
common_voice_sr_27636212.mp3	2808
common_voice_sr_26959634.mp3	2448
common_voice_sr_40987816.mp3	5508
common_voice_sr_36767548.mp3	2376
common_voice_sr_28517889.mp3	2700
common_voice_sr_27953601.mp3	3456
common_voice_sr_37810898.mp3	4176
common_voice_sr_37523115.mp3	4788
common_voice_sr_36434797.mp3	2700
common_voice_sr_36971218.mp3	2844
common_voice_sr_37172280.mp3	3240
common_voice_sr_40977931.mp3	3060
common_voice_sr_35400040.mp3	3024
common_voice_sr_40471766.mp3	2664
common_voice_sr_37810817.mp3	3528
common_voice_sr_41009891.mp3	2340
common_voice_sr_35090477.mp3	3060
common_voice_sr_41000601.mp3	4140
common_voice_sr_35399941.mp3	1836
common_voice_sr_35278211.mp3	2412
common_voice_sr_40983339.mp3	1980
common_voice_sr_28663217.mp3	3060
common_voice_sr_40987720.mp3	6120
common_voice_sr_36773519.mp3	2700
common_voice_sr_35085567.mp3	2376
common_voice_sr_41012835.mp3	1980
common_voice_sr_27655195.mp3	6264
common_voice_sr_28526290.mp3	3960
common_voice_sr_40991297.mp3	3708
common_voice_sr_40982875.mp3	2268
common_voice_sr_40980253.mp3	3528
common_voice_sr_35248752.mp3	1980
common_voice_sr_27781432.mp3	2340
common_voice_sr_26960005.mp3	2268
common_voice_sr_38537449.mp3	4608
common_voice_sr_40978499.mp3	3528
common_voice_sr_36925161.mp3	2520
common_voice_sr_46991748.mp3	2592
common_voice_sr_38509143.mp3	2052
common_voice_sr_36946796.mp3	2376
common_voice_sr_35085152.mp3	2628
common_voice_sr_39884964.mp3	3672
common_voice_sr_35091291.mp3	2160
common_voice_sr_37315312.mp3	4896
common_voice_sr_36765370.mp3	3096
common_voice_sr_40979912.mp3	4968
common_voice_sr_40997389.mp3	2700
common_voice_sr_26960670.mp3	2160
common_voice_sr_39254620.mp3	3456
common_voice_sr_27953524.mp3	5256
common_voice_sr_40471741.mp3	2952
common_voice_sr_41024420.mp3	2448
common_voice_sr_36946684.mp3	2700
common_voice_sr_40975839.mp3	2196
common_voice_sr_40975530.mp3	6408
common_voice_sr_39316391.mp3	3888
common_voice_sr_40977487.mp3	2088
common_voice_sr_40549993.mp3	4896
common_voice_sr_36950715.mp3	2664
common_voice_sr_27636062.mp3	2736
common_voice_sr_36946626.mp3	2376
common_voice_sr_33192098.mp3	2808
common_voice_sr_36765441.mp3	2556
common_voice_sr_40491754.mp3	4536
common_voice_sr_28526336.mp3	2268
common_voice_sr_27014769.mp3	2880
common_voice_sr_40989402.mp3	2700
common_voice_sr_39330720.mp3	3276
common_voice_sr_40386337.mp3	4356
common_voice_sr_40979032.mp3	6876
common_voice_sr_40983680.mp3	1800
common_voice_sr_37517775.mp3	4824
common_voice_sr_35098214.mp3	2160
common_voice_sr_40983628.mp3	2088
common_voice_sr_39936536.mp3	5220
common_voice_sr_40977598.mp3	4176
common_voice_sr_38509144.mp3	3060
common_voice_sr_40976974.mp3	4788
common_voice_sr_40981824.mp3	3348
common_voice_sr_27781406.mp3	2628
common_voice_sr_28216735.mp3	3096
common_voice_sr_46919517.mp3	3204
common_voice_sr_35097086.mp3	3276
common_voice_sr_40983617.mp3	2088
common_voice_sr_27953577.mp3	2880
common_voice_sr_38847182.mp3	6048
common_voice_sr_40471776.mp3	3960
common_voice_sr_40978789.mp3	2628
common_voice_sr_40987677.mp3	4320
common_voice_sr_36767411.mp3	3384
common_voice_sr_36946602.mp3	4716
common_voice_sr_40978465.mp3	4428
common_voice_sr_40975895.mp3	3168
common_voice_sr_27655737.mp3	2988
common_voice_sr_40978749.mp3	2268
common_voice_sr_35398863.mp3	1440
common_voice_sr_40991134.mp3	2988
common_voice_sr_40989502.mp3	5256
common_voice_sr_28441295.mp3	2268
common_voice_sr_41009888.mp3	2556
common_voice_sr_45994659.mp3	3780
common_voice_sr_41031295.mp3	3240
common_voice_sr_40981177.mp3	3420
common_voice_sr_36767397.mp3	2124
common_voice_sr_35265098.mp3	2520
common_voice_sr_26874163.mp3	3348
common_voice_sr_38833134.mp3	2556
common_voice_sr_37810848.mp3	3924
common_voice_sr_40984273.mp3	3816
common_voice_sr_40984256.mp3	2628
common_voice_sr_41010539.mp3	6300
common_voice_sr_41678447.mp3	2448
common_voice_sr_41031257.mp3	3240
common_voice_sr_27675716.mp3	4032
common_voice_sr_40976863.mp3	7236
common_voice_sr_28521341.mp3	1512
common_voice_sr_40471804.mp3	6228
common_voice_sr_36950604.mp3	2268
common_voice_sr_27671145.mp3	2916
common_voice_sr_36774261.mp3	3168
common_voice_sr_40979549.mp3	3168
common_voice_sr_41010763.mp3	2628
common_voice_sr_28439840.mp3	4608
common_voice_sr_38537540.mp3	3168
common_voice_sr_48250899.mp3	2736
common_voice_sr_35086296.mp3	2520
common_voice_sr_27314266.mp3	2520
common_voice_sr_35090146.mp3	2448
common_voice_sr_36950259.mp3	2196
common_voice_sr_38509209.mp3	3816
common_voice_sr_28521323.mp3	1548
common_voice_sr_40471826.mp3	4032
common_voice_sr_37523072.mp3	5796
common_voice_sr_46827116.mp3	2844
common_voice_sr_37574612.mp3	4572
common_voice_sr_40981938.mp3	2988
common_voice_sr_36951843.mp3	2484
common_voice_sr_39212842.mp3	5652
common_voice_sr_40997750.mp3	3600
common_voice_sr_36946712.mp3	2448
common_voice_sr_37047349.mp3	2592
common_voice_sr_36774145.mp3	2376
common_voice_sr_35101552.mp3	2088
common_voice_sr_28441308.mp3	2376
common_voice_sr_41006492.mp3	2268
common_voice_sr_40983654.mp3	2196
common_voice_sr_36947061.mp3	2700
common_voice_sr_36950183.mp3	3888
common_voice_sr_35085156.mp3	2556
common_voice_sr_36949125.mp3	3816
common_voice_sr_39330632.mp3	4788
common_voice_sr_35101539.mp3	2268
common_voice_sr_27655324.mp3	3060
common_voice_sr_40980945.mp3	2448
common_voice_sr_40977656.mp3	4716
common_voice_sr_40982889.mp3	2808
common_voice_sr_36949271.mp3	2808
common_voice_sr_41037843.mp3	5400
common_voice_sr_35101495.mp3	2556
common_voice_sr_35087798.mp3	2736
common_voice_sr_40977805.mp3	2916
common_voice_sr_40983334.mp3	3096
common_voice_sr_27314147.mp3	2808
common_voice_sr_37206877.mp3	3348
common_voice_sr_28441240.mp3	2448
common_voice_sr_40977645.mp3	3528
common_voice_sr_27166440.mp3	4500
common_voice_sr_31892183.mp3	2160
common_voice_sr_46827736.mp3	3924
common_voice_sr_40976971.mp3	4428
common_voice_sr_36772329.mp3	2808
common_voice_sr_36773524.mp3	2268
common_voice_sr_26946104.mp3	2916
common_voice_sr_40979242.mp3	3060
common_voice_sr_45994679.mp3	2988
common_voice_sr_36949233.mp3	1836
common_voice_sr_40981392.mp3	2700
common_voice_sr_40977539.mp3	2880
