client_id	path	sentence_id	sentence	sentence_domain	up_votes	down_votes	age	gender	accents	variant	locale	segment
da400141d8070c4c2118c8f9d12545363fde0b2ee20bcd278f095f21939878a8ab884e4be8210be6741e0508f713bdc91bd016c162516481a3731f73c19200a1	common_voice_sr_26553037.mp3	13c8aa96599afe00e6939d5e4e1a45753e41d5b80688f1c277cd4ea9678a2781	Шта да радимо.		0	4	twenties	male_masculine	Eastern Herzegovinian accent from Montenegro		sr	
da400141d8070c4c2118c8f9d12545363fde0b2ee20bcd278f095f21939878a8ab884e4be8210be6741e0508f713bdc91bd016c162516481a3731f73c19200a1	common_voice_sr_26553071.mp3	0b27e3cadae4e706f12e27234c2ed4aa6c983b6bbc85d5608f2ce0ef5071f3d1	Али не само зато.		2	4	twenties	male_masculine	Eastern Herzegovinian accent from Montenegro		sr	
be8d6455cef8c83ae3fb1e7bab2253c7f69f6408228ae04f2769984a73cea48422283886087b3f405d90c2c2f250f4dadf7504295bda1e8c33d5545d66a365d4	common_voice_sr_26874393.mp3	0a29095ca60fa2853770be9f6c488a6920a2bc8386e5686bf697ed5379ce269e	Ма, знам то.		1	2	twenties	male_masculine			sr	
be8d6455cef8c83ae3fb1e7bab2253c7f69f6408228ae04f2769984a73cea48422283886087b3f405d90c2c2f250f4dadf7504295bda1e8c33d5545d66a365d4	common_voice_sr_26874434.mp3	130ad1bbf4debe0f8428b7feb038715002cab957f92e13b146493a7009c55269	Ти и не знаш шта је то.		0	2	twenties	male_masculine			sr	
8bbadcc5d804c202701422135eb09413813ae1547663c7c6e60d50b60814762b38d54a148aa6853b2093208719871b56372be85913e59f4790920148d28f1594	common_voice_sr_26937942.mp3	230ed7ebfda75543235a88ac8878512902414ee71dba301615cfcff10bdfd381	Боже ме прости.		0	2	twenties	male_masculine			sr	
8bbadcc5d804c202701422135eb09413813ae1547663c7c6e60d50b60814762b38d54a148aa6853b2093208719871b56372be85913e59f4790920148d28f1594	common_voice_sr_26937943.mp3	145188bb649e1e87775c566b47a70180d84190c439279081acd2e672ebc95c4b	Волим техно и хаус!		0	2	twenties	male_masculine			sr	
4c1f095e99d9287a77123354bdf303170a489d41818de91178ff41c6588f609be111433e406f0e729a81c434589d608dea9bbbf3a27e26f48ad6ec7a94bf54d6	common_voice_sr_26969263.mp3	089e4cb001299016f05bb463a759b31fe47e7cc25b237d2ce8d3307392463741	И једна жена.		1	2					sr	
4c1f095e99d9287a77123354bdf303170a489d41818de91178ff41c6588f609be111433e406f0e729a81c434589d608dea9bbbf3a27e26f48ad6ec7a94bf54d6	common_voice_sr_26969267.mp3	2ae7afa37dff9abcfa4bb6539270358b6cbd6dae6985409c811ed88e9c121d57	Није то него.		0	2					sr	
2c95991e6e950a8e1eabd7ac769dacddb25e38fd33b321d594c216dc15961029a817854852209a841223d389c5cc2735c0c05ebbace7af3721b21ea1a9e751a5	common_voice_sr_27008212.mp3	3379d50d5c5cbfcf4b69af99f569b005c6132787b7b26fdd09c497a6ff66b1d2	О, не, разумем.		1	2	twenties	female_feminine			sr	
2c95991e6e950a8e1eabd7ac769dacddb25e38fd33b321d594c216dc15961029a817854852209a841223d389c5cc2735c0c05ebbace7af3721b21ea1a9e751a5	common_voice_sr_27011722.mp3	31d14040eac6aa1fec3d56bae046079e819f975458c3b6d077352f653df37719	Ви не разумете.		0	2	twenties	female_feminine			sr	
7cdaf74753e080af1853d1bcd3759e9b3123d32a5c5a7d1a924f143f011650c6c65948183f652fc7381d5cee29e44101ca72f78b4b478d4c7e6871ffb33b5580	common_voice_sr_27038856.mp3	2e90d38e168414ef0a6f61f54cd793393b96939e334363df2ad056080174e2af	Јако их волим.		0	2					sr	
7cdaf74753e080af1853d1bcd3759e9b3123d32a5c5a7d1a924f143f011650c6c65948183f652fc7381d5cee29e44101ca72f78b4b478d4c7e6871ffb33b5580	common_voice_sr_27038857.mp3	35bc84fae3cb25dd37295d4ab902f262768f164415a8368c8da8087350337560	А и тамо.		1	2					sr	
7cdaf74753e080af1853d1bcd3759e9b3123d32a5c5a7d1a924f143f011650c6c65948183f652fc7381d5cee29e44101ca72f78b4b478d4c7e6871ffb33b5580	common_voice_sr_27038859.mp3	315b2be81d0a6d81e4e9a3aca681e614a0670cfb32fdea6a73bb64dc63a70ed5	Колико је дуго?		0	2					sr	
7cdaf74753e080af1853d1bcd3759e9b3123d32a5c5a7d1a924f143f011650c6c65948183f652fc7381d5cee29e44101ca72f78b4b478d4c7e6871ffb33b5580	common_voice_sr_27038861.mp3	2be1199a6ff1f4d6a64099b20781bf63ae7bc0e0902efe73bda1d15c79b3391d	И због тога.		0	2					sr	
7cdaf74753e080af1853d1bcd3759e9b3123d32a5c5a7d1a924f143f011650c6c65948183f652fc7381d5cee29e44101ca72f78b4b478d4c7e6871ffb33b5580	common_voice_sr_27038862.mp3	2bdb9692189bb99055596718e5a5c3d4589ad1ff75fa3ddeb2d7a6a88db3402e	Путеви су лоши, што омета спасилачке напоре.		0	2					sr	
da400141d8070c4c2118c8f9d12545363fde0b2ee20bcd278f095f21939878a8ab884e4be8210be6741e0508f713bdc91bd016c162516481a3731f73c19200a1	common_voice_sr_27261773.mp3	3a43ab5d0c02eda3e93f44a119f8ce7ebe48319b3f1fe7d71b0ac69f4d9e7208	И ја ћу.		0	4	twenties	male_masculine	Eastern Herzegovinian accent from Montenegro		sr	
da400141d8070c4c2118c8f9d12545363fde0b2ee20bcd278f095f21939878a8ab884e4be8210be6741e0508f713bdc91bd016c162516481a3731f73c19200a1	common_voice_sr_27261790.mp3	3ca8e80a3aa73fb8ce1bd414e5a7ef3a02022c91ea5e5a7a2ea76af1b05ca187	Па, она је.		0	4	twenties	male_masculine	Eastern Herzegovinian accent from Montenegro		sr	
85a4867cf8cc6e4c308529b5016629b89687db6f0da47c01f101936308e2e804357eec1882c663d3148ce585cb8ecb5979520ead8090088b1b34b609f28cfe9c	common_voice_sr_27635143.mp3	70f86bcd9c88ff6a5361f719bfba9ae7702137af90fcda8028b1019503a038d0	Ха, ха ха.		1	2	thirties	male_masculine			sr	
85a4867cf8cc6e4c308529b5016629b89687db6f0da47c01f101936308e2e804357eec1882c663d3148ce585cb8ecb5979520ead8090088b1b34b609f28cfe9c	common_voice_sr_27635179.mp3	742a7b1c7e5be567610464b1df41325db380e27f3cff6ddfac98c2ded6eb2d8c	Нека му буде.		1	2	thirties	male_masculine			sr	
85a4867cf8cc6e4c308529b5016629b89687db6f0da47c01f101936308e2e804357eec1882c663d3148ce585cb8ecb5979520ead8090088b1b34b609f28cfe9c	common_voice_sr_27635297.mp3	5ae0bda17fd7a0c95fca573de91f98506c0c749a84f6f8b76969381b20403c99	Та је то.		0	2	thirties	male_masculine			sr	
23930344397049b5a06d8ab16c2553d67d0d5e4e6e9bba03611ca91f4d32f9f96068b66b8e4eaf46784351f80abd1d5257409fbcbd2c67983a2f2eddd0250e5a	common_voice_sr_27636513.mp3	7a8db0d24e12032c188a8b30c1d43835da6c03a745e787e33a248d2e11bd35be	Да ли ме је неко тражио?		1	2	fourties	male_masculine			sr	
23930344397049b5a06d8ab16c2553d67d0d5e4e6e9bba03611ca91f4d32f9f96068b66b8e4eaf46784351f80abd1d5257409fbcbd2c67983a2f2eddd0250e5a	common_voice_sr_27636700.mp3	77268222fa8dce3e160fc3ca5ede527492f598adeb018412774fa84dfc5a4238	Хвала вам, госпо.		0	2	fourties	male_masculine			sr	
09219b8964b0be9cbd25743743d18172cff62de6264bfbadcf6bab34c77ee5b7b71b9dfa81376501cf1216fe28b66a162d6029f7860e2897e327a05519a039e6	common_voice_sr_27646364.mp3	66881834fed45838943a13168970b9b7fa115e66dd4dd1891a8cef4cba2c0643	Кад ти кажем.		1	2					sr	
615ed0a922a6c69bf3432504212abe5548bb70681552618cac34dd7b03fe516b67bb1498f2fd552b7e484d579b4da33265db73b7799d50b6e421e58dafdb9e9c	common_voice_sr_27655591.mp3	7991209ffd09580067c30c010f75ad9567e0f590e66b66023fe71f5649e5b71d	Да радим ста?		0	2					sr	
fde666fa80bb28ab06959097acb20b0ba303c691461bc093238b3d3e0a06c51db44cd6e4e773f96041065764ad96c7df3741a3b93fdfcf0fcb80014b88714665	common_voice_sr_27662315.mp3	6c5f3eb36234134f450daaf3afa4049d88c85215e7f8026ac9a3006a54dcda10	Ја не знам шта је ово.		0	2					sr	
00793e1393b444d73fa7666b488ba50efc2813e3a92dabb352bca28aba307daddc2621c608309cf5fd08d23bb38210d013c3d364d46570e523bc54629d667aa8	common_voice_sr_27671107.mp3	7da38aa856c77b97e4d249b46b2fc247bb57ba4f4019241503e4fd465922b1da	У сваком друштву имате екстремисте.		0	2	twenties	male_masculine			sr	
84139e631e41795089372e0aa185344de52c4047fb04907eb2fe4a92bbcec8d272758bd5c71a8c9367571ce6ba8a498b43d3038478d2368554e93c8371ec05ad	common_voice_sr_27685974.mp3	7d218c8522093331519a5550c52992a7d10d262f52ddbaa6e0b9fc620e9c79e2	Ох, то није ништа		0	2					sr	
c20cb0c0edb9cd9c40b412766f5b5d9a615df054ef83c7e998ab1c7cda8439b2565e7c784a0c81bf0eb074ee766f909ff38e1389881809fcac8373069a1a0f58	common_voice_sr_27781414.mp3	9c4165a11506cc07853520409b5d82452dafdca4a00d36ca02f373d71bf24c76	Ти и др.		1	2	twenties	female_feminine			sr	
66f67e740dfd78b4f6d0459fcf121999801287d9f90b888a44b820e18c34ba9c2b9a05a5d18486d54cc84a86e9798afc9ea43a227d6cefdeb02ebc260446cc87	common_voice_sr_28216736.mp3	8b02e3e948c46a51153fe1650b5c4e19c96ed48457887452203c8178ce1193df	У продавници нема да се купи тоалет папир.		0	2	thirties	female_feminine			sr	
c20cb0c0edb9cd9c40b412766f5b5d9a615df054ef83c7e998ab1c7cda8439b2565e7c784a0c81bf0eb074ee766f909ff38e1389881809fcac8373069a1a0f58	common_voice_sr_28517931.mp3	834dd9261f7dd6b9d67dfaa1a14ae89ba5fae1516d87fdc1706c36f70b2eaa94	Па, кажи ми!		1	2	twenties	female_feminine			sr	
da400141d8070c4c2118c8f9d12545363fde0b2ee20bcd278f095f21939878a8ab884e4be8210be6741e0508f713bdc91bd016c162516481a3731f73c19200a1	common_voice_sr_28521397.mp3	aba4da28c32af3af2f9f2f0278792db8d53eda68a8ca46e377b809604057aa30	То је он.		2	4	twenties	male_masculine	Eastern Herzegovinian accent from Montenegro		sr	
da400141d8070c4c2118c8f9d12545363fde0b2ee20bcd278f095f21939878a8ab884e4be8210be6741e0508f713bdc91bd016c162516481a3731f73c19200a1	common_voice_sr_28521421.mp3	a66203ae2d41fe7d05a17271c2768061c7f914e1ddab1384d59687fb0388a6cd	Ко ти смета?		0	4	twenties	male_masculine	Eastern Herzegovinian accent from Montenegro		sr	
da400141d8070c4c2118c8f9d12545363fde0b2ee20bcd278f095f21939878a8ab884e4be8210be6741e0508f713bdc91bd016c162516481a3731f73c19200a1	common_voice_sr_28951044.mp3	aaa9cfeeaa96031acc11a54cf66361a45d3841fc226f21b228495b974c0c0825	За данас је доста.		2	4	twenties	male_masculine	Eastern Herzegovinian accent from Montenegro		sr	
a438db3003c64bee5f1a2ed871e1e87e5bde2073d58db524ec41068b0a04c9ddcf88ec9c90f963d48f0c214e0f22ba4996ad4e189bf6a1804db140205a53dec4	common_voice_sr_29083705.mp3	b85bf6e4ead70715ca098f22766624efacc6d4a98ecf3274df3a355ad45b2361	Па, реци ми.		1	2					sr	
a438db3003c64bee5f1a2ed871e1e87e5bde2073d58db524ec41068b0a04c9ddcf88ec9c90f963d48f0c214e0f22ba4996ad4e189bf6a1804db140205a53dec4	common_voice_sr_29083706.mp3	b6373cd7ef3f64e26c96b834c2687fbca73f299316fa04d06e54d50c4abda709	Под ведрим небом?		1	2					sr	
2f1e9e2e51d321ed2f9ea32e3e10fb73a8111fbcd902086ead986f302e7470108fbb680cce411dd073ab96ec5bf0c9b3a76ff840cb6230dd890fb8ed3fed1f36	common_voice_sr_29138973.mp3	a449c8e9c12f20737858efa3a94b2509acddd01ac14811c9050f0ce461165dd5	Велике рибе велику воду траже.		1	2	teens	male_masculine			sr	
2f1e9e2e51d321ed2f9ea32e3e10fb73a8111fbcd902086ead986f302e7470108fbb680cce411dd073ab96ec5bf0c9b3a76ff840cb6230dd890fb8ed3fed1f36	common_voice_sr_29138991.mp3	a770334592712594905e35895571455a13aae724227cabfc83629320f2c7aebf	Овако или онако?		0	2	teens	male_masculine			sr	
2f1e9e2e51d321ed2f9ea32e3e10fb73a8111fbcd902086ead986f302e7470108fbb680cce411dd073ab96ec5bf0c9b3a76ff840cb6230dd890fb8ed3fed1f36	common_voice_sr_29138993.mp3	b4291085ca903c00dc65cf59105cc1e023ca26669d9e5d1570d67179981b9976	Писао сам о корупцији у фудбалу.		1	2	teens	male_masculine			sr	
e5e90cda986087e1ba0a895d39f508efdc7704bc8d10b21cc40d7977cfe595e077c8a41e50f25f8656c0b5de3cac0ac6b5e21325776c4033e21e411758e8fb3e	common_voice_sr_31892507.mp3	c151b7f4e52df0869998dcf1bb658823e751a8a6b981054f03a0a58cbf163a08	који су је задесили.		0	2	fourties	male_masculine			sr	
d45154a70950b67182ea80e3845b9f8b6b8ca10826b50b6b1315453bc7168e2a9f1d3ba9cca3defb52b2ea70221ffdeba8039ba64c00811fd74f8e343ee54a23	common_voice_sr_32072358.mp3	bdd7ef38e45253756f45fb73858f34e7c99ba203e7144ece9ee014479b9d7e6c	И они су.		1	2	twenties	male_masculine			sr	
db2d3abd47abe2a31d7cd5a368e56ed786f9a5c3011ee32e64d105500f87bc5a4e1cfc0d5ac088db0054588142d610f59397ccb66a1575a18193eb2a2d924b48	common_voice_sr_32761950.mp3	bf3dc76ee5974ae9b860b2b4ac44bf0ab5c1ab0c2aa77db1c2f82b6e360420ea	Заиста је тешко пронаћи авионске карте.		1	2					sr	
db2d3abd47abe2a31d7cd5a368e56ed786f9a5c3011ee32e64d105500f87bc5a4e1cfc0d5ac088db0054588142d610f59397ccb66a1575a18193eb2a2d924b48	common_voice_sr_32761955.mp3	c324525bc5573b5acfed4583a0d3ac794c3373fbab5765902ee6bec5f7bb41dc	Говорила сам јој.		1	2					sr	
c20cb0c0edb9cd9c40b412766f5b5d9a615df054ef83c7e998ab1c7cda8439b2565e7c784a0c81bf0eb074ee766f909ff38e1389881809fcac8373069a1a0f58	common_voice_sr_33192054.mp3	c22d0573c1776db5aa3813ec49fc69915dc84afd8deaf679bfe362dd8aa42774	А, знаш шта?		0	2	twenties	female_feminine			sr	
ad5086e7b8a525e998c3ac63af1d74ad9755ac3f34f966b2282ce2fce7799954dbe9057543012cfac941a4a152e9678bec94acaad25475d83c513dc9c75cdd5a	common_voice_sr_33242570.mp3	c93c2523b8fd395c9ab3297a0c83b79693bcb65fea769aa9edc4aebae8b76549	Да, баш овде.		1	2	fifties	female_feminine			sr	
ad5086e7b8a525e998c3ac63af1d74ad9755ac3f34f966b2282ce2fce7799954dbe9057543012cfac941a4a152e9678bec94acaad25475d83c513dc9c75cdd5a	common_voice_sr_33242571.mp3	88be4084dc4097372c69458e885c74ac157d99715ddfa92ed0c207f7b0ff329c	Заборавио си то.		1	2	fifties	female_feminine			sr	
ad5086e7b8a525e998c3ac63af1d74ad9755ac3f34f966b2282ce2fce7799954dbe9057543012cfac941a4a152e9678bec94acaad25475d83c513dc9c75cdd5a	common_voice_sr_33242575.mp3	beba67a9c31617add0b55339081ed5cca33c3ac81058f375d05cd18a52d154c0	О, за то?		1	2	fifties	female_feminine			sr	
0892fd55256818a3c4380487376bc4e1fb5f80dae0c4840aabda40861a299ab614176faa2266da5005d0b860aa9faf2d7f16ddbaaa90b3896f0199e71b8e4058	common_voice_sr_35086078.mp3	62472a8abc5dba4fd2f24ff40426ef1b8ec8230528edee243384ca62af900ed6	Земља је била озбиљно уништена.		0	2					sr	
0892fd55256818a3c4380487376bc4e1fb5f80dae0c4840aabda40861a299ab614176faa2266da5005d0b860aa9faf2d7f16ddbaaa90b3896f0199e71b8e4058	common_voice_sr_35086084.mp3	a5f25c6b1882009452a68f032e5887c8149e394de4df17d4aec79e08cb8f924e	Тренутна дефлација притиска губитаске фирме.		1	2					sr	
52f1e41605d59e47224389c6eca9ebcf676eaca1a94902a6ca61dd65f2588fd230192160aa68d89e9d1fc88ee06841253c69e2f488783417a2298044e153183d	common_voice_sr_35086309.mp3	c855bce97d80077d21b043c5f44b256f3d83741a3fcf24a26b156e555f3e0787	Да си ти тај.		0	3					sr	
db3f70adee20d425bb59a7de70de86894383490c35afe2db8176e3ca34708cdd648487f128a0561a6408c34e102fa608dd9e2bc8b4c83c97b9f05b3a07415009	common_voice_sr_35086547.mp3	d82b7a5632a87e78f7b3b42059495cd4e9d4dce0946ed9e08fe4a54e70a462b5	О молим вас.		1	2					sr	
db3f70adee20d425bb59a7de70de86894383490c35afe2db8176e3ca34708cdd648487f128a0561a6408c34e102fa608dd9e2bc8b4c83c97b9f05b3a07415009	common_voice_sr_35086560.mp3	6fe5cf691be0d5a2a25557de5e94ae7157c9b9ac636acb109b8a8308e5f127e8	Деведесет шест одсто становника земље су грчки православци.		1	2					sr	
30d1d315839cec01b32edbacc9fff1bead07175c90023fd42c3a9536dda82ea82055aa2eb77846fee204ec3e7d02a0350aa902b07a8710617c6384b2f393e68d	common_voice_sr_35086652.mp3	acf973e943256cc1b6457230d604a92cc90fe0569885c9f1f59d81e9358f2701	А, не, не!		0	2					sr	
644b7aaff276a6624bee463e60b8f30f425d1d7d48427f04398abab5973c8a810157c718f0f902cfc4f5228cfcb5ae34ca3da6aefe334c213610a1f024afba53	common_voice_sr_35086736.mp3	d4f04e842f280903682a22ccacf4834c7abacad2acff1d6e32bc2575dbecbdcb	Хајдемо, хајдемо, хајдемо.		0	2					sr	
64e817bd9032c399e1efce71c97256d856e920cd612a29bb0fb7f90b96752c38753b762cee9703bd6beb54879e45d9b17df400d41aa47f5a7b53f7c4dd3ae866	common_voice_sr_35086767.mp3	9810a9972b09b4a311f61ed18a0ce29293967fe8ba915914bcb9aa732a028453	Што си у?		1	2	thirties	male_masculine			sr	
64e817bd9032c399e1efce71c97256d856e920cd612a29bb0fb7f90b96752c38753b762cee9703bd6beb54879e45d9b17df400d41aa47f5a7b53f7c4dd3ae866	common_voice_sr_35086771.mp3	acc4ecb3da7c970e8f32eea4cd5b592af0d3dd9127f9b1aa1e9639749d0cbf7c	И ја, сам.		2	3	thirties	male_masculine			sr	
0f9f668ac2dbf4c64682a8f802d3b00d6813fe62c37ded37be8363f3ffaf25571b9e32121a1d993e05bcbf1660ec6a732fc7033f31ff8d2052ee32df1deb8f6a	common_voice_sr_35087564.mp3	6f3f1ed6c2ea6ab05b46dbaa59b3b86dfd85ba5a7acddfc655bb910e5b26a485	Речни наноси, у којима леже трагови првобитних поречана		0	3					sr	
0f9f668ac2dbf4c64682a8f802d3b00d6813fe62c37ded37be8363f3ffaf25571b9e32121a1d993e05bcbf1660ec6a732fc7033f31ff8d2052ee32df1deb8f6a	common_voice_sr_35087565.mp3	d93777c2e20741191853ca4c0b6602e5da5d3b9e9cfee65e1d805282cadf4f32	А зашто ја?		0	2					sr	
0f9f668ac2dbf4c64682a8f802d3b00d6813fe62c37ded37be8363f3ffaf25571b9e32121a1d993e05bcbf1660ec6a732fc7033f31ff8d2052ee32df1deb8f6a	common_voice_sr_35087566.mp3	db61884a70791457137b2743bf072e65036dd6eea25029c5a55be05a81be552a	И сам је.		1	2					sr	
0f9f668ac2dbf4c64682a8f802d3b00d6813fe62c37ded37be8363f3ffaf25571b9e32121a1d993e05bcbf1660ec6a732fc7033f31ff8d2052ee32df1deb8f6a	common_voice_sr_35087567.mp3	d3a71879bc88d19997446e073994b52687387844243c1acd3440b8bf1d1c35ab	По целој земљи.		0	2					sr	
9bb486a7efb8ed1be933d0f2f982bd24a14901eb5d7a41425d02591e887f1bbbe28fdf0cec6f4060a1626a3710f846440ff1e3cae7a7e381431ec51e9f433d88	common_voice_sr_35087798.mp3	c78ff928f6e439825ef2c4c4be0331b90a9c3792fc6cea4157ed602d613ebd0e	Ја те не разумем.		1	2					sr	
28a70c5c98e80118d73639a5bf3524128ca14d30ddaa4652e4a8a0b78db221db28eb2ab8913f560b20a4c27e6c64f77fbcf5e09c9c5bc783376403580c1946f0	common_voice_sr_35087918.mp3	dab304126a5d0f9d4275a70bbfc1c6794ed095922cad1e7070430744bbb0eed9	А је л?		0	2	twenties	male_masculine			sr	
af5cae927bf4eb6d7e252fa2c381530c4e8e5364c9cff939f42c7f127b9ff01786295470141042b98767d02dfc0f56c79aba4d2deb0921f5b1c4253dd5b9a884	common_voice_sr_35088676.mp3	dd500018f468837ff1ed3bed3dabfd8c5a5989aafacb749d7bfdf7ddccefbde2	Мени и то.		1	2	fourties	male_masculine			sr	
96ef264364152f13029520a3076f7aad88590ab16d067b6a27f451ad141eb9de7589aa9094c37849d04aefd031f876dd2fc67c51e949ad99e84f3c334f6533ab	common_voice_sr_35089044.mp3	cf4921da75a04cdccfb6822b33c5bc91dca89d879ea59efe9de102f62ee97d99	Имплементација прве серије пројеката почеће већ ове јесени.		0	2					sr	
508bb4dc349bb068efacf0f8a191037b908dca53c22c7dc5a76ba5a14f8e141b6d93b2184a98ddf1b5fa26a2e3b894e122fdb277a3a509abd6ef12ba9791f9a8	common_voice_sr_35090077.mp3	d73e248570e2fad6361f604c670a9185588cff2f08d78ca3110161e031e1f01f	Смилуј ми се.		1	2					sr	
508bb4dc349bb068efacf0f8a191037b908dca53c22c7dc5a76ba5a14f8e141b6d93b2184a98ddf1b5fa26a2e3b894e122fdb277a3a509abd6ef12ba9791f9a8	common_voice_sr_35090078.mp3	c2f7f6f4e75aeba70bcc5497515f619c226788bea7bfbdc55e9d4c3c39e99068	Даље од воде!		1	2					sr	
508bb4dc349bb068efacf0f8a191037b908dca53c22c7dc5a76ba5a14f8e141b6d93b2184a98ddf1b5fa26a2e3b894e122fdb277a3a509abd6ef12ba9791f9a8	common_voice_sr_35090079.mp3	c975ab6e96d0026e309a32723bc24f219be8cb64f9cdd9c57ab217269e3e6875	Али више не могу.		1	2					sr	
508bb4dc349bb068efacf0f8a191037b908dca53c22c7dc5a76ba5a14f8e141b6d93b2184a98ddf1b5fa26a2e3b894e122fdb277a3a509abd6ef12ba9791f9a8	common_voice_sr_35090080.mp3	ded81775198a5ffa3ff84b433ccbe15cd036e493925c48df5832ff6f8c6adbce	Ако не можеш?		1	2					sr	
565cf28a03244af716a5775eed639b1d6076e43b8c958b2bef050a2c45c292b9c8bebb19ef452216fa1a9be78e33b6d3e768cdb418e53bd59cfa4643e5903618	common_voice_sr_35090118.mp3	aae5af38457aa0db742bd2b9032efd0f21385764c5bc463a95d8408eeb5753da	Да, које је?		0	2	thirties	male_masculine			sr	
565cf28a03244af716a5775eed639b1d6076e43b8c958b2bef050a2c45c292b9c8bebb19ef452216fa1a9be78e33b6d3e768cdb418e53bd59cfa4643e5903618	common_voice_sr_35090327.mp3	dc80b78118ff97fc550e21ef13ac158ae83bfa0738b0d9be54a3a7807387508c	То је цементирано.		1	2	thirties	male_masculine			sr	
3aad6d1818c4db1bde4afba0aa336161afd8013b191766ddaea4b79d6c5f6496d3a14600c2cd6edcf5f8f661fd36a52d2c891631a8fd81ec6522e2ef5cd6d9ab	common_voice_sr_35090529.mp3	de871484440fffada585ecb5681953ea0db78afbb632397d7a39d4ac7f5c3229	А које то?		1	2					sr	
2af16b859669474972516778b864e82d126a43733ec9ceb493c5ab9b9b4f56ccf3e59b96748f9f21c82aae4b2c81d3ac7908bcae11f94ee48d9bb5a9457d3a42	common_voice_sr_35090768.mp3	d17874b55d13f3f1dbd4113432ca3c63a05ce08190aa7894775ca5ad91bbf776	Ко ти је то рекао да урадиш?		1	2					sr	
6f2d77ec8cdc3946173c145de9781f7fc60ad4d0c5562e49b2dd75b9a2f43cec0d33b8e552cd0ed61c2fdb092e746a05a916560eae81b02c909cc870870bb4cf	common_voice_sr_35091022.mp3	e6ea91981000d810956236f88faaca5b28c5db394cb061ba4fbda4c7b8a821f7	Што је било било је.		0	2					sr	
5202ff54194cc9c9e2ccc469215b7af8aea13dc5c17d07cd9a9dbb49babe2242aa7528588c3bbedd42997b39469eb5f934fed114e1c9bd83529e55cb215f75c8	common_voice_sr_35091357.mp3	a6f1c64d9bf2b4dc2ab9fd375031500cebd937b9ee2427fe031e9c98f3383cb5	У његово име?		1	2	twenties	male_masculine			sr	
bdf1fffd4e3bfaf8eeee9ec8d7012469c757c478e3c1a85b135f6d4edf640df94f2169c5d3a807f27d7794c0ebbe74cbcec3b8458f308c836f934a5c302e0a0c	common_voice_sr_35094452.mp3	daf7723f1014787bec22210ade40414470ecbb2e11abfa07a747c8103042519d	Једно с другим.		0	3	thirties	male_masculine			sr	
bdf1fffd4e3bfaf8eeee9ec8d7012469c757c478e3c1a85b135f6d4edf640df94f2169c5d3a807f27d7794c0ebbe74cbcec3b8458f308c836f934a5c302e0a0c	common_voice_sr_35094506.mp3	baee9a1497a6bd07e7d275389789e611cf1c7e453c6f111a03344172e1a43e82	Он зна све.		0	3	thirties	male_masculine			sr	
565cf28a03244af716a5775eed639b1d6076e43b8c958b2bef050a2c45c292b9c8bebb19ef452216fa1a9be78e33b6d3e768cdb418e53bd59cfa4643e5903618	common_voice_sr_35095543.mp3	deae1ed70eaa1cf075a12ac956609a7068cf1c9a415933f9cca94b361fa655a6	Али ко зна шта доноси будућност?		1	2	thirties	male_masculine			sr	
565cf28a03244af716a5775eed639b1d6076e43b8c958b2bef050a2c45c292b9c8bebb19ef452216fa1a9be78e33b6d3e768cdb418e53bd59cfa4643e5903618	common_voice_sr_35095544.mp3	e9e79092fbe3183d6cc25a6952958c88af2d4ae897c73a6251f10781d33da590	Знам и ја.		0	2	thirties	male_masculine			sr	
de708348f98def38bd2ec9a90a86ce3cdd7699061073dac41528c28dd524f8166b5f2de3875cee049026a05dd4b2a1cd899aec2cb939b73a0cdd48b7839876ce	common_voice_sr_35097087.mp3	ab1c83f62fc6e254a1b8b567d711746023684cc0fd44f4c364666f3212436e54	И то шта.		1	2					sr	
de708348f98def38bd2ec9a90a86ce3cdd7699061073dac41528c28dd524f8166b5f2de3875cee049026a05dd4b2a1cd899aec2cb939b73a0cdd48b7839876ce	common_voice_sr_35097148.mp3	cb036047cc7822da3ae94a3048a1132b21aff3516db422419803636d12c7a4e6	Од оног дана.		0	2	twenties	male_masculine			sr	
de708348f98def38bd2ec9a90a86ce3cdd7699061073dac41528c28dd524f8166b5f2de3875cee049026a05dd4b2a1cd899aec2cb939b73a0cdd48b7839876ce	common_voice_sr_35097172.mp3	b20318d1557801776a9b702578392e58084e3fead26ffbe0b61c60dff2497863	А за ста?		1	2	twenties	male_masculine			sr	
565cf28a03244af716a5775eed639b1d6076e43b8c958b2bef050a2c45c292b9c8bebb19ef452216fa1a9be78e33b6d3e768cdb418e53bd59cfa4643e5903618	common_voice_sr_35126162.mp3	ee532f50c30f5b09ec161998c9ab73ce16348a655f7ebdd8a2d36fe76b95b129	Јеси ли задовољна?		0	2	thirties	male_masculine			sr	
283266120187a0a66c0e291b7a1ee009457231a129d7e85d741430c3326919091942a94f728e3bd4d67a327c997eaf9ffb9813a766c8f98a3c4925382148ff16	common_voice_sr_35265171.mp3	f89c003412cf7cca4ed954788abe16627d638a19dbb66175c055083c85ee4012	А које је?		0	2	twenties	male_masculine			sr	
283266120187a0a66c0e291b7a1ee009457231a129d7e85d741430c3326919091942a94f728e3bd4d67a327c997eaf9ffb9813a766c8f98a3c4925382148ff16	common_voice_sr_35278214.mp3	f60537f606463b1264492986aa5ae2c0dae05c305d6d07fc49d955d8e90187ca	Што си ти урадио?		1	2	twenties	male_masculine			sr	
e762c4800c2fd01c465aa2567f247bb59050ea5ec1a873610a14b9d23dea5bbcc7b8de18a7e9fe1cc57c8d26fd7b1e4fef79504c8ec202d9e6489f2a6d688dc6	common_voice_sr_35360905.mp3	c821f33f8a9492ea8391e9fe6a24c33ea997c5fcf79343e513a0ba1e041c919f	Улога инфраструктуре може се сагледати из неколико перспектива.		0	2					sr	
e762c4800c2fd01c465aa2567f247bb59050ea5ec1a873610a14b9d23dea5bbcc7b8de18a7e9fe1cc57c8d26fd7b1e4fef79504c8ec202d9e6489f2a6d688dc6	common_voice_sr_35361176.mp3	052578106ca1d17301937171b4523b921148f12bad8ab036e93fff2b94b89916	Истраживачи кажу да та ћутња једноставно повећава проблем.		0	2					sr	
e762c4800c2fd01c465aa2567f247bb59050ea5ec1a873610a14b9d23dea5bbcc7b8de18a7e9fe1cc57c8d26fd7b1e4fef79504c8ec202d9e6489f2a6d688dc6	common_voice_sr_35398692.mp3	9a7198ff65dbd28aaa6915c8852e3957e6926168ca6b95eacdf804cdbdbfeadf	То не можеш.		0	2					sr	
e762c4800c2fd01c465aa2567f247bb59050ea5ec1a873610a14b9d23dea5bbcc7b8de18a7e9fe1cc57c8d26fd7b1e4fef79504c8ec202d9e6489f2a6d688dc6	common_voice_sr_35399483.mp3	0422794f2ffc3bab2e136f24527bc3b9321de4517d92e514f443f11788447c66	Како је он?		0	2					sr	
e762c4800c2fd01c465aa2567f247bb59050ea5ec1a873610a14b9d23dea5bbcc7b8de18a7e9fe1cc57c8d26fd7b1e4fef79504c8ec202d9e6489f2a6d688dc6	common_voice_sr_35399579.mp3	044800e0b06b4836750bd58a019d6538d6f6b2a5daf47127d324e9b71a7eafd5	Како, по вама, функционише та сарадња?		0	2					sr	
e762c4800c2fd01c465aa2567f247bb59050ea5ec1a873610a14b9d23dea5bbcc7b8de18a7e9fe1cc57c8d26fd7b1e4fef79504c8ec202d9e6489f2a6d688dc6	common_voice_sr_35399972.mp3	dfa6cf6f1a290147ce1538532ce2d51418d698f0de8521e0aad29007dbef6d50	Ти, ти, ти, ти.		0	2					sr	
e762c4800c2fd01c465aa2567f247bb59050ea5ec1a873610a14b9d23dea5bbcc7b8de18a7e9fe1cc57c8d26fd7b1e4fef79504c8ec202d9e6489f2a6d688dc6	common_voice_sr_35400178.mp3	e589009d03bf7a0c7e295b944d54af091e4cc4e912f9540b9ff2de643add9e7e	Он је много више од тога.		0	2					sr	
a32c3cce3ad76c8087dbc4b6f8550c60448dd97189d6b0a7feb15ca6ca0108523258f12f68be15f44aa58fea58dac1ab9793f6e63dad7e9842308e2f7a230327	common_voice_sr_36765466.mp3	100b3d171d1743789cbb0c95459bf85d3379bb2fef6a1e6ceb35d932966cb78e	Да се ожени.		0	4	fifties	male_masculine	Београдски		sr	
a32c3cce3ad76c8087dbc4b6f8550c60448dd97189d6b0a7feb15ca6ca0108523258f12f68be15f44aa58fea58dac1ab9793f6e63dad7e9842308e2f7a230327	common_voice_sr_36765591.mp3	066b7b3f7162699111deb13a4b4245401a59eb6a61d76344bf8f7461e667bf69	Тринаест тих закона је у међувремену донето.		2	4	fifties	male_masculine	Београдски		sr	
a32c3cce3ad76c8087dbc4b6f8550c60448dd97189d6b0a7feb15ca6ca0108523258f12f68be15f44aa58fea58dac1ab9793f6e63dad7e9842308e2f7a230327	common_voice_sr_36765812.mp3	1491fee368229ffd94abb077b3cacee4e665ec0f7d370c866f52f8fece303ca4	А престао би?		0	4	fifties	male_masculine	Београдски		sr	
a32c3cce3ad76c8087dbc4b6f8550c60448dd97189d6b0a7feb15ca6ca0108523258f12f68be15f44aa58fea58dac1ab9793f6e63dad7e9842308e2f7a230327	common_voice_sr_36767574.mp3	237913fce83c16f6374ad7d3fc9497019022f86e1c05e310bf4a1632729d5387	И да, знам.		0	4	fifties	male_masculine	Београдски		sr	
1e1226cadd1d60a76173f4a45f7e30cdf7e7f8a80726a4057281004b98e69541e680b3c56c75131aed22fc8cccf43f6156e59fb28ffe495881905a06968ace44	common_voice_sr_36771999.mp3	13aa9b588fa104ed97af73f9f4773147ca45900542e121d0c34ce93630c32d95	Разговарали смо о граници, о неким заједничким забринутостима...		1	2					sr	
c3156f5508c7986eeec9a346a4efbd2feb228afc465bf1f12ffa20242c0c9b9054477285e13908e3d8e25b12c879416fccb56c966b91f679d4745e1c2d833a3b	common_voice_sr_36772781.mp3	264d7bcf8493406ac56b9c9c35684e3d3c20d253a4b884e566aa08cd259d66b9	Што је сада?		1	2			Beogradski		sr	
cf794424e39ff6c1d973e815ab6d87e636b9cd679f883a740b88ee0d387ca55a37db69d600e9b8ed33e2bf8bdc0ebf9b1bf6190bcf1e052116fad6f655947897	common_voice_sr_36773186.mp3	b70921c20d13026a4bf300e6245559d04a2d32d9b46eaaf1a8f4487eb02099f2	Ви и др.		2	4	fifties	male_masculine	Beogradski		sr	
cf794424e39ff6c1d973e815ab6d87e636b9cd679f883a740b88ee0d387ca55a37db69d600e9b8ed33e2bf8bdc0ebf9b1bf6190bcf1e052116fad6f655947897	common_voice_sr_36774332.mp3	31335fbe21b1800bd974afd4037b8ac9ae6a8fe0b404bb01149dc22658904e72	Ја сам све то.		0	4	fifties	male_masculine	Beogradski		sr	
cf794424e39ff6c1d973e815ab6d87e636b9cd679f883a740b88ee0d387ca55a37db69d600e9b8ed33e2bf8bdc0ebf9b1bf6190bcf1e052116fad6f655947897	common_voice_sr_36774450.mp3	0cc7c96f17d0b3f2b1abbe9c07b337c17d4a382550e4c543353ad7ddeb9874ce	Ето, то ме је, углавном, руководило када сам сео да пишем ову књигу.		0	4	fifties	male_masculine	Beogradski		sr	
cf794424e39ff6c1d973e815ab6d87e636b9cd679f883a740b88ee0d387ca55a37db69d600e9b8ed33e2bf8bdc0ebf9b1bf6190bcf1e052116fad6f655947897	common_voice_sr_36774583.mp3	2760fbd76b090252ac2d1c4cd2fedc6d74c0dc6c10d8ade2c38bc77cf5441a3b	Како се ради?		2	4	fifties	male_masculine	Beogradski		sr	
ac98532be7970319232b0a06280637927080db4c6d3473c5554702e3980a1cd08b520c394ed812a31dc4340f000a715390cd6267e47c51736b70176c35689663	common_voice_sr_36793226.mp3	1329e168a898122bf888dab357e467eeedd87443ff54c5618edd0ac459088ca7	Не, које је?		1	2	fourties	male_masculine			sr	
ac98532be7970319232b0a06280637927080db4c6d3473c5554702e3980a1cd08b520c394ed812a31dc4340f000a715390cd6267e47c51736b70176c35689663	common_voice_sr_36793454.mp3	fba6b1cccc4ad86d0e43a5d6bda53617793a5a597ac2edeb5fe9315e7c3ade37	А ако је он?		1	2	fourties	male_masculine			sr	
0c7bcf5ef8fd905491d6ebba1aad24ff40a2ac5c6652d109d70497b11d5f5393683c7ea1aee76a94ce603b474345f51db6028858d0f221adc533dea751f09fc4	common_voice_sr_36838836.mp3	3d44888af131c8cefb9c57c0a75e9e6c8a7821b26a6e0aa1b719ae0ddcaa7333	Да, сам сам.		0	4			Vojvođanski		sr	
0c7bcf5ef8fd905491d6ebba1aad24ff40a2ac5c6652d109d70497b11d5f5393683c7ea1aee76a94ce603b474345f51db6028858d0f221adc533dea751f09fc4	common_voice_sr_36838916.mp3	3566154cae9dcf36b342b64cf8a27b686b17a8939313315c23889464d53de358	Била два дечка, Сима и Ненад.		0	4	twenties	female_feminine	Vojvođanski		sr	
193a4bf0eec6953f743a97e40ecdcd7a086c140eb75852ed418a52b3dc89fdea30ed9be3f0240c98613416cc2e892e33111d4c84fcd0c2a8ea7c4975d6c001a3	common_voice_sr_36934872.mp3	a5f5af60896f8ab0801a8ef20ab5296267aaacfbcc083268e8dd25c7aa875ee8	Средства ће бити намењена пројектима за развој.		0	6	thirties	male_masculine	Bijeljinski|Bosanski		sr	
b567185fcad311105e9b65bde27bdec6ce704b688ff26d825291213365cf8e3f9155c3379c0b98422c29544a02036084bba2b39a4febd81d589392220033949f	common_voice_sr_36946672.mp3	343110657a16f6ccfb73c39c9fb5a267c3874c4704e753c45a17e8141eec8c71	Суфи живи сиромашно, у самоодрицању и апстиненцији.		0	2					sr	
b567185fcad311105e9b65bde27bdec6ce704b688ff26d825291213365cf8e3f9155c3379c0b98422c29544a02036084bba2b39a4febd81d589392220033949f	common_voice_sr_36946725.mp3	47881f084f85c292196eef88aa3600e37cbe0c701a4290d7e220b4551412a242	Да, није био.		0	2					sr	
b567185fcad311105e9b65bde27bdec6ce704b688ff26d825291213365cf8e3f9155c3379c0b98422c29544a02036084bba2b39a4febd81d589392220033949f	common_voice_sr_36946768.mp3	d61b27d437b62a5b9de10326adc22565eec2dae240ed54eac73c576f7f7cc3f2	То је неуобичајени аранжман за неуобичајену ситуацију.		0	2					sr	
b567185fcad311105e9b65bde27bdec6ce704b688ff26d825291213365cf8e3f9155c3379c0b98422c29544a02036084bba2b39a4febd81d589392220033949f	common_voice_sr_36946850.mp3	1872ecaffb7959c9aa514fec0aa91c550c4aa4b4ebdad17e8d52c1eff288f362	Ма знам то.		0	2					sr	
b567185fcad311105e9b65bde27bdec6ce704b688ff26d825291213365cf8e3f9155c3379c0b98422c29544a02036084bba2b39a4febd81d589392220033949f	common_voice_sr_36946985.mp3	1c12e57302337feff1a06066dce1b2896a400cc16b6d24597383317997767474	Није ни њему лако.		0	2					sr	
b567185fcad311105e9b65bde27bdec6ce704b688ff26d825291213365cf8e3f9155c3379c0b98422c29544a02036084bba2b39a4febd81d589392220033949f	common_voice_sr_36946990.mp3	25ad1dbf3871b6d1e8666f71fee5273504e903a91414c2d3569c9402a0c3f16f	Нјегова иницијатива наишла је на добар пријем.		0	2					sr	
b567185fcad311105e9b65bde27bdec6ce704b688ff26d825291213365cf8e3f9155c3379c0b98422c29544a02036084bba2b39a4febd81d589392220033949f	common_voice_sr_36946999.mp3	40157f0e3cf88b41c6ff95ed99930dd62705377ba4e081ff4544595f15400ca3	А каква је?		0	2					sr	
b567185fcad311105e9b65bde27bdec6ce704b688ff26d825291213365cf8e3f9155c3379c0b98422c29544a02036084bba2b39a4febd81d589392220033949f	common_voice_sr_36947008.mp3	49250ce32d1e0911203e1c1ccedb32b2dc7256dfdfad7fbe5dad4d6bf94aa149	И, био је.		0	2					sr	
b567185fcad311105e9b65bde27bdec6ce704b688ff26d825291213365cf8e3f9155c3379c0b98422c29544a02036084bba2b39a4febd81d589392220033949f	common_voice_sr_36947049.mp3	42b66a1247fd55e46c364b8512f32f943ebb735a35a39e3ffec8b5fa5eaca064	Што је сад!		0	2					sr	
8ac818c75bdfe32558921ff326d014bd33793d73411f15f3b26275036985b705c7b264622e724752fc35a6ae6d4eaec87bc67e126c936761d16d2ea6c9c0b980	common_voice_sr_36950015.mp3	d2fdd33f03caf46f9b249ad64e15590601f644c697023fe9aa0474502548e687	Српске и међународне власти осудиле су инцидент.		1	2	fifties	female_feminine	Klasičan		sr	
8ac818c75bdfe32558921ff326d014bd33793d73411f15f3b26275036985b705c7b264622e724752fc35a6ae6d4eaec87bc67e126c936761d16d2ea6c9c0b980	common_voice_sr_36950110.mp3	54bd42d4e5e893ed184fe78728eb708a0e8cd1e47aaab488c520084ff31ffd9d	О, о, о.		0	2	fifties	female_feminine	Klasičan		sr	
8ac818c75bdfe32558921ff326d014bd33793d73411f15f3b26275036985b705c7b264622e724752fc35a6ae6d4eaec87bc67e126c936761d16d2ea6c9c0b980	common_voice_sr_36950177.mp3	5725a43b13b0cb9ff17d4242b18d73d31173619c74f22b28b36f0f619f093f26	И ми смо!		0	2	fifties	female_feminine	Klasičan		sr	
8871c9cc7b2845c3c9ada3fdcbe4570d946355312046c894c0c6f670d208fae86b5f1d5e60b633d0775a00f9eca4a3a58459d17e0e88287831f94082f6b4d543	common_voice_sr_36950555.mp3	515ccb476485c750a574367ed0bcd24bdb7090350750d4a4f6fb66f0402f45be	Одох да видим.		2	4	twenties	male_masculine	Južnjački		sr	
8871c9cc7b2845c3c9ada3fdcbe4570d946355312046c894c0c6f670d208fae86b5f1d5e60b633d0775a00f9eca4a3a58459d17e0e88287831f94082f6b4d543	common_voice_sr_36950560.mp3	4e81d2e48695532d42281517dcddbd20a1bc8423797f27c9f2fb4ff7b71c2a49	Све остало остаје мистерија.		0	4	twenties	male_masculine	Južnjački		sr	
8871c9cc7b2845c3c9ada3fdcbe4570d946355312046c894c0c6f670d208fae86b5f1d5e60b633d0775a00f9eca4a3a58459d17e0e88287831f94082f6b4d543	common_voice_sr_36950584.mp3	6499d61a8fed7b5836047589b9f5e890bfd63c5a3e36f6ce6d12ae759ed71245	Земља наша има дакле врло дуготрајну историју		0	4	twenties	male_masculine	Južnjački		sr	
8871c9cc7b2845c3c9ada3fdcbe4570d946355312046c894c0c6f670d208fae86b5f1d5e60b633d0775a00f9eca4a3a58459d17e0e88287831f94082f6b4d543	common_voice_sr_36950645.mp3	29f316707e58dc1574a83ad61a9231a5552e1617bdfcfe8ae5b18a62db73a0cb	Највише ми смета проблем са мењачем.		0	4	twenties	male_masculine	Južnjački		sr	
8871c9cc7b2845c3c9ada3fdcbe4570d946355312046c894c0c6f670d208fae86b5f1d5e60b633d0775a00f9eca4a3a58459d17e0e88287831f94082f6b4d543	common_voice_sr_36950753.mp3	69b93f076d4298e76d3a7aec023e4356f7415f74d67679eb1ac1e0cca119d823	А овај не.		2	4	twenties	male_masculine	Južnjački		sr	
8871c9cc7b2845c3c9ada3fdcbe4570d946355312046c894c0c6f670d208fae86b5f1d5e60b633d0775a00f9eca4a3a58459d17e0e88287831f94082f6b4d543	common_voice_sr_36951799.mp3	0d456d2fb66ab4b2980d1679232957f1fc29706ba74a57307e8f6dec9feb3545	И какви су?		2	4	twenties	male_masculine	Južnjački		sr	
8871c9cc7b2845c3c9ada3fdcbe4570d946355312046c894c0c6f670d208fae86b5f1d5e60b633d0775a00f9eca4a3a58459d17e0e88287831f94082f6b4d543	common_voice_sr_36951837.mp3	6d446114a970cc58c7b7712c40bd20ad89e5d84c01ca6312916a2a96a4951154	Да знам зашто.		0	4	twenties	male_masculine	Južnjački		sr	
036a0e8929078be6d6230ef3f8a183add574ce7570d5770859a1f1e7a48845e8be28ccf4889ba17774605e502331790db49d090e2a7699c40aa36dff8ca94f47	common_voice_sr_36952572.mp3	5483c80bb54cb19341172a0710df8a7ea4296a3c66a7bc565480dbf6da0b1be5	Не још, нису.		1	2					sr	
036a0e8929078be6d6230ef3f8a183add574ce7570d5770859a1f1e7a48845e8be28ccf4889ba17774605e502331790db49d090e2a7699c40aa36dff8ca94f47	common_voice_sr_36952573.mp3	6ed920cd9127b7d6b23e462bf9a770afeccc11754725a6b587fafcf335d0a8d6	Не у истом.		0	2					sr	
036a0e8929078be6d6230ef3f8a183add574ce7570d5770859a1f1e7a48845e8be28ccf4889ba17774605e502331790db49d090e2a7699c40aa36dff8ca94f47	common_voice_sr_36952574.mp3	676373da5298a0aad4a420e6157c0a4525706bf53f95fb391f9bb017224b9527	Предстоји нам посао...		1	2					sr	
193a4bf0eec6953f743a97e40ecdcd7a086c140eb75852ed418a52b3dc89fdea30ed9be3f0240c98613416cc2e892e33111d4c84fcd0c2a8ea7c4975d6c001a3	common_voice_sr_36994263.mp3	6e99249dd8394dd0f2645c3afce99459320fbb5ca1639f4453f40a23b6895903	И од мене?		3	6	thirties	male_masculine	Bijeljinski|Bosanski		sr	
26fc545031e09ce7288f1f1edb78dcd7b211fce56ba434c80aa0754cd7c8e61700b285a9507933eed25e0dc8bdacfa76583d52614c9227c59ffda965e0d1db64	common_voice_sr_37172282.mp3	5690a9ddbc616032102436c10b588b21578ce3e6c13716ec0d5ffabf0c096c4c	Што је у овом?		1	2			Crnogorski 		sr	
5080033f9e64a8252de4341de1f9632e873d132e38fec3bdc7b2b79489b77224dcd0f72ba5d02bfe6017fc79acfbc5ac56520f4183616143e3b0a75c6b46072e	common_voice_sr_37172283.mp3	706e73a1895e16a050bfc8e25ce705162f9f96416a16a6e7d95e4ef01619a79d	Црно на бело.		0	2					sr	
193a4bf0eec6953f743a97e40ecdcd7a086c140eb75852ed418a52b3dc89fdea30ed9be3f0240c98613416cc2e892e33111d4c84fcd0c2a8ea7c4975d6c001a3	common_voice_sr_37517906.mp3	4ac22c5525a89fc1d162e0fca0f2a055ba6c84f2823dcb546e78891887f8cdc6	Али пуно се тога променило.		3	6	thirties	male_masculine	Bijeljinski|Bosanski		sr	
193a4bf0eec6953f743a97e40ecdcd7a086c140eb75852ed418a52b3dc89fdea30ed9be3f0240c98613416cc2e892e33111d4c84fcd0c2a8ea7c4975d6c001a3	common_voice_sr_37523053.mp3	604cb3bac6241642d01023e13df7a6063e14a2e8cfc7fd1308cde07facaef930	Тада се све променило.		3	6	thirties	male_masculine	Bijeljinski|Bosanski		sr	
193a4bf0eec6953f743a97e40ecdcd7a086c140eb75852ed418a52b3dc89fdea30ed9be3f0240c98613416cc2e892e33111d4c84fcd0c2a8ea7c4975d6c001a3	common_voice_sr_37523121.mp3	6eb6e2f02f686242b78ca7f9232772bdf9a92155782a273e4297fea65307867c	Сада ће фокус бити на пољопривреди.		3	3	thirties	male_masculine	Bijeljinski|Bosanski		sr	
193a4bf0eec6953f743a97e40ecdcd7a086c140eb75852ed418a52b3dc89fdea30ed9be3f0240c98613416cc2e892e33111d4c84fcd0c2a8ea7c4975d6c001a3	common_voice_sr_37523145.mp3	c974e84507ca83e8a33b625e8b8dda160d0fbca33007d7cf29e71b85d512e646	Убијени су тројица њих и три полицајца.		3	6	thirties	male_masculine	Bijeljinski|Bosanski		sr	
ea657e7a534c7a7a5ebf66716e79d335bf927631ce7d48e52fbc5756a526535de377cb0fdb8765c670dd97be827018cbbb8ffb38e13355bfff0d78b6420ae531	common_voice_sr_37810621.mp3	6c3224c160392579e9287864c3a4ba17353fd012f2692a4b68fff702e96843e4	Што је била?		0	2			BLOKAŠKI		sr	
ea657e7a534c7a7a5ebf66716e79d335bf927631ce7d48e52fbc5756a526535de377cb0fdb8765c670dd97be827018cbbb8ffb38e13355bfff0d78b6420ae531	common_voice_sr_37810622.mp3	754e0c24eafcbd2768fbb86760e517ba888b42144ac654b30580f66fd5a0b53e	У сваком народу има лопова, криминалаца и убица.		0	2			BLOKAŠKI		sr	
ea657e7a534c7a7a5ebf66716e79d335bf927631ce7d48e52fbc5756a526535de377cb0fdb8765c670dd97be827018cbbb8ffb38e13355bfff0d78b6420ae531	common_voice_sr_37810623.mp3	648bde3804af926d25fa58fc9f8b34d171275ac9d8a5c0ed60902e27107b6e39	Петина загребачке гасне мреже мора бити замијењена.		0	2			BLOKAŠKI		sr	
ea657e7a534c7a7a5ebf66716e79d335bf927631ce7d48e52fbc5756a526535de377cb0fdb8765c670dd97be827018cbbb8ffb38e13355bfff0d78b6420ae531	common_voice_sr_37810624.mp3	6f951d1820488ab7b4c14476793d5dd8e564ce841b303cf88668898fbc69b7d3	Био је он?		0	2			BLOKAŠKI		sr	
ea657e7a534c7a7a5ebf66716e79d335bf927631ce7d48e52fbc5756a526535de377cb0fdb8765c670dd97be827018cbbb8ffb38e13355bfff0d78b6420ae531	common_voice_sr_37810625.mp3	943d4e94891bfc4c5ed006d38de67c583c96d7732d21de3d45c76f784edbffcb	Многим жртвама пријетило се насиљем, па чак и смрћу.		0	2			BLOKAŠKI		sr	
d1b6dfc74a44dd43a49083d4c7bdb905065a85a6252ffa93f7e3dd9524950932294b24adef1f6fcd89b346960e56a0efae68a392358fbc968531823129d7f682	common_voice_sr_37810626.mp3	06b0c60f55ec42aa885aee629e54f3a8b765ceb03461b62f52be524fd42691b5	Колико ћемо брзо ићи напријед зависи од нас самих.		0	2					sr	
d1b6dfc74a44dd43a49083d4c7bdb905065a85a6252ffa93f7e3dd9524950932294b24adef1f6fcd89b346960e56a0efae68a392358fbc968531823129d7f682	common_voice_sr_37810627.mp3	3448e07dd07c8fed6887f667dee6545509c2a2fae5f98f32ca1297e322ff689e	Написао сам књигу прелијепим рукописом.		0	2					sr	
d1b6dfc74a44dd43a49083d4c7bdb905065a85a6252ffa93f7e3dd9524950932294b24adef1f6fcd89b346960e56a0efae68a392358fbc968531823129d7f682	common_voice_sr_37810628.mp3	71a71b93461a0b9d0dfc25fe8e7de2940e5ce59bcba0c1ca43fb3f7bf0c1badb	Не би ти.		0	2					sr	
d1b6dfc74a44dd43a49083d4c7bdb905065a85a6252ffa93f7e3dd9524950932294b24adef1f6fcd89b346960e56a0efae68a392358fbc968531823129d7f682	common_voice_sr_37810629.mp3	3d53f6890d81c5febabc6f72cbcaf8fa2376b49724b7695f8b52e0db385779f7	Ти не можеш!		0	2					sr	
d1b6dfc74a44dd43a49083d4c7bdb905065a85a6252ffa93f7e3dd9524950932294b24adef1f6fcd89b346960e56a0efae68a392358fbc968531823129d7f682	common_voice_sr_37810630.mp3	5cd4d2ac3d27200ee70bb222697f02e296be2f0913be893ef4ce43b76edd7126	Не у ово доба.		0	2					sr	
d1b6dfc74a44dd43a49083d4c7bdb905065a85a6252ffa93f7e3dd9524950932294b24adef1f6fcd89b346960e56a0efae68a392358fbc968531823129d7f682	common_voice_sr_37810631.mp3	c82f2fb848610806870c17e3fd7af6a13f1173dbaae1878a9d7d24ebcec77c34	Тужни снимак: цијена коју је платила једна породица		0	2					sr	
d1b6dfc74a44dd43a49083d4c7bdb905065a85a6252ffa93f7e3dd9524950932294b24adef1f6fcd89b346960e56a0efae68a392358fbc968531823129d7f682	common_voice_sr_37810632.mp3	6c4a553cf8bac6f0c5a4f1342ecb15ea275406a862d29dc688a13104e02bb10c	Биле су велике.		1	2					sr	
d1b6dfc74a44dd43a49083d4c7bdb905065a85a6252ffa93f7e3dd9524950932294b24adef1f6fcd89b346960e56a0efae68a392358fbc968531823129d7f682	common_voice_sr_37810633.mp3	c847c38443c6eabe210f895380c63084d7da9d87a4a774b9b09b40443203647a	"То је наш принципијелни став," рекао је он.		0	2					sr	
d1b6dfc74a44dd43a49083d4c7bdb905065a85a6252ffa93f7e3dd9524950932294b24adef1f6fcd89b346960e56a0efae68a392358fbc968531823129d7f682	common_voice_sr_37810634.mp3	6991546abcefd68afb1a94cbc469ca87461a2a8cc0d53d7fab332f14d6529ade	Хајде спреми се.		1	2					sr	
d1b6dfc74a44dd43a49083d4c7bdb905065a85a6252ffa93f7e3dd9524950932294b24adef1f6fcd89b346960e56a0efae68a392358fbc968531823129d7f682	common_voice_sr_37810635.mp3	c4f4209d138a9f712be237333b7e88f39326203e974a8af7b6dfd237e8458e25	"Кад пропадну преговори, слиједи штрајк.		0	2					sr	
d1b6dfc74a44dd43a49083d4c7bdb905065a85a6252ffa93f7e3dd9524950932294b24adef1f6fcd89b346960e56a0efae68a392358fbc968531823129d7f682	common_voice_sr_37810636.mp3	71ddc314fddad14233c0eda5701d2ab20801c9f0cd26d70be4f146ea133d9b6e	Лепо јој стоји.		0	2					sr	
d1b6dfc74a44dd43a49083d4c7bdb905065a85a6252ffa93f7e3dd9524950932294b24adef1f6fcd89b346960e56a0efae68a392358fbc968531823129d7f682	common_voice_sr_37810637.mp3	775ba02b421606cc4aa04ec9080e7b96be16ef521afffb5607df2b69f072008d	Било је три.		0	2					sr	
d1b6dfc74a44dd43a49083d4c7bdb905065a85a6252ffa93f7e3dd9524950932294b24adef1f6fcd89b346960e56a0efae68a392358fbc968531823129d7f682	common_voice_sr_37810638.mp3	682c5c109a0075a35a1aa8e8bc67d6e1062f94367dc22c10822657a2881a8f5c	И ја с вама.		1	2					sr	
d1b6dfc74a44dd43a49083d4c7bdb905065a85a6252ffa93f7e3dd9524950932294b24adef1f6fcd89b346960e56a0efae68a392358fbc968531823129d7f682	common_voice_sr_37810639.mp3	1d95afb6b9adef2abb709b181384a36c642910a88510161a51db8df3c6647c51	Они су у склопу тренда постојећег широм свијета.		0	2					sr	
d1b6dfc74a44dd43a49083d4c7bdb905065a85a6252ffa93f7e3dd9524950932294b24adef1f6fcd89b346960e56a0efae68a392358fbc968531823129d7f682	common_voice_sr_37810640.mp3	5e3269cfa43b42791f12ff37579e40b29e48a6f304231eccbe477e2bd8e6ea81	Пећине су празне или су више или мање испуњене.		0	2					sr	
d1b6dfc74a44dd43a49083d4c7bdb905065a85a6252ffa93f7e3dd9524950932294b24adef1f6fcd89b346960e56a0efae68a392358fbc968531823129d7f682	common_voice_sr_37810641.mp3	63c9963df6ad02d52e37b8148d33667a6028ac920323f73f92512552b4d575d6	Само је било.		0	2					sr	
d1b6dfc74a44dd43a49083d4c7bdb905065a85a6252ffa93f7e3dd9524950932294b24adef1f6fcd89b346960e56a0efae68a392358fbc968531823129d7f682	common_voice_sr_37810642.mp3	5e58cd54b660d311e45bba00ba4acd814b269770467993ce920d82657773e197	Грчка нема много искуства са фундаменталистичким тероризмом.		0	2					sr	
d1b6dfc74a44dd43a49083d4c7bdb905065a85a6252ffa93f7e3dd9524950932294b24adef1f6fcd89b346960e56a0efae68a392358fbc968531823129d7f682	common_voice_sr_37810643.mp3	6f7f2e6d04d30016324e32d9e4882ba074fa5ec6133cea4c264b67225436d0e9	Цијеле заједнице и даље су правно невидљиве.		0	2					sr	
d1b6dfc74a44dd43a49083d4c7bdb905065a85a6252ffa93f7e3dd9524950932294b24adef1f6fcd89b346960e56a0efae68a392358fbc968531823129d7f682	common_voice_sr_37810644.mp3	76b172c26f90682ca95f67ea1f4c1004457549dc8840124c4064e5cad4404699	Не, а ти?		0	2					sr	
d1b6dfc74a44dd43a49083d4c7bdb905065a85a6252ffa93f7e3dd9524950932294b24adef1f6fcd89b346960e56a0efae68a392358fbc968531823129d7f682	common_voice_sr_37810645.mp3	56221b2ee85299a3f669a214bb77c39f0c999848ae0c7ec566b4e74afcf5315a	Они су ту.		0	2					sr	
d1b6dfc74a44dd43a49083d4c7bdb905065a85a6252ffa93f7e3dd9524950932294b24adef1f6fcd89b346960e56a0efae68a392358fbc968531823129d7f682	common_voice_sr_37810646.mp3	40fee3dc6738e5d84307ad278774194b4f5fdd43184ac939e18dafb9acfa9b40	Његово убиство је још увијек неријешено.		0	2					sr	
d1b6dfc74a44dd43a49083d4c7bdb905065a85a6252ffa93f7e3dd9524950932294b24adef1f6fcd89b346960e56a0efae68a392358fbc968531823129d7f682	common_voice_sr_37810647.mp3	02d0498304a99bfd468ac891781ae4b28a149fcc4a5c2d261ca6b1b9fb39a6b1	Македонија примијенила нови систем за сигурост хране		0	2					sr	
d1b6dfc74a44dd43a49083d4c7bdb905065a85a6252ffa93f7e3dd9524950932294b24adef1f6fcd89b346960e56a0efae68a392358fbc968531823129d7f682	common_voice_sr_37810648.mp3	4f214a61af7c21713f7a0b93a166496db2ee64b8da3671850fd1a9fadc2b028b	И моје дете.		0	2					sr	
d1b6dfc74a44dd43a49083d4c7bdb905065a85a6252ffa93f7e3dd9524950932294b24adef1f6fcd89b346960e56a0efae68a392358fbc968531823129d7f682	common_voice_sr_37810649.mp3	70594c0e434ad6c0eafc87e667e20064140fc1a5b61be941fc5a38523a9f6a12	Нема оправдања за убијање невиних људи.		0	2					sr	
d1b6dfc74a44dd43a49083d4c7bdb905065a85a6252ffa93f7e3dd9524950932294b24adef1f6fcd89b346960e56a0efae68a392358fbc968531823129d7f682	common_voice_sr_37810650.mp3	5f87650112d2356d299f2f9e8d7390c9138c32d40fbf87f5b6270d8ee2921b05	Да је жив?		0	2					sr	
d1b6dfc74a44dd43a49083d4c7bdb905065a85a6252ffa93f7e3dd9524950932294b24adef1f6fcd89b346960e56a0efae68a392358fbc968531823129d7f682	common_voice_sr_37810651.mp3	7557c2ae41b1abf7a5c5d7b14112bda368d693e9c618a087afe10ce18a3c62a7	Био је у бекству око две недеље.		0	2					sr	
d1b6dfc74a44dd43a49083d4c7bdb905065a85a6252ffa93f7e3dd9524950932294b24adef1f6fcd89b346960e56a0efae68a392358fbc968531823129d7f682	common_voice_sr_37810652.mp3	655174d09b373f9c8058560ea3d43a101309dd043611a9aeb148c26ec08db454	"Ја ћу захтијевати конкретне мјере," рекао је он.		0	2					sr	
d1b6dfc74a44dd43a49083d4c7bdb905065a85a6252ffa93f7e3dd9524950932294b24adef1f6fcd89b346960e56a0efae68a392358fbc968531823129d7f682	common_voice_sr_37810653.mp3	d732393e90557786c68c3544f845d81a87d1d68d345351874553015dcc559934	Турска промијенила став по питању либијске кризе		0	2					sr	
d1b6dfc74a44dd43a49083d4c7bdb905065a85a6252ffa93f7e3dd9524950932294b24adef1f6fcd89b346960e56a0efae68a392358fbc968531823129d7f682	common_voice_sr_37810654.mp3	74b8fc04c672cdfcd65284507f38ec6f4a533e77709c77f7d03b5e5953f33a93	Једна од њих?		0	2					sr	
d1b6dfc74a44dd43a49083d4c7bdb905065a85a6252ffa93f7e3dd9524950932294b24adef1f6fcd89b346960e56a0efae68a392358fbc968531823129d7f682	common_voice_sr_37810655.mp3	77c3e727df8891aad4993d40a5b893c3e76d71b221694ffdeb02cb8d92875f5a	Донеси ми је.		0	2					sr	
d1b6dfc74a44dd43a49083d4c7bdb905065a85a6252ffa93f7e3dd9524950932294b24adef1f6fcd89b346960e56a0efae68a392358fbc968531823129d7f682	common_voice_sr_37810656.mp3	958a01515712fc823ba7fcfe3cf05b417d4f07ac908ed6ff7765716e77e1b475	Удруживање банака биће завршено у августу.		1	2					sr	
d1b6dfc74a44dd43a49083d4c7bdb905065a85a6252ffa93f7e3dd9524950932294b24adef1f6fcd89b346960e56a0efae68a392358fbc968531823129d7f682	common_voice_sr_37810657.mp3	09d249209168ee9978562c658f793e6ff94f32c7cd2115cc1b5bb8a6b4deecad	Бугарска филмска индустрија храбро граби напријед		0	2					sr	
d1b6dfc74a44dd43a49083d4c7bdb905065a85a6252ffa93f7e3dd9524950932294b24adef1f6fcd89b346960e56a0efae68a392358fbc968531823129d7f682	common_voice_sr_37810658.mp3	76560acecd8e5449d3e27c2125490e17cdb7ff890ed54171b5159a6787d5d708	Могу да поднесем!		0	2					sr	
d1b6dfc74a44dd43a49083d4c7bdb905065a85a6252ffa93f7e3dd9524950932294b24adef1f6fcd89b346960e56a0efae68a392358fbc968531823129d7f682	common_voice_sr_37810659.mp3	f688a781e88c63a31a536743257116e33e65e33dfa281995e9469f8f8b622c12	Прекобројност особља је један неријешени проблем.		0	2					sr	
d1b6dfc74a44dd43a49083d4c7bdb905065a85a6252ffa93f7e3dd9524950932294b24adef1f6fcd89b346960e56a0efae68a392358fbc968531823129d7f682	common_voice_sr_37810660.mp3	616c0695f9fd502019552c1850399ef94c9b72d63b6447df7dd222c4d59e8758	Исто правило вриједи и за правосудни систем.		0	2					sr	
d1b6dfc74a44dd43a49083d4c7bdb905065a85a6252ffa93f7e3dd9524950932294b24adef1f6fcd89b346960e56a0efae68a392358fbc968531823129d7f682	common_voice_sr_37810666.mp3	35372245f12cb3892045238b697b7de4dc7cc7113f16d0833151d6640c559771	Он подржава одлуку о сазивању пријевремених избора.		0	2					sr	
d1b6dfc74a44dd43a49083d4c7bdb905065a85a6252ffa93f7e3dd9524950932294b24adef1f6fcd89b346960e56a0efae68a392358fbc968531823129d7f682	common_voice_sr_37810667.mp3	6e51f3ba50cfc0fcd254fe588ad017e1af35f0dfff4d161a370effa59bd4c6e3	Астибо је некада запосљавао четири хиљаде људи.		0	2					sr	
d1b6dfc74a44dd43a49083d4c7bdb905065a85a6252ffa93f7e3dd9524950932294b24adef1f6fcd89b346960e56a0efae68a392358fbc968531823129d7f682	common_voice_sr_37810669.mp3	16c0a5ad4d1c1c9750257d8a0e8412c26a72d8d7022b6730512a1477dacc8de8	Прва је била да се распрода цијели стадион.		0	2					sr	
d1b6dfc74a44dd43a49083d4c7bdb905065a85a6252ffa93f7e3dd9524950932294b24adef1f6fcd89b346960e56a0efae68a392358fbc968531823129d7f682	common_voice_sr_37810670.mp3	697a49515838663266aa9ab2864371a56339e8b5cf7f269c7c68276aad11b7f7	Или не би.		0	2					sr	
d1b6dfc74a44dd43a49083d4c7bdb905065a85a6252ffa93f7e3dd9524950932294b24adef1f6fcd89b346960e56a0efae68a392358fbc968531823129d7f682	common_voice_sr_37810676.mp3	4c2be0a0fb045b416cd234331d4ce2af7d311acc0d329d0080286ba0ce24cfb5	Никад неће бити могуће подијелити један пехар.		0	2					sr	
d1b6dfc74a44dd43a49083d4c7bdb905065a85a6252ffa93f7e3dd9524950932294b24adef1f6fcd89b346960e56a0efae68a392358fbc968531823129d7f682	common_voice_sr_37810677.mp3	5fccd717e7125f259d441152e5ff2401548e1424131c57091377b81864549fba	Довели смо га.		0	2					sr	
d1b6dfc74a44dd43a49083d4c7bdb905065a85a6252ffa93f7e3dd9524950932294b24adef1f6fcd89b346960e56a0efae68a392358fbc968531823129d7f682	common_voice_sr_37810678.mp3	6f5cd68088dc274de3908be9ce9dcf0f65111d55089e834fbc014b606bab91d1	Зашто не можеш.		0	2					sr	
d1b6dfc74a44dd43a49083d4c7bdb905065a85a6252ffa93f7e3dd9524950932294b24adef1f6fcd89b346960e56a0efae68a392358fbc968531823129d7f682	common_voice_sr_37810679.mp3	489175d16cd35a762d0f277fa85a69212dc2e229714b74309014ea08bfd4af52	Видиш како је.		0	2					sr	
d1b6dfc74a44dd43a49083d4c7bdb905065a85a6252ffa93f7e3dd9524950932294b24adef1f6fcd89b346960e56a0efae68a392358fbc968531823129d7f682	common_voice_sr_37810680.mp3	72c63a85e92c73232a8e96a38da1a6972b9c7b50ea4aae5f47746621dad59331	Живот није могао бити бољи.		0	2					sr	
d1b6dfc74a44dd43a49083d4c7bdb905065a85a6252ffa93f7e3dd9524950932294b24adef1f6fcd89b346960e56a0efae68a392358fbc968531823129d7f682	common_voice_sr_37810686.mp3	7536ff332bbac95f26fd83548051214cad6ea2b0d797a2bffcabb178c2453862	А, ту су.		0	2					sr	
d1b6dfc74a44dd43a49083d4c7bdb905065a85a6252ffa93f7e3dd9524950932294b24adef1f6fcd89b346960e56a0efae68a392358fbc968531823129d7f682	common_voice_sr_37810687.mp3	799723bf648321cfe052712755fbcc902b64281ecc679e60a783602f6b3253e8	Шта даље?		0	2					sr	
d1b6dfc74a44dd43a49083d4c7bdb905065a85a6252ffa93f7e3dd9524950932294b24adef1f6fcd89b346960e56a0efae68a392358fbc968531823129d7f682	common_voice_sr_37810688.mp3	49604015e455d6480d90e234e07f05d6fb417c890906d70864bb8885dc67eb4c	У петак, бивши премијер обратио се парламенту.		0	2					sr	
d1b6dfc74a44dd43a49083d4c7bdb905065a85a6252ffa93f7e3dd9524950932294b24adef1f6fcd89b346960e56a0efae68a392358fbc968531823129d7f682	common_voice_sr_37810689.mp3	f9db5a5ad736aa4458a7c1ad1ddb9947fb960f28d2a7f48a2598ce0b2e75ec23	Циљ је да се унаприједи владавина права за све.		0	2					sr	
d1b6dfc74a44dd43a49083d4c7bdb905065a85a6252ffa93f7e3dd9524950932294b24adef1f6fcd89b346960e56a0efae68a392358fbc968531823129d7f682	common_voice_sr_37810690.mp3	70191a98876f3313344e090c1f0a66f1cac0df2a88d136a40a583a3da1ca14b2	Како сам издржао?		0	2					sr	
d1b6dfc74a44dd43a49083d4c7bdb905065a85a6252ffa93f7e3dd9524950932294b24adef1f6fcd89b346960e56a0efae68a392358fbc968531823129d7f682	common_voice_sr_37810701.mp3	ca8b3c104b43593a339063eab86e979e2d156d7db15d36bccca275a078d82d48	Мислим да ће вријеме показати да то није тако.		0	2					sr	
d1b6dfc74a44dd43a49083d4c7bdb905065a85a6252ffa93f7e3dd9524950932294b24adef1f6fcd89b346960e56a0efae68a392358fbc968531823129d7f682	common_voice_sr_37810702.mp3	7039e63587adc88f31f20e1622cdb0ea9cf625cda6cab6180a4257b51988db7b	И остале ствари.		0	2					sr	
d1b6dfc74a44dd43a49083d4c7bdb905065a85a6252ffa93f7e3dd9524950932294b24adef1f6fcd89b346960e56a0efae68a392358fbc968531823129d7f682	common_voice_sr_37810703.mp3	6fe5cf691be0d5a2a25557de5e94ae7157c9b9ac636acb109b8a8308e5f127e8	Деведесет шест одсто становника земље су грчки православци.		0	2					sr	
d1b6dfc74a44dd43a49083d4c7bdb905065a85a6252ffa93f7e3dd9524950932294b24adef1f6fcd89b346960e56a0efae68a392358fbc968531823129d7f682	common_voice_sr_37810704.mp3	a166cc8e48503e1214e0c62042710fd297ed1549028a3ac3eaccd371cbf62068	Слоган је "Свако ромско дијете у школу".		0	2					sr	
d1b6dfc74a44dd43a49083d4c7bdb905065a85a6252ffa93f7e3dd9524950932294b24adef1f6fcd89b346960e56a0efae68a392358fbc968531823129d7f682	common_voice_sr_37810705.mp3	cd2576cbabab4bd1df3cafb68bf00b1a8ad1990c305c38d16b62028ad0c614fb	"Тај напор се мора цијенити," изјавила је она.		0	2					sr	
d1b6dfc74a44dd43a49083d4c7bdb905065a85a6252ffa93f7e3dd9524950932294b24adef1f6fcd89b346960e56a0efae68a392358fbc968531823129d7f682	common_voice_sr_37810706.mp3	5625146c2e9e1ca60bf7f1bae847c1aed84fefac6ed29f754010dcd82697f616	Док сам жива!		0	2					sr	
d1b6dfc74a44dd43a49083d4c7bdb905065a85a6252ffa93f7e3dd9524950932294b24adef1f6fcd89b346960e56a0efae68a392358fbc968531823129d7f682	common_voice_sr_37810707.mp3	3a6b72697ffe7095f4cab1fc76f975eeaad4728824a95a4176d18ded9cccd607	Је то истина?		0	2					sr	
d1b6dfc74a44dd43a49083d4c7bdb905065a85a6252ffa93f7e3dd9524950932294b24adef1f6fcd89b346960e56a0efae68a392358fbc968531823129d7f682	common_voice_sr_37810708.mp3	5135c9c022ce37eb595315f0a197a6ba161dae017f5f0798974a6264a333aae6	Сво то вријеме, посредници су тражили купце.		0	2					sr	
d1b6dfc74a44dd43a49083d4c7bdb905065a85a6252ffa93f7e3dd9524950932294b24adef1f6fcd89b346960e56a0efae68a392358fbc968531823129d7f682	common_voice_sr_37810709.mp3	5179e9d81c732838af27210db13968d808a8e667667591e75cd3408b2decee35	Логика није продати по било којој цијени.		0	2					sr	
d1b6dfc74a44dd43a49083d4c7bdb905065a85a6252ffa93f7e3dd9524950932294b24adef1f6fcd89b346960e56a0efae68a392358fbc968531823129d7f682	common_voice_sr_37810710.mp3	6575d20d9bf3990a4d49eaeaa4ebbaece6337bbedd5f3023953e24016ada7f7c	Свијет и регион реагирали на новости о хапшењу		0	2					sr	
d1b6dfc74a44dd43a49083d4c7bdb905065a85a6252ffa93f7e3dd9524950932294b24adef1f6fcd89b346960e56a0efae68a392358fbc968531823129d7f682	common_voice_sr_37810711.mp3	78f5dd2ca9ce8470b94002be6c77075d557f7225fb6fb17be8cb9e747de6fcef	Будућност ове земље зависи од њих.		0	2					sr	
d1b6dfc74a44dd43a49083d4c7bdb905065a85a6252ffa93f7e3dd9524950932294b24adef1f6fcd89b346960e56a0efae68a392358fbc968531823129d7f682	common_voice_sr_37810712.mp3	609a68360c39d35f5ae5ebd2c0e78899dbdbb6fa8284e0d88ae392f4f81f7e90	А зашто не можеш?		0	2					sr	
d1b6dfc74a44dd43a49083d4c7bdb905065a85a6252ffa93f7e3dd9524950932294b24adef1f6fcd89b346960e56a0efae68a392358fbc968531823129d7f682	common_voice_sr_37810713.mp3	71a2a19b44a238e3d60eac5096b0166bce998a061391bec251d9b227a7c45467	И, ко си ти?		0	2					sr	
d1b6dfc74a44dd43a49083d4c7bdb905065a85a6252ffa93f7e3dd9524950932294b24adef1f6fcd89b346960e56a0efae68a392358fbc968531823129d7f682	common_voice_sr_37810714.mp3	7536c49ce0002d9e7bd4ef43d90e641b8b72e5ae01933b59e4b691a7ea2a462a	А то није.		0	2					sr	
d1b6dfc74a44dd43a49083d4c7bdb905065a85a6252ffa93f7e3dd9524950932294b24adef1f6fcd89b346960e56a0efae68a392358fbc968531823129d7f682	common_voice_sr_37810715.mp3	7067c0151beaf5f494cb5b2990627c76f4d4f86999de44c70c927319f6bc2505	Ово је наш.		0	2					sr	
d1b6dfc74a44dd43a49083d4c7bdb905065a85a6252ffa93f7e3dd9524950932294b24adef1f6fcd89b346960e56a0efae68a392358fbc968531823129d7f682	common_voice_sr_37810716.mp3	274284152843c4cccac4f15fcc55c88930aa7bf07d56b78c9e0b4604eb07ef87	Исто правило вриједи и за замјенике министара.		0	2					sr	
d1b6dfc74a44dd43a49083d4c7bdb905065a85a6252ffa93f7e3dd9524950932294b24adef1f6fcd89b346960e56a0efae68a392358fbc968531823129d7f682	common_voice_sr_37810717.mp3	157a3dd6f7dbc69e6882199d36ae365b857dd759b60eaa0854ae7b71e40d51ed	Вријеме је од пресудне важности, назначио је он.		0	2					sr	
d1b6dfc74a44dd43a49083d4c7bdb905065a85a6252ffa93f7e3dd9524950932294b24adef1f6fcd89b346960e56a0efae68a392358fbc968531823129d7f682	common_voice_sr_37810718.mp3	78b891228b6f5d3202e11dc2d808fd8c3f1316f2aff9a99b3becc6e22c372af5	У њему је.		0	2					sr	
d1b6dfc74a44dd43a49083d4c7bdb905065a85a6252ffa93f7e3dd9524950932294b24adef1f6fcd89b346960e56a0efae68a392358fbc968531823129d7f682	common_voice_sr_37810719.mp3	212570ffe14c9a713876845039e647507981a3b003f2a14197d5c5548000f132	Како је што?		0	2					sr	
d1b6dfc74a44dd43a49083d4c7bdb905065a85a6252ffa93f7e3dd9524950932294b24adef1f6fcd89b346960e56a0efae68a392358fbc968531823129d7f682	common_voice_sr_37810720.mp3	7216d0f9cfe980e07cb217b1efa03ffe38e3a776c872925a081612a67a04338a	Не бих могла!		0	2					sr	
d1b6dfc74a44dd43a49083d4c7bdb905065a85a6252ffa93f7e3dd9524950932294b24adef1f6fcd89b346960e56a0efae68a392358fbc968531823129d7f682	common_voice_sr_37810721.mp3	f4dacc7177c482ea3a02221db957f8f227e331851bec0a9ecd41c5e563e76c0c	Она слиједи након врло пажљиве процјене на терену.		0	2					sr	
d1b6dfc74a44dd43a49083d4c7bdb905065a85a6252ffa93f7e3dd9524950932294b24adef1f6fcd89b346960e56a0efae68a392358fbc968531823129d7f682	common_voice_sr_37810722.mp3	3bdc0f32f4b7cb9efdb0ac918d08ed3b7eb05c9e5999e2c21d3ae9983bc3e37e	Румунски синдикати запријетили новим протестима		0	2					sr	
d1b6dfc74a44dd43a49083d4c7bdb905065a85a6252ffa93f7e3dd9524950932294b24adef1f6fcd89b346960e56a0efae68a392358fbc968531823129d7f682	common_voice_sr_37810723.mp3	7305f400ca0586c1bf4950bbc7d919ef98b2d7114e4c3b355e79b1376a4854fe	Па, добро, кад?		0	2					sr	
d1b6dfc74a44dd43a49083d4c7bdb905065a85a6252ffa93f7e3dd9524950932294b24adef1f6fcd89b346960e56a0efae68a392358fbc968531823129d7f682	common_voice_sr_37810724.mp3	77d6543c725211dd99cb716e3306f47cdb3a06cb76bd65cc55119c0b004d1eae	Ирци су изгубили тај случај.		0	2					sr	
d1b6dfc74a44dd43a49083d4c7bdb905065a85a6252ffa93f7e3dd9524950932294b24adef1f6fcd89b346960e56a0efae68a392358fbc968531823129d7f682	common_voice_sr_37810725.mp3	7711fab66768041bc14e241414e26f28877622e8d3e8b360f6987d2d2ac5d35f	Ти не можеш.		0	2					sr	
d1b6dfc74a44dd43a49083d4c7bdb905065a85a6252ffa93f7e3dd9524950932294b24adef1f6fcd89b346960e56a0efae68a392358fbc968531823129d7f682	common_voice_sr_37810726.mp3	740695c76b4c6cfba70a2759dd5341b10f82f4c379065bf20fd3e2d9a1662eb5	А, ви сте.		0	2					sr	
d1b6dfc74a44dd43a49083d4c7bdb905065a85a6252ffa93f7e3dd9524950932294b24adef1f6fcd89b346960e56a0efae68a392358fbc968531823129d7f682	common_voice_sr_37810727.mp3	7899fbffa5061f0b48ef25c6cc12da8949f0047b29125f8abe820315414dd4f3	Мало по мало?		0	2					sr	
d1b6dfc74a44dd43a49083d4c7bdb905065a85a6252ffa93f7e3dd9524950932294b24adef1f6fcd89b346960e56a0efae68a392358fbc968531823129d7f682	common_voice_sr_37810728.mp3	63a7c9d0a48346b16af83ce2a746102051889c3c895b15eab62b12e2733a0b32	О, да, је.		1	2					sr	
d1b6dfc74a44dd43a49083d4c7bdb905065a85a6252ffa93f7e3dd9524950932294b24adef1f6fcd89b346960e56a0efae68a392358fbc968531823129d7f682	common_voice_sr_37810729.mp3	7fb61ac9ff3581ae05846183a46b1e7042cb8769d7877c0f32a8f587e0d584e2	По тој цијени, верзија мора да је пиратска.		0	2					sr	
d1b6dfc74a44dd43a49083d4c7bdb905065a85a6252ffa93f7e3dd9524950932294b24adef1f6fcd89b346960e56a0efae68a392358fbc968531823129d7f682	common_voice_sr_37810730.mp3	3c668fe7e2646664567229f7796a516e39daa6bdee57ab31c9f202f45370ad72	То је пет.		0	2					sr	
d1b6dfc74a44dd43a49083d4c7bdb905065a85a6252ffa93f7e3dd9524950932294b24adef1f6fcd89b346960e56a0efae68a392358fbc968531823129d7f682	common_voice_sr_37810731.mp3	2b5239153a4e93e31454f8b1c995ced0ad75f50a3d556b9423215d0a786d5cc8	Улагачи купују посједе дуж цијеле обале.		0	2					sr	
d1b6dfc74a44dd43a49083d4c7bdb905065a85a6252ffa93f7e3dd9524950932294b24adef1f6fcd89b346960e56a0efae68a392358fbc968531823129d7f682	common_voice_sr_37810732.mp3	6e776e8572ad1a5cb4808e86189a96fb28fcd8cb40c807a29963d04084bd4f8f	А ко то каже?		0	2					sr	
d1b6dfc74a44dd43a49083d4c7bdb905065a85a6252ffa93f7e3dd9524950932294b24adef1f6fcd89b346960e56a0efae68a392358fbc968531823129d7f682	common_voice_sr_37810733.mp3	a462dbac53fd09d0b4109c2a0c69455c1355254d2ea9d1909b919c965f95571f	Без едукације и технологије, оне не могу напријед.		0	2					sr	
d1b6dfc74a44dd43a49083d4c7bdb905065a85a6252ffa93f7e3dd9524950932294b24adef1f6fcd89b346960e56a0efae68a392358fbc968531823129d7f682	common_voice_sr_37810734.mp3	7433271787065b5c6b188714d2c2e17c3a3a87f51a4c3750ef14064de020f812	Власти имају блиставе ријечи о потенцијалима земље.		0	2					sr	
d1b6dfc74a44dd43a49083d4c7bdb905065a85a6252ffa93f7e3dd9524950932294b24adef1f6fcd89b346960e56a0efae68a392358fbc968531823129d7f682	common_voice_sr_37810735.mp3	7f1b78690d85d59719b5d050fcfc26529ac11d62762615bd8d68f7066647ce6d	Али вријеме је сазрело да се погура напријед.		0	2					sr	
d1b6dfc74a44dd43a49083d4c7bdb905065a85a6252ffa93f7e3dd9524950932294b24adef1f6fcd89b346960e56a0efae68a392358fbc968531823129d7f682	common_voice_sr_37810736.mp3	791186b038c6e0df107a8c13ec4dc041c343f50d665abdf419fb07af28ac818f	Све је лепо?		0	2					sr	
d1b6dfc74a44dd43a49083d4c7bdb905065a85a6252ffa93f7e3dd9524950932294b24adef1f6fcd89b346960e56a0efae68a392358fbc968531823129d7f682	common_voice_sr_37810737.mp3	3fb33aac622af8b8b7a20b92595063dab095d786e780201e9fb0245b740867d5	За њега, то је традиција коју ће слиједити.		0	2					sr	
d1b6dfc74a44dd43a49083d4c7bdb905065a85a6252ffa93f7e3dd9524950932294b24adef1f6fcd89b346960e56a0efae68a392358fbc968531823129d7f682	common_voice_sr_37810738.mp3	78cb1709c90565779d4c5f70ed00968b10dcb24b0cdca5a5c0414933b73a95c5	И с ким.		0	2					sr	
d1b6dfc74a44dd43a49083d4c7bdb905065a85a6252ffa93f7e3dd9524950932294b24adef1f6fcd89b346960e56a0efae68a392358fbc968531823129d7f682	common_voice_sr_37810739.mp3	6a827f4d255ded9f68ee4688211497449aaa532adde1a31f0fbfe7b87ac29469	И не можемо.		0	2					sr	
d1b6dfc74a44dd43a49083d4c7bdb905065a85a6252ffa93f7e3dd9524950932294b24adef1f6fcd89b346960e56a0efae68a392358fbc968531823129d7f682	common_voice_sr_37810740.mp3	75598e0f6600e1be31663a2859e1bacc98480ba469f0d78cba8ebe38bb0ba63b	Такође је преживела и ужасну трагедију.		0	2					sr	
d1b6dfc74a44dd43a49083d4c7bdb905065a85a6252ffa93f7e3dd9524950932294b24adef1f6fcd89b346960e56a0efae68a392358fbc968531823129d7f682	common_voice_sr_37810741.mp3	6159de8147389c4e922460ff88edea7ca486be2694548d08015daeda8a98b274	Седи, молим те.		0	2					sr	
d1b6dfc74a44dd43a49083d4c7bdb905065a85a6252ffa93f7e3dd9524950932294b24adef1f6fcd89b346960e56a0efae68a392358fbc968531823129d7f682	common_voice_sr_37810742.mp3	2ddbddbe2aaa08f834198308d6fd8088028a2eb6aecb954cee16be4e68a1a94b	Затражила сам од мужа да дијете одведе у болницу.		0	2					sr	
d1b6dfc74a44dd43a49083d4c7bdb905065a85a6252ffa93f7e3dd9524950932294b24adef1f6fcd89b346960e56a0efae68a392358fbc968531823129d7f682	common_voice_sr_37810743.mp3	9616186de41b539d756c172d639c57041ee28d8a86c441bfa9ee2e6139e41da5	Одлично!		0	2					sr	
d1b6dfc74a44dd43a49083d4c7bdb905065a85a6252ffa93f7e3dd9524950932294b24adef1f6fcd89b346960e56a0efae68a392358fbc968531823129d7f682	common_voice_sr_37810744.mp3	f26c08414556dbcf268547019d2373fbcf35044d7b4b51d65d0fbc6a659e0107	Караманлис је још увијек релативно популарна личност.		0	2					sr	
d1b6dfc74a44dd43a49083d4c7bdb905065a85a6252ffa93f7e3dd9524950932294b24adef1f6fcd89b346960e56a0efae68a392358fbc968531823129d7f682	common_voice_sr_37810745.mp3	e8da79e617bd39d459132b5d1223f0f14daa96ce05252fecbfe91f8317ead04c	Његови нападачи су још увијек на слободи.		0	2					sr	
d1b6dfc74a44dd43a49083d4c7bdb905065a85a6252ffa93f7e3dd9524950932294b24adef1f6fcd89b346960e56a0efae68a392358fbc968531823129d7f682	common_voice_sr_37810746.mp3	75f6ff92bb99520fb02e87e4a59eb8905fd62b161c8bcc17de9373b6a1802eeb	За сада исламисти воде у тој борби...		0	2					sr	
d1b6dfc74a44dd43a49083d4c7bdb905065a85a6252ffa93f7e3dd9524950932294b24adef1f6fcd89b346960e56a0efae68a392358fbc968531823129d7f682	common_voice_sr_37810747.mp3	787dce42718c51606567aabebd6e462b5f403981fa09795b72ba7591f2325b4c	Ма такав је он.		0	2					sr	
d1b6dfc74a44dd43a49083d4c7bdb905065a85a6252ffa93f7e3dd9524950932294b24adef1f6fcd89b346960e56a0efae68a392358fbc968531823129d7f682	common_voice_sr_37810748.mp3	723c2d7aaeab7efca4eb03333ace3966fbae5b38871af57da192d80d49e77b85	Србијански парламент тијесно одобрио нову владу		0	2					sr	
d1b6dfc74a44dd43a49083d4c7bdb905065a85a6252ffa93f7e3dd9524950932294b24adef1f6fcd89b346960e56a0efae68a392358fbc968531823129d7f682	common_voice_sr_37810749.mp3	631a2f99abb6aef1907df1f1891fd71fe9ea1bdc1f74e97169aca7b1afdc1594	Не бих могао!		0	2					sr	
d1b6dfc74a44dd43a49083d4c7bdb905065a85a6252ffa93f7e3dd9524950932294b24adef1f6fcd89b346960e56a0efae68a392358fbc968531823129d7f682	common_voice_sr_37810750.mp3	23c78615535e16386da137d2d95d6a2b6a9895e3214a12fc7b86564b9b167a1a	То би послужило као сигнал, сматрају експерти.		0	2					sr	
d1b6dfc74a44dd43a49083d4c7bdb905065a85a6252ffa93f7e3dd9524950932294b24adef1f6fcd89b346960e56a0efae68a392358fbc968531823129d7f682	common_voice_sr_37810751.mp3	65c578bb50a42c049ae02f2c0e5a4b5e43573a76de4a80ea1691d9b4de1a3811	Увијек је тешко кад премине неко тако млад.		0	2					sr	
d1b6dfc74a44dd43a49083d4c7bdb905065a85a6252ffa93f7e3dd9524950932294b24adef1f6fcd89b346960e56a0efae68a392358fbc968531823129d7f682	common_voice_sr_37810752.mp3	2cfa2d2f500b56082fcc210518e823d5778deda4ab8615db45eaa92dc3162e03	Ни они још нису освојили ниједну медаљу.		0	2					sr	
d1b6dfc74a44dd43a49083d4c7bdb905065a85a6252ffa93f7e3dd9524950932294b24adef1f6fcd89b346960e56a0efae68a392358fbc968531823129d7f682	common_voice_sr_37810753.mp3	7a075450316b4895d274d6cd3fafc82913ea28e31730037da4187e4eb4918ede	Шта он мисли!		0	2					sr	
d1b6dfc74a44dd43a49083d4c7bdb905065a85a6252ffa93f7e3dd9524950932294b24adef1f6fcd89b346960e56a0efae68a392358fbc968531823129d7f682	common_voice_sr_37810754.mp3	7a8db0d24e12032c188a8b30c1d43835da6c03a745e787e33a248d2e11bd35be	Да ли ме је неко тражио?		0	2					sr	
d1b6dfc74a44dd43a49083d4c7bdb905065a85a6252ffa93f7e3dd9524950932294b24adef1f6fcd89b346960e56a0efae68a392358fbc968531823129d7f682	common_voice_sr_37810755.mp3	659c1dfb7e2655511cc3c5b17795531921925ebeb6d7a99baa9fe68bd434b5a1	Нека остане тамо!		0	2					sr	
d1b6dfc74a44dd43a49083d4c7bdb905065a85a6252ffa93f7e3dd9524950932294b24adef1f6fcd89b346960e56a0efae68a392358fbc968531823129d7f682	common_voice_sr_37810756.mp3	79961d083de1f4d55d7a652dda18545ea6d5f6a063d1c3337d4ed3a606a7ac43	Борит ћемо се за своја права и побиједит ћемо.		0	2					sr	
d1b6dfc74a44dd43a49083d4c7bdb905065a85a6252ffa93f7e3dd9524950932294b24adef1f6fcd89b346960e56a0efae68a392358fbc968531823129d7f682	common_voice_sr_37810757.mp3	793ef41f2dd5f53eee440d168129211c3e55331517a12149273c4e219264a615	Никада раније нисам била овде.		0	2					sr	
d1b6dfc74a44dd43a49083d4c7bdb905065a85a6252ffa93f7e3dd9524950932294b24adef1f6fcd89b346960e56a0efae68a392358fbc968531823129d7f682	common_voice_sr_37810758.mp3	7a5c1a31ec43e4007a63f0dc2de0a5546ff0d4344a4a4d235ce429d2076955e3	То ли је?		0	2					sr	
d1b6dfc74a44dd43a49083d4c7bdb905065a85a6252ffa93f7e3dd9524950932294b24adef1f6fcd89b346960e56a0efae68a392358fbc968531823129d7f682	common_voice_sr_37810759.mp3	9d179ff99a4dffb7e97864bfb58988bc028f988aee8868dd7fa5adb2f9ed1ffa	Хоће ли предсједник ријешити тај проблем?		0	2					sr	
d1b6dfc74a44dd43a49083d4c7bdb905065a85a6252ffa93f7e3dd9524950932294b24adef1f6fcd89b346960e56a0efae68a392358fbc968531823129d7f682	common_voice_sr_37810760.mp3	caa8e3877ee30d1646044559067fdb3b483eba98f2f7095d7f1506b001720da5	Направите тијесто с остатком састојака.		0	2					sr	
d1b6dfc74a44dd43a49083d4c7bdb905065a85a6252ffa93f7e3dd9524950932294b24adef1f6fcd89b346960e56a0efae68a392358fbc968531823129d7f682	common_voice_sr_37810761.mp3	6accc9322f627ec35a0c10d3cc34d260ceab8b8752e0be4c40f6e02a8993e10c	Да видимо шта има.		0	2					sr	
d1b6dfc74a44dd43a49083d4c7bdb905065a85a6252ffa93f7e3dd9524950932294b24adef1f6fcd89b346960e56a0efae68a392358fbc968531823129d7f682	common_voice_sr_37810762.mp3	6fe400c939f92b5c50b81f179bbee15bc324b5fc885017d26b00454d7b7f5d8c	Шта је сад?		0	2					sr	
d1b6dfc74a44dd43a49083d4c7bdb905065a85a6252ffa93f7e3dd9524950932294b24adef1f6fcd89b346960e56a0efae68a392358fbc968531823129d7f682	common_voice_sr_37810763.mp3	6e66de1691ae2d77b6ce69dcad3632d8107d04c497ab6164a9a01b5dadf09f96	Скептика је пуно.		0	2					sr	
d1b6dfc74a44dd43a49083d4c7bdb905065a85a6252ffa93f7e3dd9524950932294b24adef1f6fcd89b346960e56a0efae68a392358fbc968531823129d7f682	common_voice_sr_37810764.mp3	96c37a89279c4a00894939592ebc8b63193a4960d43cf56043122ef6c297029e	Албанци бацају све на коцку са "лијеком" против рака		0	2					sr	
d1b6dfc74a44dd43a49083d4c7bdb905065a85a6252ffa93f7e3dd9524950932294b24adef1f6fcd89b346960e56a0efae68a392358fbc968531823129d7f682	common_voice_sr_37810765.mp3	fc47708f96637d8e7101688088ec8470001b344d889be47fc41bda1825d91c93	До сад није кажњена ниједна компанија.		0	2					sr	
d1b6dfc74a44dd43a49083d4c7bdb905065a85a6252ffa93f7e3dd9524950932294b24adef1f6fcd89b346960e56a0efae68a392358fbc968531823129d7f682	common_voice_sr_37810766.mp3	79f1976c5a8064f730ea72794f930e24b6c639bc5d44ba1c85f6c15cb93e239a	Албанци су људи као и ми...		0	2					sr	
d1b6dfc74a44dd43a49083d4c7bdb905065a85a6252ffa93f7e3dd9524950932294b24adef1f6fcd89b346960e56a0efae68a392358fbc968531823129d7f682	common_voice_sr_37810767.mp3	5bc2648ad1b62762264b56a3ee22cd5cd9efcfced370714383a3ff204ced7fb5	Дине, ја сам.		0	2					sr	
d1b6dfc74a44dd43a49083d4c7bdb905065a85a6252ffa93f7e3dd9524950932294b24adef1f6fcd89b346960e56a0efae68a392358fbc968531823129d7f682	common_voice_sr_37810769.mp3	75523bb559e8f55616ee6a9fc1ab6c6591b39b04f4a9abf28377766da68bdbf5	А ја знам.		0	2					sr	
d1b6dfc74a44dd43a49083d4c7bdb905065a85a6252ffa93f7e3dd9524950932294b24adef1f6fcd89b346960e56a0efae68a392358fbc968531823129d7f682	common_voice_sr_37810770.mp3	60afdc97da2275dff199d386bf23e08863674992ef4fdf3f5a219b06663dbdaa	А, шта има?		0	2					sr	
d1b6dfc74a44dd43a49083d4c7bdb905065a85a6252ffa93f7e3dd9524950932294b24adef1f6fcd89b346960e56a0efae68a392358fbc968531823129d7f682	common_voice_sr_37810771.mp3	7698805d90d3ba48739c92f1bcf3e07ec0f986ea8b6a99023f7f59cfa52d2464	А, због тога?		0	2					sr	
d1b6dfc74a44dd43a49083d4c7bdb905065a85a6252ffa93f7e3dd9524950932294b24adef1f6fcd89b346960e56a0efae68a392358fbc968531823129d7f682	common_voice_sr_37810772.mp3	379109e813e280ed5f8e1b15fd92a4cfcd55748002b8139e8a548bf7a4846ab8	Ја не вјерујем ни једној ријечи коју је он изрекао.		0	2					sr	
d1b6dfc74a44dd43a49083d4c7bdb905065a85a6252ffa93f7e3dd9524950932294b24adef1f6fcd89b346960e56a0efae68a392358fbc968531823129d7f682	common_voice_sr_37810773.mp3	4e3e409fabf5259d7fccdffc95c583f364d34c987e171a0f1af42e2b52b24ede	То не иде тако.		0	2					sr	
d1b6dfc74a44dd43a49083d4c7bdb905065a85a6252ffa93f7e3dd9524950932294b24adef1f6fcd89b346960e56a0efae68a392358fbc968531823129d7f682	common_voice_sr_37810774.mp3	d7f12c1ec46d95963ea6c3fa76aeb64dbdc301c7a14eebc1fa062cd085b55fa7	Пријем нових кандидата морају одобрити све чланице.		0	2					sr	
d1b6dfc74a44dd43a49083d4c7bdb905065a85a6252ffa93f7e3dd9524950932294b24adef1f6fcd89b346960e56a0efae68a392358fbc968531823129d7f682	common_voice_sr_37810775.mp3	5481eb0140c68a1a68ece912fe6001445657578a1de8f0a0e44758c5a5978fdf	Тад одасвуд избијају смијех, пјесма и плес.		0	2					sr	
d1b6dfc74a44dd43a49083d4c7bdb905065a85a6252ffa93f7e3dd9524950932294b24adef1f6fcd89b346960e56a0efae68a392358fbc968531823129d7f682	common_voice_sr_37810776.mp3	1cad6df7e40238efea4441127920d64959f35d3e8649fbb07797f46572e63ccb	Алијанса већ у себи садржи велику вриједност.		0	2					sr	
d1b6dfc74a44dd43a49083d4c7bdb905065a85a6252ffa93f7e3dd9524950932294b24adef1f6fcd89b346960e56a0efae68a392358fbc968531823129d7f682	common_voice_sr_37810777.mp3	aedea246f9f613a44fb80dbdb26079a07f7874f0228dbdb8bd3942012002a2af	Ту се може лијепо провести током цијеле године.		0	2					sr	
d1b6dfc74a44dd43a49083d4c7bdb905065a85a6252ffa93f7e3dd9524950932294b24adef1f6fcd89b346960e56a0efae68a392358fbc968531823129d7f682	common_voice_sr_37810778.mp3	6c75cbe1cdb9c0e58124586bbe35f32f2aa8368d9032afddfb19b4b283a5f4aa	Разочаран сам.		0	2					sr	
d1b6dfc74a44dd43a49083d4c7bdb905065a85a6252ffa93f7e3dd9524950932294b24adef1f6fcd89b346960e56a0efae68a392358fbc968531823129d7f682	common_voice_sr_37810779.mp3	92d192a5ffe5674c83b5ce293a9ae4890c43db7cf2240e9a5ab7bbbb324e6c05	Стога ће ситуација бити неизмијењена.		0	2					sr	
d1b6dfc74a44dd43a49083d4c7bdb905065a85a6252ffa93f7e3dd9524950932294b24adef1f6fcd89b346960e56a0efae68a392358fbc968531823129d7f682	common_voice_sr_37810780.mp3	7360d3504f09f81ca201c49a0e6d895ca1b7ee93e945c2b23e68f865c134d780	Он ради у општини.		0	2					sr	
d1b6dfc74a44dd43a49083d4c7bdb905065a85a6252ffa93f7e3dd9524950932294b24adef1f6fcd89b346960e56a0efae68a392358fbc968531823129d7f682	common_voice_sr_37810782.mp3	74040a16acec58931751350805ec130b9288129c81dd233deac75471a1bee7cf	Не љутиш се?		0	2					sr	
d1b6dfc74a44dd43a49083d4c7bdb905065a85a6252ffa93f7e3dd9524950932294b24adef1f6fcd89b346960e56a0efae68a392358fbc968531823129d7f682	common_voice_sr_37810783.mp3	69bd00b108ef1d17d64752d3cf38e923b5ed30054f2172a48e97dbc411b625f7	Све до сад.		0	2					sr	
d1b6dfc74a44dd43a49083d4c7bdb905065a85a6252ffa93f7e3dd9524950932294b24adef1f6fcd89b346960e56a0efae68a392358fbc968531823129d7f682	common_voice_sr_37810784.mp3	dda4d2270d3d94134f47aa34dfafb58dfca0e80af27176f0a2e3da51cdaa63a5	"То ме је вријеме промијенило," каже он.		0	2					sr	
d1b6dfc74a44dd43a49083d4c7bdb905065a85a6252ffa93f7e3dd9524950932294b24adef1f6fcd89b346960e56a0efae68a392358fbc968531823129d7f682	common_voice_sr_37810785.mp3	695fcf05c1a7ebc2505fac89b28f3202ad698cfa7ea54979dc7bce19934dd588	Да, не претеруј.		0	2					sr	
d1b6dfc74a44dd43a49083d4c7bdb905065a85a6252ffa93f7e3dd9524950932294b24adef1f6fcd89b346960e56a0efae68a392358fbc968531823129d7f682	common_voice_sr_37810786.mp3	664b414eda92d56c4d6e393e15206505ff245fda58996fc08b42c003ad9bcfad	На задња врата?		0	2					sr	
d1b6dfc74a44dd43a49083d4c7bdb905065a85a6252ffa93f7e3dd9524950932294b24adef1f6fcd89b346960e56a0efae68a392358fbc968531823129d7f682	common_voice_sr_37810787.mp3	1ca2162090b8d3d5e4a28171d7402ed72bc5c7447674774634741be2c0bb4b50	Умјесто да идемо унапријед, ми идемо уназад.		0	2					sr	
d1b6dfc74a44dd43a49083d4c7bdb905065a85a6252ffa93f7e3dd9524950932294b24adef1f6fcd89b346960e56a0efae68a392358fbc968531823129d7f682	common_voice_sr_37810788.mp3	2addb3f8addbb78104cd4bbe21a3078bc0f51887bf88ee977e627469c105688b	Њихове пријаве за чланство одобрене су у сриједу.		0	2					sr	
d1b6dfc74a44dd43a49083d4c7bdb905065a85a6252ffa93f7e3dd9524950932294b24adef1f6fcd89b346960e56a0efae68a392358fbc968531823129d7f682	common_voice_sr_37810789.mp3	d44d0b8922a3880551b84ea2b304df17113c48a663fb08e9b58d9ee8c51367e6	Времена се мијењају, али неки обичаји су стални.		0	2					sr	
d1b6dfc74a44dd43a49083d4c7bdb905065a85a6252ffa93f7e3dd9524950932294b24adef1f6fcd89b346960e56a0efae68a392358fbc968531823129d7f682	common_voice_sr_37810790.mp3	5c4ef119a9d531313f0135206fdae8a80a4f3feda1e969249fedb5312658de3a	Све је добро!		0	2					sr	
d1b6dfc74a44dd43a49083d4c7bdb905065a85a6252ffa93f7e3dd9524950932294b24adef1f6fcd89b346960e56a0efae68a392358fbc968531823129d7f682	common_voice_sr_37810791.mp3	74f0b13c84ecbe93134e2c2b5d8ff65be370a57fc6238c53de58997e901cef0e	Одговор ће дати време.		0	2					sr	
d1b6dfc74a44dd43a49083d4c7bdb905065a85a6252ffa93f7e3dd9524950932294b24adef1f6fcd89b346960e56a0efae68a392358fbc968531823129d7f682	common_voice_sr_37810792.mp3	5a3402c13d9e2a21b0219012bc5ee8db6b2425363469b5ed5b592423789c8d86	И да ти кажем.		0	2					sr	
d1b6dfc74a44dd43a49083d4c7bdb905065a85a6252ffa93f7e3dd9524950932294b24adef1f6fcd89b346960e56a0efae68a392358fbc968531823129d7f682	common_voice_sr_37810793.mp3	d9a518bb8692deefffee13969998ffeddb9e8c2bb265ccd11d0083ae97edc9bf	Ишли смо у школу и у центар града јавним пријевозом.		0	2					sr	
d1b6dfc74a44dd43a49083d4c7bdb905065a85a6252ffa93f7e3dd9524950932294b24adef1f6fcd89b346960e56a0efae68a392358fbc968531823129d7f682	common_voice_sr_37810794.mp3	75a5ced29250d658381349ffebee775ca4477df15952759b5f71aaf3749f7760	Знам како је!		0	2					sr	
d1b6dfc74a44dd43a49083d4c7bdb905065a85a6252ffa93f7e3dd9524950932294b24adef1f6fcd89b346960e56a0efae68a392358fbc968531823129d7f682	common_voice_sr_37810795.mp3	1bea58cbd4f8f628962f9e7bfb3a85d6c1e613a68d845457239e145e444a408c	Слични протести заказани су за четвртак.		0	2					sr	
d1b6dfc74a44dd43a49083d4c7bdb905065a85a6252ffa93f7e3dd9524950932294b24adef1f6fcd89b346960e56a0efae68a392358fbc968531823129d7f682	common_voice_sr_37810796.mp3	a5538a15845e287190342766bfb95c3c68c7308e1b7b838a9dac86f43746d02f	Живановић је нагласио потешкоће с пријеводима.		0	2					sr	
d1b6dfc74a44dd43a49083d4c7bdb905065a85a6252ffa93f7e3dd9524950932294b24adef1f6fcd89b346960e56a0efae68a392358fbc968531823129d7f682	common_voice_sr_37810797.mp3	2d281a0be1d7d8718a67d473c978396a9d66a49628be53463c6724e12827c7dc	Канада се у сриједу одлучила придружити тој групи.		0	2					sr	
d1b6dfc74a44dd43a49083d4c7bdb905065a85a6252ffa93f7e3dd9524950932294b24adef1f6fcd89b346960e56a0efae68a392358fbc968531823129d7f682	common_voice_sr_37810798.mp3	7541f2685c112bab11908d43c00fd7d02fdab5916171f3ecf81a5013fc0f7bc9	Корупција још увијек представља озбиљан проблем.		0	2					sr	
d1b6dfc74a44dd43a49083d4c7bdb905065a85a6252ffa93f7e3dd9524950932294b24adef1f6fcd89b346960e56a0efae68a392358fbc968531823129d7f682	common_voice_sr_37810799.mp3	7e465605e8c814e627644921301a6d730a96ab7383f9838ec40e9be3471c5622	А зашто би?		0	2					sr	
d1b6dfc74a44dd43a49083d4c7bdb905065a85a6252ffa93f7e3dd9524950932294b24adef1f6fcd89b346960e56a0efae68a392358fbc968531823129d7f682	common_voice_sr_37810800.mp3	3855586c4045036ec5237d7ed9b25342fc897d8b4ce64e28e5d3acb7c17685bf	Миро је побиједио у номинацији добивши десет гласова.		0	2					sr	
d1b6dfc74a44dd43a49083d4c7bdb905065a85a6252ffa93f7e3dd9524950932294b24adef1f6fcd89b346960e56a0efae68a392358fbc968531823129d7f682	common_voice_sr_37810801.mp3	88cc4e8d0e99447a050ca8a43917a311774fb8d0b838a49eb20bf337e2387383	Сви би требали пажљиво вагати своје ријечи.		0	2					sr	
d1b6dfc74a44dd43a49083d4c7bdb905065a85a6252ffa93f7e3dd9524950932294b24adef1f6fcd89b346960e56a0efae68a392358fbc968531823129d7f682	common_voice_sr_37810802.mp3	4182e3a0efee319a85ab14c10d29d6d962295062b1cef1ed11a63ccb18639380	У исто вријеме, он је похвалио "ефикасност процеса".		0	2					sr	
d1b6dfc74a44dd43a49083d4c7bdb905065a85a6252ffa93f7e3dd9524950932294b24adef1f6fcd89b346960e56a0efae68a392358fbc968531823129d7f682	common_voice_sr_37810803.mp3	46a01f37ffedc3769a41881887f9f39c321c20a9861852985f1d491f4d4e2e2c	Изгубили смо битку, али не и цијели рат.		0	2					sr	
d1b6dfc74a44dd43a49083d4c7bdb905065a85a6252ffa93f7e3dd9524950932294b24adef1f6fcd89b346960e56a0efae68a392358fbc968531823129d7f682	common_voice_sr_37810804.mp3	7ab65e63833a1eba5c3b29a3dd748ec95c1196a311101af045a9d557e18e96f0	И шта се десило?		0	2					sr	
d1b6dfc74a44dd43a49083d4c7bdb905065a85a6252ffa93f7e3dd9524950932294b24adef1f6fcd89b346960e56a0efae68a392358fbc968531823129d7f682	common_voice_sr_37810805.mp3	74bb55e2449a288ddaec882410cea00bd7b698eea371b018f8d09291f19239ed	О, да, видим.		0	2					sr	
d1b6dfc74a44dd43a49083d4c7bdb905065a85a6252ffa93f7e3dd9524950932294b24adef1f6fcd89b346960e56a0efae68a392358fbc968531823129d7f682	common_voice_sr_37810806.mp3	7e03da66a4edbd2806d7a56b035807c184d94948cd46d34ba1d9b422b241ed40	Што не иде?		0	2					sr	
d1b6dfc74a44dd43a49083d4c7bdb905065a85a6252ffa93f7e3dd9524950932294b24adef1f6fcd89b346960e56a0efae68a392358fbc968531823129d7f682	common_voice_sr_37810807.mp3	70b6074b0cdbdee60cff9b3df2242b7c803f79c6bc0c7d424a79b3f05ed93a68	То је превише.		0	2					sr	
d1b6dfc74a44dd43a49083d4c7bdb905065a85a6252ffa93f7e3dd9524950932294b24adef1f6fcd89b346960e56a0efae68a392358fbc968531823129d7f682	common_voice_sr_37810808.mp3	5e3e8456057ff63f6ff36fd2ca0a448f66b63c7da1650e4c68b24db8f05b089c	Са два у.		0	2					sr	
d1b6dfc74a44dd43a49083d4c7bdb905065a85a6252ffa93f7e3dd9524950932294b24adef1f6fcd89b346960e56a0efae68a392358fbc968531823129d7f682	common_voice_sr_37810809.mp3	687af1f7eac873db091a2ca6ea89c84f8ef8ef443070ddb5e47e2cdad8fe63c0	То је да?		0	2					sr	
d1b6dfc74a44dd43a49083d4c7bdb905065a85a6252ffa93f7e3dd9524950932294b24adef1f6fcd89b346960e56a0efae68a392358fbc968531823129d7f682	common_voice_sr_37810811.mp3	6dc1692963f4c05130931554bfada8da1796b4ecb95dd4825bba46c5938dfddc	Како је све?		0	2					sr	
d1b6dfc74a44dd43a49083d4c7bdb905065a85a6252ffa93f7e3dd9524950932294b24adef1f6fcd89b346960e56a0efae68a392358fbc968531823129d7f682	common_voice_sr_37810812.mp3	79beda22acd2008cbdc71eba61394d65f9c09fd36dabfb827067281cca88d943	Све по реду.		0	2					sr	
d1b6dfc74a44dd43a49083d4c7bdb905065a85a6252ffa93f7e3dd9524950932294b24adef1f6fcd89b346960e56a0efae68a392358fbc968531823129d7f682	common_voice_sr_37810813.mp3	77977516cdbedb3dcecded9cf4b2855182b806b6e15bf8dbef8c15a1f60f2fef	Више их је.		0	2					sr	
d1b6dfc74a44dd43a49083d4c7bdb905065a85a6252ffa93f7e3dd9524950932294b24adef1f6fcd89b346960e56a0efae68a392358fbc968531823129d7f682	common_voice_sr_37810814.mp3	7a2db0bfc6e1071758376c220334cbd89ab3d365c6451f34de40d2d4503a9e91	Није био такав?		0	2					sr	
d1b6dfc74a44dd43a49083d4c7bdb905065a85a6252ffa93f7e3dd9524950932294b24adef1f6fcd89b346960e56a0efae68a392358fbc968531823129d7f682	common_voice_sr_37810815.mp3	1cb5d78f0df777ff94874c2bfab0b1d04a89b1701893829499c9b7d11526e7c1	И то може.		0	2					sr	
d1b6dfc74a44dd43a49083d4c7bdb905065a85a6252ffa93f7e3dd9524950932294b24adef1f6fcd89b346960e56a0efae68a392358fbc968531823129d7f682	common_voice_sr_37810816.mp3	4a606c3ba497069ebfe154477396130158f1170bdc558850f138570fffb8957b	Господине, ја сам.		0	2					sr	
d1b6dfc74a44dd43a49083d4c7bdb905065a85a6252ffa93f7e3dd9524950932294b24adef1f6fcd89b346960e56a0efae68a392358fbc968531823129d7f682	common_voice_sr_37810817.mp3	43bfd160e3e58294b328a2cc3b74ae3a7bf78e2279c6be0c8769b8d288e27d30	Она тврди да није умијешана у тај случај.		0	2					sr	
d1b6dfc74a44dd43a49083d4c7bdb905065a85a6252ffa93f7e3dd9524950932294b24adef1f6fcd89b346960e56a0efae68a392358fbc968531823129d7f682	common_voice_sr_37810818.mp3	7b3c1d172a3b9089bac5430fb471f993dea233310b2ffe0faed3eebea429d397	И ти си!		0	2					sr	
d1b6dfc74a44dd43a49083d4c7bdb905065a85a6252ffa93f7e3dd9524950932294b24adef1f6fcd89b346960e56a0efae68a392358fbc968531823129d7f682	common_voice_sr_37810819.mp3	49673dcbdd890a6d395186af0e4c19d92206ebf1839a1990cb0fd87c9217c109	Те промјене нису прошле непримијећене.		0	2					sr	
d1b6dfc74a44dd43a49083d4c7bdb905065a85a6252ffa93f7e3dd9524950932294b24adef1f6fcd89b346960e56a0efae68a392358fbc968531823129d7f682	common_voice_sr_37810820.mp3	6be75806e9e81a179c24c72fbb08533d58a632bd64168cb4fc95659b17fdbfcc	Они су још увијек дубоко уплетени у њу.		0	2					sr	
d1b6dfc74a44dd43a49083d4c7bdb905065a85a6252ffa93f7e3dd9524950932294b24adef1f6fcd89b346960e56a0efae68a392358fbc968531823129d7f682	common_voice_sr_37810821.mp3	6558c0aff4b204266a1d09370f749828607233f2fd6bdc05f1102da1250b118b	И боље је!		0	2					sr	
d1b6dfc74a44dd43a49083d4c7bdb905065a85a6252ffa93f7e3dd9524950932294b24adef1f6fcd89b346960e56a0efae68a392358fbc968531823129d7f682	common_voice_sr_37810822.mp3	04a692ed05ea257ca22d997d5d67a0b1e070347b39c5fa337f848325b6eeed6c	"Тим пројектом ће се та област убити заувијек.		0	2					sr	
d1b6dfc74a44dd43a49083d4c7bdb905065a85a6252ffa93f7e3dd9524950932294b24adef1f6fcd89b346960e56a0efae68a392358fbc968531823129d7f682	common_voice_sr_37810823.mp3	6f2331fb1235143ec618c33c89b681b75b15be72a0a2abf24c68486e55e481f6	Па мама каже да си ти матора као Прокина кобила.		0	2					sr	
d1b6dfc74a44dd43a49083d4c7bdb905065a85a6252ffa93f7e3dd9524950932294b24adef1f6fcd89b346960e56a0efae68a392358fbc968531823129d7f682	common_voice_sr_37810824.mp3	08d8127ac54b928ced82e6efaa5efbb36b9cb76860f4c65af2a1168cf815d63d	Тржишна структура је и даље неразвијена.		0	2					sr	
d1b6dfc74a44dd43a49083d4c7bdb905065a85a6252ffa93f7e3dd9524950932294b24adef1f6fcd89b346960e56a0efae68a392358fbc968531823129d7f682	common_voice_sr_37810825.mp3	9529e898a65957b9d866314473d80e7f5c60f3962952127f7adeaeabeba62caa	Руски премијер топло је дочекан током своје посјете.		0	2					sr	
d1b6dfc74a44dd43a49083d4c7bdb905065a85a6252ffa93f7e3dd9524950932294b24adef1f6fcd89b346960e56a0efae68a392358fbc968531823129d7f682	common_voice_sr_37810826.mp3	75bad4dfb50a1358626405b4aece5b74a1ea8981658e5dc43b992ee1ea5b0f49	И ја не могу.		0	2					sr	
d1b6dfc74a44dd43a49083d4c7bdb905065a85a6252ffa93f7e3dd9524950932294b24adef1f6fcd89b346960e56a0efae68a392358fbc968531823129d7f682	common_voice_sr_37810827.mp3	7a920e45c45db675529e552ade1f24c59649cfd51fb4ebefc8612f31e77df489	Македонски парламент одузео имунитет бившем премијеру		1	2					sr	
d1b6dfc74a44dd43a49083d4c7bdb905065a85a6252ffa93f7e3dd9524950932294b24adef1f6fcd89b346960e56a0efae68a392358fbc968531823129d7f682	common_voice_sr_37810828.mp3	738466e40cd3f4f5745541896bfcf3d628248f82b1055daf88d7b3584d4fde03	Нисам ни ја?		0	2					sr	
d1b6dfc74a44dd43a49083d4c7bdb905065a85a6252ffa93f7e3dd9524950932294b24adef1f6fcd89b346960e56a0efae68a392358fbc968531823129d7f682	common_voice_sr_37810829.mp3	6f3f1ed6c2ea6ab05b46dbaa59b3b86dfd85ba5a7acddfc655bb910e5b26a485	Речни наноси, у којима леже трагови првобитних поречана		0	2					sr	
d1b6dfc74a44dd43a49083d4c7bdb905065a85a6252ffa93f7e3dd9524950932294b24adef1f6fcd89b346960e56a0efae68a392358fbc968531823129d7f682	common_voice_sr_37810830.mp3	2c636820c5b49558d73befd45541b65ecd7da7b69c4d68b257d3398838b6a31b	Предстоје обнова и поправке.		1	2					sr	
d1b6dfc74a44dd43a49083d4c7bdb905065a85a6252ffa93f7e3dd9524950932294b24adef1f6fcd89b346960e56a0efae68a392358fbc968531823129d7f682	common_voice_sr_37810831.mp3	61e9f61df2a442aa46f6a8665fb8d7a703c1442cac702431910f09385bd7ee3a	Током времена, та област се промијенила.		0	2					sr	
d1b6dfc74a44dd43a49083d4c7bdb905065a85a6252ffa93f7e3dd9524950932294b24adef1f6fcd89b346960e56a0efae68a392358fbc968531823129d7f682	common_voice_sr_37810832.mp3	b6c9bb7369588f38aee470ef42f6e2617466095fb0bb2e4a34630ef4776f489d	Позивнице још увијек нису "овјерене", казао је он.		0	2					sr	
d1b6dfc74a44dd43a49083d4c7bdb905065a85a6252ffa93f7e3dd9524950932294b24adef1f6fcd89b346960e56a0efae68a392358fbc968531823129d7f682	common_voice_sr_37810833.mp3	73cb226d23d3710a4195eb89ce136b416e8451d98b26f4983466a334907284ea	Не би он.		0	2					sr	
d1b6dfc74a44dd43a49083d4c7bdb905065a85a6252ffa93f7e3dd9524950932294b24adef1f6fcd89b346960e56a0efae68a392358fbc968531823129d7f682	common_voice_sr_37810834.mp3	74dcd142698b5aa52214fcad3854dc615b7c53b806b46fe9e4ca74c850fbfe8f	Молим вас, седите.		0	2					sr	
d1b6dfc74a44dd43a49083d4c7bdb905065a85a6252ffa93f7e3dd9524950932294b24adef1f6fcd89b346960e56a0efae68a392358fbc968531823129d7f682	common_voice_sr_37810835.mp3	7cceb4285f1d32eddc868e90b7395e56e4e152b93dbf391b883d264d0fab862b	Јесте, бога ми.		0	2					sr	
d1b6dfc74a44dd43a49083d4c7bdb905065a85a6252ffa93f7e3dd9524950932294b24adef1f6fcd89b346960e56a0efae68a392358fbc968531823129d7f682	common_voice_sr_37810836.mp3	fa032d8ccf71b347f127c55192a838e15d6aae96673950e9567a84eb1d8ee520	"Старци" кажу да је могуће ријешити кипарско питање		0	2					sr	
d1b6dfc74a44dd43a49083d4c7bdb905065a85a6252ffa93f7e3dd9524950932294b24adef1f6fcd89b346960e56a0efae68a392358fbc968531823129d7f682	common_voice_sr_37810837.mp3	788fe64ebdb888be57782b65c22d6432ce7c52513dfda9a95bcf40527a0d125a	О, ово овде?		0	2					sr	
d1b6dfc74a44dd43a49083d4c7bdb905065a85a6252ffa93f7e3dd9524950932294b24adef1f6fcd89b346960e56a0efae68a392358fbc968531823129d7f682	common_voice_sr_37810838.mp3	7ef2fcb372a3e3068d41d65e35d105ce410126b920303157f63a15863c0fb88d	То је прави!		1	2					sr	
d1b6dfc74a44dd43a49083d4c7bdb905065a85a6252ffa93f7e3dd9524950932294b24adef1f6fcd89b346960e56a0efae68a392358fbc968531823129d7f682	common_voice_sr_37810839.mp3	6b96024448c9d9599592f152f7a492b220033d2a0a2c66d70db043b2dee5273e	Ту нема дилеме.		0	2					sr	
d1b6dfc74a44dd43a49083d4c7bdb905065a85a6252ffa93f7e3dd9524950932294b24adef1f6fcd89b346960e56a0efae68a392358fbc968531823129d7f682	common_voice_sr_37810840.mp3	7991209ffd09580067c30c010f75ad9567e0f590e66b66023fe71f5649e5b71d	Да радим ста?		0	2					sr	
d1b6dfc74a44dd43a49083d4c7bdb905065a85a6252ffa93f7e3dd9524950932294b24adef1f6fcd89b346960e56a0efae68a392358fbc968531823129d7f682	common_voice_sr_37810841.mp3	7da3dca6fa8f96b31347317056537bd9438f4547a396f7a0cdb27225922658da	Међутим нови попис није био ослобођен контроверзи.		0	2					sr	
d1b6dfc74a44dd43a49083d4c7bdb905065a85a6252ffa93f7e3dd9524950932294b24adef1f6fcd89b346960e56a0efae68a392358fbc968531823129d7f682	common_voice_sr_37810842.mp3	7e45352b62ea17600d1272346807d3f3fc7815eb550a2940b67b9cbea015b302	Али не још!		0	2					sr	
d1b6dfc74a44dd43a49083d4c7bdb905065a85a6252ffa93f7e3dd9524950932294b24adef1f6fcd89b346960e56a0efae68a392358fbc968531823129d7f682	common_voice_sr_37810843.mp3	6dd1e7bafb2aa0544dfd2bb850d211897d3b7550b88201b1ce83bd09be3da4c7	Просто не могу!		0	2					sr	
d1b6dfc74a44dd43a49083d4c7bdb905065a85a6252ffa93f7e3dd9524950932294b24adef1f6fcd89b346960e56a0efae68a392358fbc968531823129d7f682	common_voice_sr_37810844.mp3	7a014cf0f8fb936698c88095dbb4eaf51b786f784c38b4661b51f54079fba586	За неколико дана!		0	2					sr	
d1b6dfc74a44dd43a49083d4c7bdb905065a85a6252ffa93f7e3dd9524950932294b24adef1f6fcd89b346960e56a0efae68a392358fbc968531823129d7f682	common_voice_sr_37810845.mp3	7910ab6e44002b95c483ee370e8fbbe7760783242889dc12e96e871bda5f0d3d	Ни на земљи.		0	2					sr	
d1b6dfc74a44dd43a49083d4c7bdb905065a85a6252ffa93f7e3dd9524950932294b24adef1f6fcd89b346960e56a0efae68a392358fbc968531823129d7f682	common_voice_sr_37810846.mp3	d17ea81cb4e8c08b71c5a5b4ebeabb5a57dab088a4e3fd964bd3bbf1ffcb53a5	Они су као разлог навели нехигијенску праксу.		0	2					sr	
d1b6dfc74a44dd43a49083d4c7bdb905065a85a6252ffa93f7e3dd9524950932294b24adef1f6fcd89b346960e56a0efae68a392358fbc968531823129d7f682	common_voice_sr_37810847.mp3	686b63d0dc573923f3be6dc4cab2e4f9d533c5d345da2d38ab36ac9fde96b942	Ја никад нисам слиједила ниједан примјер.		0	2					sr	
d1b6dfc74a44dd43a49083d4c7bdb905065a85a6252ffa93f7e3dd9524950932294b24adef1f6fcd89b346960e56a0efae68a392358fbc968531823129d7f682	common_voice_sr_37810848.mp3	208043aad31ffe6888735f7430d71cfa425a8d5cbdac5a9c1c15b65232d5e4aa	Нужно је убрзано редуцирати ове вриједности.		0	2					sr	
d1b6dfc74a44dd43a49083d4c7bdb905065a85a6252ffa93f7e3dd9524950932294b24adef1f6fcd89b346960e56a0efae68a392358fbc968531823129d7f682	common_voice_sr_37810849.mp3	acfded277ff670ccc970922a86000da53b7b3938bc4997d542e3a4ca1dbeb10d	Контакт-група треба се састати у сриједу.		0	2					sr	
d1b6dfc74a44dd43a49083d4c7bdb905065a85a6252ffa93f7e3dd9524950932294b24adef1f6fcd89b346960e56a0efae68a392358fbc968531823129d7f682	common_voice_sr_37810850.mp3	78775e0fa6836231b8468d05eeb49375c93b90036c134e86c3c7244ff9bfeddd	Што је још?		0	2					sr	
d1b6dfc74a44dd43a49083d4c7bdb905065a85a6252ffa93f7e3dd9524950932294b24adef1f6fcd89b346960e56a0efae68a392358fbc968531823129d7f682	common_voice_sr_37810851.mp3	47fddcea830995df358fd5b371ddc41bdb3fae3982038d896c689edeb4a69a09	Још није дошао?		0	2					sr	
d1b6dfc74a44dd43a49083d4c7bdb905065a85a6252ffa93f7e3dd9524950932294b24adef1f6fcd89b346960e56a0efae68a392358fbc968531823129d7f682	common_voice_sr_37810852.mp3	2a621c1c6d669861a830ead7ca3fb75b7f6115817678b73fd2a6b7405e139b28	Србија зна како је бити у рату с цијелим свијетом.		0	2					sr	
d1b6dfc74a44dd43a49083d4c7bdb905065a85a6252ffa93f7e3dd9524950932294b24adef1f6fcd89b346960e56a0efae68a392358fbc968531823129d7f682	common_voice_sr_37810853.mp3	49289c8ee773c084d728cea6f33e339bf0a0fe842be9138940b58d6a27488b3a	Интернет сајт пројекта описује његов циљ.		0	2					sr	
d1b6dfc74a44dd43a49083d4c7bdb905065a85a6252ffa93f7e3dd9524950932294b24adef1f6fcd89b346960e56a0efae68a392358fbc968531823129d7f682	common_voice_sr_37810854.mp3	1f68f348bf25ad5cec9aed616bc8078632d1c379c3b2c3103fae55d4370ccddc	Морамо побиједити, имамо заиста јаку репрезентацију.		0	2					sr	
d1b6dfc74a44dd43a49083d4c7bdb905065a85a6252ffa93f7e3dd9524950932294b24adef1f6fcd89b346960e56a0efae68a392358fbc968531823129d7f682	common_voice_sr_37810855.mp3	7ca8847b74170c13f0262048143ba0a002ee3558daa7a2751cd9769146acffc6	Ако је он.		0	2					sr	
d1b6dfc74a44dd43a49083d4c7bdb905065a85a6252ffa93f7e3dd9524950932294b24adef1f6fcd89b346960e56a0efae68a392358fbc968531823129d7f682	common_voice_sr_37810856.mp3	65a24128c11b3f9af25822702e0306217b79953c1ba54ba2630acc6f5646a6fe	Да видим како је то.		0	2					sr	
d1b6dfc74a44dd43a49083d4c7bdb905065a85a6252ffa93f7e3dd9524950932294b24adef1f6fcd89b346960e56a0efae68a392358fbc968531823129d7f682	common_voice_sr_37810857.mp3	79de91eeb8c9c69ab43815a77a931f5f6961374588b046d3dc214225efebb9e2	А шта да ради?		0	2					sr	
d1b6dfc74a44dd43a49083d4c7bdb905065a85a6252ffa93f7e3dd9524950932294b24adef1f6fcd89b346960e56a0efae68a392358fbc968531823129d7f682	common_voice_sr_37810858.mp3	7d680bf5cd0c81e0080a06cc2fff9f1c5202c1146d616af9871688dc54cca09b	Погледајте само.		0	2					sr	
d1b6dfc74a44dd43a49083d4c7bdb905065a85a6252ffa93f7e3dd9524950932294b24adef1f6fcd89b346960e56a0efae68a392358fbc968531823129d7f682	common_voice_sr_37810859.mp3	677d23a8e2e41109f0be246b6249d9ea20e3730b1cc9547b2aeeba7aab3cb667	Тражио га је.		0	2					sr	
d1b6dfc74a44dd43a49083d4c7bdb905065a85a6252ffa93f7e3dd9524950932294b24adef1f6fcd89b346960e56a0efae68a392358fbc968531823129d7f682	common_voice_sr_37810880.mp3	80ebdeec23bd9b5f32d915d9f08bce71457b09dea619dbd2ae6afffa09f13a40	Не могу вам одбити.		0	2					sr	
d1b6dfc74a44dd43a49083d4c7bdb905065a85a6252ffa93f7e3dd9524950932294b24adef1f6fcd89b346960e56a0efae68a392358fbc968531823129d7f682	common_voice_sr_37810881.mp3	8328b716e4a13be035b7dbe7300eecb2b25fb8cc26175116482eee37d944f982	Интеграције су, каже он, још увијек пресудна ствар.		0	2					sr	
d1b6dfc74a44dd43a49083d4c7bdb905065a85a6252ffa93f7e3dd9524950932294b24adef1f6fcd89b346960e56a0efae68a392358fbc968531823129d7f682	common_voice_sr_37810882.mp3	da091b67cfbf37976da6cc13701b9384e8776673f3bd85513a41b1c82888d516	Само је технологија та која се мијења.		0	2					sr	
d1b6dfc74a44dd43a49083d4c7bdb905065a85a6252ffa93f7e3dd9524950932294b24adef1f6fcd89b346960e56a0efae68a392358fbc968531823129d7f682	common_voice_sr_37810883.mp3	7a4429b6b2039dc8929d1c675d14ecc740de9e4f4598881b5e3a5b59a9bf7064	А не, не.		0	2					sr	
d1b6dfc74a44dd43a49083d4c7bdb905065a85a6252ffa93f7e3dd9524950932294b24adef1f6fcd89b346960e56a0efae68a392358fbc968531823129d7f682	common_voice_sr_37810884.mp3	57f81a8adea025566452bb5cc0c9014db8ea77d65c63a6b07beeb482b4bca04b	Тако је било јучер, данас и заувијек.		0	2					sr	
d1b6dfc74a44dd43a49083d4c7bdb905065a85a6252ffa93f7e3dd9524950932294b24adef1f6fcd89b346960e56a0efae68a392358fbc968531823129d7f682	common_voice_sr_37810890.mp3	064a6c7c760c70d5de13dfd2a2de20f359f6b59537dc39a25539b119e30e53a8	Ми још увијек чекамо на резултате истраге.		0	2					sr	
d1b6dfc74a44dd43a49083d4c7bdb905065a85a6252ffa93f7e3dd9524950932294b24adef1f6fcd89b346960e56a0efae68a392358fbc968531823129d7f682	common_voice_sr_37810891.mp3	6ff852a26363e3b82c89b727441655e4b4b6dc91eeb5ac02e72e6f05dced05a4	Ипак, није увек било тако.		0	2					sr	
d1b6dfc74a44dd43a49083d4c7bdb905065a85a6252ffa93f7e3dd9524950932294b24adef1f6fcd89b346960e56a0efae68a392358fbc968531823129d7f682	common_voice_sr_37810892.mp3	4912dce200fb31cc92b44d2336d3ef06055d2bd93d3fe0cc2a4ce3a2013dba81	Албанци, који траже ниже цијене, пуне гориво и тамо.		0	2					sr	
d1b6dfc74a44dd43a49083d4c7bdb905065a85a6252ffa93f7e3dd9524950932294b24adef1f6fcd89b346960e56a0efae68a392358fbc968531823129d7f682	common_voice_sr_37810893.mp3	5679512268eb7239937a9f8fca583f08b16ab4d8a30c747d2a1cdce70ea35781	Стога смо радикално измијенили тај систем.		0	2					sr	
d1b6dfc74a44dd43a49083d4c7bdb905065a85a6252ffa93f7e3dd9524950932294b24adef1f6fcd89b346960e56a0efae68a392358fbc968531823129d7f682	common_voice_sr_37810894.mp3	77fc4840454702f371736adc4ccfd1399be48a91f6062ef6896ec7921a69a1b7	Да, да, је.		0	2					sr	
d1b6dfc74a44dd43a49083d4c7bdb905065a85a6252ffa93f7e3dd9524950932294b24adef1f6fcd89b346960e56a0efae68a392358fbc968531823129d7f682	common_voice_sr_37810896.mp3	7ce9fea3e949250f547cec52bd7bf8db97a2a42cb378656d1fb50575f69c192d	Ево како то функционише.		0	2					sr	
d1b6dfc74a44dd43a49083d4c7bdb905065a85a6252ffa93f7e3dd9524950932294b24adef1f6fcd89b346960e56a0efae68a392358fbc968531823129d7f682	common_voice_sr_37810897.mp3	0cdd3d84583aa15ee593434671dd3086d6bf061b865c4f195f3387406751bb17	Два друга лица су још увијек на слободи.		0	2					sr	
d1b6dfc74a44dd43a49083d4c7bdb905065a85a6252ffa93f7e3dd9524950932294b24adef1f6fcd89b346960e56a0efae68a392358fbc968531823129d7f682	common_voice_sr_37810898.mp3	23f8559955877f9546bb85a636ffa3a9b36d0c76bc97c09928d0bd45695b6106	То важи за било које вријеме и било које мјесто.		0	2					sr	
d1b6dfc74a44dd43a49083d4c7bdb905065a85a6252ffa93f7e3dd9524950932294b24adef1f6fcd89b346960e56a0efae68a392358fbc968531823129d7f682	common_voice_sr_37810904.mp3	81f7f83fdb87b7133956aa7061d3ea73a9fc3ae5a3668cfbc5a6a9a01667027c	То не иде тако!		0	2					sr	
d1b6dfc74a44dd43a49083d4c7bdb905065a85a6252ffa93f7e3dd9524950932294b24adef1f6fcd89b346960e56a0efae68a392358fbc968531823129d7f682	common_voice_sr_37810905.mp3	8250b3f1b02d5205a34f12eab996e0a8f87263419e59593b32f764fab440de85	То што јесте.		0	2					sr	
d1b6dfc74a44dd43a49083d4c7bdb905065a85a6252ffa93f7e3dd9524950932294b24adef1f6fcd89b346960e56a0efae68a392358fbc968531823129d7f682	common_voice_sr_37810906.mp3	05fffc7c7e51a081141d392d577e0e455c1e05b632a8ed65db36d8d2517918c8	Времена се мијењању, а и људи се мијењају.		0	2					sr	
d1b6dfc74a44dd43a49083d4c7bdb905065a85a6252ffa93f7e3dd9524950932294b24adef1f6fcd89b346960e56a0efae68a392358fbc968531823129d7f682	common_voice_sr_37810907.mp3	826e1fb1089a06ce9d83500907a7cb2a19fc3c520e620b578de37df62c129aea	Па, шта да радимо.		0	2					sr	
d1b6dfc74a44dd43a49083d4c7bdb905065a85a6252ffa93f7e3dd9524950932294b24adef1f6fcd89b346960e56a0efae68a392358fbc968531823129d7f682	common_voice_sr_37810908.mp3	babc9e84b2c11733e98ecaab0b30a9e550314c7161d2916e03cf5612f6553808	Ситуација се неће промијенити преко ноћи.		0	2					sr	
d1b6dfc74a44dd43a49083d4c7bdb905065a85a6252ffa93f7e3dd9524950932294b24adef1f6fcd89b346960e56a0efae68a392358fbc968531823129d7f682	common_voice_sr_37810914.mp3	78bab2dd8b0f6a358b55705feef43140b99b0ecb915028c5ee9de6d4179f69b2	И за мене.		0	2					sr	
d1b6dfc74a44dd43a49083d4c7bdb905065a85a6252ffa93f7e3dd9524950932294b24adef1f6fcd89b346960e56a0efae68a392358fbc968531823129d7f682	common_voice_sr_37810931.mp3	77775081c40957f6a43d978a8f8dabaa2f537e2ad115cf11854c38f13a692daa	У данашњи дан.		0	2					sr	
d1b6dfc74a44dd43a49083d4c7bdb905065a85a6252ffa93f7e3dd9524950932294b24adef1f6fcd89b346960e56a0efae68a392358fbc968531823129d7f682	common_voice_sr_37810932.mp3	7ef6648e9df207978dd2dacb2424e9929828b03e6f22b53052496d35b289e30f	Благо ономе ко зна да не зна, а хоће да зна.		0	2					sr	
d1b6dfc74a44dd43a49083d4c7bdb905065a85a6252ffa93f7e3dd9524950932294b24adef1f6fcd89b346960e56a0efae68a392358fbc968531823129d7f682	common_voice_sr_37810933.mp3	6892fa4a84d555ceb21ec356686d031b1ef3a9d831cba526dee1e13bc9304a88	А, о њему.		0	2					sr	
d1b6dfc74a44dd43a49083d4c7bdb905065a85a6252ffa93f7e3dd9524950932294b24adef1f6fcd89b346960e56a0efae68a392358fbc968531823129d7f682	common_voice_sr_37810934.mp3	8335f7fef3550c6092a2fc48fe4b4a4b2dade680d62d055e693b828437d56392	Велика вам хвала.		0	2					sr	
d1b6dfc74a44dd43a49083d4c7bdb905065a85a6252ffa93f7e3dd9524950932294b24adef1f6fcd89b346960e56a0efae68a392358fbc968531823129d7f682	common_voice_sr_37810935.mp3	3a78512f17f3aa3cd554cc2def28bbb34ac58e45fb7fc93070c08c866956836d	Оштре стијене украшавају јужну обалу острва.		0	2					sr	
d1b6dfc74a44dd43a49083d4c7bdb905065a85a6252ffa93f7e3dd9524950932294b24adef1f6fcd89b346960e56a0efae68a392358fbc968531823129d7f682	common_voice_sr_37810936.mp3	3548987864ac8ac65fd6123b39c2efe4ad1e9acd354040bc291b707679f24f6d	Али молим вас!		0	2					sr	
d1b6dfc74a44dd43a49083d4c7bdb905065a85a6252ffa93f7e3dd9524950932294b24adef1f6fcd89b346960e56a0efae68a392358fbc968531823129d7f682	common_voice_sr_37810937.mp3	81ba73ae7f50dfe21a3ca7d3825015852bfc41a8452125d5fe6ef9ec03f8a64a	И одиста, уклела ме је.		0	2					sr	
d1b6dfc74a44dd43a49083d4c7bdb905065a85a6252ffa93f7e3dd9524950932294b24adef1f6fcd89b346960e56a0efae68a392358fbc968531823129d7f682	common_voice_sr_37810938.mp3	587d9387ef2d6640f1e7d2f574c3f9b1bc375077c6ef5e818c2c41fb1be24667	Ено, тамо је.		0	2					sr	
d1b6dfc74a44dd43a49083d4c7bdb905065a85a6252ffa93f7e3dd9524950932294b24adef1f6fcd89b346960e56a0efae68a392358fbc968531823129d7f682	common_voice_sr_37810939.mp3	81b2ffdfaf059a6ad9f051bafae9653776649bdb43c0bef7f090c9dc0b138f27	Он је у праву.		0	2					sr	
d1b6dfc74a44dd43a49083d4c7bdb905065a85a6252ffa93f7e3dd9524950932294b24adef1f6fcd89b346960e56a0efae68a392358fbc968531823129d7f682	common_voice_sr_37810940.mp3	81e2bbd7ef7e6f50f5b654a4279408c8c5d40befbfbe4d0caa5d19cf7b53c331	Не би био.		0	2					sr	
d1b6dfc74a44dd43a49083d4c7bdb905065a85a6252ffa93f7e3dd9524950932294b24adef1f6fcd89b346960e56a0efae68a392358fbc968531823129d7f682	common_voice_sr_37810941.mp3	5aa8c9b5613631f4daa88cefd443ed7910a20870652942cd3c38aec6b324e5c8	Горанци још увијек одржавају старе обичаје		0	2					sr	
d1b6dfc74a44dd43a49083d4c7bdb905065a85a6252ffa93f7e3dd9524950932294b24adef1f6fcd89b346960e56a0efae68a392358fbc968531823129d7f682	common_voice_sr_37810942.mp3	8188fb5eff6f7b8a4d97d36dfa431c9042a68741fc63567ed47243e97ba5a1bc	Да, овамо, овамо.		0	2					sr	
d1b6dfc74a44dd43a49083d4c7bdb905065a85a6252ffa93f7e3dd9524950932294b24adef1f6fcd89b346960e56a0efae68a392358fbc968531823129d7f682	common_voice_sr_37810944.mp3	7c21cbd1829f7275d296f3222510a1a0391bfb7730d13de16fb3ed48a23ef15b	Е па, немојте.		0	2					sr	
d1b6dfc74a44dd43a49083d4c7bdb905065a85a6252ffa93f7e3dd9524950932294b24adef1f6fcd89b346960e56a0efae68a392358fbc968531823129d7f682	common_voice_sr_37810945.mp3	5d82aeae4bb2d1cca14abe09473a8dfd1c732db0f62b850713f1fc8576c3699c	Ако је не добијемо, то опет не представља ништа.		0	2					sr	
d1b6dfc74a44dd43a49083d4c7bdb905065a85a6252ffa93f7e3dd9524950932294b24adef1f6fcd89b346960e56a0efae68a392358fbc968531823129d7f682	common_voice_sr_37810946.mp3	65ac97c21b0c65509605170e6ac4df2b4735dc8a15fa4c7b3ac0502fab0d8f63	Цитирање оригиналног извора информација је добродошло.		0	2					sr	
d1b6dfc74a44dd43a49083d4c7bdb905065a85a6252ffa93f7e3dd9524950932294b24adef1f6fcd89b346960e56a0efae68a392358fbc968531823129d7f682	common_voice_sr_37810952.mp3	745b64aa7b383c1a6a5e91c86d0fd6589ecec07892416a94ebb335f88ab82d78	Нове цијене ступит ће на снагу наредног мјесеца.		0	2					sr	
d1b6dfc74a44dd43a49083d4c7bdb905065a85a6252ffa93f7e3dd9524950932294b24adef1f6fcd89b346960e56a0efae68a392358fbc968531823129d7f682	common_voice_sr_37810953.mp3	2113c0e46a7cbe9065ddd27d5e63408d385bc759e0c3397f5140feefe2a5eae3	Слиједимо те осумњиченике још од марта.		0	2					sr	
d1b6dfc74a44dd43a49083d4c7bdb905065a85a6252ffa93f7e3dd9524950932294b24adef1f6fcd89b346960e56a0efae68a392358fbc968531823129d7f682	common_voice_sr_37810954.mp3	76814c8172507c1b4b5bf363aa56023ad3dbec457605b5716083278eca246f8d	Не а ти.		0	2					sr	
d1b6dfc74a44dd43a49083d4c7bdb905065a85a6252ffa93f7e3dd9524950932294b24adef1f6fcd89b346960e56a0efae68a392358fbc968531823129d7f682	common_voice_sr_37810955.mp3	09dec5c7bdcb2b931b405cbdc5451b957883c19fd1c6ab66fc39190a2423dc73	Фокус је био на процјени квалитета воде у тој ријеци.		1	2					sr	
d1b6dfc74a44dd43a49083d4c7bdb905065a85a6252ffa93f7e3dd9524950932294b24adef1f6fcd89b346960e56a0efae68a392358fbc968531823129d7f682	common_voice_sr_37810956.mp3	7c01c83d778eace4e0e7052ec72853e4a76a051e966264c93b1b0343b64d0fc0	Болујем за сваку убијену и рањену особу.		0	2					sr	
8d62c8156207af8d28573ee765fe2a63fde12567aa0892a373bc378c2f8348ac1902eb1096394c650714918c2b889d44a3e76232c96429e6721aafca09216978	common_voice_sr_38031085.mp3	379109e813e280ed5f8e1b15fd92a4cfcd55748002b8139e8a548bf7a4846ab8	Ја не вјерујем ни једној ријечи коју је он изрекао.		1	2			Beogradski		sr	
8d62c8156207af8d28573ee765fe2a63fde12567aa0892a373bc378c2f8348ac1902eb1096394c650714918c2b889d44a3e76232c96429e6721aafca09216978	common_voice_sr_38031088.mp3	29810fa586488079377b11620a11db31ab59f863caa17323ee456519e858f79a	Грчки транспорт у застоју услијед штрајкова		0	2			Beogradski		sr	
8757bbc20169b73e04198a9fe341b45e139ff77624e1863ac6f4744ae49154a59a294cc98b829f88121d39052c1394af6d2ee420f927ac1e7ec07964753bbe7b	common_voice_sr_38369103.mp3	8328b716e4a13be035b7dbe7300eecb2b25fb8cc26175116482eee37d944f982	Интеграције су, каже он, још увијек пресудна ствар.		1	2					sr	
8757bbc20169b73e04198a9fe341b45e139ff77624e1863ac6f4744ae49154a59a294cc98b829f88121d39052c1394af6d2ee420f927ac1e7ec07964753bbe7b	common_voice_sr_38369108.mp3	7560f90ba8c9c861b197dc63b4b262032f9a6fe60cb75845244c460e529bb581	Нисам чуо никакве пријетње насиљем.		0	2					sr	
e5e878317f52e7681b0132a2322e0ff8a495e188484ff22bb3cd3dc4c5654235147d8de4d00a529d4206c3908608c95ec3b1f0719bf31725b3a3fa3ead3c9903	common_voice_sr_38509100.mp3	31ebd27aef9203d89be25d7b0a3f82f3dc09094a53bbbea674a4a153db37215f	Највећи фактор за разматрање је цијена.		0	2	twenties	male_masculine			sr	
e5e878317f52e7681b0132a2322e0ff8a495e188484ff22bb3cd3dc4c5654235147d8de4d00a529d4206c3908608c95ec3b1f0719bf31725b3a3fa3ead3c9903	common_voice_sr_38509213.mp3	8666ff4a5ba9db1cb2d687cd4a670f11eccad2d285546e58df9118e33b219ea0	Ко је натакао волу рогове?		0	2	twenties	male_masculine			sr	
e5e878317f52e7681b0132a2322e0ff8a495e188484ff22bb3cd3dc4c5654235147d8de4d00a529d4206c3908608c95ec3b1f0719bf31725b3a3fa3ead3c9903	common_voice_sr_38523465.mp3	fa9e3929ac7f6f962917f996ea377ec69fb39dda06943347693eab76cdf39e2d	Сад имам пуне руке посла.		1	2	twenties	male_masculine			sr	
e5e878317f52e7681b0132a2322e0ff8a495e188484ff22bb3cd3dc4c5654235147d8de4d00a529d4206c3908608c95ec3b1f0719bf31725b3a3fa3ead3c9903	common_voice_sr_38523503.mp3	0a387772a6660db730cd94568dd277de3d16670db36edb656346bebe85e35d01	Знам да ћу једног дана побиједити и у овој утрци.		1	2	twenties	male_masculine			sr	
e5e878317f52e7681b0132a2322e0ff8a495e188484ff22bb3cd3dc4c5654235147d8de4d00a529d4206c3908608c95ec3b1f0719bf31725b3a3fa3ead3c9903	common_voice_sr_38526007.mp3	8eaad593dc429e24e20c6f3e21532491a9d6ac9418e1daff5c320677f212ba5a	А на тело?		0	2	twenties	male_masculine			sr	
c20cb0c0edb9cd9c40b412766f5b5d9a615df054ef83c7e998ab1c7cda8439b2565e7c784a0c81bf0eb074ee766f909ff38e1389881809fcac8373069a1a0f58	common_voice_sr_38847161.mp3	0fdc6f2004fa4761f6bb12201add7c8d2ed54d7d7a5c1dba3e80a042453cdcaa	Сви смо се ми временом промијенили.		0	2	twenties	female_feminine			sr	
c20cb0c0edb9cd9c40b412766f5b5d9a615df054ef83c7e998ab1c7cda8439b2565e7c784a0c81bf0eb074ee766f909ff38e1389881809fcac8373069a1a0f58	common_voice_sr_38847169.mp3	745b64aa7b383c1a6a5e91c86d0fd6589ecec07892416a94ebb335f88ab82d78	Нове цијене ступит ће на снагу наредног мјесеца.		0	2	twenties	female_feminine			sr	
149ba238cefc7f85d1117ab9b29cf8d72c2d1a56c3a1fd5513fc91504a1463f9b9d187032162adc1dfc7df18cf39dc77cea286ee76cab2c541c39b7697c6e1a4	common_voice_sr_39212751.mp3	02d0498304a99bfd468ac891781ae4b28a149fcc4a5c2d261ca6b1b9fb39a6b1	Македонија примијенила нови систем за сигурост хране		0	2					sr	
149ba238cefc7f85d1117ab9b29cf8d72c2d1a56c3a1fd5513fc91504a1463f9b9d187032162adc1dfc7df18cf39dc77cea286ee76cab2c541c39b7697c6e1a4	common_voice_sr_39212752.mp3	0a8df4c93fa635ca15f0c8d5cdf4fa7ff224ec1ed42d0d199c5c83abbb981887	Желимо бити активна чланица демократског свијета.		0	2					sr	
149ba238cefc7f85d1117ab9b29cf8d72c2d1a56c3a1fd5513fc91504a1463f9b9d187032162adc1dfc7df18cf39dc77cea286ee76cab2c541c39b7697c6e1a4	common_voice_sr_39212822.mp3	17309ec48d59fa9f39514648ec5445f38d111b0c3bce59d69e35407974e7b650	У исто вријеме, он је нагласио важност мирног рјешења.		0	2					sr	
bb4111f7660e48b3d6fcb5fbeb3a207cce8660dfd5654c9a2d4a340f6da39286585d749a38a908139c7cda61fa50e26038aeaf52c1443f6eeff4883ef9656d4e	common_voice_sr_39278067.mp3	3e64a458cad0bec11e15c975072288a7b82594800a3d38eabed7ff2e5b245b68	Имати веће плате, више посла?		0	2	thirties	male_masculine			sr	
bb4111f7660e48b3d6fcb5fbeb3a207cce8660dfd5654c9a2d4a340f6da39286585d749a38a908139c7cda61fa50e26038aeaf52c1443f6eeff4883ef9656d4e	common_voice_sr_39330712.mp3	0ab56a55593881ae63b56f279186a1ab101b504ed94decb1aff08468f57e45fe	Фестивала уличних музичара.		0	2	thirties	male_masculine			sr	
f6ed69a2167d70fa3e2f60fafa706bf8b5fb5b0edb1d3c10f2b749c9254d406a4a5f88b41de8e373f614e42ea2fe0c43b49892f99121209794d829589f1686e5	common_voice_sr_39551729.mp3	30570f99e56728f594f2ca9efa740ad6db54a1302a744cbdde78892200cd38c8	Заиста ми ни у једном тренутку није кренуло.		0	2					sr	
f6ed69a2167d70fa3e2f60fafa706bf8b5fb5b0edb1d3c10f2b749c9254d406a4a5f88b41de8e373f614e42ea2fe0c43b49892f99121209794d829589f1686e5	common_voice_sr_39551730.mp3	075f50813ff953f2aac6bcb24bd093c24ed437e498cad676f0af9683a2a0522a	Иде хајка преко села,		0	2					sr	
f6ed69a2167d70fa3e2f60fafa706bf8b5fb5b0edb1d3c10f2b749c9254d406a4a5f88b41de8e373f614e42ea2fe0c43b49892f99121209794d829589f1686e5	common_voice_sr_39551731.mp3	32bddd7246f2106125a565c2e7a0d32a039b46bdc51e2245805cee70539003f2	Албански медији су још увек у периоду транзиције.		0	2					sr	
f6ed69a2167d70fa3e2f60fafa706bf8b5fb5b0edb1d3c10f2b749c9254d406a4a5f88b41de8e373f614e42ea2fe0c43b49892f99121209794d829589f1686e5	common_voice_sr_39551732.mp3	27060e7a275db2ca313eeee2be94910d23b1cf570a90d46b1c2579badf396877	Реакције на план биле су помешане.		0	2					sr	
4ad3d9184f039ff4d6070ed74e23707ae802e7a5ad545f74b91cdedd52f198f63dfbab0fd11a3635cb126b08a67e1ee5b16578506b3b85cb6651eb7e52ae4d69	common_voice_sr_39884944.mp3	07ed69efa2026cffd2413b9c4fb031ac3e9189c152591f7113dc5268b7f5af50	Ова књига је фикција.		0	4	twenties		šumajsko-vojvođanski		sr	
4ad3d9184f039ff4d6070ed74e23707ae802e7a5ad545f74b91cdedd52f198f63dfbab0fd11a3635cb126b08a67e1ee5b16578506b3b85cb6651eb7e52ae4d69	common_voice_sr_39884993.mp3	26c066a17725bc1566e723ed0c1c1e375c576c0351ed5f88fc95bb5074c6b7c1	Петковић међутим размишља корак по корак.		0	4	twenties		šumajsko-vojvođanski		sr	
4ad3d9184f039ff4d6070ed74e23707ae802e7a5ad545f74b91cdedd52f198f63dfbab0fd11a3635cb126b08a67e1ee5b16578506b3b85cb6651eb7e52ae4d69	common_voice_sr_39885160.mp3	1784afe2890edaec25442906fbceca18feea9b48f10f078039a612244672d62d	"Те је жалим, прегорет' не могу!"		0	4	twenties		šumajsko-vojvođanski		sr	
4ad3d9184f039ff4d6070ed74e23707ae802e7a5ad545f74b91cdedd52f198f63dfbab0fd11a3635cb126b08a67e1ee5b16578506b3b85cb6651eb7e52ae4d69	common_voice_sr_39885196.mp3	27872230ad73028bb08aa2b1decf0b67cb68b7c6b38b116d59fdf2108129429e	"Иначе, упозорава се у тим обавијестима, струје ће им "нестати"."		2	2	twenties		šumajsko-vojvođanski		sr	
5a57078ac25720b998da457cfc23c1f49f91e68f325ea1b4131eab9e718e1f31ccf249870b59efa3f350d89f5284119ed1b45265eb9a9926b1fb23875f6eadc0	common_voice_sr_39936565.mp3	21a061f4024ac9d9253dd27fa9a208290ad59952fdeb2ec36e1c2268f1bceae8	Како би се и очекивало, цијене су генерално знатно веће.		0	2	twenties	female_feminine			sr	
5a57078ac25720b998da457cfc23c1f49f91e68f325ea1b4131eab9e718e1f31ccf249870b59efa3f350d89f5284119ed1b45265eb9a9926b1fb23875f6eadc0	common_voice_sr_39936568.mp3	15ee3e4afcb08f46f2621c8097cb89b402de920a961404ad1005e02551440802	"Стручњаци окривљују "системске слабости" које та земља није успјела ријешити."		0	2	twenties	female_feminine			sr	
5a57078ac25720b998da457cfc23c1f49f91e68f325ea1b4131eab9e718e1f31ccf249870b59efa3f350d89f5284119ed1b45265eb9a9926b1fb23875f6eadc0	common_voice_sr_39980229.mp3	066a75a6fde3ed5f46cee295b82486fccb7e42b82ab989b4910b4bfba9bf69d1	Четверо лица убијено у пуцњави на македонској граници		0	2	twenties	female_feminine			sr	
d9d440b67844546e29843c8acc53d22d98a56d05e0fd78e744c4b53ca14503b4d5cc49b603ccfe4856acab0bcd22893551158193f41300528d7add344923789c	common_voice_sr_40189517.mp3	366ff1fd915c06a9b23d173431170eec878fa2ac01f64e1bf7d04237da2205dd	Требало нам је око седам мјесеци да обезбиједимо та средства.		1	2					sr	
0bf66c609d820b90d03561a1ea0af21be5d95c9c436cf022f7be6c87dff4e0b5cdaa39530825fdbe4b9c3cb9b675ced621592129190f7fa2e9b59b6103e99876	common_voice_sr_40386274.mp3	3714dc8c1b57b6aa6499b361d0503069d6fd0739ce1e6abff61d80331c851064	Наш први утисак је да је документ позитиван.		1	2	fifties				sr	
da400141d8070c4c2118c8f9d12545363fde0b2ee20bcd278f095f21939878a8ab884e4be8210be6741e0508f713bdc91bd016c162516481a3731f73c19200a1	common_voice_sr_40471717.mp3	1b237c6ef7a3789f39eda8bcf050ba80f2e15351516ae774b1bb9be2895f40e7	"Осмијех има моћ изљечења."		0	4	twenties	male_masculine	Eastern Herzegovinian accent from Montenegro		sr	
da400141d8070c4c2118c8f9d12545363fde0b2ee20bcd278f095f21939878a8ab884e4be8210be6741e0508f713bdc91bd016c162516481a3731f73c19200a1	common_voice_sr_40471719.mp3	2aa8cfdd4720a2ba9459c45a6e83f1ce3b520da87f9ec88a9f6a1e01f144b24c	Глобална динамика азила се мијења.		2	2	twenties	male_masculine	Eastern Herzegovinian accent from Montenegro		sr	
da400141d8070c4c2118c8f9d12545363fde0b2ee20bcd278f095f21939878a8ab884e4be8210be6741e0508f713bdc91bd016c162516481a3731f73c19200a1	common_voice_sr_40471738.mp3	17ec1b749a02e96b0484851041558ba56afca1c882c0c4f8f690db2ddc1f64f8	Заједничка управа над пријелазима могла би представљати дио рјешења.		2	2	twenties	male_masculine	Eastern Herzegovinian accent from Montenegro		sr	
da400141d8070c4c2118c8f9d12545363fde0b2ee20bcd278f095f21939878a8ab884e4be8210be6741e0508f713bdc91bd016c162516481a3731f73c19200a1	common_voice_sr_40471771.mp3	3eabde0f2d438210274da6b1b578b68349204c19363c7353b3f496d526c16cde	Породица је обично била корак испред владе.		2	2	twenties	male_masculine	Eastern Herzegovinian accent from Montenegro		sr	
796fe133361fb0e112532e9fcf62cab25f042a1b573801e85e4d2393f93421148b07e11104330afc6423efe991e4f1461b3be1594c53c095d2c17624c964bca4	common_voice_sr_40491627.mp3	348c57b00dbda69cc39231392f96b62172d5504e0303f99c6a9c0f504aaa246a	Волим снијег, али то је било превише.		0	4	thirties	female_feminine	ijekavica|Ekavica		sr	
796fe133361fb0e112532e9fcf62cab25f042a1b573801e85e4d2393f93421148b07e11104330afc6423efe991e4f1461b3be1594c53c095d2c17624c964bca4	common_voice_sr_40491631.mp3	2ff9be176adab69eefe7c060cfa57092b589fbe80e9f32c98ba31dda9c1fe98b	Контролори захтијевају ангажирање додатног персонала и боље здравствене погодности.		2	2	thirties	female_feminine	ijekavica|Ekavica		sr	
796fe133361fb0e112532e9fcf62cab25f042a1b573801e85e4d2393f93421148b07e11104330afc6423efe991e4f1461b3be1594c53c095d2c17624c964bca4	common_voice_sr_40491733.mp3	04a15084e50b1612c5bf12efe2d5785071a0d83655d7200601f05c842386d989	Косову је потребно опредијељено руководство које служи као примјер.		2	2	thirties	female_feminine	ijekavica|Ekavica		sr	
da400141d8070c4c2118c8f9d12545363fde0b2ee20bcd278f095f21939878a8ab884e4be8210be6741e0508f713bdc91bd016c162516481a3731f73c19200a1	common_voice_sr_40609231.mp3	541d3bf6eec41514cbfc90d4777a1089d2abebb3a9e81d1d7b1510e14cde3fae	Турска одлучна да крене напријед с пројектом нуклеарног постројења		2	2	twenties	male_masculine	Eastern Herzegovinian accent from Montenegro		sr	
813b57bea1e71b591da730e86bb13428d88ac78655d06b1271c2ec1fe6035fad0307c2ea771584330cf5c3b4a77367bad1b1c3423d13c1cb1819cd80e882bbf6	common_voice_sr_40976273.mp3	92f2e8d17c1944127186d1f5b203a12543a74a35a2f89515d26329a935769d40	О, ти си!		0	2	fourties		Srbski jezik, naglasak Novi Sad, Beočin		sr	
4d9ffe48ab002c5e8865fab40c6667b138b9ae0239a43f69748bbb4709b07187a78a15ad77a9f7c0c728e1bc870f77019cfb0f32619db2949eba176d7b46be80	common_voice_sr_40976868.mp3	04dee313f4856a87aea68ba57e9c87dc5896356253ab270565712afedea3dfba	Меđутим, не дијеле сви то мишљење.		0	2	sixties				sr	
4d9ffe48ab002c5e8865fab40c6667b138b9ae0239a43f69748bbb4709b07187a78a15ad77a9f7c0c728e1bc870f77019cfb0f32619db2949eba176d7b46be80	common_voice_sr_40976877.mp3	4c005742e50b84807142e010fc67ea7ae9419f1bb3d4ebc7a4e0975b3aadc881	И он каза својој вјерној љуби:		1	2	sixties				sr	
4d9ffe48ab002c5e8865fab40c6667b138b9ae0239a43f69748bbb4709b07187a78a15ad77a9f7c0c728e1bc870f77019cfb0f32619db2949eba176d7b46be80	common_voice_sr_40976908.mp3	204e519aceda537dd28928c03ee8b56ec53d36914572e8c9eea99de9aa059e02	Сјајно је што га људи препознају и прихватају.		0	2	sixties				sr	
4d9ffe48ab002c5e8865fab40c6667b138b9ae0239a43f69748bbb4709b07187a78a15ad77a9f7c0c728e1bc870f77019cfb0f32619db2949eba176d7b46be80	common_voice_sr_40977027.mp3	4cbe069b0f3ed20e2575303109ac4a99fa8e5ca46aa75229c24292bdb38e6f7a	Свети мјесец захтијева одговарајуће мисли и понашање, појаснио је он.		0	2	sixties				sr	
6c24b4121862c2d34414d977ecf9134d1182f7bc686b05b5c6f0d2a2cd1a2d85399d3aeea0bc1349ce3b49b66d218f87582d82dbf7008fc2234d8b40f6599d95	common_voice_sr_40977547.mp3	393719848c827b448ffdaf432ca23773fb065e10ea34b336994464961757126d	Друге странке изнијеле су своје кандидате.		0	2	sixties				sr	
813b57bea1e71b591da730e86bb13428d88ac78655d06b1271c2ec1fe6035fad0307c2ea771584330cf5c3b4a77367bad1b1c3423d13c1cb1819cd80e882bbf6	common_voice_sr_40977746.mp3	5a178d88808c2a9d09f7a8617aec8c7f28d286da50773d3c04e153e0d7b0410d	Алтернатива је девалвација денара.		0	2	fourties		Srbski jezik, naglasak Novi Sad, Beočin		sr	
6c24b4121862c2d34414d977ecf9134d1182f7bc686b05b5c6f0d2a2cd1a2d85399d3aeea0bc1349ce3b49b66d218f87582d82dbf7008fc2234d8b40f6599d95	common_voice_sr_40984175.mp3	ddaa0006053b2e9b7c999f6acd131b1ce9960c0ddd3d50529c5f858005674ea8	Јеси ли свршио?		0	2	sixties				sr	
da400141d8070c4c2118c8f9d12545363fde0b2ee20bcd278f095f21939878a8ab884e4be8210be6741e0508f713bdc91bd016c162516481a3731f73c19200a1	common_voice_sr_46921812.mp3	f5f1679b785532a35a01d45e836401ca46b2b343d472e88f0a860f442089bf28	Ох, ох, ох.		0	2	twenties	male_masculine	Eastern Herzegovinian accent from Montenegro		sr	
