client_id	path	sentence_id	sentence	sentence_domain	up_votes	down_votes	age	gender	accents	variant	locale	segment
8ac818c75bdfe32558921ff326d014bd33793d73411f15f3b26275036985b705c7b264622e724752fc35a6ae6d4eaec87bc67e126c936761d16d2ea6c9c0b980	common_voice_sr_36949149.mp3	4947ba3d9ace21d0e19002361869db96bd916a2f86ffb2385064148b4bb51027	Сигурно је сам?		2	0			Klasičan		sr	
8ac818c75bdfe32558921ff326d014bd33793d73411f15f3b26275036985b705c7b264622e724752fc35a6ae6d4eaec87bc67e126c936761d16d2ea6c9c0b980	common_voice_sr_36949150.mp3	382ed744777dc1a29d5d272b9575241251f151745e78d5af4a5607bd5ad74e19	Само, не знам.		2	0			Klasičan		sr	
8ac818c75bdfe32558921ff326d014bd33793d73411f15f3b26275036985b705c7b264622e724752fc35a6ae6d4eaec87bc67e126c936761d16d2ea6c9c0b980	common_voice_sr_36949151.mp3	02b45327ce60adffc58c6dca988ad947e23b6933ef1f76e1bff70cd94ddeeaa3	У књизи је.		2	0			Klasičan		sr	
8ac818c75bdfe32558921ff326d014bd33793d73411f15f3b26275036985b705c7b264622e724752fc35a6ae6d4eaec87bc67e126c936761d16d2ea6c9c0b980	common_voice_sr_36949152.mp3	511d25a20de61d43fc349935439cba867ed51cf344e7727259ad9ef6eb2109bb	Свако ко је гледао тај филм рекао ми је да је одличан.		2	0			Klasičan		sr	
8ac818c75bdfe32558921ff326d014bd33793d73411f15f3b26275036985b705c7b264622e724752fc35a6ae6d4eaec87bc67e126c936761d16d2ea6c9c0b980	common_voice_sr_36949153.mp3	d4ffb784b0367726e1a9d19a923bae4bc4e05ad00d090cbf283a5e977a18cdc6	То су те!		2	0			Klasičan		sr	
8ac818c75bdfe32558921ff326d014bd33793d73411f15f3b26275036985b705c7b264622e724752fc35a6ae6d4eaec87bc67e126c936761d16d2ea6c9c0b980	common_voice_sr_36949203.mp3	564fe54db30efb8692742033906ec012d0a1799482c003064fc4cd29496b332c	Ја не волим.		2	0	fifties	female_feminine	Klasičan		sr	
8ac818c75bdfe32558921ff326d014bd33793d73411f15f3b26275036985b705c7b264622e724752fc35a6ae6d4eaec87bc67e126c936761d16d2ea6c9c0b980	common_voice_sr_36949204.mp3	3b4c208eaa29c0e9f832d1ff471fefced78b55fe653e53f905ab5cb6922e068a	То је тако.		2	0	fifties	female_feminine	Klasičan		sr	
8ac818c75bdfe32558921ff326d014bd33793d73411f15f3b26275036985b705c7b264622e724752fc35a6ae6d4eaec87bc67e126c936761d16d2ea6c9c0b980	common_voice_sr_36949206.mp3	3c12a9d439becb85961f5a19d16ba59d47ecf19fd1889c668b4c3f5543d377e9	И то је истина.		2	0	fifties	female_feminine	Klasičan		sr	
8ac818c75bdfe32558921ff326d014bd33793d73411f15f3b26275036985b705c7b264622e724752fc35a6ae6d4eaec87bc67e126c936761d16d2ea6c9c0b980	common_voice_sr_36949216.mp3	4d1d825dc7aeb5fefcd777d44443e0b258a0f9e6679e0fa55eee993edcd16e4b	Прво, како ће нови устав бити донесен?		2	0	fifties	female_feminine	Klasičan		sr	
8ac818c75bdfe32558921ff326d014bd33793d73411f15f3b26275036985b705c7b264622e724752fc35a6ae6d4eaec87bc67e126c936761d16d2ea6c9c0b980	common_voice_sr_36949219.mp3	4b724fd6fbc4549919c2fed8ad2d806ee9521b62f22f1e2b92e518097022e5c3	Шта има ново?		2	0	fifties	female_feminine	Klasičan		sr	
8ac818c75bdfe32558921ff326d014bd33793d73411f15f3b26275036985b705c7b264622e724752fc35a6ae6d4eaec87bc67e126c936761d16d2ea6c9c0b980	common_voice_sr_36949220.mp3	8e479598320880e8e41bc1d71cec825550fb392595f581d22f1a8ade83a77864	Суштина програма је алтернативна култура, углавном прилагођена публици.		2	0	fifties	female_feminine	Klasičan		sr	
8ac818c75bdfe32558921ff326d014bd33793d73411f15f3b26275036985b705c7b264622e724752fc35a6ae6d4eaec87bc67e126c936761d16d2ea6c9c0b980	common_voice_sr_36949221.mp3	f7e84933ad6e18dd68fcd4d91841ecc994d46d4a5f32f505237d1f82f5f31453	Шансе за тако нешто су слабе.		2	0	fifties	female_feminine	Klasičan		sr	
8ac818c75bdfe32558921ff326d014bd33793d73411f15f3b26275036985b705c7b264622e724752fc35a6ae6d4eaec87bc67e126c936761d16d2ea6c9c0b980	common_voice_sr_36949232.mp3	0e6777cbc928df881b212433be928ae8d152c89a5c3d5d85398792649788a898	Премијерка је прихватила његову оставку.		2	0	fifties	female_feminine	Klasičan		sr	
8ac818c75bdfe32558921ff326d014bd33793d73411f15f3b26275036985b705c7b264622e724752fc35a6ae6d4eaec87bc67e126c936761d16d2ea6c9c0b980	common_voice_sr_36949233.mp3	5028eafd9301ea0d90e70611b2c4256f35f740fdf69eea2a2df60f511a24a28a	За ово не.		2	0	fifties	female_feminine	Klasičan		sr	
8ac818c75bdfe32558921ff326d014bd33793d73411f15f3b26275036985b705c7b264622e724752fc35a6ae6d4eaec87bc67e126c936761d16d2ea6c9c0b980	common_voice_sr_36949234.mp3	4dc0843712e979bad48bc3773ff980c4f9fb670981be01fb3dcb86cbd1d860f4	То ти је!		2	0	fifties	female_feminine	Klasičan		sr	
8ac818c75bdfe32558921ff326d014bd33793d73411f15f3b26275036985b705c7b264622e724752fc35a6ae6d4eaec87bc67e126c936761d16d2ea6c9c0b980	common_voice_sr_36949241.mp3	4e2d19a93cc580352a6746b905bb3e03c361ddbe4eb77939647e919545942874	Да, је добро.		2	0	fifties	female_feminine	Klasičan		sr	
8ac818c75bdfe32558921ff326d014bd33793d73411f15f3b26275036985b705c7b264622e724752fc35a6ae6d4eaec87bc67e126c936761d16d2ea6c9c0b980	common_voice_sr_36949242.mp3	5344d3a76efd5e1285bb1a83fe800c29b301aea973adc2b2f46ac8c897ac2348	Који је ваш став о томе?		2	0	fifties	female_feminine	Klasičan		sr	
8ac818c75bdfe32558921ff326d014bd33793d73411f15f3b26275036985b705c7b264622e724752fc35a6ae6d4eaec87bc67e126c936761d16d2ea6c9c0b980	common_voice_sr_36949243.mp3	4287455258f8d03b435ecf2036ddbb65d6922150a7bdc212d0517ceee9ec57d9	Нисам ја то!		2	0	fifties	female_feminine	Klasičan		sr	
8ac818c75bdfe32558921ff326d014bd33793d73411f15f3b26275036985b705c7b264622e724752fc35a6ae6d4eaec87bc67e126c936761d16d2ea6c9c0b980	common_voice_sr_36949244.mp3	3b6af0898950d28bb2f181aa2edbb7093c03941a357af36571f36ecf18f9e67f	И још је.		2	0	fifties	female_feminine	Klasičan		sr	
8ac818c75bdfe32558921ff326d014bd33793d73411f15f3b26275036985b705c7b264622e724752fc35a6ae6d4eaec87bc67e126c936761d16d2ea6c9c0b980	common_voice_sr_36949251.mp3	474a41845e975df5022e1d03958e81eaa2040b7ce0f164974773002e9ea5a33c	То је суштина демократије.		2	0	fifties	female_feminine	Klasičan		sr	
8ac818c75bdfe32558921ff326d014bd33793d73411f15f3b26275036985b705c7b264622e724752fc35a6ae6d4eaec87bc67e126c936761d16d2ea6c9c0b980	common_voice_sr_36949252.mp3	54d6f647a3986a0ccf510ccb6f9961841727992ea6d51f6fbd810335b06a24b4	А која је?		2	0	fifties	female_feminine	Klasičan		sr	
8ac818c75bdfe32558921ff326d014bd33793d73411f15f3b26275036985b705c7b264622e724752fc35a6ae6d4eaec87bc67e126c936761d16d2ea6c9c0b980	common_voice_sr_36949254.mp3	356ee6ca3b187dd5149dceb824d3987e7f5d32dfb0dd0944efa01e7f21e985fd	Али то није увек тако.		2	0	fifties	female_feminine	Klasičan		sr	
8ac818c75bdfe32558921ff326d014bd33793d73411f15f3b26275036985b705c7b264622e724752fc35a6ae6d4eaec87bc67e126c936761d16d2ea6c9c0b980	common_voice_sr_36949255.mp3	2df1732dd6b80ecf34436f280a995575bbecf032233d92b0cf856613483bea8d	То си ти!		2	0	fifties	female_feminine	Klasičan		sr	
8ac818c75bdfe32558921ff326d014bd33793d73411f15f3b26275036985b705c7b264622e724752fc35a6ae6d4eaec87bc67e126c936761d16d2ea6c9c0b980	common_voice_sr_36949256.mp3	539d7d2560f6fc6a58a973ac0d9487c6236a5d4ab9c21c3a4222084fb27bd547	Да јој кажем.		2	0	fifties	female_feminine	Klasičan		sr	
8ac818c75bdfe32558921ff326d014bd33793d73411f15f3b26275036985b705c7b264622e724752fc35a6ae6d4eaec87bc67e126c936761d16d2ea6c9c0b980	common_voice_sr_36949261.mp3	56994539464a3d02e12758d7004a749d25a73557ecdd176f3a13eb9e72874744	И са њим?		2	0	fifties	female_feminine	Klasičan		sr	
8ac818c75bdfe32558921ff326d014bd33793d73411f15f3b26275036985b705c7b264622e724752fc35a6ae6d4eaec87bc67e126c936761d16d2ea6c9c0b980	common_voice_sr_36949263.mp3	3fb767942d2614acca3dd5fc287a0c1bbc1190f880290545b201a6a21dbe4faa	Знаш како ми је?		2	0	fifties	female_feminine	Klasičan		sr	
8ac818c75bdfe32558921ff326d014bd33793d73411f15f3b26275036985b705c7b264622e724752fc35a6ae6d4eaec87bc67e126c936761d16d2ea6c9c0b980	common_voice_sr_36949264.mp3	2ddb737ac71a96a00c1dad07d7baea79dcb341fd9fb4934adbff9e69143a4d46	Јеси ли ти при себи?		2	0	fifties	female_feminine	Klasičan		sr	
8ac818c75bdfe32558921ff326d014bd33793d73411f15f3b26275036985b705c7b264622e724752fc35a6ae6d4eaec87bc67e126c936761d16d2ea6c9c0b980	common_voice_sr_36949265.mp3	4cb7e3e12abb78494c34d9498fda307fcb2a71e7607da05e9d99feb84ef386c5	Отац ми је.		2	0	fifties	female_feminine	Klasičan		sr	
8ac818c75bdfe32558921ff326d014bd33793d73411f15f3b26275036985b705c7b264622e724752fc35a6ae6d4eaec87bc67e126c936761d16d2ea6c9c0b980	common_voice_sr_36949271.mp3	47a06bc6a6e7c3b2543330a610d199f89e0b313d7cf8afb3080c67166d6a34fa	И само једном.		2	1	fifties	female_feminine	Klasičan		sr	
8ac818c75bdfe32558921ff326d014bd33793d73411f15f3b26275036985b705c7b264622e724752fc35a6ae6d4eaec87bc67e126c936761d16d2ea6c9c0b980	common_voice_sr_36949272.mp3	49475e932c96609d4eb90576166e735230c70e631441a79ca6d9dbbc92a3e538	Још један пут.		2	0	fifties	female_feminine	Klasičan		sr	
8ac818c75bdfe32558921ff326d014bd33793d73411f15f3b26275036985b705c7b264622e724752fc35a6ae6d4eaec87bc67e126c936761d16d2ea6c9c0b980	common_voice_sr_36949273.mp3	4e513156a435764080e07cf76d565283bdd0fb09e4df8c913a63979fa20313da	И боји се.		2	0	fifties	female_feminine	Klasičan		sr	
8ac818c75bdfe32558921ff326d014bd33793d73411f15f3b26275036985b705c7b264622e724752fc35a6ae6d4eaec87bc67e126c936761d16d2ea6c9c0b980	common_voice_sr_36949274.mp3	52b81aa6afd708522414310b865f11aa69f015151410348c499b923c64e67b8d	И мене је.		2	0	fifties	female_feminine	Klasičan		sr	
8ac818c75bdfe32558921ff326d014bd33793d73411f15f3b26275036985b705c7b264622e724752fc35a6ae6d4eaec87bc67e126c936761d16d2ea6c9c0b980	common_voice_sr_36949289.mp3	4d74c1f489ede6804bf617a349b26138335887c7b8308604ca90ca732d9db69b	А ја не?		2	1	fifties	female_feminine	Klasičan		sr	
8ac818c75bdfe32558921ff326d014bd33793d73411f15f3b26275036985b705c7b264622e724752fc35a6ae6d4eaec87bc67e126c936761d16d2ea6c9c0b980	common_voice_sr_36949290.mp3	10cc9815ccb6f68c9e5522d02b8bf6d5dda43b4d095ae6a53bf18c912e788ae7	Нека си благословен.		2	0	fifties	female_feminine	Klasičan		sr	
8ac818c75bdfe32558921ff326d014bd33793d73411f15f3b26275036985b705c7b264622e724752fc35a6ae6d4eaec87bc67e126c936761d16d2ea6c9c0b980	common_voice_sr_36949291.mp3	49ea239fceef9f629d86e1f59ed1fe93b105b89baf8888dc6858a0248b00fcc5	Једни од других.		2	0	fifties	female_feminine	Klasičan		sr	
8ac818c75bdfe32558921ff326d014bd33793d73411f15f3b26275036985b705c7b264622e724752fc35a6ae6d4eaec87bc67e126c936761d16d2ea6c9c0b980	common_voice_sr_36949292.mp3	1b2c299e35cc09ac69123a82e9631693aaff2ce3c7233b6f15323a51db94b47e	Ја вас молим!		2	0	fifties	female_feminine	Klasičan		sr	
8ac818c75bdfe32558921ff326d014bd33793d73411f15f3b26275036985b705c7b264622e724752fc35a6ae6d4eaec87bc67e126c936761d16d2ea6c9c0b980	common_voice_sr_36949302.mp3	f30b29257e626cfa1c5dc779d374b22b8e75db455ed2ac648b98436e4ae24597	Молим вас, седите!		2	1	fifties	female_feminine	Klasičan		sr	
8ac818c75bdfe32558921ff326d014bd33793d73411f15f3b26275036985b705c7b264622e724752fc35a6ae6d4eaec87bc67e126c936761d16d2ea6c9c0b980	common_voice_sr_36949303.mp3	4aa25f0dc11b496a7852a2a40b8db1ab6a5d613486971617e4e6009fda64ffaa	Да, он је!		2	0	fifties	female_feminine	Klasičan		sr	
8ac818c75bdfe32558921ff326d014bd33793d73411f15f3b26275036985b705c7b264622e724752fc35a6ae6d4eaec87bc67e126c936761d16d2ea6c9c0b980	common_voice_sr_36949304.mp3	3f5d146708f06746ecfaf328183214839eb21449671dcd76de68979e8929f0c7	Нешто мало, да.		2	0	fifties	female_feminine	Klasičan		sr	
8ac818c75bdfe32558921ff326d014bd33793d73411f15f3b26275036985b705c7b264622e724752fc35a6ae6d4eaec87bc67e126c936761d16d2ea6c9c0b980	common_voice_sr_36949428.mp3	54b365f268b4e3865356ec6115433267bf074f0d598544d120f61e0f59bd8bf9	На законодавцима је да покрену промене.		2	0	fifties	female_feminine	Klasičan		sr	
8ac818c75bdfe32558921ff326d014bd33793d73411f15f3b26275036985b705c7b264622e724752fc35a6ae6d4eaec87bc67e126c936761d16d2ea6c9c0b980	common_voice_sr_36949429.mp3	1e69dd2a4e13d0da1707ae855ba9a5a8dd63388503860c33f0e8eae3124495d9	То нисам била ја.		2	0	fifties	female_feminine	Klasičan		sr	
8ac818c75bdfe32558921ff326d014bd33793d73411f15f3b26275036985b705c7b264622e724752fc35a6ae6d4eaec87bc67e126c936761d16d2ea6c9c0b980	common_voice_sr_36949430.mp3	4b2f8754bfc5c137b1c6509e254254ed1c08546c8e8e3de232eb7f34c47ab69d	Ма види се!		2	0	fifties	female_feminine	Klasičan		sr	
8ac818c75bdfe32558921ff326d014bd33793d73411f15f3b26275036985b705c7b264622e724752fc35a6ae6d4eaec87bc67e126c936761d16d2ea6c9c0b980	common_voice_sr_36949431.mp3	30862610d10f6d1e7af00ca2389a3feb2396fd62e61cb87c29dea4f6c13f1c76	И то како.		2	0	fifties	female_feminine	Klasičan		sr	
8ac818c75bdfe32558921ff326d014bd33793d73411f15f3b26275036985b705c7b264622e724752fc35a6ae6d4eaec87bc67e126c936761d16d2ea6c9c0b980	common_voice_sr_36949433.mp3	30e2b6dbfa254362ef44be44e8b83e1b23df7eaeb55642db7f1c32faa46b8eb3	А ја не разумем зашто.		2	0	fifties	female_feminine	Klasičan		sr	
8ac818c75bdfe32558921ff326d014bd33793d73411f15f3b26275036985b705c7b264622e724752fc35a6ae6d4eaec87bc67e126c936761d16d2ea6c9c0b980	common_voice_sr_36949434.mp3	428599afc6c68f13d877412c7518eb30e9b777c79b2238dc439c5f84a1efb554	И знаш ли шта?		2	0	fifties	female_feminine	Klasičan		sr	
8ac818c75bdfe32558921ff326d014bd33793d73411f15f3b26275036985b705c7b264622e724752fc35a6ae6d4eaec87bc67e126c936761d16d2ea6c9c0b980	common_voice_sr_36949435.mp3	44857dae5cde928b85e7bed782cdd80ba3773cd76f10734c520ed8940e8a970f	Шта сам урадио.		2	0	fifties	female_feminine	Klasičan		sr	
8ac818c75bdfe32558921ff326d014bd33793d73411f15f3b26275036985b705c7b264622e724752fc35a6ae6d4eaec87bc67e126c936761d16d2ea6c9c0b980	common_voice_sr_36949437.mp3	32a98324bd7063e72ada2c069eda2784836c3cc2b31784a1a621bdb973daa2b0	Па, хоћемо ли?		2	0	fifties	female_feminine	Klasičan		sr	
8ac818c75bdfe32558921ff326d014bd33793d73411f15f3b26275036985b705c7b264622e724752fc35a6ae6d4eaec87bc67e126c936761d16d2ea6c9c0b980	common_voice_sr_36949450.mp3	253fb7b24cf55ff62005c967f2ab96074cf42b03813e1a5778d4dc9bfb90886f	А то није тако.		2	0	fifties	female_feminine	Klasičan		sr	
8ac818c75bdfe32558921ff326d014bd33793d73411f15f3b26275036985b705c7b264622e724752fc35a6ae6d4eaec87bc67e126c936761d16d2ea6c9c0b980	common_voice_sr_36949451.mp3	57e2645fd570b60c4e4eab54d0c21a4551e4fbe4f672af1cf9be446e12deb88c	Нико нема то право.		2	0	fifties	female_feminine	Klasičan		sr	
8ac818c75bdfe32558921ff326d014bd33793d73411f15f3b26275036985b705c7b264622e724752fc35a6ae6d4eaec87bc67e126c936761d16d2ea6c9c0b980	common_voice_sr_36949452.mp3	4f818ab2c70c4b10f8a52508b4b0459febc46701eb55e3637666865573411ba6	И може бити.		2	0	fifties	female_feminine	Klasičan		sr	
8ac818c75bdfe32558921ff326d014bd33793d73411f15f3b26275036985b705c7b264622e724752fc35a6ae6d4eaec87bc67e126c936761d16d2ea6c9c0b980	common_voice_sr_36949456.mp3	4b462453d9cff675b99a587f47852bee9d3e08949a9cdec2affcd4332b76793e	А то је.		2	0	fifties	female_feminine	Klasičan		sr	
8ac818c75bdfe32558921ff326d014bd33793d73411f15f3b26275036985b705c7b264622e724752fc35a6ae6d4eaec87bc67e126c936761d16d2ea6c9c0b980	common_voice_sr_36949458.mp3	38dc3da22dc72ab32ffd81842a8aec6a10862ecbcc3906c5b6ed6852c5de1495	Такође желимо да започнемо процес приватизације.		2	0	fifties	female_feminine	Klasičan		sr	
8ac818c75bdfe32558921ff326d014bd33793d73411f15f3b26275036985b705c7b264622e724752fc35a6ae6d4eaec87bc67e126c936761d16d2ea6c9c0b980	common_voice_sr_36949460.mp3	570cfa57814436bbfcb5413f7d2f5f7899e97a945c71c132367f3f4511877037	Тврдити да би...		2	0	fifties	female_feminine	Klasičan		sr	
8ac818c75bdfe32558921ff326d014bd33793d73411f15f3b26275036985b705c7b264622e724752fc35a6ae6d4eaec87bc67e126c936761d16d2ea6c9c0b980	common_voice_sr_36949461.mp3	51611efa081141b5462761adb7a6f2849244716bfd2cba83a3ba34fd2056ecdc	Далеко од обале.		2	0	fifties	female_feminine	Klasičan		sr	
8ac818c75bdfe32558921ff326d014bd33793d73411f15f3b26275036985b705c7b264622e724752fc35a6ae6d4eaec87bc67e126c936761d16d2ea6c9c0b980	common_voice_sr_36949464.mp3	4168d078c4a1bd3b016422e1d819b218af58b6ee416b55c57af59f9c17ee6870	А не могу.		2	0	fifties	female_feminine	Klasičan		sr	
8ac818c75bdfe32558921ff326d014bd33793d73411f15f3b26275036985b705c7b264622e724752fc35a6ae6d4eaec87bc67e126c936761d16d2ea6c9c0b980	common_voice_sr_36949465.mp3	362011413ea275245b7dfc2d165a5ed676a5ce4fcfbee97dff542db2b8f8b8e0	Како си могла тако?		2	0	fifties	female_feminine	Klasičan		sr	
8ac818c75bdfe32558921ff326d014bd33793d73411f15f3b26275036985b705c7b264622e724752fc35a6ae6d4eaec87bc67e126c936761d16d2ea6c9c0b980	common_voice_sr_36949466.mp3	5107d060123f9f077dc4eace1914afa91e0f0ff5a0d53eea0f9845b009d9292a	А да је тако?		2	0	fifties	female_feminine	Klasičan		sr	
8ac818c75bdfe32558921ff326d014bd33793d73411f15f3b26275036985b705c7b264622e724752fc35a6ae6d4eaec87bc67e126c936761d16d2ea6c9c0b980	common_voice_sr_36949468.mp3	565a9f5ea8d00a8f6fe39e5de5f2e6247c10eba521ef14c42e533aae738b5f7f	У реду, лево!		2	0	fifties	female_feminine	Klasičan		sr	
8ac818c75bdfe32558921ff326d014bd33793d73411f15f3b26275036985b705c7b264622e724752fc35a6ae6d4eaec87bc67e126c936761d16d2ea6c9c0b980	common_voice_sr_36949972.mp3	25805ce047c349ed023ce429b708c1161e7ef8b92887a16effb6e09d9a3fd256	Трибунал обавља свој посао.		2	0	fifties	female_feminine	Klasičan		sr	
8ac818c75bdfe32558921ff326d014bd33793d73411f15f3b26275036985b705c7b264622e724752fc35a6ae6d4eaec87bc67e126c936761d16d2ea6c9c0b980	common_voice_sr_36949973.mp3	55adcb1d0c6a54c17809e13108fce40ec04c5de08b23acbfd5d88eaf411d9feb	Више или мање.		2	0	fifties	female_feminine	Klasičan		sr	
8ac818c75bdfe32558921ff326d014bd33793d73411f15f3b26275036985b705c7b264622e724752fc35a6ae6d4eaec87bc67e126c936761d16d2ea6c9c0b980	common_voice_sr_36949976.mp3	5986f8e8add3865f98b6958698373250d1a208d4dc40d39fa247de2434f8f1af	Од свих дана?		2	0	fifties	female_feminine	Klasičan		sr	
8ac818c75bdfe32558921ff326d014bd33793d73411f15f3b26275036985b705c7b264622e724752fc35a6ae6d4eaec87bc67e126c936761d16d2ea6c9c0b980	common_voice_sr_36949992.mp3	3f0017e6e1c56ed2266a80a83b0f4517cc3c5616e95f30881462e4b6b09df712	Ко је у?		2	0	fifties	female_feminine	Klasičan		sr	
8ac818c75bdfe32558921ff326d014bd33793d73411f15f3b26275036985b705c7b264622e724752fc35a6ae6d4eaec87bc67e126c936761d16d2ea6c9c0b980	common_voice_sr_36949993.mp3	48d2ae9f1c8ff48f53f4f5252b7f3ec200b4a66c5b7b1f1734b3d5b13e6384a6	Нисам хтео то!		2	0	fifties	female_feminine	Klasičan		sr	
8ac818c75bdfe32558921ff326d014bd33793d73411f15f3b26275036985b705c7b264622e724752fc35a6ae6d4eaec87bc67e126c936761d16d2ea6c9c0b980	common_voice_sr_36949994.mp3	4a321c475c28453b3756c0abff8691230380cf8f87d74a0c3de37dda1c590279	Ако је потребно.		2	0	fifties	female_feminine	Klasičan		sr	
8ac818c75bdfe32558921ff326d014bd33793d73411f15f3b26275036985b705c7b264622e724752fc35a6ae6d4eaec87bc67e126c936761d16d2ea6c9c0b980	common_voice_sr_36949995.mp3	50c21a63d2ec1d319b9e8798ec256241f57cb7ad53bbb22ce82f3dccedff8e49	Умете ли ви?		2	0	fifties	female_feminine	Klasičan		sr	
8ac818c75bdfe32558921ff326d014bd33793d73411f15f3b26275036985b705c7b264622e724752fc35a6ae6d4eaec87bc67e126c936761d16d2ea6c9c0b980	common_voice_sr_36949996.mp3	3c06e6e36eb89449c6f468eaed236e760c96e43ce7bbd60ea2417fb2fc79671a	Сви ми живимо на планети Земљи.		2	0	fifties	female_feminine	Klasičan		sr	
8ac818c75bdfe32558921ff326d014bd33793d73411f15f3b26275036985b705c7b264622e724752fc35a6ae6d4eaec87bc67e126c936761d16d2ea6c9c0b980	common_voice_sr_36950002.mp3	393fceee8b80c15a5a97b5a2bb24636c83751d1f739a88f23483bf85cbb393a9	Па се врати.		2	0	fifties	female_feminine	Klasičan		sr	
8ac818c75bdfe32558921ff326d014bd33793d73411f15f3b26275036985b705c7b264622e724752fc35a6ae6d4eaec87bc67e126c936761d16d2ea6c9c0b980	common_voice_sr_36950003.mp3	50324aae6a275f05896bba724e723b3a9ca45552779e7ce1008a5decd471fb27	Више не знам.		2	0	fifties	female_feminine	Klasičan		sr	
8ac818c75bdfe32558921ff326d014bd33793d73411f15f3b26275036985b705c7b264622e724752fc35a6ae6d4eaec87bc67e126c936761d16d2ea6c9c0b980	common_voice_sr_36950004.mp3	41014ff9f94532c5d3ecebb9869eabd54efd6472a91543e235cb13b9df345251	Како је то лепо?		2	0	fifties	female_feminine	Klasičan		sr	
8ac818c75bdfe32558921ff326d014bd33793d73411f15f3b26275036985b705c7b264622e724752fc35a6ae6d4eaec87bc67e126c936761d16d2ea6c9c0b980	common_voice_sr_36950005.mp3	42c9e56cd346eef8bffbc836b08999346cb98c5a2beef9891ba51d455fff0cf5	пашће у очи и велики број оригиналних слика		2	0	fifties	female_feminine	Klasičan		sr	
8ac818c75bdfe32558921ff326d014bd33793d73411f15f3b26275036985b705c7b264622e724752fc35a6ae6d4eaec87bc67e126c936761d16d2ea6c9c0b980	common_voice_sr_36950006.mp3	468eae7f7378a1cf576a8210277403b566d709f6add462f1257c7921407c5340	Па реци ми?		2	1	fifties	female_feminine	Klasičan		sr	
8ac818c75bdfe32558921ff326d014bd33793d73411f15f3b26275036985b705c7b264622e724752fc35a6ae6d4eaec87bc67e126c936761d16d2ea6c9c0b980	common_voice_sr_36950012.mp3	5087d47ca5f08f28f21a40f8e701a741bc301cceb38bc26f8cf729b0a837ef07	Кад сам сам.		2	0	fifties	female_feminine	Klasičan		sr	
8ac818c75bdfe32558921ff326d014bd33793d73411f15f3b26275036985b705c7b264622e724752fc35a6ae6d4eaec87bc67e126c936761d16d2ea6c9c0b980	common_voice_sr_36950013.mp3	53bd69e082e9deff1ab43661509c56a9f4e54b1112c7f65c92cf6526b4c3cd1b	Има само једно?		2	0	fifties	female_feminine	Klasičan		sr	
8ac818c75bdfe32558921ff326d014bd33793d73411f15f3b26275036985b705c7b264622e724752fc35a6ae6d4eaec87bc67e126c936761d16d2ea6c9c0b980	common_voice_sr_36950018.mp3	3aac1f11fdd016eef94b68a31b3718f6aeec60df020ffbadfde4083623bc4bbe	Ви сте победили.		2	0	fifties	female_feminine	Klasičan		sr	
8ac818c75bdfe32558921ff326d014bd33793d73411f15f3b26275036985b705c7b264622e724752fc35a6ae6d4eaec87bc67e126c936761d16d2ea6c9c0b980	common_voice_sr_36950019.mp3	3bfd5b71aaea855f0b8ac1f75fc26c96617885674a2050c19a5ee5df30949c27	Ха ха ха!		2	0	fifties	female_feminine	Klasičan		sr	
8ac818c75bdfe32558921ff326d014bd33793d73411f15f3b26275036985b705c7b264622e724752fc35a6ae6d4eaec87bc67e126c936761d16d2ea6c9c0b980	common_voice_sr_36950020.mp3	49b2efb88ae30cda8d0ff63630ad97f70e725c8208e3bf4ba431c88c604dd234	Ма, ко је то?		2	0	fifties	female_feminine	Klasičan		sr	
8ac818c75bdfe32558921ff326d014bd33793d73411f15f3b26275036985b705c7b264622e724752fc35a6ae6d4eaec87bc67e126c936761d16d2ea6c9c0b980	common_voice_sr_36950021.mp3	54afd8bef36ccbfbd30030b75e2e274babd62edd105277494a8a3e20cc0d5a97	Забавио сам се.		2	0	fifties	female_feminine	Klasičan		sr	
8ac818c75bdfe32558921ff326d014bd33793d73411f15f3b26275036985b705c7b264622e724752fc35a6ae6d4eaec87bc67e126c936761d16d2ea6c9c0b980	common_voice_sr_36950036.mp3	4969f7433a0724c5f32f41ee3f389f02a39a83471dfbf3a92883c76de3147e0d	О да, ти.		2	0	fifties	female_feminine	Klasičan		sr	
8ac818c75bdfe32558921ff326d014bd33793d73411f15f3b26275036985b705c7b264622e724752fc35a6ae6d4eaec87bc67e126c936761d16d2ea6c9c0b980	common_voice_sr_36950038.mp3	56adff1520615b69903b8507bdebdf69fc6a7c50810d7194231193dd4a9cf53d	И то зашто?		2	0	fifties	female_feminine	Klasičan		sr	
8ac818c75bdfe32558921ff326d014bd33793d73411f15f3b26275036985b705c7b264622e724752fc35a6ae6d4eaec87bc67e126c936761d16d2ea6c9c0b980	common_voice_sr_36950039.mp3	2e90d38e168414ef0a6f61f54cd793393b96939e334363df2ad056080174e2af	Јако их волим.		2	0	fifties	female_feminine	Klasičan		sr	
8ac818c75bdfe32558921ff326d014bd33793d73411f15f3b26275036985b705c7b264622e724752fc35a6ae6d4eaec87bc67e126c936761d16d2ea6c9c0b980	common_voice_sr_36950040.mp3	54c2a037e51dedd6cc4d75eb2dc97a94a3ed92698e85bbc449eba32ffdb15923	Не брините, госп.		2	1	fifties	female_feminine	Klasičan		sr	
8ac818c75bdfe32558921ff326d014bd33793d73411f15f3b26275036985b705c7b264622e724752fc35a6ae6d4eaec87bc67e126c936761d16d2ea6c9c0b980	common_voice_sr_36950065.mp3	31c3bcaf49e3b6c0984c3c2ea049f27cf8463c5e393bfaa532d0041a83946aeb	За њу је!		2	0	fifties	female_feminine	Klasičan		sr	
8ac818c75bdfe32558921ff326d014bd33793d73411f15f3b26275036985b705c7b264622e724752fc35a6ae6d4eaec87bc67e126c936761d16d2ea6c9c0b980	common_voice_sr_36950066.mp3	322899263f69ee4d59863c8206ab23ffdb3fbe2b143e0489d94a95b1c737aea2	Још увек је сувише рано рећи.		2	0	fifties	female_feminine	Klasičan		sr	
8ac818c75bdfe32558921ff326d014bd33793d73411f15f3b26275036985b705c7b264622e724752fc35a6ae6d4eaec87bc67e126c936761d16d2ea6c9c0b980	common_voice_sr_36950068.mp3	e714db5e49cbe13a0ec2632cea8b186e0bbbf8595bc73b6c14c448aa9f39fe7b	Има још нешто.		2	0	fifties	female_feminine	Klasičan		sr	
8ac818c75bdfe32558921ff326d014bd33793d73411f15f3b26275036985b705c7b264622e724752fc35a6ae6d4eaec87bc67e126c936761d16d2ea6c9c0b980	common_voice_sr_36950069.mp3	5524f0b1200b2527809d21aa2da9fcb1b3117f4ba1740c4290e9653588ef6ddc	Пусти то.		2	0	fifties	female_feminine	Klasičan		sr	
8ac818c75bdfe32558921ff326d014bd33793d73411f15f3b26275036985b705c7b264622e724752fc35a6ae6d4eaec87bc67e126c936761d16d2ea6c9c0b980	common_voice_sr_36950079.mp3	318d2aa0f7f80366c17728fca31a3714d3b732e5a9806998fb4b49472f5b56ac	Шта влада може да учини?		2	0	fifties	female_feminine	Klasičan		sr	
8ac818c75bdfe32558921ff326d014bd33793d73411f15f3b26275036985b705c7b264622e724752fc35a6ae6d4eaec87bc67e126c936761d16d2ea6c9c0b980	common_voice_sr_36950080.mp3	4fb3ac69e24dd2a88b4a4337937342e324e45f99ac9cff31f44ae2c1eab185b4	О, види се?		2	1	fifties	female_feminine	Klasičan		sr	
8ac818c75bdfe32558921ff326d014bd33793d73411f15f3b26275036985b705c7b264622e724752fc35a6ae6d4eaec87bc67e126c936761d16d2ea6c9c0b980	common_voice_sr_36950081.mp3	375198f9f0f32f491fd323f60a66b0e883311af8031b322ca571bf9494fae878	Знам како је то тешко.		2	0	fifties	female_feminine	Klasičan		sr	
8ac818c75bdfe32558921ff326d014bd33793d73411f15f3b26275036985b705c7b264622e724752fc35a6ae6d4eaec87bc67e126c936761d16d2ea6c9c0b980	common_voice_sr_36950082.mp3	41cb4bd6a5154106cd93dc2a957e18e5df35ead7beea1214415615813f202f99	Не знам шта је то!		2	0	fifties	female_feminine	Klasičan		sr	
8ac818c75bdfe32558921ff326d014bd33793d73411f15f3b26275036985b705c7b264622e724752fc35a6ae6d4eaec87bc67e126c936761d16d2ea6c9c0b980	common_voice_sr_36950084.mp3	4e2b66b0ed186a6c3cbb8cee3b9da28108a450cafefaf14aba20d1577ac33c5b	Да, шта је ово?		2	1	fifties	female_feminine	Klasičan		sr	
8ac818c75bdfe32558921ff326d014bd33793d73411f15f3b26275036985b705c7b264622e724752fc35a6ae6d4eaec87bc67e126c936761d16d2ea6c9c0b980	common_voice_sr_36950085.mp3	322edb7b612aeb4d1243c50cc6fbd0922854f384ccd4d09a11c7d7b026854161	А шта мислите?		2	1	fifties	female_feminine	Klasičan		sr	
8ac818c75bdfe32558921ff326d014bd33793d73411f15f3b26275036985b705c7b264622e724752fc35a6ae6d4eaec87bc67e126c936761d16d2ea6c9c0b980	common_voice_sr_36950086.mp3	429ed98a1ff86c236790086d4728fe713e7298ed65de54db69efee108e0ce982	Он је заљубљен.		2	0	fifties	female_feminine	Klasičan		sr	
8ac818c75bdfe32558921ff326d014bd33793d73411f15f3b26275036985b705c7b264622e724752fc35a6ae6d4eaec87bc67e126c936761d16d2ea6c9c0b980	common_voice_sr_36950088.mp3	41f79cae109d69943300134a8ef4c38093870b0243230176b1f50de2ae69c578	Био сам пријатно изненађен.		2	0	fifties	female_feminine	Klasičan		sr	
8ac818c75bdfe32558921ff326d014bd33793d73411f15f3b26275036985b705c7b264622e724752fc35a6ae6d4eaec87bc67e126c936761d16d2ea6c9c0b980	common_voice_sr_36950100.mp3	4eddd09cb94bb84c832760d6999cff5d308d1e701fe806f802bc886da7e49dd1	А то је све.		2	0	fifties	female_feminine	Klasičan		sr	
8ac818c75bdfe32558921ff326d014bd33793d73411f15f3b26275036985b705c7b264622e724752fc35a6ae6d4eaec87bc67e126c936761d16d2ea6c9c0b980	common_voice_sr_36950107.mp3	19f1e54a41c2fe3d6146eb23801b4954073fb6ba61dbf89a4ca5b85c42ac3cd4	Ја имам мало.		2	0	fifties	female_feminine	Klasičan		sr	
8ac818c75bdfe32558921ff326d014bd33793d73411f15f3b26275036985b705c7b264622e724752fc35a6ae6d4eaec87bc67e126c936761d16d2ea6c9c0b980	common_voice_sr_36950108.mp3	55320dc64f40f411d8574f3df7b4cc65bf105ef3fcd029a412ae014f021406ad	Такав процес ће међутим узети времена.		2	0	fifties	female_feminine	Klasičan		sr	
8ac818c75bdfe32558921ff326d014bd33793d73411f15f3b26275036985b705c7b264622e724752fc35a6ae6d4eaec87bc67e126c936761d16d2ea6c9c0b980	common_voice_sr_36950111.mp3	4f31092cb472c681515246ae4057a57a783aacb3900ebe99663f9d0ff551a91a	Ето вам сад.		2	0	fifties	female_feminine	Klasičan		sr	
8ac818c75bdfe32558921ff326d014bd33793d73411f15f3b26275036985b705c7b264622e724752fc35a6ae6d4eaec87bc67e126c936761d16d2ea6c9c0b980	common_voice_sr_36950117.mp3	47f7000b006d8fe789e47832a050ea26197ef13880c5f111ccffda17a4eb1b53	Из твојих уста.		2	0	fifties	female_feminine	Klasičan		sr	
8ac818c75bdfe32558921ff326d014bd33793d73411f15f3b26275036985b705c7b264622e724752fc35a6ae6d4eaec87bc67e126c936761d16d2ea6c9c0b980	common_voice_sr_36950118.mp3	3fbc4f0b7fbda31cc30c2f7e66d77db06adf0034e259c82c2fa8f0761f713622	И, он је.		2	0	fifties	female_feminine	Klasičan		sr	
8ac818c75bdfe32558921ff326d014bd33793d73411f15f3b26275036985b705c7b264622e724752fc35a6ae6d4eaec87bc67e126c936761d16d2ea6c9c0b980	common_voice_sr_36950121.mp3	0e3fa2ce2cd2ef13f6930dff2db0c39cd8e821d24ca7787fff4cadfe22149558	О, да то.		2	0	fifties	female_feminine	Klasičan		sr	
8ac818c75bdfe32558921ff326d014bd33793d73411f15f3b26275036985b705c7b264622e724752fc35a6ae6d4eaec87bc67e126c936761d16d2ea6c9c0b980	common_voice_sr_36950127.mp3	53d2d287c17e0b24592a2318728f1a135197d7a26f98670a052fff16cfa547b1	Дај му ово.		2	0	fifties	female_feminine	Klasičan		sr	
8ac818c75bdfe32558921ff326d014bd33793d73411f15f3b26275036985b705c7b264622e724752fc35a6ae6d4eaec87bc67e126c936761d16d2ea6c9c0b980	common_voice_sr_36950128.mp3	3835c275b2debb88674e20e65e2409cd713f55a81def65c78bf8ee33641809e6	Где је оставио?		2	0	fifties	female_feminine	Klasičan		sr	
8ac818c75bdfe32558921ff326d014bd33793d73411f15f3b26275036985b705c7b264622e724752fc35a6ae6d4eaec87bc67e126c936761d16d2ea6c9c0b980	common_voice_sr_36950130.mp3	46f1b8f78b58f1a6569bc4a6f0262bbfecc55922ac132dae8ae9a4392689edec	То не може бити!		2	0	fifties	female_feminine	Klasičan		sr	
8ac818c75bdfe32558921ff326d014bd33793d73411f15f3b26275036985b705c7b264622e724752fc35a6ae6d4eaec87bc67e126c936761d16d2ea6c9c0b980	common_voice_sr_36950132.mp3	494185323d1b5a6e2af120192be670162cc54f9be310601c8d032fbaa542d7ef	А шта си урадио?		2	0	fifties	female_feminine	Klasičan		sr	
8ac818c75bdfe32558921ff326d014bd33793d73411f15f3b26275036985b705c7b264622e724752fc35a6ae6d4eaec87bc67e126c936761d16d2ea6c9c0b980	common_voice_sr_36950134.mp3	4b8c82bd089e79598dbda547064192317577275767b7c9566b5549cb4bde3875	Борба се наставља.		2	0	fifties	female_feminine	Klasičan		sr	
8ac818c75bdfe32558921ff326d014bd33793d73411f15f3b26275036985b705c7b264622e724752fc35a6ae6d4eaec87bc67e126c936761d16d2ea6c9c0b980	common_voice_sr_36950141.mp3	4ed9d078ad71c56b499ad1d1984a47a15c2c5a6c36cdc665f037eb47edd788f8	Ја тако волим.		2	0	fifties	female_feminine	Klasičan		sr	
8ac818c75bdfe32558921ff326d014bd33793d73411f15f3b26275036985b705c7b264622e724752fc35a6ae6d4eaec87bc67e126c936761d16d2ea6c9c0b980	common_voice_sr_36950142.mp3	5af054aeb9a0d983fc590d02f84e51fe298ac91be922c7297315cd90d3830432	Како је реаговало локално становништво на ове полицајце?		2	0	fifties	female_feminine	Klasičan		sr	
8ac818c75bdfe32558921ff326d014bd33793d73411f15f3b26275036985b705c7b264622e724752fc35a6ae6d4eaec87bc67e126c936761d16d2ea6c9c0b980	common_voice_sr_36950143.mp3	48acaa7a5c9b594aad2c8f016016def3c6cc279110c6ba54c8d0aa6ce6761b52	Већ смо уморни од такве врсте ситуација.		2	0	fifties	female_feminine	Klasičan		sr	
8ac818c75bdfe32558921ff326d014bd33793d73411f15f3b26275036985b705c7b264622e724752fc35a6ae6d4eaec87bc67e126c936761d16d2ea6c9c0b980	common_voice_sr_36950144.mp3	fdbabf05b650ac651e0e9ca1fcb75968e5a2b932e20a9282eb04c850e796d4ce	Ко онда зна?		2	0	fifties	female_feminine	Klasičan		sr	
8ac818c75bdfe32558921ff326d014bd33793d73411f15f3b26275036985b705c7b264622e724752fc35a6ae6d4eaec87bc67e126c936761d16d2ea6c9c0b980	common_voice_sr_36950146.mp3	3ca8e80a3aa73fb8ce1bd414e5a7ef3a02022c91ea5e5a7a2ea76af1b05ca187	Па, она је.		2	0	fifties	female_feminine	Klasičan		sr	
8ac818c75bdfe32558921ff326d014bd33793d73411f15f3b26275036985b705c7b264622e724752fc35a6ae6d4eaec87bc67e126c936761d16d2ea6c9c0b980	common_voice_sr_36950147.mp3	47e8378905591bfce6991296f1593f4ec6a0a4c3a762c851b177bd76a6b2f5fd	То су људи?		2	0	fifties	female_feminine	Klasičan		sr	
8ac818c75bdfe32558921ff326d014bd33793d73411f15f3b26275036985b705c7b264622e724752fc35a6ae6d4eaec87bc67e126c936761d16d2ea6c9c0b980	common_voice_sr_36950148.mp3	487e93f4b94575fd9a8b1d0a81a64f363a24ec81a199c578a6ba3ba2431e827b	Не знам баш да ли је толико сати било		2	0	fifties	female_feminine	Klasičan		sr	
8ac818c75bdfe32558921ff326d014bd33793d73411f15f3b26275036985b705c7b264622e724752fc35a6ae6d4eaec87bc67e126c936761d16d2ea6c9c0b980	common_voice_sr_36950155.mp3	519acff232552161c1d1852efb2f4330d5d742e57450bf9b07be6195d8e4c77b	О, да, јест.		2	0	fifties	female_feminine	Klasičan		sr	
8ac818c75bdfe32558921ff326d014bd33793d73411f15f3b26275036985b705c7b264622e724752fc35a6ae6d4eaec87bc67e126c936761d16d2ea6c9c0b980	common_voice_sr_36950157.mp3	21313a29ee2a617a41102c3623746b77fbad424126ae811c8884300d24a7a3c7	Русија је заузела четврто место.		2	0	fifties	female_feminine	Klasičan		sr	
8ac818c75bdfe32558921ff326d014bd33793d73411f15f3b26275036985b705c7b264622e724752fc35a6ae6d4eaec87bc67e126c936761d16d2ea6c9c0b980	common_voice_sr_36950160.mp3	58e64eaff19ca96be53a38764221df5ca6672c446fac210e799842503054da90	Она је дошла.		2	0	fifties	female_feminine	Klasičan		sr	
8ac818c75bdfe32558921ff326d014bd33793d73411f15f3b26275036985b705c7b264622e724752fc35a6ae6d4eaec87bc67e126c936761d16d2ea6c9c0b980	common_voice_sr_36950162.mp3	3920646925d15190c1276c41f95aac61e459770f9bfa0fd6dee99d73c60eb9a9	Ово је сјајно.		2	1	fifties	female_feminine	Klasičan		sr	
8ac818c75bdfe32558921ff326d014bd33793d73411f15f3b26275036985b705c7b264622e724752fc35a6ae6d4eaec87bc67e126c936761d16d2ea6c9c0b980	common_voice_sr_36950165.mp3	4f13454139528c39c55a001ec13dafb65e8817f63e51fa9e902704fa6140e991	А шта си?		2	0	fifties	female_feminine	Klasičan		sr	
8ac818c75bdfe32558921ff326d014bd33793d73411f15f3b26275036985b705c7b264622e724752fc35a6ae6d4eaec87bc67e126c936761d16d2ea6c9c0b980	common_voice_sr_36950168.mp3	4921603ac730439a7af67bb24ea236f4a1e1ddb48a5dfeaa40a7e0e5de5bc2fb	То нам је нова.		2	1	fifties	female_feminine	Klasičan		sr	
8ac818c75bdfe32558921ff326d014bd33793d73411f15f3b26275036985b705c7b264622e724752fc35a6ae6d4eaec87bc67e126c936761d16d2ea6c9c0b980	common_voice_sr_36950169.mp3	52c94d6b4df16d8398944e1319ae6788c260ebce216e0603d9bc8f7d2a22e6b5	Домаћи подухвати имају важну улогу у том погледу.		2	0	fifties	female_feminine	Klasičan		sr	
8ac818c75bdfe32558921ff326d014bd33793d73411f15f3b26275036985b705c7b264622e724752fc35a6ae6d4eaec87bc67e126c936761d16d2ea6c9c0b980	common_voice_sr_36950172.mp3	55e1d3af203385943d2598f8bbb1a636170090b0b563b1a85c1161061edf01da	А зашто не може?		2	0	fifties	female_feminine	Klasičan		sr	
8ac818c75bdfe32558921ff326d014bd33793d73411f15f3b26275036985b705c7b264622e724752fc35a6ae6d4eaec87bc67e126c936761d16d2ea6c9c0b980	common_voice_sr_36950173.mp3	3f226e6e01891dbf63a81b89d077d317f5a243256011f942a1ec641c2361144e	Као што кажем.		2	0	fifties	female_feminine	Klasičan		sr	
8ac818c75bdfe32558921ff326d014bd33793d73411f15f3b26275036985b705c7b264622e724752fc35a6ae6d4eaec87bc67e126c936761d16d2ea6c9c0b980	common_voice_sr_36950174.mp3	519416ecaf25949dd480aa789ad9ff669a0c2ca66bbb5a8c1912afd5cfc16d60	Хајде, склони се.		2	0	fifties	female_feminine	Klasičan		sr	
8ac818c75bdfe32558921ff326d014bd33793d73411f15f3b26275036985b705c7b264622e724752fc35a6ae6d4eaec87bc67e126c936761d16d2ea6c9c0b980	common_voice_sr_36950175.mp3	4aa8c9151e0d0843844c29ce46d5c72b1fa96c65d848c619e9ebf9c030b0c1a3	И јесам ли?		2	0	fifties	female_feminine	Klasičan		sr	
8ac818c75bdfe32558921ff326d014bd33793d73411f15f3b26275036985b705c7b264622e724752fc35a6ae6d4eaec87bc67e126c936761d16d2ea6c9c0b980	common_voice_sr_36950176.mp3	4ddec31bbc0e3eb54f297be84c6737206dc01512cb76a5dd9cb8a2816f3eca60	Ко је дошао!		2	0	fifties	female_feminine	Klasičan		sr	
8ac818c75bdfe32558921ff326d014bd33793d73411f15f3b26275036985b705c7b264622e724752fc35a6ae6d4eaec87bc67e126c936761d16d2ea6c9c0b980	common_voice_sr_36950178.mp3	5406d486f86c769b52ff3cc3e4edbece5269d1af23bf81b47f025af7a05b9ebd	Седамдесет одсто онога што приватизујемо одлази стратешким инвеститорима.		2	0	fifties	female_feminine	Klasičan		sr	
8ac818c75bdfe32558921ff326d014bd33793d73411f15f3b26275036985b705c7b264622e724752fc35a6ae6d4eaec87bc67e126c936761d16d2ea6c9c0b980	common_voice_sr_36950179.mp3	4fed1224ceecf3007350fad489ad41bcd8f721205b8a7aaa73daa1547060bd0a	Али, још не.		2	0	fifties	female_feminine	Klasičan		sr	
8ac818c75bdfe32558921ff326d014bd33793d73411f15f3b26275036985b705c7b264622e724752fc35a6ae6d4eaec87bc67e126c936761d16d2ea6c9c0b980	common_voice_sr_36950181.mp3	4f49ca126b9b276a0c29163235dfbc149c20ad46465f92e8dbbbceb4fcf2cdbc	Нећемо околишати.		2	0	fifties	female_feminine	Klasičan		sr	
8ac818c75bdfe32558921ff326d014bd33793d73411f15f3b26275036985b705c7b264622e724752fc35a6ae6d4eaec87bc67e126c936761d16d2ea6c9c0b980	common_voice_sr_36950182.mp3	4a61a2c297197083b0570494c61b511fd5c5cdda6cc121ed5e31f7a00b7524ee	То се види?		2	0	fifties	female_feminine	Klasičan		sr	
8ac818c75bdfe32558921ff326d014bd33793d73411f15f3b26275036985b705c7b264622e724752fc35a6ae6d4eaec87bc67e126c936761d16d2ea6c9c0b980	common_voice_sr_36950183.mp3	5cc58433536921ec5d0749ba98579db7d7aa663bbd5cb28efa547cc8cd0f354c	Атеиста, хришћанин, јеврејин.		2	0	fifties	female_feminine	Klasičan		sr	
8ac818c75bdfe32558921ff326d014bd33793d73411f15f3b26275036985b705c7b264622e724752fc35a6ae6d4eaec87bc67e126c936761d16d2ea6c9c0b980	common_voice_sr_36950184.mp3	4f78c70f99afa7287314014f0ccb21cd3e001a4c269840957db29e51d5a47139	Да ли постоји позитиван тренд ка демократизацији?		2	0	fifties	female_feminine	Klasičan		sr	
8ac818c75bdfe32558921ff326d014bd33793d73411f15f3b26275036985b705c7b264622e724752fc35a6ae6d4eaec87bc67e126c936761d16d2ea6c9c0b980	common_voice_sr_36950186.mp3	50006b05b5f2f377fbd3835d210e1f14903ab143d45bece30b682f41c9094967	Ногу пред ногу.		2	0	fifties	female_feminine	Klasičan		sr	
8ac818c75bdfe32558921ff326d014bd33793d73411f15f3b26275036985b705c7b264622e724752fc35a6ae6d4eaec87bc67e126c936761d16d2ea6c9c0b980	common_voice_sr_36950188.mp3	539a4ef041d4bf137aaaa3aeb383b7afbcb5be8380485e3ca214962915a1d552	У сваком погледу.		2	0	fifties	female_feminine	Klasičan		sr	
8ac818c75bdfe32558921ff326d014bd33793d73411f15f3b26275036985b705c7b264622e724752fc35a6ae6d4eaec87bc67e126c936761d16d2ea6c9c0b980	common_voice_sr_36950189.mp3	3af374f137887fe66f2d4fc10cd2d3ab1d847e1211ccd73400cefa2db723d197	Боље није могло.		2	0	fifties	female_feminine	Klasičan		sr	
8ac818c75bdfe32558921ff326d014bd33793d73411f15f3b26275036985b705c7b264622e724752fc35a6ae6d4eaec87bc67e126c936761d16d2ea6c9c0b980	common_voice_sr_36950191.mp3	3be9de6606bdcdd362bfbbb00ceceef6fb4e3eac2f941c02c81b2b0d1d219c73	Међутим, нису сви задовољни овом реорганизацијом.		2	0	fifties	female_feminine	Klasičan		sr	
8ac818c75bdfe32558921ff326d014bd33793d73411f15f3b26275036985b705c7b264622e724752fc35a6ae6d4eaec87bc67e126c936761d16d2ea6c9c0b980	common_voice_sr_36950192.mp3	56b50f3ba2f9337167ab645a9b6c9b6d4854a17af93ab988e625b07fdc6f4270	Ја не знам?		2	0	fifties	female_feminine	Klasičan		sr	
8ac818c75bdfe32558921ff326d014bd33793d73411f15f3b26275036985b705c7b264622e724752fc35a6ae6d4eaec87bc67e126c936761d16d2ea6c9c0b980	common_voice_sr_36950193.mp3	1dd2e0d970f0ebd8676bcf95d86633c0505b7ab0d1128a5e3f2fd427a643c1f6	Споразум такође предвиђа заједничке полицијске патроле у заливу.		2	0	fifties	female_feminine	Klasičan		sr	
8ac818c75bdfe32558921ff326d014bd33793d73411f15f3b26275036985b705c7b264622e724752fc35a6ae6d4eaec87bc67e126c936761d16d2ea6c9c0b980	common_voice_sr_36950194.mp3	4dc1c062e41f5622b8c42cabbb9dc8170862ae0ed519f5e279aab1e50ff908f8	Није тако важна.		2	0	fifties	female_feminine	Klasičan		sr	
8ac818c75bdfe32558921ff326d014bd33793d73411f15f3b26275036985b705c7b264622e724752fc35a6ae6d4eaec87bc67e126c936761d16d2ea6c9c0b980	common_voice_sr_36950196.mp3	59147b4d1d69d33313562fc3594633c917f680c8d069af32f0a3819cfa234434	А, то је?		2	0	fifties	female_feminine	Klasičan		sr	
8ac818c75bdfe32558921ff326d014bd33793d73411f15f3b26275036985b705c7b264622e724752fc35a6ae6d4eaec87bc67e126c936761d16d2ea6c9c0b980	common_voice_sr_36950197.mp3	343e33220b3a04cda463055f3eb86ce11ea7ec9d752ec4629e98ad5fb8986373	Е ја нисам.		2	0	fifties	female_feminine	Klasičan		sr	
8ac818c75bdfe32558921ff326d014bd33793d73411f15f3b26275036985b705c7b264622e724752fc35a6ae6d4eaec87bc67e126c936761d16d2ea6c9c0b980	common_voice_sr_36950198.mp3	52a456e01bc88cd713e45c0a86afc3d3c16b787de207f56d77c9aae27dccdd48	Па, добро, добро!		2	0	fifties	female_feminine	Klasičan		sr	
8ac818c75bdfe32558921ff326d014bd33793d73411f15f3b26275036985b705c7b264622e724752fc35a6ae6d4eaec87bc67e126c936761d16d2ea6c9c0b980	common_voice_sr_36950199.mp3	4a455161bc43d6287473b0b2d3980ddac92b2962328396adfb78bb2d9ff46488	Да не претерујем?		2	0	fifties	female_feminine	Klasičan		sr	
8ac818c75bdfe32558921ff326d014bd33793d73411f15f3b26275036985b705c7b264622e724752fc35a6ae6d4eaec87bc67e126c936761d16d2ea6c9c0b980	common_voice_sr_36950200.mp3	445c7c0fa2842f5f6359f98cde977091cdef3fecc2cad09fe96ab2ad83337c20	И не знам!		2	0	fifties	female_feminine	Klasičan		sr	
8ac818c75bdfe32558921ff326d014bd33793d73411f15f3b26275036985b705c7b264622e724752fc35a6ae6d4eaec87bc67e126c936761d16d2ea6c9c0b980	common_voice_sr_36950201.mp3	39c3f2d0ba138bbdd22f23b7335050e45f8df2c423d170a8b086557b41bb834a	Ја то морам.		2	0	fifties	female_feminine	Klasičan		sr	
8ac818c75bdfe32558921ff326d014bd33793d73411f15f3b26275036985b705c7b264622e724752fc35a6ae6d4eaec87bc67e126c936761d16d2ea6c9c0b980	common_voice_sr_36950202.mp3	544d5aceefca9860e30b56d2d1ea7003339d6e3cc6f87e0f3734181f04d72f98	Све до сада.		2	0	fifties	female_feminine	Klasičan		sr	
8ac818c75bdfe32558921ff326d014bd33793d73411f15f3b26275036985b705c7b264622e724752fc35a6ae6d4eaec87bc67e126c936761d16d2ea6c9c0b980	common_voice_sr_36950203.mp3	4f0c3fca38079c9af69271f08532a13c5a4fe279c803cd096f45338c8925ffe2	Не, то је.		2	1	fifties	female_feminine	Klasičan		sr	
8ac818c75bdfe32558921ff326d014bd33793d73411f15f3b26275036985b705c7b264622e724752fc35a6ae6d4eaec87bc67e126c936761d16d2ea6c9c0b980	common_voice_sr_36950204.mp3	4d3cfedcdb3a52d86a158f8ad17a9244baae6b373675970c1c5ea2d6bf7614df	У исто време?		3	0	fifties	female_feminine	Klasičan		sr	
8ac818c75bdfe32558921ff326d014bd33793d73411f15f3b26275036985b705c7b264622e724752fc35a6ae6d4eaec87bc67e126c936761d16d2ea6c9c0b980	common_voice_sr_36950205.mp3	60a11e4482e2ec02902277ed45c88e30681f6bd92a3c2865746b2587f74c1508	Да, хвала вам.		2	0	fifties	female_feminine	Klasičan		sr	
8ac818c75bdfe32558921ff326d014bd33793d73411f15f3b26275036985b705c7b264622e724752fc35a6ae6d4eaec87bc67e126c936761d16d2ea6c9c0b980	common_voice_sr_36950206.mp3	35ffcc10653e5a4527c20604e2155cfae63bf9519a925abea35684c12ac689cb	А ти си!		2	0	fifties	female_feminine	Klasičan		sr	
8ac818c75bdfe32558921ff326d014bd33793d73411f15f3b26275036985b705c7b264622e724752fc35a6ae6d4eaec87bc67e126c936761d16d2ea6c9c0b980	common_voice_sr_36950209.mp3	15da3817b2fbd9b284762f949657b888745074d20eac459a985e46bd9ac9d14c	То је најгоре.		2	0	fifties	female_feminine	Klasičan		sr	
8ac818c75bdfe32558921ff326d014bd33793d73411f15f3b26275036985b705c7b264622e724752fc35a6ae6d4eaec87bc67e126c936761d16d2ea6c9c0b980	common_voice_sr_36950210.mp3	4fa371e7d8b5bea9459ee0aac6264f05f34206c95dafae96800c1be77627e798	Ово је велики корак.		2	0	fifties	female_feminine	Klasičan		sr	
8ac818c75bdfe32558921ff326d014bd33793d73411f15f3b26275036985b705c7b264622e724752fc35a6ae6d4eaec87bc67e126c936761d16d2ea6c9c0b980	common_voice_sr_36950211.mp3	3904cc8fe4e5f2c2d2d6fab4d4afdd584380ee4ad8c3d33b380c88344e12b8fb	Постало је опасно.		2	0	fifties	female_feminine	Klasičan		sr	
8ac818c75bdfe32558921ff326d014bd33793d73411f15f3b26275036985b705c7b264622e724752fc35a6ae6d4eaec87bc67e126c936761d16d2ea6c9c0b980	common_voice_sr_36950212.mp3	1d7c9cac42f7e5fe3d33370d780adfa110e791c86556967a036856f0d53a0258	Девет метара дубок просек у речноме наносу код Сент-Ашела		2	1	fifties	female_feminine	Klasičan		sr	
8ac818c75bdfe32558921ff326d014bd33793d73411f15f3b26275036985b705c7b264622e724752fc35a6ae6d4eaec87bc67e126c936761d16d2ea6c9c0b980	common_voice_sr_36950214.mp3	2cd9638cd803d3ea15fd777830c6c339645abaa4805f35987d1433051abd0b40	И ја не знам.		2	1	fifties	female_feminine	Klasičan		sr	
8ac818c75bdfe32558921ff326d014bd33793d73411f15f3b26275036985b705c7b264622e724752fc35a6ae6d4eaec87bc67e126c936761d16d2ea6c9c0b980	common_voice_sr_36950215.mp3	299d11f79eba5949b5d4d4daa2706562c84f4d376551077d8e7f064a23ade94a	Не на ово.		2	0	fifties	female_feminine	Klasičan		sr	
8ac818c75bdfe32558921ff326d014bd33793d73411f15f3b26275036985b705c7b264622e724752fc35a6ae6d4eaec87bc67e126c936761d16d2ea6c9c0b980	common_voice_sr_36950216.mp3	4b9c6ee7694bcde565772c2a4dd7ab1d09e0d3955e008e36958c9653cbf35c7a	Био је он.		2	0	fifties	female_feminine	Klasičan		sr	
8ac818c75bdfe32558921ff326d014bd33793d73411f15f3b26275036985b705c7b264622e724752fc35a6ae6d4eaec87bc67e126c936761d16d2ea6c9c0b980	common_voice_sr_36950217.mp3	4b34e9133b7b35b3652501233dac62bfba8d876605dbba2dbcdff87a7b4b3db7	И да знаш.		2	0	fifties	female_feminine	Klasičan		sr	
8ac818c75bdfe32558921ff326d014bd33793d73411f15f3b26275036985b705c7b264622e724752fc35a6ae6d4eaec87bc67e126c936761d16d2ea6c9c0b980	common_voice_sr_36950218.mp3	5a688030880c130315782518ef8fa04f8be7a6abc6745e5a79df00816ac14255	Само што је.		2	1	fifties	female_feminine	Klasičan		sr	
8ac818c75bdfe32558921ff326d014bd33793d73411f15f3b26275036985b705c7b264622e724752fc35a6ae6d4eaec87bc67e126c936761d16d2ea6c9c0b980	common_voice_sr_36950222.mp3	59e9fab7f4921fabff3e97f87279c5640fa14dbd27e1365901d4e5212a697b13	И он је.		2	0	fifties	female_feminine	Klasičan		sr	
8ac818c75bdfe32558921ff326d014bd33793d73411f15f3b26275036985b705c7b264622e724752fc35a6ae6d4eaec87bc67e126c936761d16d2ea6c9c0b980	common_voice_sr_36950225.mp3	3c2fc2f080e45ccd4da63aaed4f56d1bfa0c9adf5cfd72f230b383a6ada7eca7	Ја сам ми.		2	0	fifties	female_feminine	Klasičan		sr	
8ac818c75bdfe32558921ff326d014bd33793d73411f15f3b26275036985b705c7b264622e724752fc35a6ae6d4eaec87bc67e126c936761d16d2ea6c9c0b980	common_voice_sr_36950227.mp3	56ced1635e04d6ad09e9fbe6962f639870e30e2a34077b04a86d72c4186a9b9d	Нисам ни ја!		2	0	fifties	female_feminine	Klasičan		sr	
8ac818c75bdfe32558921ff326d014bd33793d73411f15f3b26275036985b705c7b264622e724752fc35a6ae6d4eaec87bc67e126c936761d16d2ea6c9c0b980	common_voice_sr_36950228.mp3	605ae9f3575b578f8261099f930f75d386ce1d19384d1fcfa4d958bf0a3a0197	Не брините господине!		2	0	fifties	female_feminine	Klasičan		sr	
8ac818c75bdfe32558921ff326d014bd33793d73411f15f3b26275036985b705c7b264622e724752fc35a6ae6d4eaec87bc67e126c936761d16d2ea6c9c0b980	common_voice_sr_36950229.mp3	54e85380f6abb2a8c7ff253c092f16a141dd1d6521db91904641438353ee3b5f	Да видим је.		2	1	fifties	female_feminine	Klasičan		sr	
8ac818c75bdfe32558921ff326d014bd33793d73411f15f3b26275036985b705c7b264622e724752fc35a6ae6d4eaec87bc67e126c936761d16d2ea6c9c0b980	common_voice_sr_36950230.mp3	59a7b9fa30bd104dbf5112a8fb13dc4244cfbaf3d83ff9429826efef4ea395e4	Где си ти?		2	0	fifties	female_feminine	Klasičan		sr	
8ac818c75bdfe32558921ff326d014bd33793d73411f15f3b26275036985b705c7b264622e724752fc35a6ae6d4eaec87bc67e126c936761d16d2ea6c9c0b980	common_voice_sr_36950231.mp3	44428b895a0f2bff67a76b204b280c8a3bc963c6d27901806b63d09d49fb28b4	До сада је већ преживела један подугачак пут од преко шест хиљада километара.		2	0	fifties	female_feminine	Klasičan		sr	
8ac818c75bdfe32558921ff326d014bd33793d73411f15f3b26275036985b705c7b264622e724752fc35a6ae6d4eaec87bc67e126c936761d16d2ea6c9c0b980	common_voice_sr_36950233.mp3	3dab383d13d377cc23258c11484b16a30ebb0dcfc434efaba3a63b03b3aef1dc	Да ли сте задовољни резултатима вашег посла?		2	0	fifties	female_feminine	Klasičan		sr	
8ac818c75bdfe32558921ff326d014bd33793d73411f15f3b26275036985b705c7b264622e724752fc35a6ae6d4eaec87bc67e126c936761d16d2ea6c9c0b980	common_voice_sr_36950235.mp3	568d2694dfcc64f49655040d6e4d42aedaf088c75ff160ba2f04bbe26ba1134f	То није уобичајен или случајан догађај.		2	0	fifties	female_feminine	Klasičan		sr	
8ac818c75bdfe32558921ff326d014bd33793d73411f15f3b26275036985b705c7b264622e724752fc35a6ae6d4eaec87bc67e126c936761d16d2ea6c9c0b980	common_voice_sr_36950236.mp3	2144c4fe8712a0753c06f9b947e93631f2a845aa5899b238b5755a106e83c844	То се деси.		2	0	fifties	female_feminine	Klasičan		sr	
8ac818c75bdfe32558921ff326d014bd33793d73411f15f3b26275036985b705c7b264622e724752fc35a6ae6d4eaec87bc67e126c936761d16d2ea6c9c0b980	common_voice_sr_36950237.mp3	4d43a19da7d5d20e5275751b2ab82d73b505c6342ff5e52bdb333e8a519824ca	Двојица су ослобођена оптужбе.		2	0	fifties	female_feminine	Klasičan		sr	
8ac818c75bdfe32558921ff326d014bd33793d73411f15f3b26275036985b705c7b264622e724752fc35a6ae6d4eaec87bc67e126c936761d16d2ea6c9c0b980	common_voice_sr_36950238.mp3	45a6185d6014113e721d413b2dcf0121c95259a35691fb862152ff5932942f1d	Да те замолим.		2	0	fifties	female_feminine	Klasičan		sr	
8ac818c75bdfe32558921ff326d014bd33793d73411f15f3b26275036985b705c7b264622e724752fc35a6ae6d4eaec87bc67e126c936761d16d2ea6c9c0b980	common_voice_sr_36950243.mp3	4d249f3352f96a4fa384c3a15b38a7f43ab5391edb62993841e8df58cadbd7ee	Шта су били?		2	0	fifties	female_feminine	Klasičan		sr	
8ac818c75bdfe32558921ff326d014bd33793d73411f15f3b26275036985b705c7b264622e724752fc35a6ae6d4eaec87bc67e126c936761d16d2ea6c9c0b980	common_voice_sr_36950245.mp3	38f6e494c15034c4ef21c323b6c615380f3885c30e9cb5cebd12c41a70c5a0e5	Е, тако је.		2	0	fifties	female_feminine	Klasičan		sr	
8ac818c75bdfe32558921ff326d014bd33793d73411f15f3b26275036985b705c7b264622e724752fc35a6ae6d4eaec87bc67e126c936761d16d2ea6c9c0b980	common_voice_sr_36950246.mp3	5aea0c15755638f2f9aa59b1671fe675fb0ecba300f843545042b33fb5dade07	То ти је све?		2	0	fifties	female_feminine	Klasičan		sr	
8ac818c75bdfe32558921ff326d014bd33793d73411f15f3b26275036985b705c7b264622e724752fc35a6ae6d4eaec87bc67e126c936761d16d2ea6c9c0b980	common_voice_sr_36950248.mp3	0958f0e225516eac3577ae6ebdac48bc3631c6e74415b2f68b03ea5fd067370d	Таква тенденција, међутим, има и лошу страну.		2	0	fifties	female_feminine	Klasičan		sr	
8ac818c75bdfe32558921ff326d014bd33793d73411f15f3b26275036985b705c7b264622e724752fc35a6ae6d4eaec87bc67e126c936761d16d2ea6c9c0b980	common_voice_sr_36950249.mp3	612c0ce7bb3697f442dd95ebc32da4333fdd80c4b7e744e1a8752e0f4d644586	О, то си ти!		2	0	fifties	female_feminine	Klasičan		sr	
8ac818c75bdfe32558921ff326d014bd33793d73411f15f3b26275036985b705c7b264622e724752fc35a6ae6d4eaec87bc67e126c936761d16d2ea6c9c0b980	common_voice_sr_36950250.mp3	4e66e6fe9eaf75df7743b3210a23d1731b0863454f0cc0c5de12ef893e5b2bc0	Шта је твој отац?		2	0	fifties	female_feminine	Klasičan		sr	
8ac818c75bdfe32558921ff326d014bd33793d73411f15f3b26275036985b705c7b264622e724752fc35a6ae6d4eaec87bc67e126c936761d16d2ea6c9c0b980	common_voice_sr_36950254.mp3	3f66326ae1faa7470a074a17246db7d80abb73b185705b6916f0a1a07db31f9d	То ја волим.		2	0	fifties	female_feminine	Klasičan		sr	
8ac818c75bdfe32558921ff326d014bd33793d73411f15f3b26275036985b705c7b264622e724752fc35a6ae6d4eaec87bc67e126c936761d16d2ea6c9c0b980	common_voice_sr_36950255.mp3	367cccf757a603e44d099a466db7903d416f5d9e1bbe56d562acfb2c43a3921b	Од тате је.		2	0	fifties	female_feminine	Klasičan		sr	
8ac818c75bdfe32558921ff326d014bd33793d73411f15f3b26275036985b705c7b264622e724752fc35a6ae6d4eaec87bc67e126c936761d16d2ea6c9c0b980	common_voice_sr_36950256.mp3	56238492fdf7cbec8dca21747ae10f34a0a7b9139c3caedc98e3372741f6b779	Ја сам ја?		2	0	fifties	female_feminine	Klasičan		sr	
8ac818c75bdfe32558921ff326d014bd33793d73411f15f3b26275036985b705c7b264622e724752fc35a6ae6d4eaec87bc67e126c936761d16d2ea6c9c0b980	common_voice_sr_36950258.mp3	5f2b41376cc20e417ba4ed9cca2a3bcc220d9a1bc8a9cbc48aa78999ee6b77b9	У ствари, не.		2	0	fifties	female_feminine	Klasičan		sr	
8ac818c75bdfe32558921ff326d014bd33793d73411f15f3b26275036985b705c7b264622e724752fc35a6ae6d4eaec87bc67e126c936761d16d2ea6c9c0b980	common_voice_sr_36950260.mp3	595467ba82a82a6adb58f1d9aa494c84906c46744b532dba3926103a955c0baf	Земље региона су потенцијални кандидати за придруживање.		2	0	fifties	female_feminine	Klasičan		sr	
8ac818c75bdfe32558921ff326d014bd33793d73411f15f3b26275036985b705c7b264622e724752fc35a6ae6d4eaec87bc67e126c936761d16d2ea6c9c0b980	common_voice_sr_36950262.mp3	4a88079ddac821bf8e04cce5f4bca4ff3fb790bd36f1b4b09bf3a41628b7efa7	И ја би.		2	0	fifties	female_feminine	Klasičan		sr	
8ac818c75bdfe32558921ff326d014bd33793d73411f15f3b26275036985b705c7b264622e724752fc35a6ae6d4eaec87bc67e126c936761d16d2ea6c9c0b980	common_voice_sr_36950263.mp3	5663d7836f6d615fb8d0b323ab08c8978cf707778afc704e9a6fa0c3f9525b95	Обе земље су реаговале позитивно на извештаје.		2	0	fifties	female_feminine	Klasičan		sr	
8ac818c75bdfe32558921ff326d014bd33793d73411f15f3b26275036985b705c7b264622e724752fc35a6ae6d4eaec87bc67e126c936761d16d2ea6c9c0b980	common_voice_sr_36950265.mp3	61951ea18241333d60a6f0e8e8977403fe365ba36b51bb817d34c97b9bb61bca	И за себе?		2	0	fifties	female_feminine	Klasičan		sr	
8ac818c75bdfe32558921ff326d014bd33793d73411f15f3b26275036985b705c7b264622e724752fc35a6ae6d4eaec87bc67e126c936761d16d2ea6c9c0b980	common_voice_sr_36950267.mp3	60e95ce5015a41b0dd18734979e5464447e50cb196e398292bc72f00e8e2f072	Потпуно смо напуштене.		2	0	fifties	female_feminine	Klasičan		sr	
8ac818c75bdfe32558921ff326d014bd33793d73411f15f3b26275036985b705c7b264622e724752fc35a6ae6d4eaec87bc67e126c936761d16d2ea6c9c0b980	common_voice_sr_36950268.mp3	553420819d1ede867841cdcb08b13710cf31a3c7d85903f4d11ba76036706b5e	Шта је ванредно стање?		2	0	fifties	female_feminine	Klasičan		sr	
8ac818c75bdfe32558921ff326d014bd33793d73411f15f3b26275036985b705c7b264622e724752fc35a6ae6d4eaec87bc67e126c936761d16d2ea6c9c0b980	common_voice_sr_36950269.mp3	22e2ec1488d29cfc70027aefd1f9d5fc6610d36fb86dc22a7e7c9326a11a0048	Рекли смо, да.		2	0	fifties	female_feminine	Klasičan		sr	
8ac818c75bdfe32558921ff326d014bd33793d73411f15f3b26275036985b705c7b264622e724752fc35a6ae6d4eaec87bc67e126c936761d16d2ea6c9c0b980	common_voice_sr_36950271.mp3	5306f930eb2278f9f0777eab67bb0693ba210517c2602048634d272e206d1bef	Војска је међутим у врло контроверзној позицији.		2	0	fifties	female_feminine	Klasičan		sr	
8ac818c75bdfe32558921ff326d014bd33793d73411f15f3b26275036985b705c7b264622e724752fc35a6ae6d4eaec87bc67e126c936761d16d2ea6c9c0b980	common_voice_sr_36950272.mp3	6297cbee552d6afd950ef0dc9a11dbeb3344fc3fbe6eafa2e68913ab686d41b8	Волео бих да знам зашто?		2	0	fifties	female_feminine	Klasičan		sr	
8ac818c75bdfe32558921ff326d014bd33793d73411f15f3b26275036985b705c7b264622e724752fc35a6ae6d4eaec87bc67e126c936761d16d2ea6c9c0b980	common_voice_sr_36950273.mp3	345b49f2d1bce64c54b53a7a61b15e5025859b3acc8953e45fbe38268287364d	Ту су поново азијске земље у предности.		2	0	fifties	female_feminine	Klasičan		sr	
8ac818c75bdfe32558921ff326d014bd33793d73411f15f3b26275036985b705c7b264622e724752fc35a6ae6d4eaec87bc67e126c936761d16d2ea6c9c0b980	common_voice_sr_36950275.mp3	3b8181c4e2cf177d87775ab99de04197da6358560a970aa72ca062b49b4959ed	А би ли?		2	0	fifties	female_feminine	Klasičan		sr	
8ac818c75bdfe32558921ff326d014bd33793d73411f15f3b26275036985b705c7b264622e724752fc35a6ae6d4eaec87bc67e126c936761d16d2ea6c9c0b980	common_voice_sr_36950279.mp3	4b27e36d976044119fc88501ce257d574b64b57b90e325d2cdc4b3e70f9559f9	То је вода!		2	0	fifties	female_feminine	Klasičan		sr	
8ac818c75bdfe32558921ff326d014bd33793d73411f15f3b26275036985b705c7b264622e724752fc35a6ae6d4eaec87bc67e126c936761d16d2ea6c9c0b980	common_voice_sr_36950281.mp3	423f4c4f60dff0ea5e9d0a1ce638031a843fc43785b9187b809e2ff024175904	Како беше оно?		2	0	fifties	female_feminine	Klasičan		sr	
8ac818c75bdfe32558921ff326d014bd33793d73411f15f3b26275036985b705c7b264622e724752fc35a6ae6d4eaec87bc67e126c936761d16d2ea6c9c0b980	common_voice_sr_36950282.mp3	46e541d6d0b35069c1405390d712c8c035d09d45109fa6768d7dc0c153be7c95	Али ти си.		2	0	fifties	female_feminine	Klasičan		sr	
8ac818c75bdfe32558921ff326d014bd33793d73411f15f3b26275036985b705c7b264622e724752fc35a6ae6d4eaec87bc67e126c936761d16d2ea6c9c0b980	common_voice_sr_36950290.mp3	492eace1e27c848922624b277c32ed194aa46fc62cc010d9ad2de875fb3c1113	Ватрогасна служба улаже надљудске напоре.		2	0	fifties	female_feminine	Klasičan		sr	
b567185fcad311105e9b65bde27bdec6ce704b688ff26d825291213365cf8e3f9155c3379c0b98422c29544a02036084bba2b39a4febd81d589392220033949f	common_voice_sr_36946590.mp3	db5492cb8803965c70bf5a054c1499cc4a1438571fde7dbf67f8a3dc4e5ff65c	Светска банка ће такође помоћи у финансирању пројекта.		2	0					sr	
b567185fcad311105e9b65bde27bdec6ce704b688ff26d825291213365cf8e3f9155c3379c0b98422c29544a02036084bba2b39a4febd81d589392220033949f	common_voice_sr_36946594.mp3	11c6ae2035e4b790cbb2df8b0786f41091409ff3ad595ad033c73d22205a1e9c	А ти имаш?		2	0					sr	
b567185fcad311105e9b65bde27bdec6ce704b688ff26d825291213365cf8e3f9155c3379c0b98422c29544a02036084bba2b39a4febd81d589392220033949f	common_voice_sr_36946601.mp3	2fb5fcb9af054940492a9c62e91898eeaf28df5778c71dd1acd4b63ce50cdacc	То је створило извесна очекивања.		2	0					sr	
b567185fcad311105e9b65bde27bdec6ce704b688ff26d825291213365cf8e3f9155c3379c0b98422c29544a02036084bba2b39a4febd81d589392220033949f	common_voice_sr_36946602.mp3	42e61b7d2661d16e33839adce016e90fe74023a5edd721e25ba76a80a34661d4	Друго најмлађе насеље такође је врло важно.		2	0					sr	
b567185fcad311105e9b65bde27bdec6ce704b688ff26d825291213365cf8e3f9155c3379c0b98422c29544a02036084bba2b39a4febd81d589392220033949f	common_voice_sr_36946604.mp3	94a3a03fd6cac5a27dfa82b0df2b398a3e392f1440adb635853f200246478796	Два тинејџера су убијена, док је четворо рањено.		2	0					sr	
b567185fcad311105e9b65bde27bdec6ce704b688ff26d825291213365cf8e3f9155c3379c0b98422c29544a02036084bba2b39a4febd81d589392220033949f	common_voice_sr_36946610.mp3	3965e892a8e434c312bb639a01cd0eb3150d0444733fe4c4af9ad53f901161ad	Не, знам зашто.		2	0					sr	
b567185fcad311105e9b65bde27bdec6ce704b688ff26d825291213365cf8e3f9155c3379c0b98422c29544a02036084bba2b39a4febd81d589392220033949f	common_voice_sr_36946611.mp3	42f1aa1b3508d01c7c880e53da7a3aeaeab206b4318a91b6994fd5dd19aeb7b6	Не верујем то.		2	0					sr	
b567185fcad311105e9b65bde27bdec6ce704b688ff26d825291213365cf8e3f9155c3379c0b98422c29544a02036084bba2b39a4febd81d589392220033949f	common_voice_sr_36946612.mp3	34170619c12d15ef42456a41c3dab576caed00bcedc3277e000a654e6798309f	Молим вас, реците.		2	0					sr	
b567185fcad311105e9b65bde27bdec6ce704b688ff26d825291213365cf8e3f9155c3379c0b98422c29544a02036084bba2b39a4febd81d589392220033949f	common_voice_sr_36946614.mp3	451ef7250cb16df554d57b61d52b28e9b58373d9b8e3b05aea356d4c2295dd6f	А не, никако.		2	0					sr	
b567185fcad311105e9b65bde27bdec6ce704b688ff26d825291213365cf8e3f9155c3379c0b98422c29544a02036084bba2b39a4febd81d589392220033949f	common_voice_sr_36946616.mp3	468bc25048c08cba3d14a8a88c7181fd1ac2da2f0f80cdbddea745d1159c4c52	То је та.		2	0					sr	
b567185fcad311105e9b65bde27bdec6ce704b688ff26d825291213365cf8e3f9155c3379c0b98422c29544a02036084bba2b39a4febd81d589392220033949f	common_voice_sr_36946617.mp3	45ac38b30d22b154a8ff9a0fb8df63bd9ff03e3e30b75ca2c2b50da6b0982541	Тако, тако, тако!		2	0					sr	
b567185fcad311105e9b65bde27bdec6ce704b688ff26d825291213365cf8e3f9155c3379c0b98422c29544a02036084bba2b39a4febd81d589392220033949f	common_voice_sr_36946619.mp3	36c74274843ece57b9e322f27b27018836e5e3e8a3ed8c30fda2b4a16a7d2efc	Страни инвеститори би такође сматрали такво тржиште примамљивим.		2	0					sr	
b567185fcad311105e9b65bde27bdec6ce704b688ff26d825291213365cf8e3f9155c3379c0b98422c29544a02036084bba2b39a4febd81d589392220033949f	common_voice_sr_36946621.mp3	ea1bed8d82e054869c71539ab098de7f55ab5ffef842507f87720c135705f945	Што вам је?		2	0					sr	
b567185fcad311105e9b65bde27bdec6ce704b688ff26d825291213365cf8e3f9155c3379c0b98422c29544a02036084bba2b39a4febd81d589392220033949f	common_voice_sr_36946624.mp3	2e355d84d35a9f87ee149100d4138c04206747986660eb7ca0706727e8c8da5d	Што не можеш?		2	0					sr	
b567185fcad311105e9b65bde27bdec6ce704b688ff26d825291213365cf8e3f9155c3379c0b98422c29544a02036084bba2b39a4febd81d589392220033949f	common_voice_sr_36946625.mp3	302b1d64df62c1edd8e578a5163a6f0508176573dcdee78ea2d03b8b03fc6693	А ви сте?		2	0					sr	
b567185fcad311105e9b65bde27bdec6ce704b688ff26d825291213365cf8e3f9155c3379c0b98422c29544a02036084bba2b39a4febd81d589392220033949f	common_voice_sr_36946626.mp3	3bef545ea6ce7877fff23322557d7d6aa814c9b595e979201bacbbfbebf3e39b	Не знаш како!		2	0					sr	
b567185fcad311105e9b65bde27bdec6ce704b688ff26d825291213365cf8e3f9155c3379c0b98422c29544a02036084bba2b39a4febd81d589392220033949f	common_voice_sr_36946627.mp3	9357202a39d3dd5e571c50a3758e832489d710894c978a7a0e576d83430ec5ef	Средства ће бити додељена стратешким секторима албанске привреде.		2	0					sr	
b567185fcad311105e9b65bde27bdec6ce704b688ff26d825291213365cf8e3f9155c3379c0b98422c29544a02036084bba2b39a4febd81d589392220033949f	common_voice_sr_36946628.mp3	3977c2fe764aaa251ce54c2768de71a50784e1f15a045bc53dd80d974c4f338a	Нема никакве сумње?		2	0					sr	
b567185fcad311105e9b65bde27bdec6ce704b688ff26d825291213365cf8e3f9155c3379c0b98422c29544a02036084bba2b39a4febd81d589392220033949f	common_voice_sr_36946629.mp3	754e0c24eafcbd2768fbb86760e517ba888b42144ac654b30580f66fd5a0b53e	У сваком народу има лопова, криминалаца и убица.		2	0					sr	
b567185fcad311105e9b65bde27bdec6ce704b688ff26d825291213365cf8e3f9155c3379c0b98422c29544a02036084bba2b39a4febd81d589392220033949f	common_voice_sr_36946630.mp3	38a0632ffa2a06ff87e970fbb2737a79edf290690ab35aabf4904457d9cd785a	То би било добро?		2	0					sr	
b567185fcad311105e9b65bde27bdec6ce704b688ff26d825291213365cf8e3f9155c3379c0b98422c29544a02036084bba2b39a4febd81d589392220033949f	common_voice_sr_36946631.mp3	412c1cd6e9cac3d02c30219ea0c2d801291b6177a29fafd23a80610be95a1217	Није код куће.		2	0					sr	
b567185fcad311105e9b65bde27bdec6ce704b688ff26d825291213365cf8e3f9155c3379c0b98422c29544a02036084bba2b39a4febd81d589392220033949f	common_voice_sr_36946633.mp3	358c7e2f6e82f4527ce28123fd58af1a3f74dd329290160ee67d68827bf0093b	Ја не разумем.		2	0					sr	
b567185fcad311105e9b65bde27bdec6ce704b688ff26d825291213365cf8e3f9155c3379c0b98422c29544a02036084bba2b39a4febd81d589392220033949f	common_voice_sr_36946635.mp3	3a29e076b363b6e420cdced430691ae1d27d5c950f69955d453370cd2507d62a	Срам те било.		2	0					sr	
b567185fcad311105e9b65bde27bdec6ce704b688ff26d825291213365cf8e3f9155c3379c0b98422c29544a02036084bba2b39a4febd81d589392220033949f	common_voice_sr_36946646.mp3	42d1d2457c12dd734402b4353191c53373892be32774aa1bed1e95cf174cb16c	И нисам заборавио.		2	0					sr	
b567185fcad311105e9b65bde27bdec6ce704b688ff26d825291213365cf8e3f9155c3379c0b98422c29544a02036084bba2b39a4febd81d589392220033949f	common_voice_sr_36946647.mp3	479dd108bdf9d38cdf9255a25987c921300fd1c184ae38d849be151d26b7d038	И моје дете?		2	0					sr	
b567185fcad311105e9b65bde27bdec6ce704b688ff26d825291213365cf8e3f9155c3379c0b98422c29544a02036084bba2b39a4febd81d589392220033949f	common_voice_sr_36946648.mp3	35d5a02671405574bafb437f7a08237305e6f8fb2cf3616b0f564ed531720fa4	Знам и то!		2	0					sr	
b567185fcad311105e9b65bde27bdec6ce704b688ff26d825291213365cf8e3f9155c3379c0b98422c29544a02036084bba2b39a4febd81d589392220033949f	common_voice_sr_36946649.mp3	3a6181756de54d952eee290bebae6851b6808a9940eed022c37e6e1e3ef8b618	Ви не разумете!		2	0					sr	
b567185fcad311105e9b65bde27bdec6ce704b688ff26d825291213365cf8e3f9155c3379c0b98422c29544a02036084bba2b39a4febd81d589392220033949f	common_voice_sr_36946657.mp3	323e7b93b6973e4e27a7df3021e7a3e9be382f52320c768b71753c6ea0edb1a3	Постоје два клуба.		2	0					sr	
b567185fcad311105e9b65bde27bdec6ce704b688ff26d825291213365cf8e3f9155c3379c0b98422c29544a02036084bba2b39a4febd81d589392220033949f	common_voice_sr_36946658.mp3	4573b90757dd5d0606ae03f3c676099640c8338f1c3359e8b9da0779f596b3ab	А где би?		2	0					sr	
b567185fcad311105e9b65bde27bdec6ce704b688ff26d825291213365cf8e3f9155c3379c0b98422c29544a02036084bba2b39a4febd81d589392220033949f	common_voice_sr_36946659.mp3	1bea58cbd4f8f628962f9e7bfb3a85d6c1e613a68d845457239e145e444a408c	Слични протести заказани су за четвртак.		2	0					sr	
b567185fcad311105e9b65bde27bdec6ce704b688ff26d825291213365cf8e3f9155c3379c0b98422c29544a02036084bba2b39a4febd81d589392220033949f	common_voice_sr_36946660.mp3	fd9d612be8c4af3af33a50788e1e0488b65986bca9337dbe8c83b6588478cf0d	Што се власти тиче, промене овде су невероватне.		2	0					sr	
b567185fcad311105e9b65bde27bdec6ce704b688ff26d825291213365cf8e3f9155c3379c0b98422c29544a02036084bba2b39a4febd81d589392220033949f	common_voice_sr_36946661.mp3	320fd52ce2c6db8212c5339da71fe14ad64234a6025a1623457ed0dcc8580f58	Ох, то вам је била читава комендија, тако да смо сви попуцали од смеха.		2	0					sr	
b567185fcad311105e9b65bde27bdec6ce704b688ff26d825291213365cf8e3f9155c3379c0b98422c29544a02036084bba2b39a4febd81d589392220033949f	common_voice_sr_36946662.mp3	2fefad2534949b408ff0cf302206a5a46cd441705b01e10b84f10e9bc491d837	То је боље!		2	0					sr	
b567185fcad311105e9b65bde27bdec6ce704b688ff26d825291213365cf8e3f9155c3379c0b98422c29544a02036084bba2b39a4febd81d589392220033949f	common_voice_sr_36946663.mp3	41d8f150e18222ea949982d5305420a142bcdebcc74aa2be23fe8e53d44997f2	Други се не слаже са њим.		2	0					sr	
b567185fcad311105e9b65bde27bdec6ce704b688ff26d825291213365cf8e3f9155c3379c0b98422c29544a02036084bba2b39a4febd81d589392220033949f	common_voice_sr_36946664.mp3	3e66113ab511369e50ece869f40bf2f7cc9f59074f50d5ccba2502899a683488	Не могу, без тебе.		2	0					sr	
b567185fcad311105e9b65bde27bdec6ce704b688ff26d825291213365cf8e3f9155c3379c0b98422c29544a02036084bba2b39a4febd81d589392220033949f	common_voice_sr_36946670.mp3	8bf1930c4300380db46e47aa7a199de64df7f32d57c8f44a21d02de9401d74be	Србија никада није размишљала о подели.		2	0					sr	
b567185fcad311105e9b65bde27bdec6ce704b688ff26d825291213365cf8e3f9155c3379c0b98422c29544a02036084bba2b39a4febd81d589392220033949f	common_voice_sr_36946671.mp3	2c12f334d3ef5c2afde9ef6d8a890e1076cee2f7355d286c25a7d6345d413134	О, ево ме.		2	0					sr	
b567185fcad311105e9b65bde27bdec6ce704b688ff26d825291213365cf8e3f9155c3379c0b98422c29544a02036084bba2b39a4febd81d589392220033949f	common_voice_sr_36946674.mp3	3d1bc0cd0003342c28c2e9ff15d2a8be97f69759575d1681cbc117e64b50c4ad	О не не!		2	0					sr	
b567185fcad311105e9b65bde27bdec6ce704b688ff26d825291213365cf8e3f9155c3379c0b98422c29544a02036084bba2b39a4febd81d589392220033949f	common_voice_sr_36946680.mp3	330cd55bbcf9bde6690698d9f597199929b7d9053da86c18c698e4651f7e2455	Потребан нам је.		2	0					sr	
b567185fcad311105e9b65bde27bdec6ce704b688ff26d825291213365cf8e3f9155c3379c0b98422c29544a02036084bba2b39a4febd81d589392220033949f	common_voice_sr_36946681.mp3	30a73e6f1973ed86edb2463e30fd7d93a64622cbef66b4cb2de5e9dec12b5f15	Дисиденти су били сламани...		2	1					sr	
b567185fcad311105e9b65bde27bdec6ce704b688ff26d825291213365cf8e3f9155c3379c0b98422c29544a02036084bba2b39a4febd81d589392220033949f	common_voice_sr_36946682.mp3	3b0697da7d7eaa69b08fc83d194fd8d963a23644e257af7ddac34fd5d5d910db	То је кључно питање.		2	0					sr	
b567185fcad311105e9b65bde27bdec6ce704b688ff26d825291213365cf8e3f9155c3379c0b98422c29544a02036084bba2b39a4febd81d589392220033949f	common_voice_sr_36946684.mp3	3ebb9c4bfc1b11163b43ae142d71db320a5f93a7a8fa749591e37e5eaa31dc3a	Рано је, знам.		2	0					sr	
b567185fcad311105e9b65bde27bdec6ce704b688ff26d825291213365cf8e3f9155c3379c0b98422c29544a02036084bba2b39a4febd81d589392220033949f	common_voice_sr_36946691.mp3	3bf69e0ab638ffce1a3a5fe6a1d29f872d89e0f0c4e21b99f061bc49d8a46e42	Схваташ ли ме сад?		2	0					sr	
b567185fcad311105e9b65bde27bdec6ce704b688ff26d825291213365cf8e3f9155c3379c0b98422c29544a02036084bba2b39a4febd81d589392220033949f	common_voice_sr_36946692.mp3	47b07c78d63ae55b845408c89aded175d58de64d1a948872c3264ff459430ba4	Ти то мислиш?		2	0					sr	
b567185fcad311105e9b65bde27bdec6ce704b688ff26d825291213365cf8e3f9155c3379c0b98422c29544a02036084bba2b39a4febd81d589392220033949f	common_voice_sr_36946693.mp3	4592edd2e3c10bfd12f88615d0dee1cb8e36302f3ff347f1031bba70b9a553cf	Нека буде плава.		2	0					sr	
b567185fcad311105e9b65bde27bdec6ce704b688ff26d825291213365cf8e3f9155c3379c0b98422c29544a02036084bba2b39a4febd81d589392220033949f	common_voice_sr_36946700.mp3	11b47864ec05d504d40b47970af956ec1ee94e985740472bfa6766ef51ca956e	Е па нема.		2	0					sr	
b567185fcad311105e9b65bde27bdec6ce704b688ff26d825291213365cf8e3f9155c3379c0b98422c29544a02036084bba2b39a4febd81d589392220033949f	common_voice_sr_36946701.mp3	0654b22c1f042f873b7f96cac082458bff509e8556f0c32e8f570fc117a9b210	А и отац.		2	0					sr	
b567185fcad311105e9b65bde27bdec6ce704b688ff26d825291213365cf8e3f9155c3379c0b98422c29544a02036084bba2b39a4febd81d589392220033949f	common_voice_sr_36946702.mp3	30e3ed8fded7ca34ef73bcff656bb5519832849b676927dee2621c7d5713a62f	Све је врло хаотично.		2	0					sr	
b567185fcad311105e9b65bde27bdec6ce704b688ff26d825291213365cf8e3f9155c3379c0b98422c29544a02036084bba2b39a4febd81d589392220033949f	common_voice_sr_36946703.mp3	ed1716f30546d858b43d22a18e6290f9c84da19bcf056f36752388225628c294	Па. где је?		2	0					sr	
b567185fcad311105e9b65bde27bdec6ce704b688ff26d825291213365cf8e3f9155c3379c0b98422c29544a02036084bba2b39a4febd81d589392220033949f	common_voice_sr_36946704.mp3	6eb6e2f02f686242b78ca7f9232772bdf9a92155782a273e4297fea65307867c	Сада ће фокус бити на пољопривреди.		2	0					sr	
b567185fcad311105e9b65bde27bdec6ce704b688ff26d825291213365cf8e3f9155c3379c0b98422c29544a02036084bba2b39a4febd81d589392220033949f	common_voice_sr_36946705.mp3	36fd1c72264276c94f9039ac2036335b106efcbcf8eb95999c3176c37cc42787	И мртви су.		2	0					sr	
b567185fcad311105e9b65bde27bdec6ce704b688ff26d825291213365cf8e3f9155c3379c0b98422c29544a02036084bba2b39a4febd81d589392220033949f	common_voice_sr_36946706.mp3	1fafb1e6d339fb008a8e46d99d29d6789cba9e27a0fd14f761fe00e24070cd18	Ено ти врата.		2	0					sr	
b567185fcad311105e9b65bde27bdec6ce704b688ff26d825291213365cf8e3f9155c3379c0b98422c29544a02036084bba2b39a4febd81d589392220033949f	common_voice_sr_36946707.mp3	326d970274009da22c6e8ede04d8f3125c4b3ec5a471c17493dd383d9cfe97c8	Пожури, или ћеш закаснити!		2	0					sr	
b567185fcad311105e9b65bde27bdec6ce704b688ff26d825291213365cf8e3f9155c3379c0b98422c29544a02036084bba2b39a4febd81d589392220033949f	common_voice_sr_36946709.mp3	404b2c551595b29354fb52ff64d97e540216e585251f8446fd8c416923ce1cc3	Где је, где је!		2	0					sr	
b567185fcad311105e9b65bde27bdec6ce704b688ff26d825291213365cf8e3f9155c3379c0b98422c29544a02036084bba2b39a4febd81d589392220033949f	common_voice_sr_36946710.mp3	496aa8268c7642bc39955143aed83394e5a5400c167eb64abe9648eac3fd7c40	То што каже.		2	0					sr	
b567185fcad311105e9b65bde27bdec6ce704b688ff26d825291213365cf8e3f9155c3379c0b98422c29544a02036084bba2b39a4febd81d589392220033949f	common_voice_sr_36946713.mp3	6d9097b01b0a91a7407872d81683946cc2f8d0f6c330238dc1dae95d23909253	Стратегија је контроверзна.		2	0					sr	
b567185fcad311105e9b65bde27bdec6ce704b688ff26d825291213365cf8e3f9155c3379c0b98422c29544a02036084bba2b39a4febd81d589392220033949f	common_voice_sr_36946714.mp3	4886697f7b58974aada664e099e47cbea5a880e953e845eae9e6de676f34c589	То су први кораци.		2	0					sr	
b567185fcad311105e9b65bde27bdec6ce704b688ff26d825291213365cf8e3f9155c3379c0b98422c29544a02036084bba2b39a4febd81d589392220033949f	common_voice_sr_36946716.mp3	485a4580ba6635f90c8243a75ca25c8817635c972f78ec13e4b87e227d2d12dd	Па, зашто иде?		2	0					sr	
b567185fcad311105e9b65bde27bdec6ce704b688ff26d825291213365cf8e3f9155c3379c0b98422c29544a02036084bba2b39a4febd81d589392220033949f	common_voice_sr_36946717.mp3	48f3e8fa5badfbad9896dd5f701f751f129aa483d6cc83835abfcc6a0563b668	Ти не волиш?		2	0					sr	
b567185fcad311105e9b65bde27bdec6ce704b688ff26d825291213365cf8e3f9155c3379c0b98422c29544a02036084bba2b39a4febd81d589392220033949f	common_voice_sr_36946718.mp3	49379b22dadf39e5e938ab3826f743e8f00e0ba66ca726636eb4120268c61b36	Косово није држава.		2	0					sr	
b567185fcad311105e9b65bde27bdec6ce704b688ff26d825291213365cf8e3f9155c3379c0b98422c29544a02036084bba2b39a4febd81d589392220033949f	common_voice_sr_36946719.mp3	fc1f296e37a92d9f80c9cec0ea63ba646dc7d4eb49c95d9d1de10e9ef8e6aadc	Сабор је трајао три дана.		2	0					sr	
b567185fcad311105e9b65bde27bdec6ce704b688ff26d825291213365cf8e3f9155c3379c0b98422c29544a02036084bba2b39a4febd81d589392220033949f	common_voice_sr_36946726.mp3	4342afaf03ae8666f85651207696f5c82b803b4e4ca391550ce2388a53aae361	Ја ово више не могу!		2	0					sr	
b567185fcad311105e9b65bde27bdec6ce704b688ff26d825291213365cf8e3f9155c3379c0b98422c29544a02036084bba2b39a4febd81d589392220033949f	common_voice_sr_36946727.mp3	238a054b333c98bf4694394ed5864fe3cbda3de8d807cd7b3bd98b9373eb4290	А ти не?		2	0					sr	
b567185fcad311105e9b65bde27bdec6ce704b688ff26d825291213365cf8e3f9155c3379c0b98422c29544a02036084bba2b39a4febd81d589392220033949f	common_voice_sr_36946728.mp3	0cdac42e4629a3e818e69ae28902ca471d08dcfdcf8383156b93dc7c2ecf8834	С десне стране.		2	0					sr	
b567185fcad311105e9b65bde27bdec6ce704b688ff26d825291213365cf8e3f9155c3379c0b98422c29544a02036084bba2b39a4febd81d589392220033949f	common_voice_sr_36946729.mp3	d50f35764d7bfad2fae3487ab65a56c1508b38490b533a514e0ce705e4aec761	Разговарате са мном?		2	1					sr	
b567185fcad311105e9b65bde27bdec6ce704b688ff26d825291213365cf8e3f9155c3379c0b98422c29544a02036084bba2b39a4febd81d589392220033949f	common_voice_sr_36946739.mp3	37601375d4e9ad767ce5e3929e79eb40f023b3f0591bb2b75f9eb742f90511aa	Како је диван.		2	0					sr	
b567185fcad311105e9b65bde27bdec6ce704b688ff26d825291213365cf8e3f9155c3379c0b98422c29544a02036084bba2b39a4febd81d589392220033949f	common_voice_sr_36946741.mp3	4e81d2e48695532d42281517dcddbd20a1bc8423797f27c9f2fb4ff7b71c2a49	Све остало остаје мистерија.		2	0					sr	
b567185fcad311105e9b65bde27bdec6ce704b688ff26d825291213365cf8e3f9155c3379c0b98422c29544a02036084bba2b39a4febd81d589392220033949f	common_voice_sr_36946742.mp3	494a9f98b6e769c1bb8287e7740d9aef226c3f5cd14c9bc9ccc391a4a0ec5871	Шта се променило?		2	0					sr	
b567185fcad311105e9b65bde27bdec6ce704b688ff26d825291213365cf8e3f9155c3379c0b98422c29544a02036084bba2b39a4febd81d589392220033949f	common_voice_sr_36946743.mp3	308fda5cdf7acfcd2f0e791075d4f1175016a0a5f744aad160ad233760aacc7e	На, на ово.		2	0					sr	
b567185fcad311105e9b65bde27bdec6ce704b688ff26d825291213365cf8e3f9155c3379c0b98422c29544a02036084bba2b39a4febd81d589392220033949f	common_voice_sr_36946746.mp3	394e3d232906f15e4adcce111bbea2ed7a936b62b4bef23f4c0e6954a9115349	Зашто бих се?		2	0					sr	
b567185fcad311105e9b65bde27bdec6ce704b688ff26d825291213365cf8e3f9155c3379c0b98422c29544a02036084bba2b39a4febd81d589392220033949f	common_voice_sr_36946747.mp3	2f15938d19cc1a4e146844626c729eb86496c2ec2d35f8240ff10504015f8611	Само да вас видим!		2	0					sr	
b567185fcad311105e9b65bde27bdec6ce704b688ff26d825291213365cf8e3f9155c3379c0b98422c29544a02036084bba2b39a4febd81d589392220033949f	common_voice_sr_36946748.mp3	47b4cc8c3124857a75bb3c7ab532120efec95bf559ff6c03be4ed447cf96fb70	Шта се то?		2	0					sr	
b567185fcad311105e9b65bde27bdec6ce704b688ff26d825291213365cf8e3f9155c3379c0b98422c29544a02036084bba2b39a4febd81d589392220033949f	common_voice_sr_36946754.mp3	0ea6f1468073c14d20f34e91c8cff4f3d3a7ee6493340a6cc3ce5c4bc9e551bb	Пера је добио стомачни вирус и данас неће ићи у школу.		2	0					sr	
b567185fcad311105e9b65bde27bdec6ce704b688ff26d825291213365cf8e3f9155c3379c0b98422c29544a02036084bba2b39a4febd81d589392220033949f	common_voice_sr_36946755.mp3	43fe5081da19610c173b9d773f96a15530202dca85d3516e7fac7507cee42209	Па шта да радимо?		2	0					sr	
b567185fcad311105e9b65bde27bdec6ce704b688ff26d825291213365cf8e3f9155c3379c0b98422c29544a02036084bba2b39a4febd81d589392220033949f	common_voice_sr_36946756.mp3	3fb76395f36a9dfdfe47f207ca601c8cb27425832618658d985704572a71a4a2	Не љутим се.		2	0					sr	
b567185fcad311105e9b65bde27bdec6ce704b688ff26d825291213365cf8e3f9155c3379c0b98422c29544a02036084bba2b39a4febd81d589392220033949f	common_voice_sr_36946757.mp3	40bbca1fd6ff876e89f5ee3c42fed2d48459601576c3aedeac7925296bc904d2	Није ни мало важно!		2	0					sr	
b567185fcad311105e9b65bde27bdec6ce704b688ff26d825291213365cf8e3f9155c3379c0b98422c29544a02036084bba2b39a4febd81d589392220033949f	common_voice_sr_36946759.mp3	46caf88a690427f565e931aa3edb073a1ff9b4b3d508687a468aac51b43cf8cd	Али сад видим.		2	0					sr	
b567185fcad311105e9b65bde27bdec6ce704b688ff26d825291213365cf8e3f9155c3379c0b98422c29544a02036084bba2b39a4febd81d589392220033949f	common_voice_sr_36946760.mp3	3bd09e4a9ffcb78158081d960470abf05600973db2e7335508a9914ac765d2ef	Смилуј ми се!		2	0					sr	
b567185fcad311105e9b65bde27bdec6ce704b688ff26d825291213365cf8e3f9155c3379c0b98422c29544a02036084bba2b39a4febd81d589392220033949f	common_voice_sr_36946762.mp3	f5317a68457f8b40e73391c0a163db56fab0e7d9ff773e7354d4434ada71d4fb	О, да, јесте!		2	0					sr	
b567185fcad311105e9b65bde27bdec6ce704b688ff26d825291213365cf8e3f9155c3379c0b98422c29544a02036084bba2b39a4febd81d589392220033949f	common_voice_sr_36946765.mp3	2b0eeec3d85b70c3cb96028ead73e67544c54359cb5f60850e1fbd7145859a4a	О, па да!		2	0					sr	
b567185fcad311105e9b65bde27bdec6ce704b688ff26d825291213365cf8e3f9155c3379c0b98422c29544a02036084bba2b39a4febd81d589392220033949f	common_voice_sr_36946766.mp3	4881065e4fbc3ffa81b85f8d3be1bdcad92ed2e9a307788163bdba40f97961be	Зар не видиш?		2	0					sr	
b567185fcad311105e9b65bde27bdec6ce704b688ff26d825291213365cf8e3f9155c3379c0b98422c29544a02036084bba2b39a4febd81d589392220033949f	common_voice_sr_36946770.mp3	2be1199a6ff1f4d6a64099b20781bf63ae7bc0e0902efe73bda1d15c79b3391d	И због тога.		2	0					sr	
b567185fcad311105e9b65bde27bdec6ce704b688ff26d825291213365cf8e3f9155c3379c0b98422c29544a02036084bba2b39a4febd81d589392220033949f	common_voice_sr_36946773.mp3	472c558aaaee5afba577d827cd20048a318381a66800ffaa003754ab839856e3	Треба поставити неки крајњи рок.		2	0					sr	
b567185fcad311105e9b65bde27bdec6ce704b688ff26d825291213365cf8e3f9155c3379c0b98422c29544a02036084bba2b39a4febd81d589392220033949f	common_voice_sr_36946774.mp3	26b43ed3ab0738624d5a3ba96f49597cdb5c94b4004d5cb1efde79e67bee8547	Кипар не сме бити изузетак.		2	0					sr	
b567185fcad311105e9b65bde27bdec6ce704b688ff26d825291213365cf8e3f9155c3379c0b98422c29544a02036084bba2b39a4febd81d589392220033949f	common_voice_sr_36946775.mp3	188234734936209a1e383cd0b5b494fa4e3523598c29bf76a1a39ed3eb168231	Ко јој каже.		2	0					sr	
b567185fcad311105e9b65bde27bdec6ce704b688ff26d825291213365cf8e3f9155c3379c0b98422c29544a02036084bba2b39a4febd81d589392220033949f	common_voice_sr_36946778.mp3	4bbabf5f4450a9df4fa0053b8b3b7f84813512da1007b254c698a1526a5346cd	Каже да се љути.		2	0					sr	
b567185fcad311105e9b65bde27bdec6ce704b688ff26d825291213365cf8e3f9155c3379c0b98422c29544a02036084bba2b39a4febd81d589392220033949f	common_voice_sr_36946780.mp3	4a3bc71f412b169ded065517bf6110cb4879d7a14050789f0c6931e77b9e2e67	Бога ми нисам.		2	0					sr	
b567185fcad311105e9b65bde27bdec6ce704b688ff26d825291213365cf8e3f9155c3379c0b98422c29544a02036084bba2b39a4febd81d589392220033949f	common_voice_sr_36946781.mp3	2438431b50a2d1411f19237a717fc36a6d622caf41b6eacea3fc0715968aad2e	То је она!		2	0					sr	
b567185fcad311105e9b65bde27bdec6ce704b688ff26d825291213365cf8e3f9155c3379c0b98422c29544a02036084bba2b39a4febd81d589392220033949f	common_voice_sr_36946793.mp3	4406de3cb1e90ee03a79816eaabd6ad03e622daee037eee421a36a7d6316e221	Млади господин жели да се шиша?		2	0					sr	
b567185fcad311105e9b65bde27bdec6ce704b688ff26d825291213365cf8e3f9155c3379c0b98422c29544a02036084bba2b39a4febd81d589392220033949f	common_voice_sr_36946794.mp3	36d5e618b452abb43b275b1fe1db01592cc53666216eb0116491fa9ef6245348	Ствар је свршена.		2	0					sr	
b567185fcad311105e9b65bde27bdec6ce704b688ff26d825291213365cf8e3f9155c3379c0b98422c29544a02036084bba2b39a4febd81d589392220033949f	common_voice_sr_36946795.mp3	4ae44d5c135bf6b04d952139d3004b3c49274caef00a63a67bfc292576d873b1	То не може бити то.		2	0					sr	
b567185fcad311105e9b65bde27bdec6ce704b688ff26d825291213365cf8e3f9155c3379c0b98422c29544a02036084bba2b39a4febd81d589392220033949f	common_voice_sr_36946796.mp3	400dfbd16d2909e203f001450fe1775cbbfa57fc9e90a4837e536d77e32a7c02	А шта кажете?		2	0					sr	
b567185fcad311105e9b65bde27bdec6ce704b688ff26d825291213365cf8e3f9155c3379c0b98422c29544a02036084bba2b39a4febd81d589392220033949f	common_voice_sr_36946799.mp3	42c52d0b780a26dd620ac2434871f585cbd7cac949f87a38247b08064e061996	Да је још жив.		2	0					sr	
b567185fcad311105e9b65bde27bdec6ce704b688ff26d825291213365cf8e3f9155c3379c0b98422c29544a02036084bba2b39a4febd81d589392220033949f	common_voice_sr_36946801.mp3	12b7b6113900f174246b44918f7052df4b3fb5309d8805580c1b938f7373e574	То се не може.		2	0					sr	
b567185fcad311105e9b65bde27bdec6ce704b688ff26d825291213365cf8e3f9155c3379c0b98422c29544a02036084bba2b39a4febd81d589392220033949f	common_voice_sr_36946802.mp3	4a3ce0818a3f40e3ffc40242169ff8d662665ec727eae6e709fc72331442bfc1	А задња врата?		2	0					sr	
b567185fcad311105e9b65bde27bdec6ce704b688ff26d825291213365cf8e3f9155c3379c0b98422c29544a02036084bba2b39a4febd81d589392220033949f	common_voice_sr_36946846.mp3	4c08c7719fa0a7fd6bf251ccf365e36e6a2092c87074dc91528f75e90e0dd578	То је чињеница.		2	0					sr	
b567185fcad311105e9b65bde27bdec6ce704b688ff26d825291213365cf8e3f9155c3379c0b98422c29544a02036084bba2b39a4febd81d589392220033949f	common_voice_sr_36946847.mp3	3dd5c3aba80b416a9dd7091fcbdc1c54056064cb65811113ae3f2d4a6ae79b06	Није тако велик.		2	0					sr	
b567185fcad311105e9b65bde27bdec6ce704b688ff26d825291213365cf8e3f9155c3379c0b98422c29544a02036084bba2b39a4febd81d589392220033949f	common_voice_sr_36946848.mp3	27ec1d0488c3ea67d291bc34b1eb654896fb1f85c793cca41d0818d72bcfb709	А нема их.		2	0					sr	
b567185fcad311105e9b65bde27bdec6ce704b688ff26d825291213365cf8e3f9155c3379c0b98422c29544a02036084bba2b39a4febd81d589392220033949f	common_voice_sr_36946849.mp3	e7d3bee60ef59f240e5ee08885ed2fc8c102ed1926a26b2a3fd41b47d5d4f556	То су универзалне ствари.		2	0					sr	
b567185fcad311105e9b65bde27bdec6ce704b688ff26d825291213365cf8e3f9155c3379c0b98422c29544a02036084bba2b39a4febd81d589392220033949f	common_voice_sr_36946854.mp3	4257c558efe82a60a57f7298176e73fe099b09aabc3ebf8e7f7a05aabef4449c	Шта ће нам?		2	0					sr	
b567185fcad311105e9b65bde27bdec6ce704b688ff26d825291213365cf8e3f9155c3379c0b98422c29544a02036084bba2b39a4febd81d589392220033949f	common_voice_sr_36946855.mp3	3cca2fe02418afcfc3706ad53cc29c88b2dc68fe6a06958f76a892e147cc2171	Не може, не може!		2	0					sr	
b567185fcad311105e9b65bde27bdec6ce704b688ff26d825291213365cf8e3f9155c3379c0b98422c29544a02036084bba2b39a4febd81d589392220033949f	common_voice_sr_36946856.mp3	3faf3cc1c10d39036a6d1eef75d75db56da7e4e046466089eb5f09e3c61c61b0	На пример ја.		2	0					sr	
b567185fcad311105e9b65bde27bdec6ce704b688ff26d825291213365cf8e3f9155c3379c0b98422c29544a02036084bba2b39a4febd81d589392220033949f	common_voice_sr_36946857.mp3	2ed7485db935c0745fb90e14d2e19a7c73ac53d37a93d4864b1a0f99f4937a02	Више није тако.		2	0					sr	
b567185fcad311105e9b65bde27bdec6ce704b688ff26d825291213365cf8e3f9155c3379c0b98422c29544a02036084bba2b39a4febd81d589392220033949f	common_voice_sr_36946858.mp3	446e891e48447a7b674e934bd75c02185e44153b93c92c82eecf4cdcfaf0117e	А како да кажем?		2	0					sr	
b567185fcad311105e9b65bde27bdec6ce704b688ff26d825291213365cf8e3f9155c3379c0b98422c29544a02036084bba2b39a4febd81d589392220033949f	common_voice_sr_36946860.mp3	49e84c8d9824c78a7398929a6c838d606bdb3ab339f9cba0107a6d4a20b994d3	Шта је теби.		2	0					sr	
b567185fcad311105e9b65bde27bdec6ce704b688ff26d825291213365cf8e3f9155c3379c0b98422c29544a02036084bba2b39a4febd81d589392220033949f	common_voice_sr_36946862.mp3	37e5a5895d165ac74fd8f9ee500ef71b7162ece8b85f558539b57d638f76f467	Што је било?		2	0					sr	
b567185fcad311105e9b65bde27bdec6ce704b688ff26d825291213365cf8e3f9155c3379c0b98422c29544a02036084bba2b39a4febd81d589392220033949f	common_voice_sr_36946874.mp3	39f505bbd3a65671956dd2935f151c91675574efdd3bb6e16dafea2612081a16	Да се врати?		2	0					sr	
b567185fcad311105e9b65bde27bdec6ce704b688ff26d825291213365cf8e3f9155c3379c0b98422c29544a02036084bba2b39a4febd81d589392220033949f	common_voice_sr_36946875.mp3	0b27e3cadae4e706f12e27234c2ed4aa6c983b6bbc85d5608f2ce0ef5071f3d1	Али не само зато.		2	0					sr	
b567185fcad311105e9b65bde27bdec6ce704b688ff26d825291213365cf8e3f9155c3379c0b98422c29544a02036084bba2b39a4febd81d589392220033949f	common_voice_sr_36946876.mp3	4bc462403e1e868851de491d1e4c44a1c856297897cd89ca8923dd61e2286bab	Пахор је критиковао тај корак.		2	0					sr	
b567185fcad311105e9b65bde27bdec6ce704b688ff26d825291213365cf8e3f9155c3379c0b98422c29544a02036084bba2b39a4febd81d589392220033949f	common_voice_sr_36946877.mp3	4ce50267d304586d5b6c85951beb3f9e317a89647344ce75cddd6d486c342081	Мора да је.		2	0					sr	
b567185fcad311105e9b65bde27bdec6ce704b688ff26d825291213365cf8e3f9155c3379c0b98422c29544a02036084bba2b39a4febd81d589392220033949f	common_voice_sr_36946888.mp3	4889bcee5d05cb4cdcf2ce43c5e02caa8ecce7ee8acfabbbe974bc4b6a85ebb8	Наравно да је.		2	0					sr	
b567185fcad311105e9b65bde27bdec6ce704b688ff26d825291213365cf8e3f9155c3379c0b98422c29544a02036084bba2b39a4febd81d589392220033949f	common_voice_sr_36946889.mp3	6d94f1905bf523ac4b8afe9cab47e6b0b74482a10912777ee90554d46c642777	Та група тражи флексибилнију економску и финансијску политику.		2	0					sr	
b567185fcad311105e9b65bde27bdec6ce704b688ff26d825291213365cf8e3f9155c3379c0b98422c29544a02036084bba2b39a4febd81d589392220033949f	common_voice_sr_36946891.mp3	2e5e770faf5e576a95efaa2d57b286fdfd5636005379a7caaa957be416d6936b	Одело не чини човека.		2	0					sr	
b567185fcad311105e9b65bde27bdec6ce704b688ff26d825291213365cf8e3f9155c3379c0b98422c29544a02036084bba2b39a4febd81d589392220033949f	common_voice_sr_36946892.mp3	4d525134d1dac06f10cb58ed9066de08bc691cb0e13342760a767f5ba6896635	То је само.		2	0					sr	
b567185fcad311105e9b65bde27bdec6ce704b688ff26d825291213365cf8e3f9155c3379c0b98422c29544a02036084bba2b39a4febd81d589392220033949f	common_voice_sr_36946893.mp3	39835940b620340cbd8811b07086d4e8e81389d4d6d61cf402dbd4a72fa3f98a	То је баш он.		2	0					sr	
b567185fcad311105e9b65bde27bdec6ce704b688ff26d825291213365cf8e3f9155c3379c0b98422c29544a02036084bba2b39a4febd81d589392220033949f	common_voice_sr_36946895.mp3	3d3e5cacaa1928b9aea87600a3c66a4aa60fb47bfe69c94a081478cac4901c3f	У свако доба?		2	0					sr	
b567185fcad311105e9b65bde27bdec6ce704b688ff26d825291213365cf8e3f9155c3379c0b98422c29544a02036084bba2b39a4febd81d589392220033949f	common_voice_sr_36946896.mp3	182dd30f7abf972c2d469d2a78b61ad7071c3ed9bc2830d5f9010511dc143b38	Не од овога.		2	0					sr	
b567185fcad311105e9b65bde27bdec6ce704b688ff26d825291213365cf8e3f9155c3379c0b98422c29544a02036084bba2b39a4febd81d589392220033949f	common_voice_sr_36946903.mp3	3bfe025d19454bc2f3ff2eea7c20fcd6ea379b0dec44bb0903df01f335027491	И овде је.		2	1					sr	
b567185fcad311105e9b65bde27bdec6ce704b688ff26d825291213365cf8e3f9155c3379c0b98422c29544a02036084bba2b39a4febd81d589392220033949f	common_voice_sr_36946904.mp3	4b6da5391d04e115b1fafdf40bcbbc8b25bc4fbb921a502daf0a9c863f486174	Заљубљен у њу!		2	0					sr	
b567185fcad311105e9b65bde27bdec6ce704b688ff26d825291213365cf8e3f9155c3379c0b98422c29544a02036084bba2b39a4febd81d589392220033949f	common_voice_sr_36946906.mp3	1f048ab5d115decab07015bac9bd573b1d4787ee5a63062abd1d1c561c194b7f	И са њим.		2	0					sr	
b567185fcad311105e9b65bde27bdec6ce704b688ff26d825291213365cf8e3f9155c3379c0b98422c29544a02036084bba2b39a4febd81d589392220033949f	common_voice_sr_36946918.mp3	3a39e98b4a4a20303e44520637bff51cc84f137c4b34b30c03284585ffba4203	Одморите се мало!		2	0					sr	
b567185fcad311105e9b65bde27bdec6ce704b688ff26d825291213365cf8e3f9155c3379c0b98422c29544a02036084bba2b39a4febd81d589392220033949f	common_voice_sr_36946919.mp3	449093252ca3107b0ad13016645bb23bd0f10f19defa8b0bc9f753aa9e898c50	О па да.		2	0					sr	
b567185fcad311105e9b65bde27bdec6ce704b688ff26d825291213365cf8e3f9155c3379c0b98422c29544a02036084bba2b39a4febd81d589392220033949f	common_voice_sr_36946920.mp3	4903459487334ffa51594012edcdf2935a6b3999b4f6651223d7d951501ad7e6	Да ли и ти?		2	0					sr	
b567185fcad311105e9b65bde27bdec6ce704b688ff26d825291213365cf8e3f9155c3379c0b98422c29544a02036084bba2b39a4febd81d589392220033949f	common_voice_sr_36946921.mp3	172c21b0d196931fbc1bbd9993a3f7551ebf4065f3babbfbb0a8d946cb8db45f	Ко га нема?		2	0					sr	
b567185fcad311105e9b65bde27bdec6ce704b688ff26d825291213365cf8e3f9155c3379c0b98422c29544a02036084bba2b39a4febd81d589392220033949f	common_voice_sr_36946922.mp3	49a089e69053edf79229a142094b383ec966715855613d628b73b55540179ba3	А, ви сте!		2	0					sr	
b567185fcad311105e9b65bde27bdec6ce704b688ff26d825291213365cf8e3f9155c3379c0b98422c29544a02036084bba2b39a4febd81d589392220033949f	common_voice_sr_36946929.mp3	4b68c9c8719d32e763ea73270dd1374968d889f0f25adc826f35be170b968355	Да, због тога.		2	0					sr	
b567185fcad311105e9b65bde27bdec6ce704b688ff26d825291213365cf8e3f9155c3379c0b98422c29544a02036084bba2b39a4febd81d589392220033949f	common_voice_sr_36946930.mp3	473fc041b11ef61c4bb06ba3f253bf62fb0cdc876ef1999bcf8d0d80e6531d1b	Треба да радимо.		2	0					sr	
b567185fcad311105e9b65bde27bdec6ce704b688ff26d825291213365cf8e3f9155c3379c0b98422c29544a02036084bba2b39a4febd81d589392220033949f	common_voice_sr_36946932.mp3	3b99dd2aecb860feee858cd3d969644cffcd18e7960a3559343a592a62f5365b	Да ја знам.		2	0					sr	
b567185fcad311105e9b65bde27bdec6ce704b688ff26d825291213365cf8e3f9155c3379c0b98422c29544a02036084bba2b39a4febd81d589392220033949f	common_voice_sr_36946938.mp3	4e7964593f546f6f18b02b47bcaea36f81a295b10513a98be28bb6b61d74911b	Војску је представљао његов заменик.		2	0					sr	
b567185fcad311105e9b65bde27bdec6ce704b688ff26d825291213365cf8e3f9155c3379c0b98422c29544a02036084bba2b39a4febd81d589392220033949f	common_voice_sr_36946939.mp3	31d93639fdfbeacfe6e466198408bb1a770be4f2fd3c3c34c9bb99b071c248ba	Никада нисам желео ништа од других...		2	0					sr	
b567185fcad311105e9b65bde27bdec6ce704b688ff26d825291213365cf8e3f9155c3379c0b98422c29544a02036084bba2b39a4febd81d589392220033949f	common_voice_sr_36946940.mp3	4b632f0b69750c7c6528f5494800f8ee34a09f7193c69a33b7ddf6a3784b2c4b	Многи...		2	0					sr	
b567185fcad311105e9b65bde27bdec6ce704b688ff26d825291213365cf8e3f9155c3379c0b98422c29544a02036084bba2b39a4febd81d589392220033949f	common_voice_sr_36946942.mp3	4e4e05e2ff8a929a5d1562d8c07416a5949c2f859af94474894c7803ef49ec5c	То си био ти!		2	0					sr	
b567185fcad311105e9b65bde27bdec6ce704b688ff26d825291213365cf8e3f9155c3379c0b98422c29544a02036084bba2b39a4febd81d589392220033949f	common_voice_sr_36946953.mp3	0c361836249a3172370e01d7e33a24747c7134ffaab0038963228abcbd93c1a0	А време пролази.		2	0					sr	
b567185fcad311105e9b65bde27bdec6ce704b688ff26d825291213365cf8e3f9155c3379c0b98422c29544a02036084bba2b39a4febd81d589392220033949f	common_voice_sr_36946954.mp3	45732bfa7bb2ef3ceb09c99a5f577986e22316b46c470919e6b18d76fcde49a4	А од када?		2	0					sr	
b567185fcad311105e9b65bde27bdec6ce704b688ff26d825291213365cf8e3f9155c3379c0b98422c29544a02036084bba2b39a4febd81d589392220033949f	common_voice_sr_36946955.mp3	4b5f14e148d168f60080975092ad4dca5b92e8687cf3e9e4752da86e6c2cbba9	О, не не.		2	0					sr	
b567185fcad311105e9b65bde27bdec6ce704b688ff26d825291213365cf8e3f9155c3379c0b98422c29544a02036084bba2b39a4febd81d589392220033949f	common_voice_sr_36946957.mp3	2c06b7732818a9c7c5acf6460fbc910ce309242c1ddfdfcd0a2a504db6327bed	Мораш и живети.		2	0					sr	
b567185fcad311105e9b65bde27bdec6ce704b688ff26d825291213365cf8e3f9155c3379c0b98422c29544a02036084bba2b39a4febd81d589392220033949f	common_voice_sr_36946958.mp3	35d71a2c6fb65e28394cbed151146315402642323d9c394aed848343d2f9f417	Да била је.		2	0					sr	
b567185fcad311105e9b65bde27bdec6ce704b688ff26d825291213365cf8e3f9155c3379c0b98422c29544a02036084bba2b39a4febd81d589392220033949f	common_voice_sr_36946959.mp3	31169e5fac88e50a27c6a89b1793a8a97e65bf3ea06c03dfdfaec40dc2e157b8	Не брините ништа!		2	0					sr	
b567185fcad311105e9b65bde27bdec6ce704b688ff26d825291213365cf8e3f9155c3379c0b98422c29544a02036084bba2b39a4febd81d589392220033949f	common_voice_sr_36946960.mp3	44bb414200a60893e9e2ee090cf81d1ad7972f56963433eff959f269b3cb5d0e	Е па онда?		2	0					sr	
b567185fcad311105e9b65bde27bdec6ce704b688ff26d825291213365cf8e3f9155c3379c0b98422c29544a02036084bba2b39a4febd81d589392220033949f	common_voice_sr_36946961.mp3	4167b0892fb37c823147bd3fc7c70de6db1a9ddc6e7cdb9a95017ca03769257e	И она је?		2	0					sr	
b567185fcad311105e9b65bde27bdec6ce704b688ff26d825291213365cf8e3f9155c3379c0b98422c29544a02036084bba2b39a4febd81d589392220033949f	common_voice_sr_36946962.mp3	44b237b80f309801e39f5b81d35486a3829fd340bb3b4cde6e60163dd9f214d2	Што сам урадио?		2	1					sr	
b567185fcad311105e9b65bde27bdec6ce704b688ff26d825291213365cf8e3f9155c3379c0b98422c29544a02036084bba2b39a4febd81d589392220033949f	common_voice_sr_36946963.mp3	36dbfc20a8faba25100443ee44dcebcb37dfdb4f2cc07700106c934b9cbaeab8	А, да, то.		2	0					sr	
b567185fcad311105e9b65bde27bdec6ce704b688ff26d825291213365cf8e3f9155c3379c0b98422c29544a02036084bba2b39a4febd81d589392220033949f	common_voice_sr_36946964.mp3	02fd4afbad5ed454d52e6d28746f0dbeed16b9148774218e27f7c0ac5ebe339d	Свечаност је укључивала бројне тачке посвећене њеном животу.		2	0					sr	
b567185fcad311105e9b65bde27bdec6ce704b688ff26d825291213365cf8e3f9155c3379c0b98422c29544a02036084bba2b39a4febd81d589392220033949f	common_voice_sr_36946965.mp3	46f57e4362b01797b40c1bb5567aac6458ad16f1baaa76a848890f80f690a12f	Боље последњи међу добрим, но први међу злим.		2	0					sr	
b567185fcad311105e9b65bde27bdec6ce704b688ff26d825291213365cf8e3f9155c3379c0b98422c29544a02036084bba2b39a4febd81d589392220033949f	common_voice_sr_36946966.mp3	dcf8b4b56bfb3d546384b06a2c67b6a806a648fc09563257496be9a4be955274	То ће бити тесни избори.		2	0					sr	
b567185fcad311105e9b65bde27bdec6ce704b688ff26d825291213365cf8e3f9155c3379c0b98422c29544a02036084bba2b39a4febd81d589392220033949f	common_voice_sr_36946970.mp3	47c2ce47c3edb82d6baa6ba59d6c3aad47007ad81ccd5b9871b86e9f2e355a60	У наредне четири године даћемо све од себе.		2	0					sr	
b567185fcad311105e9b65bde27bdec6ce704b688ff26d825291213365cf8e3f9155c3379c0b98422c29544a02036084bba2b39a4febd81d589392220033949f	common_voice_sr_36946971.mp3	ec3be18de5151169a35e174b577106076b8312f43c57dc9a68e05e6198e204cb	Кад бих могла!		2	0					sr	
b567185fcad311105e9b65bde27bdec6ce704b688ff26d825291213365cf8e3f9155c3379c0b98422c29544a02036084bba2b39a4febd81d589392220033949f	common_voice_sr_36946972.mp3	40c722ac72e9463265e75b414e36ef2c9b24b72e6fc74e0312f214f486d5c7f3	То је лов.		2	0					sr	
b567185fcad311105e9b65bde27bdec6ce704b688ff26d825291213365cf8e3f9155c3379c0b98422c29544a02036084bba2b39a4febd81d589392220033949f	common_voice_sr_36946973.mp3	4503dd84e98c23dae0f5cea0378c41aef85a5d35d79a8e5d6d0b3a2ee18b8a31	Ма шта је!		2	0					sr	
b567185fcad311105e9b65bde27bdec6ce704b688ff26d825291213365cf8e3f9155c3379c0b98422c29544a02036084bba2b39a4febd81d589392220033949f	common_voice_sr_36946974.mp3	481503cd6bb56f1d15787ed124a867592babb56c4c6433ced740779f745ffb7f	То је све?		2	1					sr	
b567185fcad311105e9b65bde27bdec6ce704b688ff26d825291213365cf8e3f9155c3379c0b98422c29544a02036084bba2b39a4febd81d589392220033949f	common_voice_sr_36946975.mp3	37c2b0731844cdf4fabd80a8557d0371f704a7b7cedba560181c34305b647c2f	То се није догодило.		2	0					sr	
b567185fcad311105e9b65bde27bdec6ce704b688ff26d825291213365cf8e3f9155c3379c0b98422c29544a02036084bba2b39a4febd81d589392220033949f	common_voice_sr_36946976.mp3	3f0f8e7423f3e1c437e8e1ae4766eca501cd3b7af7e1923c499059278a90a890	На њима је.		2	0					sr	
b567185fcad311105e9b65bde27bdec6ce704b688ff26d825291213365cf8e3f9155c3379c0b98422c29544a02036084bba2b39a4febd81d589392220033949f	common_voice_sr_36946977.mp3	47b852da6bcdaa409c3db132ef9923744765b296b29b2b2a86c42220a755fb05	Међутим, елементи који омогућавају ширење епидемије постоје.		2	0					sr	
b567185fcad311105e9b65bde27bdec6ce704b688ff26d825291213365cf8e3f9155c3379c0b98422c29544a02036084bba2b39a4febd81d589392220033949f	common_voice_sr_36946978.mp3	4b384728612487ce7a78fae3df7582ea8f973b2c5cbb21711761f96bd105c2cf	Као и сви?		2	0					sr	
b567185fcad311105e9b65bde27bdec6ce704b688ff26d825291213365cf8e3f9155c3379c0b98422c29544a02036084bba2b39a4febd81d589392220033949f	common_voice_sr_36946979.mp3	243d8ec50ac0f4ed728ea7a830f8010909e65e612259a2736496b8589fa8c1db	Ти си мој!		3	0					sr	
b567185fcad311105e9b65bde27bdec6ce704b688ff26d825291213365cf8e3f9155c3379c0b98422c29544a02036084bba2b39a4febd81d589392220033949f	common_voice_sr_36946980.mp3	44a526a5497c972f6c0c56933642e8002c25871e9800d6113d063c97d08e6a26	Па, кажи ми.		2	0					sr	
b567185fcad311105e9b65bde27bdec6ce704b688ff26d825291213365cf8e3f9155c3379c0b98422c29544a02036084bba2b39a4febd81d589392220033949f	common_voice_sr_36946981.mp3	48f696119970a1b53460dbadd8c8b9fdfca3c12e9e71d6fcee28c7a03967f17e	Па,шта си урадио?		2	0					sr	
b567185fcad311105e9b65bde27bdec6ce704b688ff26d825291213365cf8e3f9155c3379c0b98422c29544a02036084bba2b39a4febd81d589392220033949f	common_voice_sr_36946982.mp3	42e46ffe05349cda4e6a3f7988ca467da042eaf52fe05e1a1b458d9610273947	Да те питам.		2	0					sr	
b567185fcad311105e9b65bde27bdec6ce704b688ff26d825291213365cf8e3f9155c3379c0b98422c29544a02036084bba2b39a4febd81d589392220033949f	common_voice_sr_36946984.mp3	4a35e0c9e3f7d0d69920f20a1ad244d6f903903d271b2a3cbc5d06eb480d55fa	Е, тако је!		2	0					sr	
b567185fcad311105e9b65bde27bdec6ce704b688ff26d825291213365cf8e3f9155c3379c0b98422c29544a02036084bba2b39a4febd81d589392220033949f	common_voice_sr_36946987.mp3	3b9325a9ec8b0f8568ebaea913450c77f9e309bf88e8ef6dd468136553352895	То сам урадио!		2	0					sr	
b567185fcad311105e9b65bde27bdec6ce704b688ff26d825291213365cf8e3f9155c3379c0b98422c29544a02036084bba2b39a4febd81d589392220033949f	common_voice_sr_36946989.mp3	5113beae757cb4a81b8c63e469fd49ceeda6d863748eaf104cfca79a2ed922fd	Било је време!		2	0					sr	
b567185fcad311105e9b65bde27bdec6ce704b688ff26d825291213365cf8e3f9155c3379c0b98422c29544a02036084bba2b39a4febd81d589392220033949f	common_voice_sr_36946992.mp3	3d44956467ec57a032608a7f0574cacf2c08db3c76b05807a7a069b01c75a095	Сви базени и јавна купалишта су и даље затворени.		2	0					sr	
b567185fcad311105e9b65bde27bdec6ce704b688ff26d825291213365cf8e3f9155c3379c0b98422c29544a02036084bba2b39a4febd81d589392220033949f	common_voice_sr_36946993.mp3	4c69cd9d27e0175df6afe54cf86c862790b3cd22f8caee433843b34e04178a1b	Дугорочно посматрано, значај овог споразума биће много већи.		2	0					sr	
b567185fcad311105e9b65bde27bdec6ce704b688ff26d825291213365cf8e3f9155c3379c0b98422c29544a02036084bba2b39a4febd81d589392220033949f	common_voice_sr_36946994.mp3	d6f2060c89156788e818ac2a912b85323b6e7b5be35b72211d38e5619979cae6	Зашто не би.		3	0					sr	
b567185fcad311105e9b65bde27bdec6ce704b688ff26d825291213365cf8e3f9155c3379c0b98422c29544a02036084bba2b39a4febd81d589392220033949f	common_voice_sr_36946995.mp3	4b2d2c99f9a7a45f428a881f42a50029898952352a5ed06f2c53934421c1a8b4	У исто време!		2	0					sr	
b567185fcad311105e9b65bde27bdec6ce704b688ff26d825291213365cf8e3f9155c3379c0b98422c29544a02036084bba2b39a4febd81d589392220033949f	common_voice_sr_36946996.mp3	4733adbc5e2763bcbfe5c2752416d5cc7afa359dd6aa3b54087a937e9aeaaafc	Ја сам ми!		2	0					sr	
b567185fcad311105e9b65bde27bdec6ce704b688ff26d825291213365cf8e3f9155c3379c0b98422c29544a02036084bba2b39a4febd81d589392220033949f	common_voice_sr_36946997.mp3	4ef30dfd23a13263a31d897591d2e3731a0bdcac76634ff9bb3d64d6c1dd9890	Није ли то?		2	0					sr	
b567185fcad311105e9b65bde27bdec6ce704b688ff26d825291213365cf8e3f9155c3379c0b98422c29544a02036084bba2b39a4febd81d589392220033949f	common_voice_sr_36946998.mp3	1c8a8b4015997dc7b074523d8007c23db11b9dd3fe6743173fcefc6ac07bdfb2	То је катастрофа.		2	0					sr	
b567185fcad311105e9b65bde27bdec6ce704b688ff26d825291213365cf8e3f9155c3379c0b98422c29544a02036084bba2b39a4febd81d589392220033949f	common_voice_sr_36947000.mp3	13330d17548fd54c5e55d99e69aa5983b1ae4789ff5adffb70fbae9258304425	Е, не знате!		2	0					sr	
b567185fcad311105e9b65bde27bdec6ce704b688ff26d825291213365cf8e3f9155c3379c0b98422c29544a02036084bba2b39a4febd81d589392220033949f	common_voice_sr_36947001.mp3	3fd7415ac4dcd71a4aede84b1df8e0b9fc64384b91ccb51c4abf3fefdff8848b	Балкан више није велика претња безбедности.		2	0					sr	
b567185fcad311105e9b65bde27bdec6ce704b688ff26d825291213365cf8e3f9155c3379c0b98422c29544a02036084bba2b39a4febd81d589392220033949f	common_voice_sr_36947002.mp3	4da6257547a6e50098c7fc2a9ba135cc07e411c2da2e074fe7570f458199fe8e	Седите молим вас!		2	0					sr	
b567185fcad311105e9b65bde27bdec6ce704b688ff26d825291213365cf8e3f9155c3379c0b98422c29544a02036084bba2b39a4febd81d589392220033949f	common_voice_sr_36947003.mp3	3d0a94dfbf5548b5730b7d5c08100732f8c25906fe808082badb8a8a49570e90	Знам да није.		2	0					sr	
b567185fcad311105e9b65bde27bdec6ce704b688ff26d825291213365cf8e3f9155c3379c0b98422c29544a02036084bba2b39a4febd81d589392220033949f	common_voice_sr_36947004.mp3	70594c0e434ad6c0eafc87e667e20064140fc1a5b61be941fc5a38523a9f6a12	Нема оправдања за убијање невиних људи.		2	0					sr	
b567185fcad311105e9b65bde27bdec6ce704b688ff26d825291213365cf8e3f9155c3379c0b98422c29544a02036084bba2b39a4febd81d589392220033949f	common_voice_sr_36947005.mp3	4b091362371bd33f5be9e2da1c64b199a5e8b43f6bb2236e1bff3b8045eeb734	Кажи ми шта је ово.		2	0					sr	
b567185fcad311105e9b65bde27bdec6ce704b688ff26d825291213365cf8e3f9155c3379c0b98422c29544a02036084bba2b39a4febd81d589392220033949f	common_voice_sr_36947006.mp3	33f6e73482dfefce826e6c16ee2eb20dc77140349d552abf20c411c1dddad7df	Или не би?		2	0					sr	
b567185fcad311105e9b65bde27bdec6ce704b688ff26d825291213365cf8e3f9155c3379c0b98422c29544a02036084bba2b39a4febd81d589392220033949f	common_voice_sr_36947007.mp3	fbff289fa453122b4f1c148321dc638a386c0c31672c361ea36603874cbcb7ee	Снабдевање електричном енергијом коначно је нормализовано.		2	0					sr	
b567185fcad311105e9b65bde27bdec6ce704b688ff26d825291213365cf8e3f9155c3379c0b98422c29544a02036084bba2b39a4febd81d589392220033949f	common_voice_sr_36947010.mp3	45baa997a7e3b7a8aa7264daa53871f1c3a211ea67dd70c77580d90b75006683	То не иде!		2	0					sr	
b567185fcad311105e9b65bde27bdec6ce704b688ff26d825291213365cf8e3f9155c3379c0b98422c29544a02036084bba2b39a4febd81d589392220033949f	common_voice_sr_36947011.mp3	42e1409cf3e6039afcfe06d7f4fc5c0a9068ecf2b5d8a2627a599ed0e9099b3a	То сам урадио?		2	0					sr	
b567185fcad311105e9b65bde27bdec6ce704b688ff26d825291213365cf8e3f9155c3379c0b98422c29544a02036084bba2b39a4febd81d589392220033949f	common_voice_sr_36947012.mp3	477873e0e90fec715b4d68fdcfc87c3cf2877962c7c250270f482f95f3958de8	Ипак је Нова година.		2	0					sr	
b567185fcad311105e9b65bde27bdec6ce704b688ff26d825291213365cf8e3f9155c3379c0b98422c29544a02036084bba2b39a4febd81d589392220033949f	common_voice_sr_36947013.mp3	3c30071038d6f9291de250ac99c0773baaf8ca303e3c18aec5319962092f078d	Ако је то.		2	0					sr	
b567185fcad311105e9b65bde27bdec6ce704b688ff26d825291213365cf8e3f9155c3379c0b98422c29544a02036084bba2b39a4febd81d589392220033949f	common_voice_sr_36947014.mp3	535db959ff7787330cd6f7814092cde70a7643f2342508c3dce7dc87515b6dc1	Ко не би!		2	0					sr	
b567185fcad311105e9b65bde27bdec6ce704b688ff26d825291213365cf8e3f9155c3379c0b98422c29544a02036084bba2b39a4febd81d589392220033949f	common_voice_sr_36947015.mp3	294824fdc23a696b69c020dde82a0d9fecca7a32efd85c38039556976bc3d690	Ко је за?		2	0					sr	
b567185fcad311105e9b65bde27bdec6ce704b688ff26d825291213365cf8e3f9155c3379c0b98422c29544a02036084bba2b39a4febd81d589392220033949f	common_voice_sr_36947016.mp3	496ca1d59aa2e674f661b3e17e87c8283581f85b5d1667c591a44e97c0489031	А било је?		2	0					sr	
b567185fcad311105e9b65bde27bdec6ce704b688ff26d825291213365cf8e3f9155c3379c0b98422c29544a02036084bba2b39a4febd81d589392220033949f	common_voice_sr_36947017.mp3	4be46880d0c6a3c20247d70803e127a872bc1446651f6ff701a7ae4bf25dfec3	Још не зна.		2	0					sr	
b567185fcad311105e9b65bde27bdec6ce704b688ff26d825291213365cf8e3f9155c3379c0b98422c29544a02036084bba2b39a4febd81d589392220033949f	common_voice_sr_36947018.mp3	48878e424b9294d3fa120a5eba74c6be0cb21e940d783bab434fd40ce2a634b6	Исти злочини почињени су и над нашим народом.		2	0					sr	
b567185fcad311105e9b65bde27bdec6ce704b688ff26d825291213365cf8e3f9155c3379c0b98422c29544a02036084bba2b39a4febd81d589392220033949f	common_voice_sr_36947019.mp3	3389e8f294c502ec9930c28498f63c7ebb13010b4c28483c60ed63c2f0422e0e	Зато што је.		2	0					sr	
b567185fcad311105e9b65bde27bdec6ce704b688ff26d825291213365cf8e3f9155c3379c0b98422c29544a02036084bba2b39a4febd81d589392220033949f	common_voice_sr_36947021.mp3	43efcf357ab99d04f163d8cc2445ffe49a8b3c1499a9b91e2bd66bc7cc7fe9be	Не, не пусти.		2	0					sr	
b567185fcad311105e9b65bde27bdec6ce704b688ff26d825291213365cf8e3f9155c3379c0b98422c29544a02036084bba2b39a4febd81d589392220033949f	common_voice_sr_36947022.mp3	150fe03739ae3d21226834780391ee8cd757fc06e1a30ccf8ca128a6d8df9a74	Ја сам принц!		2	0					sr	
b567185fcad311105e9b65bde27bdec6ce704b688ff26d825291213365cf8e3f9155c3379c0b98422c29544a02036084bba2b39a4febd81d589392220033949f	common_voice_sr_36947024.mp3	423b48c2525472aaab8e6c322b01134b12be13115d324cae5c9f837a68de575f	Шта је све ово.		2	0					sr	
b567185fcad311105e9b65bde27bdec6ce704b688ff26d825291213365cf8e3f9155c3379c0b98422c29544a02036084bba2b39a4febd81d589392220033949f	common_voice_sr_36947025.mp3	4c6419d8e9eb2a71779a86c7c4244de540d0a3684378c5c196dc2be6f53e2d02	И то не сам.		2	0					sr	
b567185fcad311105e9b65bde27bdec6ce704b688ff26d825291213365cf8e3f9155c3379c0b98422c29544a02036084bba2b39a4febd81d589392220033949f	common_voice_sr_36947026.mp3	c834ac21f5242cd310968f2ae4355c9d918ad688cf5f36acdfe70726a3ad8e33	Солунски међународни филмски фестивал.		2	0					sr	
b567185fcad311105e9b65bde27bdec6ce704b688ff26d825291213365cf8e3f9155c3379c0b98422c29544a02036084bba2b39a4febd81d589392220033949f	common_voice_sr_36947028.mp3	358228611033e69d067fb6d048f644045391a1286c1aaae99c550b548e496ed1	Па, то је.		2	0					sr	
b567185fcad311105e9b65bde27bdec6ce704b688ff26d825291213365cf8e3f9155c3379c0b98422c29544a02036084bba2b39a4febd81d589392220033949f	common_voice_sr_36947037.mp3	37959fd895d65c78b610fd3bf5726a6cca5930665ed5bb53723b92fe77cabc87	Не мора бити.		2	0					sr	
b567185fcad311105e9b65bde27bdec6ce704b688ff26d825291213365cf8e3f9155c3379c0b98422c29544a02036084bba2b39a4febd81d589392220033949f	common_voice_sr_36947038.mp3	4bd0dae5bab94696d8197db92b94a3fed94b0ec2affd2b410180a6f5e8c62b3c	И не можеш.		2	0					sr	
b567185fcad311105e9b65bde27bdec6ce704b688ff26d825291213365cf8e3f9155c3379c0b98422c29544a02036084bba2b39a4febd81d589392220033949f	common_voice_sr_36947039.mp3	4d595fb7e332f31101d24f54a084113c83e5a4aa75b0c5849d39e940dff664fc	Нажалост, није било тако.		2	0					sr	
b567185fcad311105e9b65bde27bdec6ce704b688ff26d825291213365cf8e3f9155c3379c0b98422c29544a02036084bba2b39a4febd81d589392220033949f	common_voice_sr_36947041.mp3	b5616ebe9e08a555eb7a289d231142cb7f656df88c147454f9a1102e667e6a88	На хиљаде цивила је убијено и рањено.		2	0					sr	
b567185fcad311105e9b65bde27bdec6ce704b688ff26d825291213365cf8e3f9155c3379c0b98422c29544a02036084bba2b39a4febd81d589392220033949f	common_voice_sr_36947042.mp3	fd470983b4dc64f4e09191112b60188ad5ebb161458425010bf3aa794617cbc2	Пред тобом је.		2	0					sr	
b567185fcad311105e9b65bde27bdec6ce704b688ff26d825291213365cf8e3f9155c3379c0b98422c29544a02036084bba2b39a4febd81d589392220033949f	common_voice_sr_36947048.mp3	51ce595fedfe2285e31423fc351b8e70010217e1410db06b76f8320a6ea9a4d7	То је немогуће!		2	0					sr	
b567185fcad311105e9b65bde27bdec6ce704b688ff26d825291213365cf8e3f9155c3379c0b98422c29544a02036084bba2b39a4febd81d589392220033949f	common_voice_sr_36947051.mp3	4f0d9a4ac697d4cb33e906b33718bf364ef3258686a0d7e17485b8786fd064f6	Је ли добро.		2	0					sr	
b567185fcad311105e9b65bde27bdec6ce704b688ff26d825291213365cf8e3f9155c3379c0b98422c29544a02036084bba2b39a4febd81d589392220033949f	common_voice_sr_36947052.mp3	41171f6e5f5e345dc496c79c211556e0e54c6fbc5cf5600167df3aa06f4cfe2d	Овде, код мене.		2	0					sr	
b567185fcad311105e9b65bde27bdec6ce704b688ff26d825291213365cf8e3f9155c3379c0b98422c29544a02036084bba2b39a4febd81d589392220033949f	common_voice_sr_36947059.mp3	47fc36b578220acf383e9138d84814bf54b326da61c913186207ec1b361eb22c	И не треба!		2	0					sr	
b567185fcad311105e9b65bde27bdec6ce704b688ff26d825291213365cf8e3f9155c3379c0b98422c29544a02036084bba2b39a4febd81d589392220033949f	common_voice_sr_36947060.mp3	44e058f5bf079cc1e40d4a01d82ef189f7b165df32d78d0c181cb383c9451f0f	Нико не може гарантовати да нема ризика.		2	0					sr	
b567185fcad311105e9b65bde27bdec6ce704b688ff26d825291213365cf8e3f9155c3379c0b98422c29544a02036084bba2b39a4febd81d589392220033949f	common_voice_sr_36947063.mp3	54b10f8135dd1b0eec48d39350b28fb70b59472d59b78db7f09dd94387124f72	Ко је, онда?		2	0					sr	
b567185fcad311105e9b65bde27bdec6ce704b688ff26d825291213365cf8e3f9155c3379c0b98422c29544a02036084bba2b39a4febd81d589392220033949f	common_voice_sr_36947069.mp3	4c9eb48d8ab621843053d18a936e61c0fdf4da20cf57ae0588b5c6aeee46ba67	Може бити он.		2	0					sr	
b567185fcad311105e9b65bde27bdec6ce704b688ff26d825291213365cf8e3f9155c3379c0b98422c29544a02036084bba2b39a4febd81d589392220033949f	common_voice_sr_36947070.mp3	0e5d5c88e09e5f1143c37d76093591bc06168d93a3ada5ffb67ab6160d3799b7	Колико их има.		2	0					sr	
b567185fcad311105e9b65bde27bdec6ce704b688ff26d825291213365cf8e3f9155c3379c0b98422c29544a02036084bba2b39a4febd81d589392220033949f	common_voice_sr_36947073.mp3	2d2d365cfb0b92590c01cdf00c4f0e76e550be8d0c227b1eff00fcd1d883fe3b	Не иде ми!		2	0					sr	
b567185fcad311105e9b65bde27bdec6ce704b688ff26d825291213365cf8e3f9155c3379c0b98422c29544a02036084bba2b39a4febd81d589392220033949f	common_voice_sr_36947074.mp3	2f6ae2d75251f3b2b10625a21210af58e8b4d53ce8b0ab9d4331d2c86a09bcd0	Твоји и моји.		2	0					sr	
b567185fcad311105e9b65bde27bdec6ce704b688ff26d825291213365cf8e3f9155c3379c0b98422c29544a02036084bba2b39a4febd81d589392220033949f	common_voice_sr_36947075.mp3	4c10686846d0c70b0043a4b37e552b3877bf454f729d0f8229d86f3813176af1	Ма не би.		2	0					sr	
b567185fcad311105e9b65bde27bdec6ce704b688ff26d825291213365cf8e3f9155c3379c0b98422c29544a02036084bba2b39a4febd81d589392220033949f	common_voice_sr_36947076.mp3	5435017ddd7c4ccff359cbc4fe142d0713fdffda8b9aff52a95e9e03302bbf32	Не могу ја то.		2	0					sr	
b567185fcad311105e9b65bde27bdec6ce704b688ff26d825291213365cf8e3f9155c3379c0b98422c29544a02036084bba2b39a4febd81d589392220033949f	common_voice_sr_36947084.mp3	f12bc4692a77e8e1b2c2030914bb5fe41f29902f44da348c0eabcf30c5fc1422	Стратегија продаје биће спремна за једанаест месеци.		2	0					sr	
b567185fcad311105e9b65bde27bdec6ce704b688ff26d825291213365cf8e3f9155c3379c0b98422c29544a02036084bba2b39a4febd81d589392220033949f	common_voice_sr_36947085.mp3	3927b9161fe7e87332b7be793a0b8aed416fd3c2c7e45524111d2b0080ac4d25	Добар дан, пријатељу!		2	0					sr	
b567185fcad311105e9b65bde27bdec6ce704b688ff26d825291213365cf8e3f9155c3379c0b98422c29544a02036084bba2b39a4febd81d589392220033949f	common_voice_sr_36947087.mp3	37cd75ccd45aabb017bc9c0c0b3ff8c83af93bb08cfdf64d60f12ad2001efb3e	И не могу.		2	0					sr	
b567185fcad311105e9b65bde27bdec6ce704b688ff26d825291213365cf8e3f9155c3379c0b98422c29544a02036084bba2b39a4febd81d589392220033949f	common_voice_sr_36947088.mp3	22f84620af5cb668189b1996a63d44d00097f615409d618d08c1b42016c166fd	Ма молим те?		2	0					sr	
b567185fcad311105e9b65bde27bdec6ce704b688ff26d825291213365cf8e3f9155c3379c0b98422c29544a02036084bba2b39a4febd81d589392220033949f	common_voice_sr_36947103.mp3	1b545b0d8d7c32563fe9eb653f53cb4805e31428d87f6c463f24055fa612b267	Не могу више!		2	1					sr	
b567185fcad311105e9b65bde27bdec6ce704b688ff26d825291213365cf8e3f9155c3379c0b98422c29544a02036084bba2b39a4febd81d589392220033949f	common_voice_sr_36947110.mp3	51f39381e796edb4437c1e8f3ad477204ef89dd069bf09ada23d41019454d850	Сада више не.		2	0					sr	
b567185fcad311105e9b65bde27bdec6ce704b688ff26d825291213365cf8e3f9155c3379c0b98422c29544a02036084bba2b39a4febd81d589392220033949f	common_voice_sr_36947111.mp3	419135c617dedb081c4d0ccd8addeb2dffb1f3f20849fcab0c62ed920c656791	И за мене!		2	0					sr	
b567185fcad311105e9b65bde27bdec6ce704b688ff26d825291213365cf8e3f9155c3379c0b98422c29544a02036084bba2b39a4febd81d589392220033949f	common_voice_sr_36947112.mp3	474704e6150a1976be2de1530b04349c1b4f359fd0f2b795ee1c69c35515f9b2	Ох, хајде, да.		2	0					sr	
b567185fcad311105e9b65bde27bdec6ce704b688ff26d825291213365cf8e3f9155c3379c0b98422c29544a02036084bba2b39a4febd81d589392220033949f	common_voice_sr_36947113.mp3	2e82f6f040ec602852c64599e5ebefa3e3fd44742e1dbdcf354d934ea0a832c9	Ја сам мислила.		2	0					sr	
b567185fcad311105e9b65bde27bdec6ce704b688ff26d825291213365cf8e3f9155c3379c0b98422c29544a02036084bba2b39a4febd81d589392220033949f	common_voice_sr_36947118.mp3	53acc71a2894a53f762d3facd41a6354e2364819245150d9cfcece9ecbbef68f	Не зови је.		2	0					sr	
b567185fcad311105e9b65bde27bdec6ce704b688ff26d825291213365cf8e3f9155c3379c0b98422c29544a02036084bba2b39a4febd81d589392220033949f	common_voice_sr_36947119.mp3	47e3170ae0da1f7fbbe43efebf337750b340f8c2d8b840961a3b303f52a7c387	О, може, може.		2	0					sr	
b567185fcad311105e9b65bde27bdec6ce704b688ff26d825291213365cf8e3f9155c3379c0b98422c29544a02036084bba2b39a4febd81d589392220033949f	common_voice_sr_36947124.mp3	531a64f98719fc20ccaf7ebed6be75f4d8394c2d704def1bd18465dfa63aba26	Па и не.		2	0					sr	
b567185fcad311105e9b65bde27bdec6ce704b688ff26d825291213365cf8e3f9155c3379c0b98422c29544a02036084bba2b39a4febd81d589392220033949f	common_voice_sr_36947125.mp3	381ce15db72b4b0a82e5386fcd9460a8befaa90675fc495a1638aae8a08ef251	Нека буде тако?		2	0					sr	
b567185fcad311105e9b65bde27bdec6ce704b688ff26d825291213365cf8e3f9155c3379c0b98422c29544a02036084bba2b39a4febd81d589392220033949f	common_voice_sr_36973235.mp3	484fdd44fb1e77c7480c84b7a467847f831a49889ea0d41ca329a75828f4e2ae	Ко сам ја?		2	0					sr	
b567185fcad311105e9b65bde27bdec6ce704b688ff26d825291213365cf8e3f9155c3379c0b98422c29544a02036084bba2b39a4febd81d589392220033949f	common_voice_sr_36973237.mp3	515c96776a0b68998f8fb0027b1890d76265ec32cfe07eb18c479a9b76d11bf3	То није мало!		2	0					sr	
da400141d8070c4c2118c8f9d12545363fde0b2ee20bcd278f095f21939878a8ab884e4be8210be6741e0508f713bdc91bd016c162516481a3731f73c19200a1	common_voice_sr_26552820.mp3	055df1a7a391a00fb8ccc297f9ddb9829c46cbf8fb89bbfd36e14278075cda46	То си ти урадио?		4	0	twenties	male_masculine	Eastern Herzegovinian accent from Montenegro		sr	
da400141d8070c4c2118c8f9d12545363fde0b2ee20bcd278f095f21939878a8ab884e4be8210be6741e0508f713bdc91bd016c162516481a3731f73c19200a1	common_voice_sr_26552821.mp3	1685b0d192d12e61b6bd29ac18bc2fa43efccd60623ff83ea065aeac57238e97	А знам и ја.		4	0	twenties	male_masculine	Eastern Herzegovinian accent from Montenegro		sr	
da400141d8070c4c2118c8f9d12545363fde0b2ee20bcd278f095f21939878a8ab884e4be8210be6741e0508f713bdc91bd016c162516481a3731f73c19200a1	common_voice_sr_26552823.mp3	0bbd244c8667a9776a2a6af7d195b1acb2c640efae069ca0538a8c5392a38968	Да, до сад.		4	0	twenties	male_masculine	Eastern Herzegovinian accent from Montenegro		sr	
da400141d8070c4c2118c8f9d12545363fde0b2ee20bcd278f095f21939878a8ab884e4be8210be6741e0508f713bdc91bd016c162516481a3731f73c19200a1	common_voice_sr_26552851.mp3	16c097bfe21cd5183c7290b0c2921535d7d6146a96290228accd59d3b6b3e523	То је истина?		4	0	twenties	male_masculine	Eastern Herzegovinian accent from Montenegro		sr	
da400141d8070c4c2118c8f9d12545363fde0b2ee20bcd278f095f21939878a8ab884e4be8210be6741e0508f713bdc91bd016c162516481a3731f73c19200a1	common_voice_sr_26552853.mp3	169190fbde0eea1d12abd64e8cbc66ca21bf2089b465b3e526fa0b62047d41bd	Да, не треба.		4	0	twenties	male_masculine	Eastern Herzegovinian accent from Montenegro		sr	
da400141d8070c4c2118c8f9d12545363fde0b2ee20bcd278f095f21939878a8ab884e4be8210be6741e0508f713bdc91bd016c162516481a3731f73c19200a1	common_voice_sr_26552854.mp3	055117efd2b6b732f195557401d98e9958ed99644cd379f37b8f59a950c59dbd	Не љутим се!		4	0	twenties	male_masculine	Eastern Herzegovinian accent from Montenegro		sr	
da400141d8070c4c2118c8f9d12545363fde0b2ee20bcd278f095f21939878a8ab884e4be8210be6741e0508f713bdc91bd016c162516481a3731f73c19200a1	common_voice_sr_26552855.mp3	08bd2fdb662dc10490d56a9e0b739da76b46b1523e75faef41aecd239f177701	И око мене.		4	0	twenties	male_masculine	Eastern Herzegovinian accent from Montenegro		sr	
da400141d8070c4c2118c8f9d12545363fde0b2ee20bcd278f095f21939878a8ab884e4be8210be6741e0508f713bdc91bd016c162516481a3731f73c19200a1	common_voice_sr_26552920.mp3	134ade450886a134ff09bd392014c148b6693c9ee9c8a181ec385bdd654a0e4f	Пружи му руку.		4	2	twenties	male_masculine	Eastern Herzegovinian accent from Montenegro		sr	
da400141d8070c4c2118c8f9d12545363fde0b2ee20bcd278f095f21939878a8ab884e4be8210be6741e0508f713bdc91bd016c162516481a3731f73c19200a1	common_voice_sr_26552921.mp3	0115ef353a98653684f6bf8141202145c42df9efa3fbd1024d6db92125429919	И ја сам.		4	0	twenties	male_masculine	Eastern Herzegovinian accent from Montenegro		sr	
da400141d8070c4c2118c8f9d12545363fde0b2ee20bcd278f095f21939878a8ab884e4be8210be6741e0508f713bdc91bd016c162516481a3731f73c19200a1	common_voice_sr_26552922.mp3	1602e00bec7cdb3b85fd73870ca3805f0b8c5c17811e769a5431d5a8b6b28631	Да, још једно.		4	0	twenties	male_masculine	Eastern Herzegovinian accent from Montenegro		sr	
da400141d8070c4c2118c8f9d12545363fde0b2ee20bcd278f095f21939878a8ab884e4be8210be6741e0508f713bdc91bd016c162516481a3731f73c19200a1	common_voice_sr_26552923.mp3	14a53490c63716fbf15e0e1cbfb9f2d276092cf65fe9c813bbae44f53dccaea9	А ко то?		4	0	twenties	male_masculine	Eastern Herzegovinian accent from Montenegro		sr	
da400141d8070c4c2118c8f9d12545363fde0b2ee20bcd278f095f21939878a8ab884e4be8210be6741e0508f713bdc91bd016c162516481a3731f73c19200a1	common_voice_sr_26553035.mp3	0f5bd4187cd7b2d088e480e7fb1519b95f343664ef28b22d199466675dda2a15	Није нам, дакле, још познато где лежи и колико је стара		4	0	twenties	male_masculine	Eastern Herzegovinian accent from Montenegro		sr	
da400141d8070c4c2118c8f9d12545363fde0b2ee20bcd278f095f21939878a8ab884e4be8210be6741e0508f713bdc91bd016c162516481a3731f73c19200a1	common_voice_sr_26553038.mp3	0ff35d6ec1a6334fedd8ec2b061a2e17e92c64f44ed43f63132189999fee6a0b	Но, што је?		4	0	twenties	male_masculine	Eastern Herzegovinian accent from Montenegro		sr	
da400141d8070c4c2118c8f9d12545363fde0b2ee20bcd278f095f21939878a8ab884e4be8210be6741e0508f713bdc91bd016c162516481a3731f73c19200a1	common_voice_sr_26553051.mp3	173bebf8d797bc556ed96745ec4ffadb3fff728284b2d04d2e4b59383df9bf3e	И ко си?		4	0	twenties	male_masculine	Eastern Herzegovinian accent from Montenegro		sr	
da400141d8070c4c2118c8f9d12545363fde0b2ee20bcd278f095f21939878a8ab884e4be8210be6741e0508f713bdc91bd016c162516481a3731f73c19200a1	common_voice_sr_26553066.mp3	1330614de0fa62b68e98e94eb4e53b5156d9889ccf7d6b7b099a3c8cf6127cfa	И од тебе.		4	2	twenties	male_masculine	Eastern Herzegovinian accent from Montenegro		sr	
da400141d8070c4c2118c8f9d12545363fde0b2ee20bcd278f095f21939878a8ab884e4be8210be6741e0508f713bdc91bd016c162516481a3731f73c19200a1	common_voice_sr_26553067.mp3	171fc4de6a019a9b0514e54424a7fb034c471ed21dffa85842a6e260f78c83fe	Што је сада!		4	0	twenties	male_masculine	Eastern Herzegovinian accent from Montenegro		sr	
da400141d8070c4c2118c8f9d12545363fde0b2ee20bcd278f095f21939878a8ab884e4be8210be6741e0508f713bdc91bd016c162516481a3731f73c19200a1	common_voice_sr_27338803.mp3	48b3527feb48c8fe05f66be5bc10ab5832aa8bcd1ff190218e535eeb845799ad	И то је?		4	0	twenties	male_masculine	Eastern Herzegovinian accent from Montenegro		sr	
da400141d8070c4c2118c8f9d12545363fde0b2ee20bcd278f095f21939878a8ab884e4be8210be6741e0508f713bdc91bd016c162516481a3731f73c19200a1	common_voice_sr_27434490.mp3	56f8d52e795b155d95710e2d233a7cb8f530178888849001efc43fcbf6ff82f8	Као и он!		4	0	twenties	male_masculine	Eastern Herzegovinian accent from Montenegro		sr	
da400141d8070c4c2118c8f9d12545363fde0b2ee20bcd278f095f21939878a8ab884e4be8210be6741e0508f713bdc91bd016c162516481a3731f73c19200a1	common_voice_sr_28521277.mp3	948043c7d712fe7e38259c6c9400e6a27fd407334da75867089c1783b4832887	И за нас!		4	0	twenties	male_masculine	Eastern Herzegovinian accent from Montenegro		sr	
da400141d8070c4c2118c8f9d12545363fde0b2ee20bcd278f095f21939878a8ab884e4be8210be6741e0508f713bdc91bd016c162516481a3731f73c19200a1	common_voice_sr_28521278.mp3	9329cbe5a514735fd47438ce5262e42c53a6cafbf43a4870568aeb1cb7ea15b3	И што кажу?		4	0	twenties	male_masculine	Eastern Herzegovinian accent from Montenegro		sr	
da400141d8070c4c2118c8f9d12545363fde0b2ee20bcd278f095f21939878a8ab884e4be8210be6741e0508f713bdc91bd016c162516481a3731f73c19200a1	common_voice_sr_28521279.mp3	ae0e81c53682c112667e4e2fc7c042f0c0490063e6d4634c7db5758134bb29d2	То је још горе!		4	0	twenties	male_masculine	Eastern Herzegovinian accent from Montenegro		sr	
da400141d8070c4c2118c8f9d12545363fde0b2ee20bcd278f095f21939878a8ab884e4be8210be6741e0508f713bdc91bd016c162516481a3731f73c19200a1	common_voice_sr_28521280.mp3	a3bd37888fa1732170f3f281311910e1846a3f45f8f89538952d57d567fc4daa	И не мора!		4	0	twenties	male_masculine	Eastern Herzegovinian accent from Montenegro		sr	
da400141d8070c4c2118c8f9d12545363fde0b2ee20bcd278f095f21939878a8ab884e4be8210be6741e0508f713bdc91bd016c162516481a3731f73c19200a1	common_voice_sr_28521281.mp3	b4b4facfe59e7171668a675673318bff546360f8bbeb92e0fdf2fb956db1f2c2	Да ли то?		4	0	twenties	male_masculine	Eastern Herzegovinian accent from Montenegro		sr	
da400141d8070c4c2118c8f9d12545363fde0b2ee20bcd278f095f21939878a8ab884e4be8210be6741e0508f713bdc91bd016c162516481a3731f73c19200a1	common_voice_sr_28521308.mp3	aa77d7e302f2d727630b35392872d8190f55bd9cf15d83c9dfc6419ef9c7cd54	И са мном.		4	0	twenties	male_masculine	Eastern Herzegovinian accent from Montenegro		sr	
da400141d8070c4c2118c8f9d12545363fde0b2ee20bcd278f095f21939878a8ab884e4be8210be6741e0508f713bdc91bd016c162516481a3731f73c19200a1	common_voice_sr_28521309.mp3	b058084fef25c75aa84c04dc41c9dc409c8b048ad09d21413913228b97daff8b	Све је тако.		4	2	twenties	male_masculine	Eastern Herzegovinian accent from Montenegro		sr	
da400141d8070c4c2118c8f9d12545363fde0b2ee20bcd278f095f21939878a8ab884e4be8210be6741e0508f713bdc91bd016c162516481a3731f73c19200a1	common_voice_sr_28521310.mp3	accfbd09f3c4213e0e86ddd2f4cff3e4015c657bde651280bc0c08a47e79b508	Па, онда, да.		4	0	twenties	male_masculine	Eastern Herzegovinian accent from Montenegro		sr	
da400141d8070c4c2118c8f9d12545363fde0b2ee20bcd278f095f21939878a8ab884e4be8210be6741e0508f713bdc91bd016c162516481a3731f73c19200a1	common_voice_sr_28521312.mp3	a92937021a50276be6370b7b8af7be3b7f1d08b1eb0ecb32f07c5c2cdeeb6bb2	Без муке нема науке.		4	0	twenties	male_masculine	Eastern Herzegovinian accent from Montenegro		sr	
da400141d8070c4c2118c8f9d12545363fde0b2ee20bcd278f095f21939878a8ab884e4be8210be6741e0508f713bdc91bd016c162516481a3731f73c19200a1	common_voice_sr_28521313.mp3	a69924e63b19eb4c9bae2d3604e718fd3096d99e599ff38d0dc06d7ef5c04634	За неколико дана.		4	0	twenties	male_masculine	Eastern Herzegovinian accent from Montenegro		sr	
da400141d8070c4c2118c8f9d12545363fde0b2ee20bcd278f095f21939878a8ab884e4be8210be6741e0508f713bdc91bd016c162516481a3731f73c19200a1	common_voice_sr_28521314.mp3	b52d1a91c4c6b691c883cc64e051e4831b00116170b58b419ff8f82a07a1567d	С њима је.		4	0	twenties	male_masculine	Eastern Herzegovinian accent from Montenegro		sr	
da400141d8070c4c2118c8f9d12545363fde0b2ee20bcd278f095f21939878a8ab884e4be8210be6741e0508f713bdc91bd016c162516481a3731f73c19200a1	common_voice_sr_28521315.mp3	944c59f8afa4dbd5e8573856a28e3295f1eb978fbba62a23da1c87141d85769a	Где је био.		4	2	twenties	male_masculine	Eastern Herzegovinian accent from Montenegro		sr	
da400141d8070c4c2118c8f9d12545363fde0b2ee20bcd278f095f21939878a8ab884e4be8210be6741e0508f713bdc91bd016c162516481a3731f73c19200a1	common_voice_sr_28521316.mp3	b1bd5e3667de6c59806c65c52307aab4f0bdd0ea71912d5cd581b1e4506c642e	Ни од тебе.		4	0	twenties	male_masculine	Eastern Herzegovinian accent from Montenegro		sr	
da400141d8070c4c2118c8f9d12545363fde0b2ee20bcd278f095f21939878a8ab884e4be8210be6741e0508f713bdc91bd016c162516481a3731f73c19200a1	common_voice_sr_28521317.mp3	a1ac7a9eb4c46eef08d2fd3fa95aebd76be7e0166ad1d980d6394089bf32beac	То је било друго!		4	2	twenties	male_masculine	Eastern Herzegovinian accent from Montenegro		sr	
da400141d8070c4c2118c8f9d12545363fde0b2ee20bcd278f095f21939878a8ab884e4be8210be6741e0508f713bdc91bd016c162516481a3731f73c19200a1	common_voice_sr_28521319.mp3	ac48a0708a186905ef623c617d1920513201ea36aefff9da6008ff789333fd3c	Ја не знам!		4	0	twenties	male_masculine	Eastern Herzegovinian accent from Montenegro		sr	
da400141d8070c4c2118c8f9d12545363fde0b2ee20bcd278f095f21939878a8ab884e4be8210be6741e0508f713bdc91bd016c162516481a3731f73c19200a1	common_voice_sr_28521320.mp3	5b95ddf13ed1c107759bc7f913090b69661a3d46409cea54e691bea07c297634	Извините због нашег понашања.		4	2	twenties	male_masculine	Eastern Herzegovinian accent from Montenegro		sr	
da400141d8070c4c2118c8f9d12545363fde0b2ee20bcd278f095f21939878a8ab884e4be8210be6741e0508f713bdc91bd016c162516481a3731f73c19200a1	common_voice_sr_28521322.mp3	a3535844af3ff9f75bd2fceaa77b84e37e056eb2560668d0b0ae8c843b6faf64	Који ти је омиљни предмет у школи?		4	0	twenties	male_masculine	Eastern Herzegovinian accent from Montenegro		sr	
da400141d8070c4c2118c8f9d12545363fde0b2ee20bcd278f095f21939878a8ab884e4be8210be6741e0508f713bdc91bd016c162516481a3731f73c19200a1	common_voice_sr_28521323.mp3	9d857a0290a880b34e2dbc6ec65780487caf06b1fdef30a99d343c4277f94c6c	Врло сам тужан.		4	0	twenties	male_masculine	Eastern Herzegovinian accent from Montenegro		sr	
da400141d8070c4c2118c8f9d12545363fde0b2ee20bcd278f095f21939878a8ab884e4be8210be6741e0508f713bdc91bd016c162516481a3731f73c19200a1	common_voice_sr_28521325.mp3	ab1f8b1521021bc6522f424d1f5a522c41b059570c60986f8d3b3d429d7ae052	Ти си ти?		4	0	twenties	male_masculine	Eastern Herzegovinian accent from Montenegro		sr	
da400141d8070c4c2118c8f9d12545363fde0b2ee20bcd278f095f21939878a8ab884e4be8210be6741e0508f713bdc91bd016c162516481a3731f73c19200a1	common_voice_sr_28521326.mp3	97b91efc2b0c8c02b34a1ceb816f7f787fb216fbbb6f4098af1f1ee60096bb6f	Није био такав.		4	0	twenties	male_masculine	Eastern Herzegovinian accent from Montenegro		sr	
da400141d8070c4c2118c8f9d12545363fde0b2ee20bcd278f095f21939878a8ab884e4be8210be6741e0508f713bdc91bd016c162516481a3731f73c19200a1	common_voice_sr_28521327.mp3	aef7795f1ce13f8220d87b63f86114151034f2a861483efd1ddcba022d002137	Знаш шта је?		4	0	twenties	male_masculine	Eastern Herzegovinian accent from Montenegro		sr	
da400141d8070c4c2118c8f9d12545363fde0b2ee20bcd278f095f21939878a8ab884e4be8210be6741e0508f713bdc91bd016c162516481a3731f73c19200a1	common_voice_sr_28521328.mp3	74b8fc04c672cdfcd65284507f38ec6f4a533e77709c77f7d03b5e5953f33a93	Једна од њих?		4	0	twenties	male_masculine	Eastern Herzegovinian accent from Montenegro		sr	
da400141d8070c4c2118c8f9d12545363fde0b2ee20bcd278f095f21939878a8ab884e4be8210be6741e0508f713bdc91bd016c162516481a3731f73c19200a1	common_voice_sr_28521329.mp3	aff83e62d44dd335d5f8d20356b1992c83a97833e2e939a8c9a514e8f285f684	О, ја имам.		4	0	twenties	male_masculine	Eastern Herzegovinian accent from Montenegro		sr	
da400141d8070c4c2118c8f9d12545363fde0b2ee20bcd278f095f21939878a8ab884e4be8210be6741e0508f713bdc91bd016c162516481a3731f73c19200a1	common_voice_sr_28521330.mp3	8d86a9fa6d6bda6be11cd8e18c80e7cd707ef0fb5023ccecec1e59d0ee5cf073	Врло лепо, врло лепо.		4	0	twenties	male_masculine	Eastern Herzegovinian accent from Montenegro		sr	
da400141d8070c4c2118c8f9d12545363fde0b2ee20bcd278f095f21939878a8ab884e4be8210be6741e0508f713bdc91bd016c162516481a3731f73c19200a1	common_voice_sr_28521331.mp3	a93a1e93767a8b1feaa33d58b11bd8156f3aa5fbbfd25a2a546d252f7504a25d	Покажи ми кнњигу што си купила јуче.		4	0	twenties	male_masculine	Eastern Herzegovinian accent from Montenegro		sr	
da400141d8070c4c2118c8f9d12545363fde0b2ee20bcd278f095f21939878a8ab884e4be8210be6741e0508f713bdc91bd016c162516481a3731f73c19200a1	common_voice_sr_28521332.mp3	9940e89b96720375b3f547a8a5c04d1e4aa9ab5195800721e800694b0f79e941	То су стари.		4	0	twenties	male_masculine	Eastern Herzegovinian accent from Montenegro		sr	
da400141d8070c4c2118c8f9d12545363fde0b2ee20bcd278f095f21939878a8ab884e4be8210be6741e0508f713bdc91bd016c162516481a3731f73c19200a1	common_voice_sr_28521333.mp3	a8d03611e69d72067c3022a32717e2d615ae85b7b01c2ee5456638c1b6b9cf3d	Бериша је такође признао и допринос опозиције.		4	0	twenties	male_masculine	Eastern Herzegovinian accent from Montenegro		sr	
da400141d8070c4c2118c8f9d12545363fde0b2ee20bcd278f095f21939878a8ab884e4be8210be6741e0508f713bdc91bd016c162516481a3731f73c19200a1	common_voice_sr_28521334.mp3	aced80eb4c3c31b0bad089f1450749a16ecb74f1881922420821220d3a0981f1	Могу ја то,.		4	0	twenties	male_masculine	Eastern Herzegovinian accent from Montenegro		sr	
da400141d8070c4c2118c8f9d12545363fde0b2ee20bcd278f095f21939878a8ab884e4be8210be6741e0508f713bdc91bd016c162516481a3731f73c19200a1	common_voice_sr_28521335.mp3	a3ed29a21d7c7d0ea08401e7977103280213aef01a1a67dd6ba2f437effe24b1	У тим годинама.		4	0	twenties	male_masculine	Eastern Herzegovinian accent from Montenegro		sr	
da400141d8070c4c2118c8f9d12545363fde0b2ee20bcd278f095f21939878a8ab884e4be8210be6741e0508f713bdc91bd016c162516481a3731f73c19200a1	common_voice_sr_28521336.mp3	b4c8692a454bdbd35389dd4bf183de39a4a281e1524ae6872c549d9153c1b376	Зар ти не волиш?		4	0	twenties	male_masculine	Eastern Herzegovinian accent from Montenegro		sr	
da400141d8070c4c2118c8f9d12545363fde0b2ee20bcd278f095f21939878a8ab884e4be8210be6741e0508f713bdc91bd016c162516481a3731f73c19200a1	common_voice_sr_28521337.mp3	a3410c12db0717ac9cba7322097b9b8efb613a55335385feba72c6bc9f7ef3f4	Молим вас, шта?		4	2	twenties	male_masculine	Eastern Herzegovinian accent from Montenegro		sr	
da400141d8070c4c2118c8f9d12545363fde0b2ee20bcd278f095f21939878a8ab884e4be8210be6741e0508f713bdc91bd016c162516481a3731f73c19200a1	common_voice_sr_28521338.mp3	a4928cc680a1ad80c7047ebfb1fc66cc2bdc93495fe14aae830b6962f733f526	Могло би се рећи да је.		4	0	twenties	male_masculine	Eastern Herzegovinian accent from Montenegro		sr	
da400141d8070c4c2118c8f9d12545363fde0b2ee20bcd278f095f21939878a8ab884e4be8210be6741e0508f713bdc91bd016c162516481a3731f73c19200a1	common_voice_sr_28521339.mp3	b20787656b2e80e9b0033e1cb5665b100d4f55ce41de148bd82a42375f34d7c5	А ово сад?		4	0	twenties	male_masculine	Eastern Herzegovinian accent from Montenegro		sr	
da400141d8070c4c2118c8f9d12545363fde0b2ee20bcd278f095f21939878a8ab884e4be8210be6741e0508f713bdc91bd016c162516481a3731f73c19200a1	common_voice_sr_28521340.mp3	8c859162c4ad7917ad271b2680d306c016f72ebee16810ceaf9a459a69776bdc	У том случају, морају се појавити нови кандидати.		4	0	twenties	male_masculine	Eastern Herzegovinian accent from Montenegro		sr	
da400141d8070c4c2118c8f9d12545363fde0b2ee20bcd278f095f21939878a8ab884e4be8210be6741e0508f713bdc91bd016c162516481a3731f73c19200a1	common_voice_sr_28521341.mp3	84a9d1590f966b21226b100e7b3793b4217f1ad1bbcc93a88136ea4c57d53825	То ти је.		4	0	twenties	male_masculine	Eastern Herzegovinian accent from Montenegro		sr	
da400141d8070c4c2118c8f9d12545363fde0b2ee20bcd278f095f21939878a8ab884e4be8210be6741e0508f713bdc91bd016c162516481a3731f73c19200a1	common_voice_sr_28521342.mp3	8d09176729b91909743cf15dc6b22386b50258a5c0fbea39f9bf3bbd94996b8a	Све око тебе.		4	0	twenties	male_masculine	Eastern Herzegovinian accent from Montenegro		sr	
da400141d8070c4c2118c8f9d12545363fde0b2ee20bcd278f095f21939878a8ab884e4be8210be6741e0508f713bdc91bd016c162516481a3731f73c19200a1	common_voice_sr_28521343.mp3	a91f77dcab97687070bba0c7096acd3c5a24f0a022b712602002998b351b1159	А и моја.		4	0	twenties	male_masculine	Eastern Herzegovinian accent from Montenegro		sr	
da400141d8070c4c2118c8f9d12545363fde0b2ee20bcd278f095f21939878a8ab884e4be8210be6741e0508f713bdc91bd016c162516481a3731f73c19200a1	common_voice_sr_28521344.mp3	8ffd69ab5dccbabc7bc0c5ace5cfce5e336e8744b01ca3f0d248bdc5623364b0	Ово је врло, врло прометна област...		4	0	twenties	male_masculine	Eastern Herzegovinian accent from Montenegro		sr	
da400141d8070c4c2118c8f9d12545363fde0b2ee20bcd278f095f21939878a8ab884e4be8210be6741e0508f713bdc91bd016c162516481a3731f73c19200a1	common_voice_sr_28521345.mp3	b3f3ae79e76cfbb153e3d38be5735528e9007718234035a29dde8b502dbf18f2	Знате како је.		4	0	twenties	male_masculine	Eastern Herzegovinian accent from Montenegro		sr	
da400141d8070c4c2118c8f9d12545363fde0b2ee20bcd278f095f21939878a8ab884e4be8210be6741e0508f713bdc91bd016c162516481a3731f73c19200a1	common_voice_sr_28521347.mp3	83c444f73b22f309d4a67c2b9dbbae7e8da94c8ef8e4d26b0c86ffc0aeeab15b	Пре неколико година.		4	2	twenties	male_masculine	Eastern Herzegovinian accent from Montenegro		sr	
da400141d8070c4c2118c8f9d12545363fde0b2ee20bcd278f095f21939878a8ab884e4be8210be6741e0508f713bdc91bd016c162516481a3731f73c19200a1	common_voice_sr_28521348.mp3	8c770c78d2075d08a44167ff16181006304daaac8a021f297ce63bbc504ed0f3	Још ни један.		4	0	twenties	male_masculine	Eastern Herzegovinian accent from Montenegro		sr	
da400141d8070c4c2118c8f9d12545363fde0b2ee20bcd278f095f21939878a8ab884e4be8210be6741e0508f713bdc91bd016c162516481a3731f73c19200a1	common_voice_sr_28521350.mp3	7fa2d8d1da1fd1769d528a67de6804dd671b2a6a880e43c0b3d14a8d14ba4cdd	У сваком погледу!		4	2	twenties	male_masculine	Eastern Herzegovinian accent from Montenegro		sr	
da400141d8070c4c2118c8f9d12545363fde0b2ee20bcd278f095f21939878a8ab884e4be8210be6741e0508f713bdc91bd016c162516481a3731f73c19200a1	common_voice_sr_28521352.mp3	b1d9c693f064fdcc4768f73c4da7a59a0d9c2e414f56f08bb2ad558050d360cb	Турци умногоме зависе од руског и иранског гаса.		4	0	twenties	male_masculine	Eastern Herzegovinian accent from Montenegro		sr	
da400141d8070c4c2118c8f9d12545363fde0b2ee20bcd278f095f21939878a8ab884e4be8210be6741e0508f713bdc91bd016c162516481a3731f73c19200a1	common_voice_sr_28521353.mp3	7ca8847b74170c13f0262048143ba0a002ee3558daa7a2751cd9769146acffc6	Ако је он.		4	0	twenties	male_masculine	Eastern Herzegovinian accent from Montenegro		sr	
da400141d8070c4c2118c8f9d12545363fde0b2ee20bcd278f095f21939878a8ab884e4be8210be6741e0508f713bdc91bd016c162516481a3731f73c19200a1	common_voice_sr_28521355.mp3	738466e40cd3f4f5745541896bfcf3d628248f82b1055daf88d7b3584d4fde03	Нисам ни ја?		4	0	twenties	male_masculine	Eastern Herzegovinian accent from Montenegro		sr	
da400141d8070c4c2118c8f9d12545363fde0b2ee20bcd278f095f21939878a8ab884e4be8210be6741e0508f713bdc91bd016c162516481a3731f73c19200a1	common_voice_sr_28521356.mp3	7273ad9767cc77a4bd9f1273b78c8a175ef127bef2899b361482309d94a72e10	Нека игре почну		4	0	twenties	male_masculine	Eastern Herzegovinian accent from Montenegro		sr	
da400141d8070c4c2118c8f9d12545363fde0b2ee20bcd278f095f21939878a8ab884e4be8210be6741e0508f713bdc91bd016c162516481a3731f73c19200a1	common_voice_sr_28521357.mp3	5859cfac731296ac913832c4c8248d0aea4db41466566b6572d152a30fdfeb79	А ти, не?		4	0	twenties	male_masculine	Eastern Herzegovinian accent from Montenegro		sr	
da400141d8070c4c2118c8f9d12545363fde0b2ee20bcd278f095f21939878a8ab884e4be8210be6741e0508f713bdc91bd016c162516481a3731f73c19200a1	common_voice_sr_28521358.mp3	b599cc9aaf75f2f5130a9a5c759800f2cad16df451dc58272277ef2e4be1ba0f	О да видим!		4	0	twenties	male_masculine	Eastern Herzegovinian accent from Montenegro		sr	
da400141d8070c4c2118c8f9d12545363fde0b2ee20bcd278f095f21939878a8ab884e4be8210be6741e0508f713bdc91bd016c162516481a3731f73c19200a1	common_voice_sr_28521359.mp3	b34203cbaae9572feb098638b8d31cbbcb49f9d33abfa2d1ddbbdb95986a4c4c	Мора бити рата!		4	2	twenties	male_masculine	Eastern Herzegovinian accent from Montenegro		sr	
da400141d8070c4c2118c8f9d12545363fde0b2ee20bcd278f095f21939878a8ab884e4be8210be6741e0508f713bdc91bd016c162516481a3731f73c19200a1	common_voice_sr_28521360.mp3	b1a31008d75ec1f15297e8fa5a9cf07b1340bb2cd2fb488db1a0313a966c0400	И туристи долазе.		4	0	twenties	male_masculine	Eastern Herzegovinian accent from Montenegro		sr	
da400141d8070c4c2118c8f9d12545363fde0b2ee20bcd278f095f21939878a8ab884e4be8210be6741e0508f713bdc91bd016c162516481a3731f73c19200a1	common_voice_sr_28521361.mp3	b53273228c039dcd081199d6d575dffc89207edc4a887f35e84a60163d08fc3f	Хрватска је већ добила статус кандидата за чланство.		4	2	twenties	male_masculine	Eastern Herzegovinian accent from Montenegro		sr	
da400141d8070c4c2118c8f9d12545363fde0b2ee20bcd278f095f21939878a8ab884e4be8210be6741e0508f713bdc91bd016c162516481a3731f73c19200a1	common_voice_sr_28521363.mp3	764124c1ff6ae70cb51b4fa2985a418bd73b9ccc51d5f07b4c59b3f8d968fc1b	Не да ми.		4	0	twenties	male_masculine	Eastern Herzegovinian accent from Montenegro		sr	
da400141d8070c4c2118c8f9d12545363fde0b2ee20bcd278f095f21939878a8ab884e4be8210be6741e0508f713bdc91bd016c162516481a3731f73c19200a1	common_voice_sr_28521364.mp3	9908902480e238f1cd8eb9c903a91feba8f5d8b56f4cc2f4618cfb818958b313	Да сам ја!		4	0	twenties	male_masculine	Eastern Herzegovinian accent from Montenegro		sr	
da400141d8070c4c2118c8f9d12545363fde0b2ee20bcd278f095f21939878a8ab884e4be8210be6741e0508f713bdc91bd016c162516481a3731f73c19200a1	common_voice_sr_28521365.mp3	abd1a6a8457016f6a35542862b9e5e62f561e9ee9c1f08f25c24203b8216881d	И тако је!		4	0	twenties	male_masculine	Eastern Herzegovinian accent from Montenegro		sr	
da400141d8070c4c2118c8f9d12545363fde0b2ee20bcd278f095f21939878a8ab884e4be8210be6741e0508f713bdc91bd016c162516481a3731f73c19200a1	common_voice_sr_28521372.mp3	adc2c6c15dfd179694e05d82f8f44e4164f27f81db16c4e55e6bd69b91a42e81	Плашим се висине.		4	0	twenties	male_masculine	Eastern Herzegovinian accent from Montenegro		sr	
da400141d8070c4c2118c8f9d12545363fde0b2ee20bcd278f095f21939878a8ab884e4be8210be6741e0508f713bdc91bd016c162516481a3731f73c19200a1	common_voice_sr_28521373.mp3	b4dedc963dd81adcbfa68e56c41f4274fb9f019a646d14ed0758c1ee7df8b465	О, и још нешто!		4	0	twenties	male_masculine	Eastern Herzegovinian accent from Montenegro		sr	
da400141d8070c4c2118c8f9d12545363fde0b2ee20bcd278f095f21939878a8ab884e4be8210be6741e0508f713bdc91bd016c162516481a3731f73c19200a1	common_voice_sr_28521374.mp3	ae2d803f1c5b96e609d2fac84384f1be81259eb9d3ace23ed22b938e83f2cece	Да ти ја кажем.		4	0	twenties	male_masculine	Eastern Herzegovinian accent from Montenegro		sr	
da400141d8070c4c2118c8f9d12545363fde0b2ee20bcd278f095f21939878a8ab884e4be8210be6741e0508f713bdc91bd016c162516481a3731f73c19200a1	common_voice_sr_28521375.mp3	b22f08621c90f2c16f98133aa2a19000480fc344a3865ee0bec255df45a895b7	У суботу смо ишли у зоолошки врт.		4	0	twenties	male_masculine	Eastern Herzegovinian accent from Montenegro		sr	
da400141d8070c4c2118c8f9d12545363fde0b2ee20bcd278f095f21939878a8ab884e4be8210be6741e0508f713bdc91bd016c162516481a3731f73c19200a1	common_voice_sr_28521378.mp3	a8a65be91ff2deceb7a0c755b314eeaa63313cabb60c5de77eac3fac6d5b027a	Не, можеш ти.		4	0	twenties	male_masculine	Eastern Herzegovinian accent from Montenegro		sr	
da400141d8070c4c2118c8f9d12545363fde0b2ee20bcd278f095f21939878a8ab884e4be8210be6741e0508f713bdc91bd016c162516481a3731f73c19200a1	common_voice_sr_28521381.mp3	b11f2eb425c2abc23373ffee9531d5fa2e3d83a3df51337d0ed8c1e988bf51f4	И твој син.		4	0	twenties	male_masculine	Eastern Herzegovinian accent from Montenegro		sr	
da400141d8070c4c2118c8f9d12545363fde0b2ee20bcd278f095f21939878a8ab884e4be8210be6741e0508f713bdc91bd016c162516481a3731f73c19200a1	common_voice_sr_28521383.mp3	a2bb5b837edb279d9894a92657c74bf27217f884c78170630c3bf5ace8b148a4	Једно с другим?		4	0	twenties	male_masculine	Eastern Herzegovinian accent from Montenegro		sr	
da400141d8070c4c2118c8f9d12545363fde0b2ee20bcd278f095f21939878a8ab884e4be8210be6741e0508f713bdc91bd016c162516481a3731f73c19200a1	common_voice_sr_28521384.mp3	b1b973ebd150b07c05c485e079e30d59af11efb7e9a0b14b989b40ff05851a0f	Кажеш да је?		4	0	twenties	male_masculine	Eastern Herzegovinian accent from Montenegro		sr	
da400141d8070c4c2118c8f9d12545363fde0b2ee20bcd278f095f21939878a8ab884e4be8210be6741e0508f713bdc91bd016c162516481a3731f73c19200a1	common_voice_sr_28521385.mp3	97e8122c45c3d6ecea11f46a15fa490f9002a48a679ec077e36a5006d1ab693d	Није, ни мало.		4	0	twenties	male_masculine	Eastern Herzegovinian accent from Montenegro		sr	
da400141d8070c4c2118c8f9d12545363fde0b2ee20bcd278f095f21939878a8ab884e4be8210be6741e0508f713bdc91bd016c162516481a3731f73c19200a1	common_voice_sr_28521386.mp3	abf9138bffe212f9065e2ff7d6aeee7a8c30215cdc4252ea95f0b06470014a31	Што је најгоре?		4	0	twenties	male_masculine	Eastern Herzegovinian accent from Montenegro		sr	
da400141d8070c4c2118c8f9d12545363fde0b2ee20bcd278f095f21939878a8ab884e4be8210be6741e0508f713bdc91bd016c162516481a3731f73c19200a1	common_voice_sr_28521387.mp3	98f721af273f9c9dc61115c2505f450ab26c2d9f4a3cafae662802387fa087ed	Ја вам кажем.		4	0	twenties	male_masculine	Eastern Herzegovinian accent from Montenegro		sr	
da400141d8070c4c2118c8f9d12545363fde0b2ee20bcd278f095f21939878a8ab884e4be8210be6741e0508f713bdc91bd016c162516481a3731f73c19200a1	common_voice_sr_28521388.mp3	89334276c7bf55c99f9f155031a836c660cf01900de922255266c5775180a934	Не само он.		4	0	twenties	male_masculine	Eastern Herzegovinian accent from Montenegro		sr	
da400141d8070c4c2118c8f9d12545363fde0b2ee20bcd278f095f21939878a8ab884e4be8210be6741e0508f713bdc91bd016c162516481a3731f73c19200a1	common_voice_sr_28521389.mp3	963b44574fac04ea45fea5afbbc05b00fec85885a553a06ab96f75f75746ff33	Један од њих.		4	0	twenties	male_masculine	Eastern Herzegovinian accent from Montenegro		sr	
da400141d8070c4c2118c8f9d12545363fde0b2ee20bcd278f095f21939878a8ab884e4be8210be6741e0508f713bdc91bd016c162516481a3731f73c19200a1	common_voice_sr_28521391.mp3	803f057b831d1fe976c90b9165d7409a9c26d2d84c4de199bf272641eef03063	Није до сад.		4	0	twenties	male_masculine	Eastern Herzegovinian accent from Montenegro		sr	
da400141d8070c4c2118c8f9d12545363fde0b2ee20bcd278f095f21939878a8ab884e4be8210be6741e0508f713bdc91bd016c162516481a3731f73c19200a1	common_voice_sr_28521395.mp3	ab2c686f11b11cef8961deb5cd14d014ecaa756983b3e4e72ce7c83cbd86a840	Ја знам шта је.		4	0	twenties	male_masculine	Eastern Herzegovinian accent from Montenegro		sr	
da400141d8070c4c2118c8f9d12545363fde0b2ee20bcd278f095f21939878a8ab884e4be8210be6741e0508f713bdc91bd016c162516481a3731f73c19200a1	common_voice_sr_28521398.mp3	9d4802337ee3f19334899538b12bef7d9d87a0c7ea1b9c26e174f4b2554f518a	И нестало је.		4	0	twenties	male_masculine	Eastern Herzegovinian accent from Montenegro		sr	
da400141d8070c4c2118c8f9d12545363fde0b2ee20bcd278f095f21939878a8ab884e4be8210be6741e0508f713bdc91bd016c162516481a3731f73c19200a1	common_voice_sr_28521399.mp3	99c919eba96688025bf49b4951f7ebeef882ff1298374f3e2692a50da08ed938	Због тога је он у тешкој позицији.		4	0	twenties	male_masculine	Eastern Herzegovinian accent from Montenegro		sr	
da400141d8070c4c2118c8f9d12545363fde0b2ee20bcd278f095f21939878a8ab884e4be8210be6741e0508f713bdc91bd016c162516481a3731f73c19200a1	common_voice_sr_28521400.mp3	9fcab48662c36399fc5b8cb0527325e2c46addc73ca2089dd83734d5c6457f62	А то, да.		4	0	twenties	male_masculine	Eastern Herzegovinian accent from Montenegro		sr	
da400141d8070c4c2118c8f9d12545363fde0b2ee20bcd278f095f21939878a8ab884e4be8210be6741e0508f713bdc91bd016c162516481a3731f73c19200a1	common_voice_sr_28521401.mp3	86fb0cf0e0cb4dfd6489d3f232e3deed88d4b161432e8bfeebca2317118b41b9	И од вас.		4	0	twenties	male_masculine	Eastern Herzegovinian accent from Montenegro		sr	
da400141d8070c4c2118c8f9d12545363fde0b2ee20bcd278f095f21939878a8ab884e4be8210be6741e0508f713bdc91bd016c162516481a3731f73c19200a1	common_voice_sr_28521402.mp3	6a827f4d255ded9f68ee4688211497449aaa532adde1a31f0fbfe7b87ac29469	И не можемо.		4	0	twenties	male_masculine	Eastern Herzegovinian accent from Montenegro		sr	
da400141d8070c4c2118c8f9d12545363fde0b2ee20bcd278f095f21939878a8ab884e4be8210be6741e0508f713bdc91bd016c162516481a3731f73c19200a1	common_voice_sr_28521403.mp3	ae7e6262bfdd990fc08a86a91aecef9476cc4b71297ac54d5462004173e50cdb	Ма шта је?		4	0	twenties	male_masculine	Eastern Herzegovinian accent from Montenegro		sr	
da400141d8070c4c2118c8f9d12545363fde0b2ee20bcd278f095f21939878a8ab884e4be8210be6741e0508f713bdc91bd016c162516481a3731f73c19200a1	common_voice_sr_28521404.mp3	a998aa3865b384ae7a787d0ab1c97c7cc986e6d07dff0b86058275f29cd7f225	Било ме је страх.		4	0	twenties	male_masculine	Eastern Herzegovinian accent from Montenegro		sr	
da400141d8070c4c2118c8f9d12545363fde0b2ee20bcd278f095f21939878a8ab884e4be8210be6741e0508f713bdc91bd016c162516481a3731f73c19200a1	common_voice_sr_28521405.mp3	7342a58db2b977a3112090a8264840708edade3d8194425b64caba95d560f5af	Врло лепо, врло лепо!		4	0	twenties	male_masculine	Eastern Herzegovinian accent from Montenegro		sr	
da400141d8070c4c2118c8f9d12545363fde0b2ee20bcd278f095f21939878a8ab884e4be8210be6741e0508f713bdc91bd016c162516481a3731f73c19200a1	common_voice_sr_28521406.mp3	a9fbfd2ae240cbe22e01ed89cddce5c8b4df7675c6256f6aec9993ae54ae0e08	Отац ми је!		4	2	twenties	male_masculine	Eastern Herzegovinian accent from Montenegro		sr	
da400141d8070c4c2118c8f9d12545363fde0b2ee20bcd278f095f21939878a8ab884e4be8210be6741e0508f713bdc91bd016c162516481a3731f73c19200a1	common_voice_sr_28521407.mp3	b546841a1991903c119f302ebc7030fa1113a19397c7666bd75f83f902567586	Кад се сетим.		4	0	twenties	male_masculine	Eastern Herzegovinian accent from Montenegro		sr	
da400141d8070c4c2118c8f9d12545363fde0b2ee20bcd278f095f21939878a8ab884e4be8210be6741e0508f713bdc91bd016c162516481a3731f73c19200a1	common_voice_sr_28521408.mp3	9ce09e6fd0c6c19e4297debef8a6dfc75b47bb0611415d82051da53d5d6a58df	Хајде да будемо још отворенији.		4	0	twenties	male_masculine	Eastern Herzegovinian accent from Montenegro		sr	
da400141d8070c4c2118c8f9d12545363fde0b2ee20bcd278f095f21939878a8ab884e4be8210be6741e0508f713bdc91bd016c162516481a3731f73c19200a1	common_voice_sr_28521409.mp3	b3515cbd4524cc7f204160ffbfe88acfb0215ce259e1b0511c9b225dbc01abf2	Породица његове супруге није.		4	0	twenties	male_masculine	Eastern Herzegovinian accent from Montenegro		sr	
da400141d8070c4c2118c8f9d12545363fde0b2ee20bcd278f095f21939878a8ab884e4be8210be6741e0508f713bdc91bd016c162516481a3731f73c19200a1	common_voice_sr_28521410.mp3	b259f17736c02f93ea89259ac21033fb848f1b646590ad37e7ffccc2d51df4f7	Растемо све време.		4	0	twenties	male_masculine	Eastern Herzegovinian accent from Montenegro		sr	
da400141d8070c4c2118c8f9d12545363fde0b2ee20bcd278f095f21939878a8ab884e4be8210be6741e0508f713bdc91bd016c162516481a3731f73c19200a1	common_voice_sr_28521411.mp3	a25e9aa9f18513dbe24c5a2256967179ff0016e888fe4710379f839359a5e32c	А у овом?		4	0	twenties	male_masculine	Eastern Herzegovinian accent from Montenegro		sr	
da400141d8070c4c2118c8f9d12545363fde0b2ee20bcd278f095f21939878a8ab884e4be8210be6741e0508f713bdc91bd016c162516481a3731f73c19200a1	common_voice_sr_28521412.mp3	8b5f4aea4941a8e7808f408b83c62bd2bfa9d80ceca21e7e4f83b581f6a89c45	Ни једна од њих.		4	0	twenties	male_masculine	Eastern Herzegovinian accent from Montenegro		sr	
da400141d8070c4c2118c8f9d12545363fde0b2ee20bcd278f095f21939878a8ab884e4be8210be6741e0508f713bdc91bd016c162516481a3731f73c19200a1	common_voice_sr_28521413.mp3	b0e17a65881ec8542fd03c82fb53cb5e9a27bd62a5422b623e617a9d265c4a0d	Где је дно?		4	0	twenties	male_masculine	Eastern Herzegovinian accent from Montenegro		sr	
da400141d8070c4c2118c8f9d12545363fde0b2ee20bcd278f095f21939878a8ab884e4be8210be6741e0508f713bdc91bd016c162516481a3731f73c19200a1	common_voice_sr_28521414.mp3	9717996426b772b53e4e5fa25a7e406b0f7ffa8a9a38fdb50266fc4845b4aab5	Волео бих да.		4	0	twenties	male_masculine	Eastern Herzegovinian accent from Montenegro		sr	
da400141d8070c4c2118c8f9d12545363fde0b2ee20bcd278f095f21939878a8ab884e4be8210be6741e0508f713bdc91bd016c162516481a3731f73c19200a1	common_voice_sr_28521415.mp3	a9eda0e6c6361dd8758a980372f0e5849f58ce9ac89c8ccee322e3cdd34a1bad	Што се види?		4	2	twenties	male_masculine	Eastern Herzegovinian accent from Montenegro		sr	
da400141d8070c4c2118c8f9d12545363fde0b2ee20bcd278f095f21939878a8ab884e4be8210be6741e0508f713bdc91bd016c162516481a3731f73c19200a1	common_voice_sr_28521417.mp3	a8eda7ad51c0a589505d55c82979c604aa82add75941ccec59569dd7cea6339c	Да, на земљи!		4	0	twenties	male_masculine	Eastern Herzegovinian accent from Montenegro		sr	
da400141d8070c4c2118c8f9d12545363fde0b2ee20bcd278f095f21939878a8ab884e4be8210be6741e0508f713bdc91bd016c162516481a3731f73c19200a1	common_voice_sr_28521418.mp3	8b66a58baf3c0f1f748b6330c05880258d8edb09d3a76df58a61d7171a409224	Десило се нешто чему се нисмо надали.		4	0	twenties	male_masculine	Eastern Herzegovinian accent from Montenegro		sr	
da400141d8070c4c2118c8f9d12545363fde0b2ee20bcd278f095f21939878a8ab884e4be8210be6741e0508f713bdc91bd016c162516481a3731f73c19200a1	common_voice_sr_28521419.mp3	b48c009ba3b0fc655357d059398346a91c79942a77f3395d4819ce1411b489f3	А и њен.		4	0	twenties	male_masculine	Eastern Herzegovinian accent from Montenegro		sr	
da400141d8070c4c2118c8f9d12545363fde0b2ee20bcd278f095f21939878a8ab884e4be8210be6741e0508f713bdc91bd016c162516481a3731f73c19200a1	common_voice_sr_28521420.mp3	96a1b18ca9d7c354882eb559cace6f4ee2cf1b55f10df26076a11497d36241dc	А што не?		4	0	twenties	male_masculine	Eastern Herzegovinian accent from Montenegro		sr	
da400141d8070c4c2118c8f9d12545363fde0b2ee20bcd278f095f21939878a8ab884e4be8210be6741e0508f713bdc91bd016c162516481a3731f73c19200a1	common_voice_sr_28521422.mp3	8b7cb968e02af0b06d0d81a461b98089a324c02a0820a066cd72f55466ed5046	И ја сам?		4	0	twenties	male_masculine	Eastern Herzegovinian accent from Montenegro		sr	
da400141d8070c4c2118c8f9d12545363fde0b2ee20bcd278f095f21939878a8ab884e4be8210be6741e0508f713bdc91bd016c162516481a3731f73c19200a1	common_voice_sr_28521423.mp3	b42553c294701e25dd7849b8c143db03f9ae3597263cd77dd6b9d8c4c735863e	Шта нам саветујете?		4	0	twenties	male_masculine	Eastern Herzegovinian accent from Montenegro		sr	
da400141d8070c4c2118c8f9d12545363fde0b2ee20bcd278f095f21939878a8ab884e4be8210be6741e0508f713bdc91bd016c162516481a3731f73c19200a1	common_voice_sr_28521430.mp3	900f79476d691fcde1a77fd13ed2099d827f8ef9286966fc3a55d9f97af4d4a3	Не можеш ти.		4	0	twenties	male_masculine	Eastern Herzegovinian accent from Montenegro		sr	
da400141d8070c4c2118c8f9d12545363fde0b2ee20bcd278f095f21939878a8ab884e4be8210be6741e0508f713bdc91bd016c162516481a3731f73c19200a1	common_voice_sr_28521431.mp3	b6cbad52202dd07890334c78bf2a2d7cb4b0d8833bb0de158e1b21f15e8f7b05	И шта је?		4	2	twenties	male_masculine	Eastern Herzegovinian accent from Montenegro		sr	
da400141d8070c4c2118c8f9d12545363fde0b2ee20bcd278f095f21939878a8ab884e4be8210be6741e0508f713bdc91bd016c162516481a3731f73c19200a1	common_voice_sr_28521432.mp3	916713411769b80b4d2c4532ead31e1e5ab88bd23f041444e1a746af4dc2d506	Пусти ме пусти.		4	0	twenties	male_masculine	Eastern Herzegovinian accent from Montenegro		sr	
da400141d8070c4c2118c8f9d12545363fde0b2ee20bcd278f095f21939878a8ab884e4be8210be6741e0508f713bdc91bd016c162516481a3731f73c19200a1	common_voice_sr_28521433.mp3	b12163e8c280a406e11093375af49662e43c09f3ff81b3b06fbc56c16f731155	То је јасно.		4	0	twenties	male_masculine	Eastern Herzegovinian accent from Montenegro		sr	
da400141d8070c4c2118c8f9d12545363fde0b2ee20bcd278f095f21939878a8ab884e4be8210be6741e0508f713bdc91bd016c162516481a3731f73c19200a1	common_voice_sr_28521434.mp3	a47da3b68d6aebb42f54b068369ebacfe3e5d05ecdce8ebf53a1965e6fed9006	Е то је.		4	0	twenties	male_masculine	Eastern Herzegovinian accent from Montenegro		sr	
da400141d8070c4c2118c8f9d12545363fde0b2ee20bcd278f095f21939878a8ab884e4be8210be6741e0508f713bdc91bd016c162516481a3731f73c19200a1	common_voice_sr_28521435.mp3	7cd88e3a86a77e95e3d474880fc0d043e7540fea9091d614bd714e0fce14c119	Ви не знате!		4	0	twenties	male_masculine	Eastern Herzegovinian accent from Montenegro		sr	
da400141d8070c4c2118c8f9d12545363fde0b2ee20bcd278f095f21939878a8ab884e4be8210be6741e0508f713bdc91bd016c162516481a3731f73c19200a1	common_voice_sr_28521437.mp3	9942dbbf3fe6804cd45e5f06eba3420d2bb629c543707130f830a9b190851bea	Ипак, то није немогућа мисија.		4	0	twenties	male_masculine	Eastern Herzegovinian accent from Montenegro		sr	
da400141d8070c4c2118c8f9d12545363fde0b2ee20bcd278f095f21939878a8ab884e4be8210be6741e0508f713bdc91bd016c162516481a3731f73c19200a1	common_voice_sr_28521438.mp3	b62e301d6d1c527303a0e67e4133547db61f800154b5a88afb81b5a37215db54	Серија је сјајна!		4	0	twenties	male_masculine	Eastern Herzegovinian accent from Montenegro		sr	
da400141d8070c4c2118c8f9d12545363fde0b2ee20bcd278f095f21939878a8ab884e4be8210be6741e0508f713bdc91bd016c162516481a3731f73c19200a1	common_voice_sr_28521439.mp3	b21dd5b9f183591bdcbcf8d323cc91778bd4281c627a128e855de9a16cc64738	Овде код мене.		4	0	twenties	male_masculine	Eastern Herzegovinian accent from Montenegro		sr	
da400141d8070c4c2118c8f9d12545363fde0b2ee20bcd278f095f21939878a8ab884e4be8210be6741e0508f713bdc91bd016c162516481a3731f73c19200a1	common_voice_sr_28521441.mp3	b76d00354fbf79f693aba98ea9be54d5a87aad85c77efd843c0f40f1d5b997f2	Ево ти, на!		4	0	twenties	male_masculine	Eastern Herzegovinian accent from Montenegro		sr	
da400141d8070c4c2118c8f9d12545363fde0b2ee20bcd278f095f21939878a8ab884e4be8210be6741e0508f713bdc91bd016c162516481a3731f73c19200a1	common_voice_sr_28521453.mp3	b70c9684a46aac9aa86074098c1c1d2c1140e076dd77c8138334a373de2172ed	Учинићемо све да сарађујемо.		4	0	twenties	male_masculine	Eastern Herzegovinian accent from Montenegro		sr	
da400141d8070c4c2118c8f9d12545363fde0b2ee20bcd278f095f21939878a8ab884e4be8210be6741e0508f713bdc91bd016c162516481a3731f73c19200a1	common_voice_sr_28521454.mp3	9aba140d5706ad18b4d547ca79d99d3cd43f526bdb08c7f56aae87b43a87e6b8	Тако ствари овде функционишу.		4	0	twenties	male_masculine	Eastern Herzegovinian accent from Montenegro		sr	
da400141d8070c4c2118c8f9d12545363fde0b2ee20bcd278f095f21939878a8ab884e4be8210be6741e0508f713bdc91bd016c162516481a3731f73c19200a1	common_voice_sr_28521457.mp3	b09dbb19549fab9c72c4e821a0967e37ced28025f98a14d14c39bbd046702e39	У реду, лево.		4	0	twenties	male_masculine	Eastern Herzegovinian accent from Montenegro		sr	
da400141d8070c4c2118c8f9d12545363fde0b2ee20bcd278f095f21939878a8ab884e4be8210be6741e0508f713bdc91bd016c162516481a3731f73c19200a1	common_voice_sr_28951040.mp3	c0dca5485451a24efc7779f12cacf76d6860ec0f112cbd9b52ff927a44922239	Или преко ње.		4	0	twenties	male_masculine	Eastern Herzegovinian accent from Montenegro		sr	
da400141d8070c4c2118c8f9d12545363fde0b2ee20bcd278f095f21939878a8ab884e4be8210be6741e0508f713bdc91bd016c162516481a3731f73c19200a1	common_voice_sr_28951042.mp3	c623c954af9cee03ec3b775cf60c76b69a2554944f08a4be32fce668c5c983ee	Он није био!		4	0	twenties	male_masculine	Eastern Herzegovinian accent from Montenegro		sr	
da400141d8070c4c2118c8f9d12545363fde0b2ee20bcd278f095f21939878a8ab884e4be8210be6741e0508f713bdc91bd016c162516481a3731f73c19200a1	common_voice_sr_30636310.mp3	c76830197b656814e7e55ad66b8d0a97783ae579a2d1f531f3c4c786a5e3db2a	Родио си се!		4	2	twenties	male_masculine	Eastern Herzegovinian accent from Montenegro		sr	
da400141d8070c4c2118c8f9d12545363fde0b2ee20bcd278f095f21939878a8ab884e4be8210be6741e0508f713bdc91bd016c162516481a3731f73c19200a1	common_voice_sr_40463808.mp3	2fd505d3e7cd08e9a8e285ea7f282bbc88666b4ae9f07e3a8f802a178275878d	Новим руководством још увек доминира стара гарда.		4	0	twenties	male_masculine	Eastern Herzegovinian accent from Montenegro		sr	
da400141d8070c4c2118c8f9d12545363fde0b2ee20bcd278f095f21939878a8ab884e4be8210be6741e0508f713bdc91bd016c162516481a3731f73c19200a1	common_voice_sr_40471685.mp3	18d96b95df8b1dec06a75a5b1d322a1ee85eac9951799825173d8683021b5a0e	Љутити возачи моторних возила изнијели су тај предмет на суд.		4	0	twenties	male_masculine	Eastern Herzegovinian accent from Montenegro		sr	
da400141d8070c4c2118c8f9d12545363fde0b2ee20bcd278f095f21939878a8ab884e4be8210be6741e0508f713bdc91bd016c162516481a3731f73c19200a1	common_voice_sr_40471693.mp3	4c82f33f64490cf78f1b539b68e42062c07cfac0dc3191262297e9b0b4e98f77	Ми никада нисмо повредили никога у нашим протестима.		2	0	twenties	male_masculine	Eastern Herzegovinian accent from Montenegro		sr	
da400141d8070c4c2118c8f9d12545363fde0b2ee20bcd278f095f21939878a8ab884e4be8210be6741e0508f713bdc91bd016c162516481a3731f73c19200a1	common_voice_sr_40471704.mp3	36c82d512affd8210f42bbd86daa3e7418b11237cadde22f71cb61d1cb184c67	То је филм који, иако независан, има нешто за пренијети.		2	0	twenties	male_masculine	Eastern Herzegovinian accent from Montenegro		sr	
da400141d8070c4c2118c8f9d12545363fde0b2ee20bcd278f095f21939878a8ab884e4be8210be6741e0508f713bdc91bd016c162516481a3731f73c19200a1	common_voice_sr_40471708.mp3	2457c6c979b4488d9e3c48da7ad676edd911f4f6abc025cc77230f844d9d8932	Средства за њихову набавку обезбиједит ће министарство образовања.		4	0	twenties	male_masculine	Eastern Herzegovinian accent from Montenegro		sr	
da400141d8070c4c2118c8f9d12545363fde0b2ee20bcd278f095f21939878a8ab884e4be8210be6741e0508f713bdc91bd016c162516481a3731f73c19200a1	common_voice_sr_40471715.mp3	26c066a17725bc1566e723ed0c1c1e375c576c0351ed5f88fc95bb5074c6b7c1	Петковић међутим размишља корак по корак.		4	0	twenties	male_masculine	Eastern Herzegovinian accent from Montenegro		sr	
da400141d8070c4c2118c8f9d12545363fde0b2ee20bcd278f095f21939878a8ab884e4be8210be6741e0508f713bdc91bd016c162516481a3731f73c19200a1	common_voice_sr_40471716.mp3	18395afcf559cb5e1d88e4b9b48b4618cf30204a7fead1ea4a5bebdc033ddbe8	Тијесна утрка за некретнинама		4	2	twenties	male_masculine	Eastern Herzegovinian accent from Montenegro		sr	
da400141d8070c4c2118c8f9d12545363fde0b2ee20bcd278f095f21939878a8ab884e4be8210be6741e0508f713bdc91bd016c162516481a3731f73c19200a1	common_voice_sr_40471725.mp3	7dd5561ed0b489a86f1605028d426c409d4611d5d335a68c0364869fc25f243a	Један од кључних корака већ је предузет.		2	0	twenties	male_masculine	Eastern Herzegovinian accent from Montenegro		sr	
da400141d8070c4c2118c8f9d12545363fde0b2ee20bcd278f095f21939878a8ab884e4be8210be6741e0508f713bdc91bd016c162516481a3731f73c19200a1	common_voice_sr_40471727.mp3	286a5a214f864605fdc3b36e17f175c5058c909a9caa628b6351f2e3bc6e1b8d	Ердоган је међутим, чини се, одбацио те препоруке.		4	0	twenties	male_masculine	Eastern Herzegovinian accent from Montenegro		sr	
da400141d8070c4c2118c8f9d12545363fde0b2ee20bcd278f095f21939878a8ab884e4be8210be6741e0508f713bdc91bd016c162516481a3731f73c19200a1	common_voice_sr_40471736.mp3	30b9c082a4cbba3878d657540d3985e02196a0d72a9732ca06d03a5649f6475b	Премијер тврди да ће његова влада обавити нове реформе.		4	0	twenties	male_masculine	Eastern Herzegovinian accent from Montenegro		sr	
da400141d8070c4c2118c8f9d12545363fde0b2ee20bcd278f095f21939878a8ab884e4be8210be6741e0508f713bdc91bd016c162516481a3731f73c19200a1	common_voice_sr_40471737.mp3	0f87aa0f86487c78f7383b4ba3bb9dd39847e24b448ca4bd1513f4cd0e57b7b3	Хенријев приватни живот се врло често испреплетао са државним пословима и политиком.		4	0	twenties	male_masculine	Eastern Herzegovinian accent from Montenegro		sr	
da400141d8070c4c2118c8f9d12545363fde0b2ee20bcd278f095f21939878a8ab884e4be8210be6741e0508f713bdc91bd016c162516481a3731f73c19200a1	common_voice_sr_40471755.mp3	4492937c06cdb2143144bc7d4a5108fea09787d8be7db946c09da79663e56975	Мијењању се и чланови који обухваћају имунитет, каже он.		6	0	twenties	male_masculine	Eastern Herzegovinian accent from Montenegro		sr	
da400141d8070c4c2118c8f9d12545363fde0b2ee20bcd278f095f21939878a8ab884e4be8210be6741e0508f713bdc91bd016c162516481a3731f73c19200a1	common_voice_sr_40471757.mp3	3ca4f42648dbd11a34e5512525b6ef92ea0da203dc04c2dae7e62cc64260dee8	Иако владе предузимају одређене кораке, напредак је спор.		4	0	twenties	male_masculine	Eastern Herzegovinian accent from Montenegro		sr	
da400141d8070c4c2118c8f9d12545363fde0b2ee20bcd278f095f21939878a8ab884e4be8210be6741e0508f713bdc91bd016c162516481a3731f73c19200a1	common_voice_sr_40471766.mp3	1189f08a0ac652dd8d2509d3c3728aace17a05a0e09a73862ef68b67d3767f51	Још се нада да је шале ради;		2	0	twenties	male_masculine	Eastern Herzegovinian accent from Montenegro		sr	
da400141d8070c4c2118c8f9d12545363fde0b2ee20bcd278f095f21939878a8ab884e4be8210be6741e0508f713bdc91bd016c162516481a3731f73c19200a1	common_voice_sr_40471770.mp3	0d2e3d800a9145ec9f7f1f9dc569e955bbc2785a3ed3eb3e0c24cfe6a3348210	Да ли он то напушта власт?		4	0	twenties	male_masculine	Eastern Herzegovinian accent from Montenegro		sr	
da400141d8070c4c2118c8f9d12545363fde0b2ee20bcd278f095f21939878a8ab884e4be8210be6741e0508f713bdc91bd016c162516481a3731f73c19200a1	common_voice_sr_40471782.mp3	48d79bdf7dac0563efbd45e6ecdac655aed9ac92effbd406b3548c3bffed1983	Евертс је напустио положај убрзо после избора.		2	0	twenties	male_masculine	Eastern Herzegovinian accent from Montenegro		sr	
da400141d8070c4c2118c8f9d12545363fde0b2ee20bcd278f095f21939878a8ab884e4be8210be6741e0508f713bdc91bd016c162516481a3731f73c19200a1	common_voice_sr_40471792.mp3	398a38d88b2d0036f854d1c7a56d098d91d4a2cb095f6236eb12e7f811a6dbec	Мјеста у врху свијета криминала сад су упражњена.		4	0	twenties	male_masculine	Eastern Herzegovinian accent from Montenegro		sr	
da400141d8070c4c2118c8f9d12545363fde0b2ee20bcd278f095f21939878a8ab884e4be8210be6741e0508f713bdc91bd016c162516481a3731f73c19200a1	common_voice_sr_40471802.mp3	28cc46fe8a73fb3b256b89ac40093ff3bf6ee38090700829cde4a87018f44574	Том одвајању је претходио низ догађаја.		4	0	twenties	male_masculine	Eastern Herzegovinian accent from Montenegro		sr	
da400141d8070c4c2118c8f9d12545363fde0b2ee20bcd278f095f21939878a8ab884e4be8210be6741e0508f713bdc91bd016c162516481a3731f73c19200a1	common_voice_sr_40471810.mp3	1dcc91dafc3f1c39a3a90208b97fc7944a1a17c279c85667dc19bfc8571c7d90	Непоткријепљено је и нетачно рећи да је данас све исто.		2	0	twenties	male_masculine	Eastern Herzegovinian accent from Montenegro		sr	
da400141d8070c4c2118c8f9d12545363fde0b2ee20bcd278f095f21939878a8ab884e4be8210be6741e0508f713bdc91bd016c162516481a3731f73c19200a1	common_voice_sr_40471813.mp3	0dfb8a288948ad5b1575a07d17f4b6eb1f3521bc56a5e01a3391e2ee28b7bf4e	Изгледа да неизбјежно слиједи период политичких превирања.		2	0	twenties	male_masculine	Eastern Herzegovinian accent from Montenegro		sr	
da400141d8070c4c2118c8f9d12545363fde0b2ee20bcd278f095f21939878a8ab884e4be8210be6741e0508f713bdc91bd016c162516481a3731f73c19200a1	common_voice_sr_40471820.mp3	483e8beb29e56c22bb6514e66301e7b70dfcf407501258249aa3ccf9e9b5cb93	И он својој љуби не доказа.		4	0	twenties	male_masculine	Eastern Herzegovinian accent from Montenegro		sr	
da400141d8070c4c2118c8f9d12545363fde0b2ee20bcd278f095f21939878a8ab884e4be8210be6741e0508f713bdc91bd016c162516481a3731f73c19200a1	common_voice_sr_40471821.mp3	8bf83f0440254360f4cb82d113d73a0d396f3ece798ecb3824eff6e492a532d5	Ово је огромно повећање.		2	0	twenties	male_masculine	Eastern Herzegovinian accent from Montenegro		sr	
da400141d8070c4c2118c8f9d12545363fde0b2ee20bcd278f095f21939878a8ab884e4be8210be6741e0508f713bdc91bd016c162516481a3731f73c19200a1	common_voice_sr_40471822.mp3	4533c8c9105749a07cb3e9fcb7f93a93d33f687004bf0d7d2f48656a339430bc	Помири се са тим!		2	0	twenties	male_masculine	Eastern Herzegovinian accent from Montenegro		sr	
da400141d8070c4c2118c8f9d12545363fde0b2ee20bcd278f095f21939878a8ab884e4be8210be6741e0508f713bdc91bd016c162516481a3731f73c19200a1	common_voice_sr_40471827.mp3	48d04d04bf2f95ee13c195e05b872a8cbde664a6f764d2db12e41948b423ec3d	Цијена за тамошње истраживачко новинарство је превелика.		4	0	twenties	male_masculine	Eastern Herzegovinian accent from Montenegro		sr	
da400141d8070c4c2118c8f9d12545363fde0b2ee20bcd278f095f21939878a8ab884e4be8210be6741e0508f713bdc91bd016c162516481a3731f73c19200a1	common_voice_sr_40471829.mp3	1c362cc992bc45861a01f09dd30b3cf29a4cba7c02900abf81f9c2173b2628ed	"Књига "Поцијепајте приручник" објављена је крајем прошле године."		4	0	twenties	male_masculine	Eastern Herzegovinian accent from Montenegro		sr	
da400141d8070c4c2118c8f9d12545363fde0b2ee20bcd278f095f21939878a8ab884e4be8210be6741e0508f713bdc91bd016c162516481a3731f73c19200a1	common_voice_sr_40471832.mp3	4b8c66f1dae6c76aa9865a63b6a2cdca2e44e62f284f2cc8e7b13e4e0443c214	Но бесједи своме господару:		2	0	twenties	male_masculine	Eastern Herzegovinian accent from Montenegro		sr	
da400141d8070c4c2118c8f9d12545363fde0b2ee20bcd278f095f21939878a8ab884e4be8210be6741e0508f713bdc91bd016c162516481a3731f73c19200a1	common_voice_sr_40471834.mp3	3fdb6ba02f45a2852523495aae9fee7296dfb1b795e428730c5feea3185d3930	Ствари су се промијениле кад су се инфилтрирале вехабије.		2	0	twenties	male_masculine	Eastern Herzegovinian accent from Montenegro		sr	
da400141d8070c4c2118c8f9d12545363fde0b2ee20bcd278f095f21939878a8ab884e4be8210be6741e0508f713bdc91bd016c162516481a3731f73c19200a1	common_voice_sr_40471835.mp3	229c50ece42dfad101311c3ee9acf15184f046e4bb792cec856a87777b2123a3	Јер ћеш своју изгубити главу,		2	0	twenties	male_masculine	Eastern Herzegovinian accent from Montenegro		sr	
da400141d8070c4c2118c8f9d12545363fde0b2ee20bcd278f095f21939878a8ab884e4be8210be6741e0508f713bdc91bd016c162516481a3731f73c19200a1	common_voice_sr_40471838.mp3	239069caa2e57c3b640ec287a2eeb3b78b0035e3566e8312b354a11028950686	Обојица су изразили оријентацију ка јачању односа и веза.		2	0	twenties	male_masculine	Eastern Herzegovinian accent from Montenegro		sr	
da400141d8070c4c2118c8f9d12545363fde0b2ee20bcd278f095f21939878a8ab884e4be8210be6741e0508f713bdc91bd016c162516481a3731f73c19200a1	common_voice_sr_40471843.mp3	20e857088c83a9d5baef811085ec7a471a327567f606a7b87b326557d35ed2fb	Јавно мнијење је подијељено.		2	0	twenties	male_masculine	Eastern Herzegovinian accent from Montenegro		sr	
da400141d8070c4c2118c8f9d12545363fde0b2ee20bcd278f095f21939878a8ab884e4be8210be6741e0508f713bdc91bd016c162516481a3731f73c19200a1	common_voice_sr_40471845.mp3	4c005742e50b84807142e010fc67ea7ae9419f1bb3d4ebc7a4e0975b3aadc881	И он каза својој вјерној љуби:		2	0	twenties	male_masculine	Eastern Herzegovinian accent from Montenegro		sr	
da400141d8070c4c2118c8f9d12545363fde0b2ee20bcd278f095f21939878a8ab884e4be8210be6741e0508f713bdc91bd016c162516481a3731f73c19200a1	common_voice_sr_40471847.mp3	1ba3f91b697f61cc307be6d19449c6fc7bb7be14b74d9d27ec545b7c251b9208	Корпус расте!		2	0	twenties	male_masculine	Eastern Herzegovinian accent from Montenegro		sr	
da400141d8070c4c2118c8f9d12545363fde0b2ee20bcd278f095f21939878a8ab884e4be8210be6741e0508f713bdc91bd016c162516481a3731f73c19200a1	common_voice_sr_40471853.mp3	4ae15a02d3155373e0f222174e365966a6eeed3fa6ea8ed6306be8dfe91ec70c	"Дијелим њихову тугу," рекао је он."		2	0	twenties	male_masculine	Eastern Herzegovinian accent from Montenegro		sr	
da400141d8070c4c2118c8f9d12545363fde0b2ee20bcd278f095f21939878a8ab884e4be8210be6741e0508f713bdc91bd016c162516481a3731f73c19200a1	common_voice_sr_40471858.mp3	410f746a3834cd3953796e5c6c39f202df49553864548f17102544ea90c1ec78	Положите заклетву и изнесите свој приједлог у парламенту.		4	0	twenties	male_masculine	Eastern Herzegovinian accent from Montenegro		sr	
da400141d8070c4c2118c8f9d12545363fde0b2ee20bcd278f095f21939878a8ab884e4be8210be6741e0508f713bdc91bd016c162516481a3731f73c19200a1	common_voice_sr_40471881.mp3	4ba23c9cc6814fced301c5b7676c00a3d1f55bf794b7acf849e3cfd1be9365ed	Српско тржиште дроге успешно је растурено.		2	0	twenties	male_masculine	Eastern Herzegovinian accent from Montenegro		sr	
da400141d8070c4c2118c8f9d12545363fde0b2ee20bcd278f095f21939878a8ab884e4be8210be6741e0508f713bdc91bd016c162516481a3731f73c19200a1	common_voice_sr_40471882.mp3	18f4d1279c5c73353a3c8870e9dc0baf55c30ea24ac03284883b3b6966fac2a5	Политичко мијешање у оперативни рад полиције мора се елиминирати.		4	0	twenties	male_masculine	Eastern Herzegovinian accent from Montenegro		sr	
da400141d8070c4c2118c8f9d12545363fde0b2ee20bcd278f095f21939878a8ab884e4be8210be6741e0508f713bdc91bd016c162516481a3731f73c19200a1	common_voice_sr_40471889.mp3	494e17a5c4ac6171a853f00f3b18a10d8e9ebce25faf228ecc3b63856e3dcd34	"Зло је моја вијернице љубо!"		4	0	twenties	male_masculine	Eastern Herzegovinian accent from Montenegro		sr	
da400141d8070c4c2118c8f9d12545363fde0b2ee20bcd278f095f21939878a8ab884e4be8210be6741e0508f713bdc91bd016c162516481a3731f73c19200a1	common_voice_sr_40471897.mp3	0a387772a6660db730cd94568dd277de3d16670db36edb656346bebe85e35d01	Знам да ћу једног дана побиједити и у овој утрци.		4	0	twenties	male_masculine	Eastern Herzegovinian accent from Montenegro		sr	
da400141d8070c4c2118c8f9d12545363fde0b2ee20bcd278f095f21939878a8ab884e4be8210be6741e0508f713bdc91bd016c162516481a3731f73c19200a1	common_voice_sr_40471904.mp3	503b5aeba5b62dcae455b160cf94fb20084d101db44517f10efd5e223515cdf3	Косово је на много начина још увијек изолирано.		4	0	twenties	male_masculine	Eastern Herzegovinian accent from Montenegro		sr	
da400141d8070c4c2118c8f9d12545363fde0b2ee20bcd278f095f21939878a8ab884e4be8210be6741e0508f713bdc91bd016c162516481a3731f73c19200a1	common_voice_sr_40471916.mp3	3dda69e68d3826522d90b12e441f5c7b2d72cba41a05b178e5791a78fcb92968	Нова стратегија комуникација ће се фокусирати на промоцији тих вриједности.		4	0	twenties	male_masculine	Eastern Herzegovinian accent from Montenegro		sr	
da400141d8070c4c2118c8f9d12545363fde0b2ee20bcd278f095f21939878a8ab884e4be8210be6741e0508f713bdc91bd016c162516481a3731f73c19200a1	common_voice_sr_40471929.mp3	36ce61e1bf4d1be7bdada0043686244d88955a4e5b829458c90439b46e5b6505	Десет пројеката финансирано је од профитних активности.		4	0	twenties	male_masculine	Eastern Herzegovinian accent from Montenegro		sr	
da400141d8070c4c2118c8f9d12545363fde0b2ee20bcd278f095f21939878a8ab884e4be8210be6741e0508f713bdc91bd016c162516481a3731f73c19200a1	common_voice_sr_40471936.mp3	3ee79c668ab80b37e2d48e25539aed9f3542df4de0a7dac67a6c624234b02780	Цијена уговора није објелодањена.		4	0	twenties	male_masculine	Eastern Herzegovinian accent from Montenegro		sr	
da400141d8070c4c2118c8f9d12545363fde0b2ee20bcd278f095f21939878a8ab884e4be8210be6741e0508f713bdc91bd016c162516481a3731f73c19200a1	common_voice_sr_40471943.mp3	212e1e3cc80123c2a3ded8fd7e4debfeb8bc425e6cc226cc52dc819ab88a8f2d	Странке успијевају избјећи да прикажу своје финансијске изворе.		2	0	twenties	male_masculine	Eastern Herzegovinian accent from Montenegro		sr	
da400141d8070c4c2118c8f9d12545363fde0b2ee20bcd278f095f21939878a8ab884e4be8210be6741e0508f713bdc91bd016c162516481a3731f73c19200a1	common_voice_sr_40471944.mp3	154047179324fc45761ef164e5a4b9482d337fd59f1391f7a550a513eca02047	Данас то није случај.		4	0	twenties	male_masculine	Eastern Herzegovinian accent from Montenegro		sr	
da400141d8070c4c2118c8f9d12545363fde0b2ee20bcd278f095f21939878a8ab884e4be8210be6741e0508f713bdc91bd016c162516481a3731f73c19200a1	common_voice_sr_40609197.mp3	6136f6bc98ff35324c356d46945f20e838af45a97a0cd870b223ad00677c9b0e	Већина људи, посебно бијелци, отворена је по том питању.		4	0	twenties	male_masculine	Eastern Herzegovinian accent from Montenegro		sr	
da400141d8070c4c2118c8f9d12545363fde0b2ee20bcd278f095f21939878a8ab884e4be8210be6741e0508f713bdc91bd016c162516481a3731f73c19200a1	common_voice_sr_40609206.mp3	355e57817449a19e48e144195149f8193ecd24c1245a15c3631ca190b281502b	Вијеће јавних тужилаца ће одобравати именовање и смјену тужилаца.		4	0	twenties	male_masculine	Eastern Herzegovinian accent from Montenegro		sr	
da400141d8070c4c2118c8f9d12545363fde0b2ee20bcd278f095f21939878a8ab884e4be8210be6741e0508f713bdc91bd016c162516481a3731f73c19200a1	common_voice_sr_40609215.mp3	5fc152625c9cc68f632ca3ce4c87b3fb0360aad907b4c81f280a5c85820954d1	То ће, додао је он, донијети боље и јефтиније услуге.		4	0	twenties	male_masculine	Eastern Herzegovinian accent from Montenegro		sr	
da400141d8070c4c2118c8f9d12545363fde0b2ee20bcd278f095f21939878a8ab884e4be8210be6741e0508f713bdc91bd016c162516481a3731f73c19200a1	common_voice_sr_40609216.mp3	64677c30b973ea16c2fc3f7d24259e1a96e8a84905b68385208e25f17159409b	Борба против високе стопе незапослености није лак задатак.		2	0	twenties	male_masculine	Eastern Herzegovinian accent from Montenegro		sr	
da400141d8070c4c2118c8f9d12545363fde0b2ee20bcd278f095f21939878a8ab884e4be8210be6741e0508f713bdc91bd016c162516481a3731f73c19200a1	common_voice_sr_40609217.mp3	5ebc52f498624d7bbf113beb21526d3b7121cd5305591d3f5d132a914b3d40f3	Друго је стварање уније две међународно признате државе.		4	0	twenties	male_masculine	Eastern Herzegovinian accent from Montenegro		sr	
da400141d8070c4c2118c8f9d12545363fde0b2ee20bcd278f095f21939878a8ab884e4be8210be6741e0508f713bdc91bd016c162516481a3731f73c19200a1	common_voice_sr_40609218.mp3	5f7a824452b178c692aab0554945b89dd2aa7a574898440aa53e80af5b03dc9a	Видели смо да то није случај.		4	0	twenties	male_masculine	Eastern Herzegovinian accent from Montenegro		sr	
da400141d8070c4c2118c8f9d12545363fde0b2ee20bcd278f095f21939878a8ab884e4be8210be6741e0508f713bdc91bd016c162516481a3731f73c19200a1	common_voice_sr_40609225.mp3	2f7efa03e42dd9857832b46c36fee2ffc6d52b47614ad01b0f56a2b5b70703c0	Отидоше на град на Бојану.		2	0	twenties	male_masculine	Eastern Herzegovinian accent from Montenegro		sr	
da400141d8070c4c2118c8f9d12545363fde0b2ee20bcd278f095f21939878a8ab884e4be8210be6741e0508f713bdc91bd016c162516481a3731f73c19200a1	common_voice_sr_40609232.mp3	4277af031a6e937816d22822019abf002bbf4b11a4cf1b0d376ffb04cab62a22	Даде краљу коње и хинтове,		2	0	twenties	male_masculine	Eastern Herzegovinian accent from Montenegro		sr	
da400141d8070c4c2118c8f9d12545363fde0b2ee20bcd278f095f21939878a8ab884e4be8210be6741e0508f713bdc91bd016c162516481a3731f73c19200a1	common_voice_sr_40609235.mp3	87fd6111efb134c5ea4ef6554cb621dc0003be3b865c0c4348f7ae813096eb28	Ипак, врло је важно где живимо.		4	0	twenties	male_masculine	Eastern Herzegovinian accent from Montenegro		sr	
da400141d8070c4c2118c8f9d12545363fde0b2ee20bcd278f095f21939878a8ab884e4be8210be6741e0508f713bdc91bd016c162516481a3731f73c19200a1	common_voice_sr_40609239.mp3	3714dc8c1b57b6aa6499b361d0503069d6fd0739ce1e6abff61d80331c851064	Наш први утисак је да је документ позитиван.		4	0	twenties	male_masculine	Eastern Herzegovinian accent from Montenegro		sr	
da400141d8070c4c2118c8f9d12545363fde0b2ee20bcd278f095f21939878a8ab884e4be8210be6741e0508f713bdc91bd016c162516481a3731f73c19200a1	common_voice_sr_46917782.mp3	ae20c825f5566051393cc4ffac2f26abb13b801b6c75b99d2444ba75f2125c14	деветнаест		2	0	twenties	male_masculine	Eastern Herzegovinian accent from Montenegro		sr	
da400141d8070c4c2118c8f9d12545363fde0b2ee20bcd278f095f21939878a8ab884e4be8210be6741e0508f713bdc91bd016c162516481a3731f73c19200a1	common_voice_sr_46917853.mp3	de46f08e2ede16615e0d9d787e1c4f4c402807b81f6cd178c0e5aa84f1b2b185	Нисам сигуран да је француско-њемачки приједлог најбољи начин.		2	0	twenties	male_masculine	Eastern Herzegovinian accent from Montenegro		sr	
da400141d8070c4c2118c8f9d12545363fde0b2ee20bcd278f095f21939878a8ab884e4be8210be6741e0508f713bdc91bd016c162516481a3731f73c19200a1	common_voice_sr_46918026.mp3	7a373f9cde4d3d55eef3300bbd113840ddd2821e86f5d96f2f43e06854c704ca	"Иде цијела породица, и дјеца."		2	0	twenties	male_masculine	Eastern Herzegovinian accent from Montenegro		sr	
da400141d8070c4c2118c8f9d12545363fde0b2ee20bcd278f095f21939878a8ab884e4be8210be6741e0508f713bdc91bd016c162516481a3731f73c19200a1	common_voice_sr_46919012.mp3	8bafd7d1a6d431044cb0da3153ebf59d029a30f26de1b2a2d223a4ed7530f216	српски говор		2	0	twenties	male_masculine	Eastern Herzegovinian accent from Montenegro		sr	
da400141d8070c4c2118c8f9d12545363fde0b2ee20bcd278f095f21939878a8ab884e4be8210be6741e0508f713bdc91bd016c162516481a3731f73c19200a1	common_voice_sr_46920610.mp3	f19fddb297805839a78cf98892a6fe6ccdd9ab3f4edddaf0c8fdd9153e4599b5	Све опције су на столу.		2	0	twenties	male_masculine	Eastern Herzegovinian accent from Montenegro		sr	
193a4bf0eec6953f743a97e40ecdcd7a086c140eb75852ed418a52b3dc89fdea30ed9be3f0240c98613416cc2e892e33111d4c84fcd0c2a8ea7c4975d6c001a3	common_voice_sr_36934732.mp3	40eb8b8cc66b1ff2a71ac09d7c12c69c93dd4395a75caeb20dc714c967ef2437	Да види је.		6	0			Bijeljinski|Bosanski		sr	
193a4bf0eec6953f743a97e40ecdcd7a086c140eb75852ed418a52b3dc89fdea30ed9be3f0240c98613416cc2e892e33111d4c84fcd0c2a8ea7c4975d6c001a3	common_voice_sr_36934733.mp3	f5c9ec306009704f023f99e005b79b88169a11c519cb2db55a68ab3369489dfb	То си био ти?		6	0			Bijeljinski|Bosanski		sr	
193a4bf0eec6953f743a97e40ecdcd7a086c140eb75852ed418a52b3dc89fdea30ed9be3f0240c98613416cc2e892e33111d4c84fcd0c2a8ea7c4975d6c001a3	common_voice_sr_36934736.mp3	37cebc9fbb8db7a3adcdc688b530af37d3ae4f8adf821bd4e2980f2f64ed3834	Све те ствари?		6	0			Bijeljinski|Bosanski		sr	
193a4bf0eec6953f743a97e40ecdcd7a086c140eb75852ed418a52b3dc89fdea30ed9be3f0240c98613416cc2e892e33111d4c84fcd0c2a8ea7c4975d6c001a3	common_voice_sr_36934788.mp3	73b0a41928e7010171b36d2bd2ee623c0e9760fa248d7d56434e23d67b65facf	Шкотски фудбалски навијачи били су врло инвентивни.		6	3	thirties	male_masculine	Bijeljinski|Bosanski		sr	
193a4bf0eec6953f743a97e40ecdcd7a086c140eb75852ed418a52b3dc89fdea30ed9be3f0240c98613416cc2e892e33111d4c84fcd0c2a8ea7c4975d6c001a3	common_voice_sr_36934789.mp3	291794177d3d0b439ea8796987c7bbe04ccc74993e10fb211245bb8af154e9d4	Ко је онда?		6	0	thirties	male_masculine	Bijeljinski|Bosanski		sr	
193a4bf0eec6953f743a97e40ecdcd7a086c140eb75852ed418a52b3dc89fdea30ed9be3f0240c98613416cc2e892e33111d4c84fcd0c2a8ea7c4975d6c001a3	common_voice_sr_36934790.mp3	3fe1fba79dc38a6f47cd6e6120e637e93b115e36766498c8a929bb513c98c374	Јеси ли ти.		6	0	thirties	male_masculine	Bijeljinski|Bosanski		sr	
193a4bf0eec6953f743a97e40ecdcd7a086c140eb75852ed418a52b3dc89fdea30ed9be3f0240c98613416cc2e892e33111d4c84fcd0c2a8ea7c4975d6c001a3	common_voice_sr_36934802.mp3	10c1dea6d125ed1f75b6f5d59c542560bd2a99a28cafa47baf626edb9f74ccaa	Не би могло.		6	0	thirties	male_masculine	Bijeljinski|Bosanski		sr	
193a4bf0eec6953f743a97e40ecdcd7a086c140eb75852ed418a52b3dc89fdea30ed9be3f0240c98613416cc2e892e33111d4c84fcd0c2a8ea7c4975d6c001a3	common_voice_sr_36934803.mp3	350849ed2e6fb00b4c2d2cafb92be15cae00d3b55c273354492d4aedd815b032	А та је?		6	0	thirties	male_masculine	Bijeljinski|Bosanski		sr	
193a4bf0eec6953f743a97e40ecdcd7a086c140eb75852ed418a52b3dc89fdea30ed9be3f0240c98613416cc2e892e33111d4c84fcd0c2a8ea7c4975d6c001a3	common_voice_sr_36934804.mp3	3f5458b56aa8ad2f5fc222045a4ac7549357305581031bde2fac9a79fe3d863f	То је сада?		6	0	thirties	male_masculine	Bijeljinski|Bosanski		sr	
193a4bf0eec6953f743a97e40ecdcd7a086c140eb75852ed418a52b3dc89fdea30ed9be3f0240c98613416cc2e892e33111d4c84fcd0c2a8ea7c4975d6c001a3	common_voice_sr_36934805.mp3	3766ddac9e64b7925a8526f2d7724534b1c7dd6561fd695c428d8096f9fee31a	Где је, где је?		6	0	thirties	male_masculine	Bijeljinski|Bosanski		sr	
193a4bf0eec6953f743a97e40ecdcd7a086c140eb75852ed418a52b3dc89fdea30ed9be3f0240c98613416cc2e892e33111d4c84fcd0c2a8ea7c4975d6c001a3	common_voice_sr_36934810.mp3	37b09550ec9bb2488d3b0f0e74b3b59d0714d1d0ee31156937b8db8bdb3de5bf	Шта то значи?		6	0	thirties	male_masculine	Bijeljinski|Bosanski		sr	
193a4bf0eec6953f743a97e40ecdcd7a086c140eb75852ed418a52b3dc89fdea30ed9be3f0240c98613416cc2e892e33111d4c84fcd0c2a8ea7c4975d6c001a3	common_voice_sr_36934812.mp3	1315e36fb062dd7a22d6c53ba7d495a8cf91f28c48e14b7ed4f13c1259333f1a	А ја имам.		6	0	thirties	male_masculine	Bijeljinski|Bosanski		sr	
193a4bf0eec6953f743a97e40ecdcd7a086c140eb75852ed418a52b3dc89fdea30ed9be3f0240c98613416cc2e892e33111d4c84fcd0c2a8ea7c4975d6c001a3	common_voice_sr_36934813.mp3	11b4dd3384bf93f65b644c0c55bec9570a6215b9a5c272060e96e3a61296d068	Ко је ту?		6	0	thirties	male_masculine	Bijeljinski|Bosanski		sr	
193a4bf0eec6953f743a97e40ecdcd7a086c140eb75852ed418a52b3dc89fdea30ed9be3f0240c98613416cc2e892e33111d4c84fcd0c2a8ea7c4975d6c001a3	common_voice_sr_36934823.mp3	153b5b99ba0aa0fd3958e4effb827a2f787c6c1db2905095d1a21687b68bc08f	Да, види је!		6	0	thirties	male_masculine	Bijeljinski|Bosanski		sr	
193a4bf0eec6953f743a97e40ecdcd7a086c140eb75852ed418a52b3dc89fdea30ed9be3f0240c98613416cc2e892e33111d4c84fcd0c2a8ea7c4975d6c001a3	common_voice_sr_36934824.mp3	f2bf8a3de2d989fddfc51a1fc2baea706df55a2aba7e9fac6dfef27a1a0f4f76	Ох, ох, ох!		6	0	thirties	male_masculine	Bijeljinski|Bosanski		sr	
193a4bf0eec6953f743a97e40ecdcd7a086c140eb75852ed418a52b3dc89fdea30ed9be3f0240c98613416cc2e892e33111d4c84fcd0c2a8ea7c4975d6c001a3	common_voice_sr_36934825.mp3	432d0932786b427e1f4e8596c7b8a44221663ed32ee05f5b864ef710b368765b	Ко је била.		6	0	thirties	male_masculine	Bijeljinski|Bosanski		sr	
193a4bf0eec6953f743a97e40ecdcd7a086c140eb75852ed418a52b3dc89fdea30ed9be3f0240c98613416cc2e892e33111d4c84fcd0c2a8ea7c4975d6c001a3	common_voice_sr_36934830.mp3	3c1c0f75bf80070fdf47777ad3d9e84593c423f5f587b88fa1e678686b927080	Не мислим да.		6	0	thirties	male_masculine	Bijeljinski|Bosanski		sr	
193a4bf0eec6953f743a97e40ecdcd7a086c140eb75852ed418a52b3dc89fdea30ed9be3f0240c98613416cc2e892e33111d4c84fcd0c2a8ea7c4975d6c001a3	common_voice_sr_36934831.mp3	3f588f5cb61adc98d3327de6257dfc113ee8dafeaae7e666b1f1e5d774665b97	Ја не знам шта?		6	0	thirties	male_masculine	Bijeljinski|Bosanski		sr	
193a4bf0eec6953f743a97e40ecdcd7a086c140eb75852ed418a52b3dc89fdea30ed9be3f0240c98613416cc2e892e33111d4c84fcd0c2a8ea7c4975d6c001a3	common_voice_sr_36934832.mp3	2f5196d6b0e22a42469b890033f19f8eb78f9e6ecb386d2c54a22307a5a64b37	Искрено, нисмо сигурни.		6	0	thirties	male_masculine	Bijeljinski|Bosanski		sr	
193a4bf0eec6953f743a97e40ecdcd7a086c140eb75852ed418a52b3dc89fdea30ed9be3f0240c98613416cc2e892e33111d4c84fcd0c2a8ea7c4975d6c001a3	common_voice_sr_36934833.mp3	42da42f5112ac3d9b9b47fbbbe45576c67b2900164d6609e7d20ef0516c914f8	Од оног дана?		6	0	thirties	male_masculine	Bijeljinski|Bosanski		sr	
193a4bf0eec6953f743a97e40ecdcd7a086c140eb75852ed418a52b3dc89fdea30ed9be3f0240c98613416cc2e892e33111d4c84fcd0c2a8ea7c4975d6c001a3	common_voice_sr_36934834.mp3	39a767321c592d58351810a2ef5ac43fe59cdbc07adab82ccc3f084383d00dd1	Ко је она.		6	0	thirties	male_masculine	Bijeljinski|Bosanski		sr	
193a4bf0eec6953f743a97e40ecdcd7a086c140eb75852ed418a52b3dc89fdea30ed9be3f0240c98613416cc2e892e33111d4c84fcd0c2a8ea7c4975d6c001a3	common_voice_sr_36934838.mp3	f0070c960f87fc5dc20cb5d4709a956055455aeb942b84d35f53d03b12083c1c	Шта мислите да радите?		6	0	thirties	male_masculine	Bijeljinski|Bosanski		sr	
193a4bf0eec6953f743a97e40ecdcd7a086c140eb75852ed418a52b3dc89fdea30ed9be3f0240c98613416cc2e892e33111d4c84fcd0c2a8ea7c4975d6c001a3	common_voice_sr_36934841.mp3	3c445df39f996ce0547f48fb82b85e3a0d0d906bbdb6ea153fc94a532a0697ed	Загорео ми је ручак.		6	0	thirties	male_masculine	Bijeljinski|Bosanski		sr	
193a4bf0eec6953f743a97e40ecdcd7a086c140eb75852ed418a52b3dc89fdea30ed9be3f0240c98613416cc2e892e33111d4c84fcd0c2a8ea7c4975d6c001a3	common_voice_sr_36934855.mp3	baca281e82d43b88b28589e8dd06768f3b986426dc80ad0ff013df5dc3027685	Сама природа сивих економија опире се прецизним проценама.		6	0	thirties	male_masculine	Bijeljinski|Bosanski		sr	
193a4bf0eec6953f743a97e40ecdcd7a086c140eb75852ed418a52b3dc89fdea30ed9be3f0240c98613416cc2e892e33111d4c84fcd0c2a8ea7c4975d6c001a3	common_voice_sr_36934856.mp3	422acf75c23b6d15783e4a88fcb2c5530e0efa8a7a4b14e1b91404ff9877da15	Где је био?		6	0	thirties	male_masculine	Bijeljinski|Bosanski		sr	
193a4bf0eec6953f743a97e40ecdcd7a086c140eb75852ed418a52b3dc89fdea30ed9be3f0240c98613416cc2e892e33111d4c84fcd0c2a8ea7c4975d6c001a3	common_voice_sr_36934857.mp3	36af497053e949f382a527a3f39ddcd35ae6ee97814d08b7ee69814172982209	Да је отпусти.		6	0	thirties	male_masculine	Bijeljinski|Bosanski		sr	
193a4bf0eec6953f743a97e40ecdcd7a086c140eb75852ed418a52b3dc89fdea30ed9be3f0240c98613416cc2e892e33111d4c84fcd0c2a8ea7c4975d6c001a3	common_voice_sr_36934858.mp3	e850e5f9b358475151d448d5cf05bde0a9d99ecd4815060db410df591a259aaf	Сви они раде исте ствари.		6	0	thirties	male_masculine	Bijeljinski|Bosanski		sr	
193a4bf0eec6953f743a97e40ecdcd7a086c140eb75852ed418a52b3dc89fdea30ed9be3f0240c98613416cc2e892e33111d4c84fcd0c2a8ea7c4975d6c001a3	common_voice_sr_36934859.mp3	24c60045e372c8d3c88e8d0fe9ad869cba9226ea9bc0f88c1b3cd1ab6f18e061	Због тога нисмо толико забринути због проблема корупције.		6	0	thirties	male_masculine	Bijeljinski|Bosanski		sr	
193a4bf0eec6953f743a97e40ecdcd7a086c140eb75852ed418a52b3dc89fdea30ed9be3f0240c98613416cc2e892e33111d4c84fcd0c2a8ea7c4975d6c001a3	common_voice_sr_36934867.mp3	332ca1cd8bc1ab598e9fe0f3301f2ea5249a501a765beb23c497a10dbdbd5e3d	Нафта је поскупела.		6	0	thirties	male_masculine	Bijeljinski|Bosanski		sr	
193a4bf0eec6953f743a97e40ecdcd7a086c140eb75852ed418a52b3dc89fdea30ed9be3f0240c98613416cc2e892e33111d4c84fcd0c2a8ea7c4975d6c001a3	common_voice_sr_36934868.mp3	3107f6ea2e772ed31b9c43a199a4e8d2ac3ef3779d0f969ec8d987e294e5e4a6	И, шта је ово?		6	0	thirties	male_masculine	Bijeljinski|Bosanski		sr	
193a4bf0eec6953f743a97e40ecdcd7a086c140eb75852ed418a52b3dc89fdea30ed9be3f0240c98613416cc2e892e33111d4c84fcd0c2a8ea7c4975d6c001a3	common_voice_sr_36934869.mp3	fca9a88116482f106e01f28ca5f3c40d7a8143b4ccd4fbcc0d4f292be8ded685	Шта је с тобом!		6	0	thirties	male_masculine	Bijeljinski|Bosanski		sr	
193a4bf0eec6953f743a97e40ecdcd7a086c140eb75852ed418a52b3dc89fdea30ed9be3f0240c98613416cc2e892e33111d4c84fcd0c2a8ea7c4975d6c001a3	common_voice_sr_36934870.mp3	4105a6beeedb3ab5e84856bc324fcffc367e0b83ac2732a4f58a863d6e40ed2c	И било је времена када се наша земља створила		6	3	thirties	male_masculine	Bijeljinski|Bosanski		sr	
193a4bf0eec6953f743a97e40ecdcd7a086c140eb75852ed418a52b3dc89fdea30ed9be3f0240c98613416cc2e892e33111d4c84fcd0c2a8ea7c4975d6c001a3	common_voice_sr_36994219.mp3	5282cadbdf72d0a6631fad959692cc2d0205f07f986b8ba00cc1c27103267061	И мени, да.		6	0	thirties	male_masculine	Bijeljinski|Bosanski		sr	
193a4bf0eec6953f743a97e40ecdcd7a086c140eb75852ed418a52b3dc89fdea30ed9be3f0240c98613416cc2e892e33111d4c84fcd0c2a8ea7c4975d6c001a3	common_voice_sr_36994220.mp3	680ecf0c7ed6497fba3285f3bc8b0de35a60d000a1f1dccb2170a800e1bbb078	То је она?		6	3	thirties	male_masculine	Bijeljinski|Bosanski		sr	
193a4bf0eec6953f743a97e40ecdcd7a086c140eb75852ed418a52b3dc89fdea30ed9be3f0240c98613416cc2e892e33111d4c84fcd0c2a8ea7c4975d6c001a3	common_voice_sr_36994221.mp3	6dc98389487b80043d3cfbd41fa9e08d3c834d78ec3ebde6731b1fcb6ea296e7	Добра и зла!		6	0	thirties	male_masculine	Bijeljinski|Bosanski		sr	
193a4bf0eec6953f743a97e40ecdcd7a086c140eb75852ed418a52b3dc89fdea30ed9be3f0240c98613416cc2e892e33111d4c84fcd0c2a8ea7c4975d6c001a3	common_voice_sr_36994232.mp3	3d69d2b3556f9bc9c3cf35f39356dc8bf4c9b5b68122ceacc5040d976a8f8dc8	Не могу да издржим!		6	3	thirties	male_masculine	Bijeljinski|Bosanski		sr	
193a4bf0eec6953f743a97e40ecdcd7a086c140eb75852ed418a52b3dc89fdea30ed9be3f0240c98613416cc2e892e33111d4c84fcd0c2a8ea7c4975d6c001a3	common_voice_sr_36994235.mp3	6faf968a990314e0d15cdedc7f9fed848f26d4d337d46c1ce7a7b5a424ee171e	Али ипак не.		6	0	thirties	male_masculine	Bijeljinski|Bosanski		sr	
193a4bf0eec6953f743a97e40ecdcd7a086c140eb75852ed418a52b3dc89fdea30ed9be3f0240c98613416cc2e892e33111d4c84fcd0c2a8ea7c4975d6c001a3	common_voice_sr_36994237.mp3	6588e3eb80ae0664387e8ae09c78690a13757efd4d750db826341b805d80d626	Је ли то онај исти?		6	0	thirties	male_masculine	Bijeljinski|Bosanski		sr	
193a4bf0eec6953f743a97e40ecdcd7a086c140eb75852ed418a52b3dc89fdea30ed9be3f0240c98613416cc2e892e33111d4c84fcd0c2a8ea7c4975d6c001a3	common_voice_sr_36994238.mp3	60b940676aa833d2bed576217039866a6d1cad52d74034632de023c93d7f9890	И да је добро.		6	0	thirties	male_masculine	Bijeljinski|Bosanski		sr	
193a4bf0eec6953f743a97e40ecdcd7a086c140eb75852ed418a52b3dc89fdea30ed9be3f0240c98613416cc2e892e33111d4c84fcd0c2a8ea7c4975d6c001a3	common_voice_sr_36994239.mp3	55cd7250d441874920325eca784efd7adfb1db86609af242ea0b1c357ecd3abc	Да и то.		6	0	thirties	male_masculine	Bijeljinski|Bosanski		sr	
193a4bf0eec6953f743a97e40ecdcd7a086c140eb75852ed418a52b3dc89fdea30ed9be3f0240c98613416cc2e892e33111d4c84fcd0c2a8ea7c4975d6c001a3	common_voice_sr_36994240.mp3	4e7f4e0af782d0c504ea42ce2d051cd61732147ee01d93b61a99d1bda3996df5	Е па видиш?		6	0	thirties	male_masculine	Bijeljinski|Bosanski		sr	
193a4bf0eec6953f743a97e40ecdcd7a086c140eb75852ed418a52b3dc89fdea30ed9be3f0240c98613416cc2e892e33111d4c84fcd0c2a8ea7c4975d6c001a3	common_voice_sr_36994247.mp3	6fa24f44677d2093765a154e3ae26b397b0df62c5653eec97cfc5765bc532ad9	Да ли ће овај догађај имати шире реперкусије?		6	0	thirties	male_masculine	Bijeljinski|Bosanski		sr	
193a4bf0eec6953f743a97e40ecdcd7a086c140eb75852ed418a52b3dc89fdea30ed9be3f0240c98613416cc2e892e33111d4c84fcd0c2a8ea7c4975d6c001a3	common_voice_sr_36994249.mp3	449e26061f925216cae18b972c960a55ce877f519f3f4dd4bc578ada89dc39ac	Па шта је?		6	0	thirties	male_masculine	Bijeljinski|Bosanski		sr	
193a4bf0eec6953f743a97e40ecdcd7a086c140eb75852ed418a52b3dc89fdea30ed9be3f0240c98613416cc2e892e33111d4c84fcd0c2a8ea7c4975d6c001a3	common_voice_sr_36994252.mp3	57987c6ba21490f268fff0432886ba524ff3eb00dbf1bb128aa59cfb5a9b60c2	То не иде.		6	0	thirties	male_masculine	Bijeljinski|Bosanski		sr	
193a4bf0eec6953f743a97e40ecdcd7a086c140eb75852ed418a52b3dc89fdea30ed9be3f0240c98613416cc2e892e33111d4c84fcd0c2a8ea7c4975d6c001a3	common_voice_sr_36994253.mp3	0e985c8548a6b40c5ed89d825511b99b13082ce8540f01819b2acefac90e0d9d	Савезни суд је одбацио жалбу почетком јула.		6	0	thirties	male_masculine	Bijeljinski|Bosanski		sr	
193a4bf0eec6953f743a97e40ecdcd7a086c140eb75852ed418a52b3dc89fdea30ed9be3f0240c98613416cc2e892e33111d4c84fcd0c2a8ea7c4975d6c001a3	common_voice_sr_36994254.mp3	50ae2c1a7c87f3b67bed1e4b449e59dd06e87c41f2b6337ab12bb2344042b87f	Не занима ме зашто!		3	0	thirties	male_masculine	Bijeljinski|Bosanski		sr	
193a4bf0eec6953f743a97e40ecdcd7a086c140eb75852ed418a52b3dc89fdea30ed9be3f0240c98613416cc2e892e33111d4c84fcd0c2a8ea7c4975d6c001a3	common_voice_sr_36994255.mp3	6d22657e5bccee6221394d0a049f462c53f4dd49b974239c8fe13c0ade41e63d	У мојој кући.		6	0	thirties	male_masculine	Bijeljinski|Bosanski		sr	
193a4bf0eec6953f743a97e40ecdcd7a086c140eb75852ed418a52b3dc89fdea30ed9be3f0240c98613416cc2e892e33111d4c84fcd0c2a8ea7c4975d6c001a3	common_voice_sr_36994269.mp3	f8855b29b1bc1fd9ccb129f65ebb7a581916e74634524b89497dfdfe271eeb25	То је оно што босанску ситуацију чини различитом.		6	0	thirties	male_masculine	Bijeljinski|Bosanski		sr	
193a4bf0eec6953f743a97e40ecdcd7a086c140eb75852ed418a52b3dc89fdea30ed9be3f0240c98613416cc2e892e33111d4c84fcd0c2a8ea7c4975d6c001a3	common_voice_sr_36994272.mp3	58995354f84444f497282a4e08239ca484361cbcce46b4e1acfcd3163fbe62ba	Шта је ново у том закону?		6	3	thirties	male_masculine	Bijeljinski|Bosanski		sr	
193a4bf0eec6953f743a97e40ecdcd7a086c140eb75852ed418a52b3dc89fdea30ed9be3f0240c98613416cc2e892e33111d4c84fcd0c2a8ea7c4975d6c001a3	common_voice_sr_36994277.mp3	15dfac938f54207810cc38bce49ad8e852fbaf4f2da6fb9e07e0a802e9f04c1c	То је врло лепо.		6	0	thirties	male_masculine	Bijeljinski|Bosanski		sr	
193a4bf0eec6953f743a97e40ecdcd7a086c140eb75852ed418a52b3dc89fdea30ed9be3f0240c98613416cc2e892e33111d4c84fcd0c2a8ea7c4975d6c001a3	common_voice_sr_36994279.mp3	56e1cb057e05985a31cf333fe90091da4f11fc8e101b89dbf99e7b6aae3e2d0e	Тако је, а?		6	0	thirties	male_masculine	Bijeljinski|Bosanski		sr	
193a4bf0eec6953f743a97e40ecdcd7a086c140eb75852ed418a52b3dc89fdea30ed9be3f0240c98613416cc2e892e33111d4c84fcd0c2a8ea7c4975d6c001a3	common_voice_sr_36994280.mp3	4d6859f959404aae7c30f918ef070d8e845347b88ce3cf8d546dd179704e70f3	Ти, у води!		6	0	thirties	male_masculine	Bijeljinski|Bosanski		sr	
193a4bf0eec6953f743a97e40ecdcd7a086c140eb75852ed418a52b3dc89fdea30ed9be3f0240c98613416cc2e892e33111d4c84fcd0c2a8ea7c4975d6c001a3	common_voice_sr_36994281.mp3	723e59b2895affdf8120f1a89e8d681bd093167a62720c35578ba87ccf09cfe9	Он је касније ослобођен оптужби.		6	0	thirties	male_masculine	Bijeljinski|Bosanski		sr	
193a4bf0eec6953f743a97e40ecdcd7a086c140eb75852ed418a52b3dc89fdea30ed9be3f0240c98613416cc2e892e33111d4c84fcd0c2a8ea7c4975d6c001a3	common_voice_sr_36994282.mp3	56af992e5446c209efce2803ce36854916743e6dfee4516736e0e02de92231b9	А не знам шта.		6	0	thirties	male_masculine	Bijeljinski|Bosanski		sr	
193a4bf0eec6953f743a97e40ecdcd7a086c140eb75852ed418a52b3dc89fdea30ed9be3f0240c98613416cc2e892e33111d4c84fcd0c2a8ea7c4975d6c001a3	common_voice_sr_36994283.mp3	71585a11c6da7c3e0e6df6db0f0597d707a79ad47e04444ca43b689f4d370df4	Не знам, шта је.		6	0	thirties	male_masculine	Bijeljinski|Bosanski		sr	
193a4bf0eec6953f743a97e40ecdcd7a086c140eb75852ed418a52b3dc89fdea30ed9be3f0240c98613416cc2e892e33111d4c84fcd0c2a8ea7c4975d6c001a3	common_voice_sr_36994284.mp3	6b6a789e27d3765fca21ea9de953e601ce90ae9649ff0daeea2182f495e43eb0	Даље и даље.		6	0	thirties	male_masculine	Bijeljinski|Bosanski		sr	
193a4bf0eec6953f743a97e40ecdcd7a086c140eb75852ed418a52b3dc89fdea30ed9be3f0240c98613416cc2e892e33111d4c84fcd0c2a8ea7c4975d6c001a3	common_voice_sr_36994287.mp3	3a074dde990fec4b16bf4c565c37c3c86a8dde0bb12b9a9f94facc4ebbb3a949	А ми не?		6	0	thirties	male_masculine	Bijeljinski|Bosanski		sr	
193a4bf0eec6953f743a97e40ecdcd7a086c140eb75852ed418a52b3dc89fdea30ed9be3f0240c98613416cc2e892e33111d4c84fcd0c2a8ea7c4975d6c001a3	common_voice_sr_36994288.mp3	5d499f185b5afb97756a9dcbe8b3bda4d2515f75069430da313b935fd3352edb	Свечаност поводом пријема биће одржана у септембру.		6	0	thirties	male_masculine	Bijeljinski|Bosanski		sr	
193a4bf0eec6953f743a97e40ecdcd7a086c140eb75852ed418a52b3dc89fdea30ed9be3f0240c98613416cc2e892e33111d4c84fcd0c2a8ea7c4975d6c001a3	common_voice_sr_36994290.mp3	5fb96197ee96c92cbff8d1a4c25f69796559252b59a1a3d2c60d498f61585215	Не, на земљи.		3	0	thirties	male_masculine	Bijeljinski|Bosanski		sr	
193a4bf0eec6953f743a97e40ecdcd7a086c140eb75852ed418a52b3dc89fdea30ed9be3f0240c98613416cc2e892e33111d4c84fcd0c2a8ea7c4975d6c001a3	common_voice_sr_36994291.mp3	623336c36ebcf20b461facce95cea5fbce97950d8307e6bdef18fc7fcec5795f	Једва чекам да те видим.		6	0	thirties	male_masculine	Bijeljinski|Bosanski		sr	
193a4bf0eec6953f743a97e40ecdcd7a086c140eb75852ed418a52b3dc89fdea30ed9be3f0240c98613416cc2e892e33111d4c84fcd0c2a8ea7c4975d6c001a3	common_voice_sr_36994292.mp3	5ccccb10c83a8733e0692c9257fd1ed8d189fd029164bc22b4df58ee5c4a87d6	Због тога је.		6	0	thirties	male_masculine	Bijeljinski|Bosanski		sr	
193a4bf0eec6953f743a97e40ecdcd7a086c140eb75852ed418a52b3dc89fdea30ed9be3f0240c98613416cc2e892e33111d4c84fcd0c2a8ea7c4975d6c001a3	common_voice_sr_36994293.mp3	709e2c8ea59f12d0b8614f12e4bdcd83f07991707c43d1af56b7b2cab02d8764	Кључно питање је издавање дозвола.		6	0	thirties	male_masculine	Bijeljinski|Bosanski		sr	
193a4bf0eec6953f743a97e40ecdcd7a086c140eb75852ed418a52b3dc89fdea30ed9be3f0240c98613416cc2e892e33111d4c84fcd0c2a8ea7c4975d6c001a3	common_voice_sr_36994305.mp3	4bf55802b6bbf42c82227707bb74d62bcedb66a9d749715ce4c12ff34ef59a87	То су мали кораци који су неопходни.		6	0	thirties	male_masculine	Bijeljinski|Bosanski		sr	
193a4bf0eec6953f743a97e40ecdcd7a086c140eb75852ed418a52b3dc89fdea30ed9be3f0240c98613416cc2e892e33111d4c84fcd0c2a8ea7c4975d6c001a3	common_voice_sr_36994371.mp3	66881834fed45838943a13168970b9b7fa115e66dd4dd1891a8cef4cba2c0643	Кад ти кажем.		6	0	thirties	male_masculine	Bijeljinski|Bosanski		sr	
193a4bf0eec6953f743a97e40ecdcd7a086c140eb75852ed418a52b3dc89fdea30ed9be3f0240c98613416cc2e892e33111d4c84fcd0c2a8ea7c4975d6c001a3	common_voice_sr_36994372.mp3	5ca5d41b8a8d25f31b56afd56aa6653edc5755040943372021b237ad62e1fce4	Народ је победио.		6	3	thirties	male_masculine	Bijeljinski|Bosanski		sr	
193a4bf0eec6953f743a97e40ecdcd7a086c140eb75852ed418a52b3dc89fdea30ed9be3f0240c98613416cc2e892e33111d4c84fcd0c2a8ea7c4975d6c001a3	common_voice_sr_36994373.mp3	4d41930d91ecf0558cc4c98245553b8d7136d072e69631c074fc07508c9324fa	Може бити то.		6	0	thirties	male_masculine	Bijeljinski|Bosanski		sr	
193a4bf0eec6953f743a97e40ecdcd7a086c140eb75852ed418a52b3dc89fdea30ed9be3f0240c98613416cc2e892e33111d4c84fcd0c2a8ea7c4975d6c001a3	common_voice_sr_36994374.mp3	68b6adadcd43d284e6b84f7c5cc2d383e5ea2056795c94c1145cb1a9d8dc922a	Реците ми, молим вас.		6	0	thirties	male_masculine	Bijeljinski|Bosanski		sr	
193a4bf0eec6953f743a97e40ecdcd7a086c140eb75852ed418a52b3dc89fdea30ed9be3f0240c98613416cc2e892e33111d4c84fcd0c2a8ea7c4975d6c001a3	common_voice_sr_36994382.mp3	adc405bdc99a101abc2cdf6ba21c8b96107d9d0404a8fe53a93a3de568053624	Ти случајеви представљају тек врх леденог брега.		6	0	thirties	male_masculine	Bijeljinski|Bosanski		sr	
193a4bf0eec6953f743a97e40ecdcd7a086c140eb75852ed418a52b3dc89fdea30ed9be3f0240c98613416cc2e892e33111d4c84fcd0c2a8ea7c4975d6c001a3	common_voice_sr_36994383.mp3	6f9c9573c9fbfd713e83130fdfa87fcce01c5361af48932d15090d4184e7f127	Шта да ради!		6	0	thirties	male_masculine	Bijeljinski|Bosanski		sr	
193a4bf0eec6953f743a97e40ecdcd7a086c140eb75852ed418a52b3dc89fdea30ed9be3f0240c98613416cc2e892e33111d4c84fcd0c2a8ea7c4975d6c001a3	common_voice_sr_36994385.mp3	5f865b78b21929167d9c0e97089e1b951b707f5a3dc1472e6721c0f01205bd35	Ти си сан.		6	0	thirties	male_masculine	Bijeljinski|Bosanski		sr	
193a4bf0eec6953f743a97e40ecdcd7a086c140eb75852ed418a52b3dc89fdea30ed9be3f0240c98613416cc2e892e33111d4c84fcd0c2a8ea7c4975d6c001a3	common_voice_sr_36994393.mp3	5702f0d2ac09c9a11b721416e8e0f2fe7b49ca3df0031d992ab5b3c4e39cb4e7	Ко је то?		6	0	thirties	male_masculine	Bijeljinski|Bosanski		sr	
193a4bf0eec6953f743a97e40ecdcd7a086c140eb75852ed418a52b3dc89fdea30ed9be3f0240c98613416cc2e892e33111d4c84fcd0c2a8ea7c4975d6c001a3	common_voice_sr_36994394.mp3	59d0a18d8db154ad26a5772ad1d86eccad3173487a2a60a056f863386eebefab	Где си, брате?		6	0	thirties	male_masculine	Bijeljinski|Bosanski		sr	
193a4bf0eec6953f743a97e40ecdcd7a086c140eb75852ed418a52b3dc89fdea30ed9be3f0240c98613416cc2e892e33111d4c84fcd0c2a8ea7c4975d6c001a3	common_voice_sr_36994395.mp3	3baedc5352635a73c26d26a38ba6538e23d5c598e1edff35073da6592a9fa022	И много лепше.		6	3	thirties	male_masculine	Bijeljinski|Bosanski		sr	
193a4bf0eec6953f743a97e40ecdcd7a086c140eb75852ed418a52b3dc89fdea30ed9be3f0240c98613416cc2e892e33111d4c84fcd0c2a8ea7c4975d6c001a3	common_voice_sr_36994407.mp3	65db0be10bddca14a88604159d998bd05130bda1d6065cf323c259c60a674434	С обе стране.		6	0	thirties	male_masculine	Bijeljinski|Bosanski		sr	
193a4bf0eec6953f743a97e40ecdcd7a086c140eb75852ed418a52b3dc89fdea30ed9be3f0240c98613416cc2e892e33111d4c84fcd0c2a8ea7c4975d6c001a3	common_voice_sr_36994412.mp3	62ff3e0dd861d56617048c99ab3baaccbe8945a4994188190c9be76f522160df	Је ли ово.		6	0	thirties	male_masculine	Bijeljinski|Bosanski		sr	
193a4bf0eec6953f743a97e40ecdcd7a086c140eb75852ed418a52b3dc89fdea30ed9be3f0240c98613416cc2e892e33111d4c84fcd0c2a8ea7c4975d6c001a3	common_voice_sr_36994414.mp3	1095532b7664ca0b6c20b1927fd3f12712a8fadb4be31aa9d30f3c60d3f3aedf	Што си ти.		6	0	thirties	male_masculine	Bijeljinski|Bosanski		sr	
193a4bf0eec6953f743a97e40ecdcd7a086c140eb75852ed418a52b3dc89fdea30ed9be3f0240c98613416cc2e892e33111d4c84fcd0c2a8ea7c4975d6c001a3	common_voice_sr_36994415.mp3	6a8642c7226cda93f4dd3dd588fffee13ce4b01d1689f82ee78c7f8b41de5869	А онда се све променило.		6	0	thirties	male_masculine	Bijeljinski|Bosanski		sr	
193a4bf0eec6953f743a97e40ecdcd7a086c140eb75852ed418a52b3dc89fdea30ed9be3f0240c98613416cc2e892e33111d4c84fcd0c2a8ea7c4975d6c001a3	common_voice_sr_36994416.mp3	4a7d97561563d717ab0c1c2b7626838ed10ef9e22a61dedd3220ae54a8935252	најпоузданији факат у животу свакога човека		6	0	thirties	male_masculine	Bijeljinski|Bosanski		sr	
193a4bf0eec6953f743a97e40ecdcd7a086c140eb75852ed418a52b3dc89fdea30ed9be3f0240c98613416cc2e892e33111d4c84fcd0c2a8ea7c4975d6c001a3	common_voice_sr_36994422.mp3	352099aaa0601fdc1ca70dba60c21828b73a150303b9c69e8ff7ab71338ee20a	Не желим да улазим у детаље.		6	0	thirties	male_masculine	Bijeljinski|Bosanski		sr	
193a4bf0eec6953f743a97e40ecdcd7a086c140eb75852ed418a52b3dc89fdea30ed9be3f0240c98613416cc2e892e33111d4c84fcd0c2a8ea7c4975d6c001a3	common_voice_sr_36994425.mp3	4bbac7b8c42833614259f412a74e6b0128c7de9a70864df512a54a0a8dbaa456	Да вам кажем.		6	0	thirties	male_masculine	Bijeljinski|Bosanski		sr	
193a4bf0eec6953f743a97e40ecdcd7a086c140eb75852ed418a52b3dc89fdea30ed9be3f0240c98613416cc2e892e33111d4c84fcd0c2a8ea7c4975d6c001a3	common_voice_sr_36994437.mp3	4f9fbbd0846063d14861ae21dc7f563f52757e467c9b363a1ec55c38aaa310f8	Да ли она директно доприноси одржавању стабилности?		6	0	thirties	male_masculine	Bijeljinski|Bosanski		sr	
193a4bf0eec6953f743a97e40ecdcd7a086c140eb75852ed418a52b3dc89fdea30ed9be3f0240c98613416cc2e892e33111d4c84fcd0c2a8ea7c4975d6c001a3	common_voice_sr_36994439.mp3	734b5cbeb2e46f5ae0b2964fee59532bd12a88a2df234889965b297116b6d2d0	Још није дошао.		6	0	thirties	male_masculine	Bijeljinski|Bosanski		sr	
193a4bf0eec6953f743a97e40ecdcd7a086c140eb75852ed418a52b3dc89fdea30ed9be3f0240c98613416cc2e892e33111d4c84fcd0c2a8ea7c4975d6c001a3	common_voice_sr_36994440.mp3	68dff64f310139a583ebc543537db611e6ac0f3761a8801f3e323c7e4877ef7e	Јесте, истина је!		6	0	thirties	male_masculine	Bijeljinski|Bosanski		sr	
193a4bf0eec6953f743a97e40ecdcd7a086c140eb75852ed418a52b3dc89fdea30ed9be3f0240c98613416cc2e892e33111d4c84fcd0c2a8ea7c4975d6c001a3	common_voice_sr_36994442.mp3	6c063ced9507aa859232e3b21f0bbcdfcf1898d8b77af072b5ddad3dda78c30e	Да, само једна.		6	0	thirties	male_masculine	Bijeljinski|Bosanski		sr	
193a4bf0eec6953f743a97e40ecdcd7a086c140eb75852ed418a52b3dc89fdea30ed9be3f0240c98613416cc2e892e33111d4c84fcd0c2a8ea7c4975d6c001a3	common_voice_sr_36994444.mp3	6963282242edcc68ca99189a0b62bf96a5026834e34f81a406c8f228eae290f1	Прво и прво.		6	0	thirties	male_masculine	Bijeljinski|Bosanski		sr	
193a4bf0eec6953f743a97e40ecdcd7a086c140eb75852ed418a52b3dc89fdea30ed9be3f0240c98613416cc2e892e33111d4c84fcd0c2a8ea7c4975d6c001a3	common_voice_sr_36994446.mp3	2dd36dd1c741a934090de73325c39202cac03f574416ccdf7a66ce64ad8508b5	Волео бих да знам зашто.		6	0	thirties	male_masculine	Bijeljinski|Bosanski		sr	
193a4bf0eec6953f743a97e40ecdcd7a086c140eb75852ed418a52b3dc89fdea30ed9be3f0240c98613416cc2e892e33111d4c84fcd0c2a8ea7c4975d6c001a3	common_voice_sr_36994452.mp3	6eba7ffeef5a35957c61271d1e3cd47a2d5d6bed6aff25be30087b9c577dd07b	Птице су направиле гнездо.		6	0	thirties	male_masculine	Bijeljinski|Bosanski		sr	
193a4bf0eec6953f743a97e40ecdcd7a086c140eb75852ed418a52b3dc89fdea30ed9be3f0240c98613416cc2e892e33111d4c84fcd0c2a8ea7c4975d6c001a3	common_voice_sr_36994455.mp3	542eb10911902176c2d93f0ab9fedd9b74d0d2c3a4ddcc50bcf4f33e7c190b2b	А још нешто.		6	0	thirties	male_masculine	Bijeljinski|Bosanski		sr	
193a4bf0eec6953f743a97e40ecdcd7a086c140eb75852ed418a52b3dc89fdea30ed9be3f0240c98613416cc2e892e33111d4c84fcd0c2a8ea7c4975d6c001a3	common_voice_sr_36994457.mp3	63a7b979954e685298a6642e6526ba932d2c8ca923cf44e6c2d4e47bb9b3623f	Да би могли.		6	0	thirties	male_masculine	Bijeljinski|Bosanski		sr	
193a4bf0eec6953f743a97e40ecdcd7a086c140eb75852ed418a52b3dc89fdea30ed9be3f0240c98613416cc2e892e33111d4c84fcd0c2a8ea7c4975d6c001a3	common_voice_sr_36994458.mp3	70a6d09481730ee2e6b1077be3f5c8e2cdcd0fb729d2899d5f31f006fe0f7d77	Морам и ја?		6	3	thirties	male_masculine	Bijeljinski|Bosanski		sr	
193a4bf0eec6953f743a97e40ecdcd7a086c140eb75852ed418a52b3dc89fdea30ed9be3f0240c98613416cc2e892e33111d4c84fcd0c2a8ea7c4975d6c001a3	common_voice_sr_36994460.mp3	50844b13e15095267c5b87e4b796d4f21cf783bd2a02cd27cac96605f5c50fbb	О, да, види.		6	0	thirties	male_masculine	Bijeljinski|Bosanski		sr	
193a4bf0eec6953f743a97e40ecdcd7a086c140eb75852ed418a52b3dc89fdea30ed9be3f0240c98613416cc2e892e33111d4c84fcd0c2a8ea7c4975d6c001a3	common_voice_sr_37517774.mp3	064a6c7c760c70d5de13dfd2a2de20f359f6b59537dc39a25539b119e30e53a8	Ми још увијек чекамо на резултате истраге.		6	0	thirties	male_masculine	Bijeljinski|Bosanski		sr	
193a4bf0eec6953f743a97e40ecdcd7a086c140eb75852ed418a52b3dc89fdea30ed9be3f0240c98613416cc2e892e33111d4c84fcd0c2a8ea7c4975d6c001a3	common_voice_sr_37517775.mp3	b5a3df654f0e6b0abd87be700b08aa995c759225061fdc656dd07a307476ab67	Пролазили су мјесеци, али вијећа није било.		6	0	thirties	male_masculine	Bijeljinski|Bosanski		sr	
193a4bf0eec6953f743a97e40ecdcd7a086c140eb75852ed418a52b3dc89fdea30ed9be3f0240c98613416cc2e892e33111d4c84fcd0c2a8ea7c4975d6c001a3	common_voice_sr_37517777.mp3	e63d2480db5b889fa54f90c2137a0c4bd356981cdbe8718a2cab0202fc481371	Пријевремени избори се очекују у мају.		6	0	thirties	male_masculine	Bijeljinski|Bosanski		sr	
193a4bf0eec6953f743a97e40ecdcd7a086c140eb75852ed418a52b3dc89fdea30ed9be3f0240c98613416cc2e892e33111d4c84fcd0c2a8ea7c4975d6c001a3	common_voice_sr_37517778.mp3	e7417eaa025ba332db8a32c3d8ac22ba9428e7f07d9a5ac7d95ce320285dbc46	Шта би се десило кад бисмо имали дијете?		6	0	thirties	male_masculine	Bijeljinski|Bosanski		sr	
193a4bf0eec6953f743a97e40ecdcd7a086c140eb75852ed418a52b3dc89fdea30ed9be3f0240c98613416cc2e892e33111d4c84fcd0c2a8ea7c4975d6c001a3	common_voice_sr_37517782.mp3	5f900a1f094971142679547a770c27b3e10b9a9bf268231f304aa4520ead1fdb	То нас увијек уједињује у свим околностима.		6	0	thirties	male_masculine	Bijeljinski|Bosanski		sr	
193a4bf0eec6953f743a97e40ecdcd7a086c140eb75852ed418a52b3dc89fdea30ed9be3f0240c98613416cc2e892e33111d4c84fcd0c2a8ea7c4975d6c001a3	common_voice_sr_37517783.mp3	69a06c8d6a4d60e7f0a8ebdfd9f22245b3c1ade9e3b1aefd32d09a48051941f1	А ако је?		6	0	thirties	male_masculine	Bijeljinski|Bosanski		sr	
193a4bf0eec6953f743a97e40ecdcd7a086c140eb75852ed418a52b3dc89fdea30ed9be3f0240c98613416cc2e892e33111d4c84fcd0c2a8ea7c4975d6c001a3	common_voice_sr_37517784.mp3	e56fa35233124aab87e130be4551b1965c8934eb5c643a053d2121c9fb1d907b	Затим тијесто подијелите у два дијела.		6	0	thirties	male_masculine	Bijeljinski|Bosanski		sr	
193a4bf0eec6953f743a97e40ecdcd7a086c140eb75852ed418a52b3dc89fdea30ed9be3f0240c98613416cc2e892e33111d4c84fcd0c2a8ea7c4975d6c001a3	common_voice_sr_37517785.mp3	14a537b80bd533fbf848d6c0762ef0ba166b90da43df95bd8f40f18e886f955e	Тај споразум још увијек чека на ратификацију.		6	0	thirties	male_masculine	Bijeljinski|Bosanski		sr	
193a4bf0eec6953f743a97e40ecdcd7a086c140eb75852ed418a52b3dc89fdea30ed9be3f0240c98613416cc2e892e33111d4c84fcd0c2a8ea7c4975d6c001a3	common_voice_sr_37517786.mp3	39442c40a9f70ff7757e07b492e2fa53783dae390daedac084dd65e890ce88de	И била је.		6	0	thirties	male_masculine	Bijeljinski|Bosanski		sr	
193a4bf0eec6953f743a97e40ecdcd7a086c140eb75852ed418a52b3dc89fdea30ed9be3f0240c98613416cc2e892e33111d4c84fcd0c2a8ea7c4975d6c001a3	common_voice_sr_37517797.mp3	4c2be0a0fb045b416cd234331d4ce2af7d311acc0d329d0080286ba0ce24cfb5	Никад неће бити могуће подијелити један пехар.		6	0	thirties	male_masculine	Bijeljinski|Bosanski		sr	
193a4bf0eec6953f743a97e40ecdcd7a086c140eb75852ed418a52b3dc89fdea30ed9be3f0240c98613416cc2e892e33111d4c84fcd0c2a8ea7c4975d6c001a3	common_voice_sr_37517798.mp3	bfd8a76a168f8d4afdaea2e067b57df0fd10d5141a295bd0599182c1e413cce5	Ми смо одлучили то промијенити и успјели смо.		6	0	thirties	male_masculine	Bijeljinski|Bosanski		sr	
193a4bf0eec6953f743a97e40ecdcd7a086c140eb75852ed418a52b3dc89fdea30ed9be3f0240c98613416cc2e892e33111d4c84fcd0c2a8ea7c4975d6c001a3	common_voice_sr_37517799.mp3	4156c35dd2dce7cf63510dbdff535ff06eaa702f5dc9386a457efa1c027d02b0	Што ти мислиш.		6	0	thirties	male_masculine	Bijeljinski|Bosanski		sr	
193a4bf0eec6953f743a97e40ecdcd7a086c140eb75852ed418a52b3dc89fdea30ed9be3f0240c98613416cc2e892e33111d4c84fcd0c2a8ea7c4975d6c001a3	common_voice_sr_37517800.mp3	1288b310235627c40cce379aa69e0a553aad8872c47004a5ad6fb36a36015b77	Економија се, каже он, мора унаприједити улагањима.		6	0	thirties	male_masculine	Bijeljinski|Bosanski		sr	
193a4bf0eec6953f743a97e40ecdcd7a086c140eb75852ed418a52b3dc89fdea30ed9be3f0240c98613416cc2e892e33111d4c84fcd0c2a8ea7c4975d6c001a3	common_voice_sr_37517807.mp3	f4aabc80bffa2087e08d40ec864e5f763c5a67eaba8da37d1e2ba8ef12547814	Хоће ли успјети сада и разбити ту баријеру?		6	0	thirties	male_masculine	Bijeljinski|Bosanski		sr	
193a4bf0eec6953f743a97e40ecdcd7a086c140eb75852ed418a52b3dc89fdea30ed9be3f0240c98613416cc2e892e33111d4c84fcd0c2a8ea7c4975d6c001a3	common_voice_sr_37517808.mp3	54ce3650b26134149fa38e8701d8ff122c410428aea8f939391f8c4d0fdf029c	Цвијет постаје крт и може се разбити на комадиће.		6	0	thirties	male_masculine	Bijeljinski|Bosanski		sr	
193a4bf0eec6953f743a97e40ecdcd7a086c140eb75852ed418a52b3dc89fdea30ed9be3f0240c98613416cc2e892e33111d4c84fcd0c2a8ea7c4975d6c001a3	common_voice_sr_37517810.mp3	e793fb13fd3439e457e6919a5efd804782711ab98ae10ce08353487223fc13c4	Црногорци планирају нове протесте због скокова цијена		6	0	thirties	male_masculine	Bijeljinski|Bosanski		sr	
193a4bf0eec6953f743a97e40ecdcd7a086c140eb75852ed418a52b3dc89fdea30ed9be3f0240c98613416cc2e892e33111d4c84fcd0c2a8ea7c4975d6c001a3	common_voice_sr_37517811.mp3	ccef9ddc3478095d7adfb13c61767c313d371e4f24f93a28b1451f6509975fd4	Румунски премијер и влада поднијели оставку		6	0	thirties	male_masculine	Bijeljinski|Bosanski		sr	
193a4bf0eec6953f743a97e40ecdcd7a086c140eb75852ed418a52b3dc89fdea30ed9be3f0240c98613416cc2e892e33111d4c84fcd0c2a8ea7c4975d6c001a3	common_voice_sr_37517822.mp3	5ee4cbe2880ded6ac0f8cba1b16a4ac038d6581243e0b5ea8a00d8d5a09841a9	О, што је сада?		6	0	thirties	male_masculine	Bijeljinski|Bosanski		sr	
193a4bf0eec6953f743a97e40ecdcd7a086c140eb75852ed418a52b3dc89fdea30ed9be3f0240c98613416cc2e892e33111d4c84fcd0c2a8ea7c4975d6c001a3	common_voice_sr_37517825.mp3	2b5239153a4e93e31454f8b1c995ced0ad75f50a3d556b9423215d0a786d5cc8	Улагачи купују посједе дуж цијеле обале.		6	0	thirties	male_masculine	Bijeljinski|Bosanski		sr	
193a4bf0eec6953f743a97e40ecdcd7a086c140eb75852ed418a52b3dc89fdea30ed9be3f0240c98613416cc2e892e33111d4c84fcd0c2a8ea7c4975d6c001a3	common_voice_sr_37517826.mp3	642e1acc395947f4efde1bc29eb0496edb6eb978670ad3f58eb149c755279510	То се жели промијенити новим пројектом картирања.		6	3	thirties	male_masculine	Bijeljinski|Bosanski		sr	
193a4bf0eec6953f743a97e40ecdcd7a086c140eb75852ed418a52b3dc89fdea30ed9be3f0240c98613416cc2e892e33111d4c84fcd0c2a8ea7c4975d6c001a3	common_voice_sr_37517827.mp3	7433271787065b5c6b188714d2c2e17c3a3a87f51a4c3750ef14064de020f812	Власти имају блиставе ријечи о потенцијалима земље.		6	0	thirties	male_masculine	Bijeljinski|Bosanski		sr	
193a4bf0eec6953f743a97e40ecdcd7a086c140eb75852ed418a52b3dc89fdea30ed9be3f0240c98613416cc2e892e33111d4c84fcd0c2a8ea7c4975d6c001a3	common_voice_sr_37517828.mp3	62472a8abc5dba4fd2f24ff40426ef1b8ec8230528edee243384ca62af900ed6	Земља је била озбиљно уништена.		6	0	thirties	male_masculine	Bijeljinski|Bosanski		sr	
193a4bf0eec6953f743a97e40ecdcd7a086c140eb75852ed418a52b3dc89fdea30ed9be3f0240c98613416cc2e892e33111d4c84fcd0c2a8ea7c4975d6c001a3	common_voice_sr_37517829.mp3	9eb10210438097f8d5d656645cc3b3b100c619a54a612d9fb8509925ae689888	Београд умањује значај тог најновијег разочарања.		6	0	thirties	male_masculine	Bijeljinski|Bosanski		sr	
193a4bf0eec6953f743a97e40ecdcd7a086c140eb75852ed418a52b3dc89fdea30ed9be3f0240c98613416cc2e892e33111d4c84fcd0c2a8ea7c4975d6c001a3	common_voice_sr_37517830.mp3	55a697e2091bef1e9f658709b531db55362e61888d85f3aef39a201d4008ca9a	Смањење програмираних расхода такође није начин.		6	0	thirties	male_masculine	Bijeljinski|Bosanski		sr	
193a4bf0eec6953f743a97e40ecdcd7a086c140eb75852ed418a52b3dc89fdea30ed9be3f0240c98613416cc2e892e33111d4c84fcd0c2a8ea7c4975d6c001a3	common_voice_sr_37517835.mp3	850bff7750459b963c15ed790f1eb41c1dcd71f0ba54f1f0b9e63a767d6b9b81	Истраживачи су пронашли и дијелове кости.		6	0	thirties	male_masculine	Bijeljinski|Bosanski		sr	
193a4bf0eec6953f743a97e40ecdcd7a086c140eb75852ed418a52b3dc89fdea30ed9be3f0240c98613416cc2e892e33111d4c84fcd0c2a8ea7c4975d6c001a3	common_voice_sr_37517836.mp3	9e7ec3c71b8fccd055a22130900ac77aa01365447858b1c7aed2eb6935d7ea19	Нови бугарски премијер представио нову владу		6	0	thirties	male_masculine	Bijeljinski|Bosanski		sr	
193a4bf0eec6953f743a97e40ecdcd7a086c140eb75852ed418a52b3dc89fdea30ed9be3f0240c98613416cc2e892e33111d4c84fcd0c2a8ea7c4975d6c001a3	common_voice_sr_37517837.mp3	db61c0f64a8b7b01d6666cfbbc53459e8a6b42bfe37620d5be336065115fc909	Цвијеће на улици у знак почасти жртвама.		6	0	thirties	male_masculine	Bijeljinski|Bosanski		sr	
193a4bf0eec6953f743a97e40ecdcd7a086c140eb75852ed418a52b3dc89fdea30ed9be3f0240c98613416cc2e892e33111d4c84fcd0c2a8ea7c4975d6c001a3	common_voice_sr_37517838.mp3	40fee3dc6738e5d84307ad278774194b4f5fdd43184ac939e18dafb9acfa9b40	Његово убиство је још увијек неријешено.		6	0	thirties	male_masculine	Bijeljinski|Bosanski		sr	
193a4bf0eec6953f743a97e40ecdcd7a086c140eb75852ed418a52b3dc89fdea30ed9be3f0240c98613416cc2e892e33111d4c84fcd0c2a8ea7c4975d6c001a3	common_voice_sr_37517839.mp3	b36cfe98cff554136c767b4c1627d6e784d2e7acbd190b35ac07c44a5c58a6a6	Највећа измјена је пријелаз на паушали порез.		6	0	thirties	male_masculine	Bijeljinski|Bosanski		sr	
193a4bf0eec6953f743a97e40ecdcd7a086c140eb75852ed418a52b3dc89fdea30ed9be3f0240c98613416cc2e892e33111d4c84fcd0c2a8ea7c4975d6c001a3	common_voice_sr_37517845.mp3	afaac451cf67018752b066152ef8f95ae08eaea109be05bcbc8a837fba9426ee	Разлози су многи, али ниједан од њих није одржив.		6	0	thirties	male_masculine	Bijeljinski|Bosanski		sr	
193a4bf0eec6953f743a97e40ecdcd7a086c140eb75852ed418a52b3dc89fdea30ed9be3f0240c98613416cc2e892e33111d4c84fcd0c2a8ea7c4975d6c001a3	common_voice_sr_37517855.mp3	486fa0c80db6d9c707b86b29f7183424b77480afeb95615bccf00550f8e08450	Турска у шкрипцу због ракетне пријетње		6	0	thirties	male_masculine	Bijeljinski|Bosanski		sr	
193a4bf0eec6953f743a97e40ecdcd7a086c140eb75852ed418a52b3dc89fdea30ed9be3f0240c98613416cc2e892e33111d4c84fcd0c2a8ea7c4975d6c001a3	common_voice_sr_37517856.mp3	6844f4db8b9a75613b642b121ab55c4a1ab09532d201a3b6ea3e9f655c0545f0	Ти, ти, ти.		6	0	thirties	male_masculine	Bijeljinski|Bosanski		sr	
193a4bf0eec6953f743a97e40ecdcd7a086c140eb75852ed418a52b3dc89fdea30ed9be3f0240c98613416cc2e892e33111d4c84fcd0c2a8ea7c4975d6c001a3	common_voice_sr_37517857.mp3	37b4855c62ed25439add5d9071aa34ac987ca4d83e6fac8e72994e55ab487d70	Пар дана касније, смијењена су четири шефа одјела.		6	0	thirties	male_masculine	Bijeljinski|Bosanski		sr	
193a4bf0eec6953f743a97e40ecdcd7a086c140eb75852ed418a52b3dc89fdea30ed9be3f0240c98613416cc2e892e33111d4c84fcd0c2a8ea7c4975d6c001a3	common_voice_sr_37517858.mp3	4ae8826b601bc38ff58b8bd94a1829ec6a97beb120f77b89ba21576ddcda22dd	Све до сада?		6	0	thirties	male_masculine	Bijeljinski|Bosanski		sr	
193a4bf0eec6953f743a97e40ecdcd7a086c140eb75852ed418a52b3dc89fdea30ed9be3f0240c98613416cc2e892e33111d4c84fcd0c2a8ea7c4975d6c001a3	common_voice_sr_37517871.mp3	c06e03c9a2f55369e5dd83383bc42c493aa8967221cb4d6789795fecc93a452a	А ја сам сигуран да вријеме ради за све нас.		6	0	thirties	male_masculine	Bijeljinski|Bosanski		sr	
193a4bf0eec6953f743a97e40ecdcd7a086c140eb75852ed418a52b3dc89fdea30ed9be3f0240c98613416cc2e892e33111d4c84fcd0c2a8ea7c4975d6c001a3	common_voice_sr_37517872.mp3	2cfa2d2f500b56082fcc210518e823d5778deda4ab8615db45eaa92dc3162e03	Ни они још нису освојили ниједну медаљу.		6	0	thirties	male_masculine	Bijeljinski|Bosanski		sr	
193a4bf0eec6953f743a97e40ecdcd7a086c140eb75852ed418a52b3dc89fdea30ed9be3f0240c98613416cc2e892e33111d4c84fcd0c2a8ea7c4975d6c001a3	common_voice_sr_37517873.mp3	641d10f6ddf5d3a86cc917af189396afa8505d36858e1d8d0ff2ddf7f55ef0ce	Унутра, црно-бијели дизајн личи на зебру.		6	0	thirties	male_masculine	Bijeljinski|Bosanski		sr	
193a4bf0eec6953f743a97e40ecdcd7a086c140eb75852ed418a52b3dc89fdea30ed9be3f0240c98613416cc2e892e33111d4c84fcd0c2a8ea7c4975d6c001a3	common_voice_sr_37517874.mp3	ff4db48158b714ad6feebca9754a3b1f3e074e318beb52eb2958c8fb20f34291	Преговори ће се наставити у сриједу наредне седмице.		6	0	thirties	male_masculine	Bijeljinski|Bosanski		sr	
193a4bf0eec6953f743a97e40ecdcd7a086c140eb75852ed418a52b3dc89fdea30ed9be3f0240c98613416cc2e892e33111d4c84fcd0c2a8ea7c4975d6c001a3	common_voice_sr_37517877.mp3	27b235f52e4def8819b3c9ac900a00ae78f01adb6b30cd53de0a0d25b4de1e7c	Он је власти позвао да унаприједе услове рада.		6	3	thirties	male_masculine	Bijeljinski|Bosanski		sr	
193a4bf0eec6953f743a97e40ecdcd7a086c140eb75852ed418a52b3dc89fdea30ed9be3f0240c98613416cc2e892e33111d4c84fcd0c2a8ea7c4975d6c001a3	common_voice_sr_37517878.mp3	142cbc44e15425c164c2882cfdf4a8a7a05c9e9aa3e8abbf77f3839663299e68	На слободи се још увијек налазе још два осумњичена.		6	3	thirties	male_masculine	Bijeljinski|Bosanski		sr	
193a4bf0eec6953f743a97e40ecdcd7a086c140eb75852ed418a52b3dc89fdea30ed9be3f0240c98613416cc2e892e33111d4c84fcd0c2a8ea7c4975d6c001a3	common_voice_sr_37517881.mp3	28cef11a70c5f6489b112ab7a43c19b14e6e623de23637a967c37932746fbd31	Поновно смо се заједно лијепо провеле.		6	3	thirties	male_masculine	Bijeljinski|Bosanski		sr	
193a4bf0eec6953f743a97e40ecdcd7a086c140eb75852ed418a52b3dc89fdea30ed9be3f0240c98613416cc2e892e33111d4c84fcd0c2a8ea7c4975d6c001a3	common_voice_sr_37517887.mp3	714d48413802d4d630960c091d04b6cbabee437b42ffded06b38ed0b105179fc	По други пут?		6	0	thirties	male_masculine	Bijeljinski|Bosanski		sr	
193a4bf0eec6953f743a97e40ecdcd7a086c140eb75852ed418a52b3dc89fdea30ed9be3f0240c98613416cc2e892e33111d4c84fcd0c2a8ea7c4975d6c001a3	common_voice_sr_37517889.mp3	6dc06c0fb7e69741eedb033b549fc8e69b0c5fe1d74f70bbf409e5a98d5980c4	Ко је то.		6	0	thirties	male_masculine	Bijeljinski|Bosanski		sr	
193a4bf0eec6953f743a97e40ecdcd7a086c140eb75852ed418a52b3dc89fdea30ed9be3f0240c98613416cc2e892e33111d4c84fcd0c2a8ea7c4975d6c001a3	common_voice_sr_37517891.mp3	7541f2685c112bab11908d43c00fd7d02fdab5916171f3ecf81a5013fc0f7bc9	Корупција још увијек представља озбиљан проблем.		6	0	thirties	male_masculine	Bijeljinski|Bosanski		sr	
193a4bf0eec6953f743a97e40ecdcd7a086c140eb75852ed418a52b3dc89fdea30ed9be3f0240c98613416cc2e892e33111d4c84fcd0c2a8ea7c4975d6c001a3	common_voice_sr_37517892.mp3	330dd71cb701ad49884be85e74802462406e8713ede850b7f6edcce4398ff313	Ни трага ни гласа.		6	0	thirties	male_masculine	Bijeljinski|Bosanski		sr	
193a4bf0eec6953f743a97e40ecdcd7a086c140eb75852ed418a52b3dc89fdea30ed9be3f0240c98613416cc2e892e33111d4c84fcd0c2a8ea7c4975d6c001a3	common_voice_sr_37517893.mp3	5a0fc532fd798807bc52dc96654f6bb80e43d399d2d57b0edd1922898300fed4	Па, сигноми, како ви то кажете.		6	0	thirties	male_masculine	Bijeljinski|Bosanski		sr	
193a4bf0eec6953f743a97e40ecdcd7a086c140eb75852ed418a52b3dc89fdea30ed9be3f0240c98613416cc2e892e33111d4c84fcd0c2a8ea7c4975d6c001a3	common_voice_sr_37517894.mp3	6a36385158853b851dfa1e4b226cb23d5c00380ca75d5286f0d8a401007f2cad	Само да смо ми живи и здрави.		6	3	thirties	male_masculine	Bijeljinski|Bosanski		sr	
193a4bf0eec6953f743a97e40ecdcd7a086c140eb75852ed418a52b3dc89fdea30ed9be3f0240c98613416cc2e892e33111d4c84fcd0c2a8ea7c4975d6c001a3	common_voice_sr_37517896.mp3	c9720d2c14e44169fc2d169cb384a3c1d5fc7fcf58a79efbc6edec9c590cbf88	Цијене некретнина под утјецајем су тржишта.		6	0	thirties	male_masculine	Bijeljinski|Bosanski		sr	
193a4bf0eec6953f743a97e40ecdcd7a086c140eb75852ed418a52b3dc89fdea30ed9be3f0240c98613416cc2e892e33111d4c84fcd0c2a8ea7c4975d6c001a3	common_voice_sr_37517898.mp3	5c6a624c06ce57cdd8855dbc02fb550fa939932f74d3bb3c3dccbc3eb2b25057	А не, хвала.		6	0	thirties	male_masculine	Bijeljinski|Bosanski		sr	
193a4bf0eec6953f743a97e40ecdcd7a086c140eb75852ed418a52b3dc89fdea30ed9be3f0240c98613416cc2e892e33111d4c84fcd0c2a8ea7c4975d6c001a3	common_voice_sr_37517902.mp3	c5f6220dc5a434ee6119dad188c31c14d44934dc75c295e8c79bd7ae534a59f8	Очекивао сам да ће наша репрезентација побиједити.		6	0	thirties	male_masculine	Bijeljinski|Bosanski		sr	
193a4bf0eec6953f743a97e40ecdcd7a086c140eb75852ed418a52b3dc89fdea30ed9be3f0240c98613416cc2e892e33111d4c84fcd0c2a8ea7c4975d6c001a3	common_voice_sr_37517903.mp3	a71dbaeb15e98a824722bb7258cf77faf8865b79f7c936bcd5a4b728862dcafc	Социјалисти су у парламенту у коалицији са демократама.		6	0	thirties	male_masculine	Bijeljinski|Bosanski		sr	
193a4bf0eec6953f743a97e40ecdcd7a086c140eb75852ed418a52b3dc89fdea30ed9be3f0240c98613416cc2e892e33111d4c84fcd0c2a8ea7c4975d6c001a3	common_voice_sr_37517904.mp3	1349d3ec867f639a74f73b60baeadffb5e6cdf91ceeb08e27f627a1245888b07	Москва је и даље најскупљи град на свијету.		6	0	thirties	male_masculine	Bijeljinski|Bosanski		sr	
193a4bf0eec6953f743a97e40ecdcd7a086c140eb75852ed418a52b3dc89fdea30ed9be3f0240c98613416cc2e892e33111d4c84fcd0c2a8ea7c4975d6c001a3	common_voice_sr_37517905.mp3	486baa959e57533a45b0ca3a08dd2d1c1cfde18d541a3a1e0e80b74f3ae0d18c	Уз праве мере, земља се може обновити.		6	0	thirties	male_masculine	Bijeljinski|Bosanski		sr	
193a4bf0eec6953f743a97e40ecdcd7a086c140eb75852ed418a52b3dc89fdea30ed9be3f0240c98613416cc2e892e33111d4c84fcd0c2a8ea7c4975d6c001a3	common_voice_sr_37517907.mp3	6cfaefd24aff2e66c1384bb69f20a6edd3f00a89e3e82928120dfd0c8a93b01a	То је вода.		6	0	thirties	male_masculine	Bijeljinski|Bosanski		sr	
193a4bf0eec6953f743a97e40ecdcd7a086c140eb75852ed418a52b3dc89fdea30ed9be3f0240c98613416cc2e892e33111d4c84fcd0c2a8ea7c4975d6c001a3	common_voice_sr_37517908.mp3	5fd86d5c25cc2df4463c8a0c5460bd2db1fd4792ac1d74df0252da21991df37b	Ја сам свој дио завршио, сад је вријеме за друге.		6	3	thirties	male_masculine	Bijeljinski|Bosanski		sr	
193a4bf0eec6953f743a97e40ecdcd7a086c140eb75852ed418a52b3dc89fdea30ed9be3f0240c98613416cc2e892e33111d4c84fcd0c2a8ea7c4975d6c001a3	common_voice_sr_37517909.mp3	396efb7c171675c65975467d19416aa742c8e6ab79d39c24e03a2e318c1f6cc1	Често они застаријевају још прије доношења рјешења.		6	0	thirties	male_masculine	Bijeljinski|Bosanski		sr	
193a4bf0eec6953f743a97e40ecdcd7a086c140eb75852ed418a52b3dc89fdea30ed9be3f0240c98613416cc2e892e33111d4c84fcd0c2a8ea7c4975d6c001a3	common_voice_sr_37517910.mp3	4bc4ac7fe2f0932324e92fca3b0dc0fe53675a042c06255627096ee737eb081a	Ја сам готов!		6	0	thirties	male_masculine	Bijeljinski|Bosanski		sr	
193a4bf0eec6953f743a97e40ecdcd7a086c140eb75852ed418a52b3dc89fdea30ed9be3f0240c98613416cc2e892e33111d4c84fcd0c2a8ea7c4975d6c001a3	common_voice_sr_37517911.mp3	98b7173ad3d686d7f47f3210a33433196ad1763c7dd91fd33a24c8ca15335243	Уз те цијене, многе ствари не можете приуштити.		6	0	thirties	male_masculine	Bijeljinski|Bosanski		sr	
193a4bf0eec6953f743a97e40ecdcd7a086c140eb75852ed418a52b3dc89fdea30ed9be3f0240c98613416cc2e892e33111d4c84fcd0c2a8ea7c4975d6c001a3	common_voice_sr_37517912.mp3	5679512268eb7239937a9f8fca583f08b16ab4d8a30c747d2a1cdce70ea35781	Стога смо радикално измијенили тај систем.		6	0	thirties	male_masculine	Bijeljinski|Bosanski		sr	
193a4bf0eec6953f743a97e40ecdcd7a086c140eb75852ed418a52b3dc89fdea30ed9be3f0240c98613416cc2e892e33111d4c84fcd0c2a8ea7c4975d6c001a3	common_voice_sr_37517914.mp3	2572e5fb8e2ff872739991e5230a7c3dca22f54b467f7c7d392f6bfe607dc934	Бијес против руских мировњака након смрти младића		6	0	thirties	male_masculine	Bijeljinski|Bosanski		sr	
193a4bf0eec6953f743a97e40ecdcd7a086c140eb75852ed418a52b3dc89fdea30ed9be3f0240c98613416cc2e892e33111d4c84fcd0c2a8ea7c4975d6c001a3	common_voice_sr_37517915.mp3	64bce38afc44f941b7cfef2ce604a23d21df6c3a24d14e479e3adc83994203c0	Трубе и тимпани.		6	0	thirties	male_masculine	Bijeljinski|Bosanski		sr	
193a4bf0eec6953f743a97e40ecdcd7a086c140eb75852ed418a52b3dc89fdea30ed9be3f0240c98613416cc2e892e33111d4c84fcd0c2a8ea7c4975d6c001a3	common_voice_sr_37523021.mp3	67ff38cdfae24d41d0eab868a1c66ce3910544bf341ac2a67dd2af37e4c9e265	Је ли тако?		6	0	thirties	male_masculine	Bijeljinski|Bosanski		sr	
193a4bf0eec6953f743a97e40ecdcd7a086c140eb75852ed418a52b3dc89fdea30ed9be3f0240c98613416cc2e892e33111d4c84fcd0c2a8ea7c4975d6c001a3	common_voice_sr_37523023.mp3	6f9dc4ac58583166c6baaddcf2142ffc9e97ac98d5dec08bb2c7b23ef11a395a	Ма ко то каже?		6	0	thirties	male_masculine	Bijeljinski|Bosanski		sr	
193a4bf0eec6953f743a97e40ecdcd7a086c140eb75852ed418a52b3dc89fdea30ed9be3f0240c98613416cc2e892e33111d4c84fcd0c2a8ea7c4975d6c001a3	common_voice_sr_37523031.mp3	1cad6df7e40238efea4441127920d64959f35d3e8649fbb07797f46572e63ccb	Алијанса већ у себи садржи велику вриједност.		6	0	thirties	male_masculine	Bijeljinski|Bosanski		sr	
193a4bf0eec6953f743a97e40ecdcd7a086c140eb75852ed418a52b3dc89fdea30ed9be3f0240c98613416cc2e892e33111d4c84fcd0c2a8ea7c4975d6c001a3	common_voice_sr_37523032.mp3	521c6eb331a8f110e2da3dd4c3e12841763157d71b8f997e513da9507f2a0f51	То ће се промијенити кад се овај пројекат заврши.		6	0	thirties	male_masculine	Bijeljinski|Bosanski		sr	
193a4bf0eec6953f743a97e40ecdcd7a086c140eb75852ed418a52b3dc89fdea30ed9be3f0240c98613416cc2e892e33111d4c84fcd0c2a8ea7c4975d6c001a3	common_voice_sr_37523033.mp3	c3401dff2905df94d2979df397f395cd2e876d27ad953071d53a0cf95db692f4	Очекује се да ће влада положити заклетву у сриједу.		6	0	thirties	male_masculine	Bijeljinski|Bosanski		sr	
193a4bf0eec6953f743a97e40ecdcd7a086c140eb75852ed418a52b3dc89fdea30ed9be3f0240c98613416cc2e892e33111d4c84fcd0c2a8ea7c4975d6c001a3	common_voice_sr_37523034.mp3	69ef4fbc5dd1d1741eb4d41dec4847e09b86945ec5a70799f06e39b47c44574c	Основни разлог је раст цијена метала и цијеви.		6	0	thirties	male_masculine	Bijeljinski|Bosanski		sr	
193a4bf0eec6953f743a97e40ecdcd7a086c140eb75852ed418a52b3dc89fdea30ed9be3f0240c98613416cc2e892e33111d4c84fcd0c2a8ea7c4975d6c001a3	common_voice_sr_37523035.mp3	559fe6728a6db09f5cfd582e98bfb2843b0b281fc031d8774eb449cf2f6d0cec	И са њом.		3	0	thirties	male_masculine	Bijeljinski|Bosanski		sr	
193a4bf0eec6953f743a97e40ecdcd7a086c140eb75852ed418a52b3dc89fdea30ed9be3f0240c98613416cc2e892e33111d4c84fcd0c2a8ea7c4975d6c001a3	common_voice_sr_37523050.mp3	6837e98192afd24b9e7e49ea5c22d563a922bddab60fe7ab72e3cb0616e4df20	Грлица гугуче цело јутро на мојој тераси.		6	0	thirties	male_masculine	Bijeljinski|Bosanski		sr	
193a4bf0eec6953f743a97e40ecdcd7a086c140eb75852ed418a52b3dc89fdea30ed9be3f0240c98613416cc2e892e33111d4c84fcd0c2a8ea7c4975d6c001a3	common_voice_sr_37523051.mp3	322e2b52307fe256d1a18337878cd446909f142290406baeca6e52d735db24ea	Они још увијек морају плаћати евентуалне лијекове.		6	0	thirties	male_masculine	Bijeljinski|Bosanski		sr	
193a4bf0eec6953f743a97e40ecdcd7a086c140eb75852ed418a52b3dc89fdea30ed9be3f0240c98613416cc2e892e33111d4c84fcd0c2a8ea7c4975d6c001a3	common_voice_sr_37523052.mp3	dd35eef86657a423941abe95ee20c1043f248be17c4ad11ad7d8e559639e80fb	Услиједиле су и реакције многих блогера.		6	0	thirties	male_masculine	Bijeljinski|Bosanski		sr	
193a4bf0eec6953f743a97e40ecdcd7a086c140eb75852ed418a52b3dc89fdea30ed9be3f0240c98613416cc2e892e33111d4c84fcd0c2a8ea7c4975d6c001a3	common_voice_sr_37523063.mp3	0e1c3ae861532004ae08175ab3a0ff58a8a52da19ca501fa5ae2e32048e0f5ae	Ма јеси ли?		6	0	thirties	male_masculine	Bijeljinski|Bosanski		sr	
193a4bf0eec6953f743a97e40ecdcd7a086c140eb75852ed418a52b3dc89fdea30ed9be3f0240c98613416cc2e892e33111d4c84fcd0c2a8ea7c4975d6c001a3	common_voice_sr_37523064.mp3	88b21560b19f6122eb25ea737deaeae3c17644007d5580ecef61338c5211e6a3	Исто вриједи и за односе с вашим сусједима.		6	0	thirties	male_masculine	Bijeljinski|Bosanski		sr	
193a4bf0eec6953f743a97e40ecdcd7a086c140eb75852ed418a52b3dc89fdea30ed9be3f0240c98613416cc2e892e33111d4c84fcd0c2a8ea7c4975d6c001a3	common_voice_sr_37523073.mp3	49e093377abb8d14052264ff73a3353c87099b27592324f8e0c684cafc6decdd	Замисли јагње на ражњу измеђ' два турска нужника.		6	0	thirties	male_masculine	Bijeljinski|Bosanski		sr	
193a4bf0eec6953f743a97e40ecdcd7a086c140eb75852ed418a52b3dc89fdea30ed9be3f0240c98613416cc2e892e33111d4c84fcd0c2a8ea7c4975d6c001a3	common_voice_sr_37523074.mp3	3fb33aac622af8b8b7a20b92595063dab095d786e780201e9fb0245b740867d5	За њега, то је традиција коју ће слиједити.		6	0	thirties	male_masculine	Bijeljinski|Bosanski		sr	
193a4bf0eec6953f743a97e40ecdcd7a086c140eb75852ed418a52b3dc89fdea30ed9be3f0240c98613416cc2e892e33111d4c84fcd0c2a8ea7c4975d6c001a3	common_voice_sr_37523081.mp3	4a2d518eb30019fc2f6a171a8516ff474bf430e37da5a96a6da030d20354eb5c	Будућност његове каријере тренутно је неизвјесна.		6	0	thirties	male_masculine	Bijeljinski|Bosanski		sr	
193a4bf0eec6953f743a97e40ecdcd7a086c140eb75852ed418a52b3dc89fdea30ed9be3f0240c98613416cc2e892e33111d4c84fcd0c2a8ea7c4975d6c001a3	common_voice_sr_37523084.mp3	22fbf4e4913b44c14b824c6e2e0df3da891ea11781832abc1ed9cbd08ac27302	Какве планове имате за тај сегмент своје каријере?		6	0	thirties	male_masculine	Bijeljinski|Bosanski		sr	
193a4bf0eec6953f743a97e40ecdcd7a086c140eb75852ed418a52b3dc89fdea30ed9be3f0240c98613416cc2e892e33111d4c84fcd0c2a8ea7c4975d6c001a3	common_voice_sr_37523085.mp3	a7e079e6bba69b2d0529d63ff7b1da71b6cb0ce060ec0ceb2d81578edc219a8b	Можете ли оцијенити колико је новинара отпуштено?		6	0	thirties	male_masculine	Bijeljinski|Bosanski		sr	
193a4bf0eec6953f743a97e40ecdcd7a086c140eb75852ed418a52b3dc89fdea30ed9be3f0240c98613416cc2e892e33111d4c84fcd0c2a8ea7c4975d6c001a3	common_voice_sr_37523092.mp3	761c3795dce860d56b82415e1b3bba9a3eb703dd05cda13e53f64b88ec8e470c	У то време?		6	0	thirties	male_masculine	Bijeljinski|Bosanski		sr	
193a4bf0eec6953f743a97e40ecdcd7a086c140eb75852ed418a52b3dc89fdea30ed9be3f0240c98613416cc2e892e33111d4c84fcd0c2a8ea7c4975d6c001a3	common_voice_sr_37523093.mp3	dcca53f8d6cdb8f10c5d9442484726a3b23187237fe3b74a7466d1191a6a4a46	То је много одбране за врло добру цијену.		6	0	thirties	male_masculine	Bijeljinski|Bosanski		sr	
193a4bf0eec6953f743a97e40ecdcd7a086c140eb75852ed418a52b3dc89fdea30ed9be3f0240c98613416cc2e892e33111d4c84fcd0c2a8ea7c4975d6c001a3	common_voice_sr_37523094.mp3	50cec8e9dbd2bcfd511174731a939d32bd63bdf2e0614b9740ea6bef3137949f	Веома брзо, надам се.		6	0	thirties	male_masculine	Bijeljinski|Bosanski		sr	
193a4bf0eec6953f743a97e40ecdcd7a086c140eb75852ed418a52b3dc89fdea30ed9be3f0240c98613416cc2e892e33111d4c84fcd0c2a8ea7c4975d6c001a3	common_voice_sr_37523101.mp3	c764dff4b4a7f2dfe508e27315ea4a766d865ea5ca272aeb4e449f9c8a672fe3	Још шокантнији био је мотив који су они изнијели.		6	0	thirties	male_masculine	Bijeljinski|Bosanski		sr	
193a4bf0eec6953f743a97e40ecdcd7a086c140eb75852ed418a52b3dc89fdea30ed9be3f0240c98613416cc2e892e33111d4c84fcd0c2a8ea7c4975d6c001a3	common_voice_sr_37523102.mp3	6eb7d4d690be768112b1cac04f6ece5806b2fa428a5598917bdbbfdc8e37fcbd	Што је било, било је!		6	0	thirties	male_masculine	Bijeljinski|Bosanski		sr	
193a4bf0eec6953f743a97e40ecdcd7a086c140eb75852ed418a52b3dc89fdea30ed9be3f0240c98613416cc2e892e33111d4c84fcd0c2a8ea7c4975d6c001a3	common_voice_sr_37523103.mp3	59ff7046e0312b8578189ad34dcdfe31641721e061b860765cb57c81de101109	Не брините, госпо.		3	0	thirties	male_masculine	Bijeljinski|Bosanski		sr	
193a4bf0eec6953f743a97e40ecdcd7a086c140eb75852ed418a52b3dc89fdea30ed9be3f0240c98613416cc2e892e33111d4c84fcd0c2a8ea7c4975d6c001a3	common_voice_sr_37523104.mp3	5bd010a16b8175645e971a0e89cd5f7a4cb47337ddf07edcccf88aa89df84c39	Шта је то сад?		6	0	thirties	male_masculine	Bijeljinski|Bosanski		sr	
193a4bf0eec6953f743a97e40ecdcd7a086c140eb75852ed418a52b3dc89fdea30ed9be3f0240c98613416cc2e892e33111d4c84fcd0c2a8ea7c4975d6c001a3	common_voice_sr_37523111.mp3	65c578bb50a42c049ae02f2c0e5a4b5e43573a76de4a80ea1691d9b4de1a3811	Увијек је тешко кад премине неко тако млад.		6	0	thirties	male_masculine	Bijeljinski|Bosanski		sr	
193a4bf0eec6953f743a97e40ecdcd7a086c140eb75852ed418a52b3dc89fdea30ed9be3f0240c98613416cc2e892e33111d4c84fcd0c2a8ea7c4975d6c001a3	common_voice_sr_37523113.mp3	5fa11ff5f7356039a5c19ac59581b96bf079c26c658fbeeb069fa970f91f5a6b	Хајдемо, хајдемо, хајдемо!		6	0	thirties	male_masculine	Bijeljinski|Bosanski		sr	
193a4bf0eec6953f743a97e40ecdcd7a086c140eb75852ed418a52b3dc89fdea30ed9be3f0240c98613416cc2e892e33111d4c84fcd0c2a8ea7c4975d6c001a3	common_voice_sr_37523114.mp3	4ba6c0c87a24e215c8c6e379618fb02960585f971f5441ea6464c745dda456f0	Други се слажу.		6	0	thirties	male_masculine	Bijeljinski|Bosanski		sr	
193a4bf0eec6953f743a97e40ecdcd7a086c140eb75852ed418a52b3dc89fdea30ed9be3f0240c98613416cc2e892e33111d4c84fcd0c2a8ea7c4975d6c001a3	common_voice_sr_37523115.mp3	648bde3804af926d25fa58fc9f8b34d171275ac9d8a5c0ed60902e27107b6e39	Петина загребачке гасне мреже мора бити замијењена.		6	0	thirties	male_masculine	Bijeljinski|Bosanski		sr	
193a4bf0eec6953f743a97e40ecdcd7a086c140eb75852ed418a52b3dc89fdea30ed9be3f0240c98613416cc2e892e33111d4c84fcd0c2a8ea7c4975d6c001a3	common_voice_sr_37523119.mp3	9422226f2c076de041289ccbd0ae41b255df210909ae4b40f3389b0446190aba	Сличне ријечи дошле су од британског амбасадора.		6	0	thirties	male_masculine	Bijeljinski|Bosanski		sr	
193a4bf0eec6953f743a97e40ecdcd7a086c140eb75852ed418a52b3dc89fdea30ed9be3f0240c98613416cc2e892e33111d4c84fcd0c2a8ea7c4975d6c001a3	common_voice_sr_37523124.mp3	705507fee81116f837c2a2cf586af10f52538bdf95c4783c9c6848244d7bca41	Иди и ти.		6	0	thirties	male_masculine	Bijeljinski|Bosanski		sr	
193a4bf0eec6953f743a97e40ecdcd7a086c140eb75852ed418a52b3dc89fdea30ed9be3f0240c98613416cc2e892e33111d4c84fcd0c2a8ea7c4975d6c001a3	common_voice_sr_37523125.mp3	1c76e56bd676bf59fc62f7f1420a61f99cae8e13bb10c470db1d0f1245c08f57	Нико не зна!		6	0	thirties	male_masculine	Bijeljinski|Bosanski		sr	
193a4bf0eec6953f743a97e40ecdcd7a086c140eb75852ed418a52b3dc89fdea30ed9be3f0240c98613416cc2e892e33111d4c84fcd0c2a8ea7c4975d6c001a3	common_voice_sr_37523126.mp3	c98dc4463572658331cf1d0504aded2b63e3f9e386b2a435a8438fdb2c6f9278	Ми смо вриједно радили, прикупљали све податке.		6	0	thirties	male_masculine	Bijeljinski|Bosanski		sr	
193a4bf0eec6953f743a97e40ecdcd7a086c140eb75852ed418a52b3dc89fdea30ed9be3f0240c98613416cc2e892e33111d4c84fcd0c2a8ea7c4975d6c001a3	common_voice_sr_37523128.mp3	37ed9b19f3df8d2f0e83e095c4b6ce58e5e1198f52e92a03c59d6a6575542f8f	Правосудни систем још увијек је крхак.		6	0	thirties	male_masculine	Bijeljinski|Bosanski		sr	
193a4bf0eec6953f743a97e40ecdcd7a086c140eb75852ed418a52b3dc89fdea30ed9be3f0240c98613416cc2e892e33111d4c84fcd0c2a8ea7c4975d6c001a3	common_voice_sr_37523130.mp3	a6bd2f5a0cb2cea28c7a268949030381408cbcac80a607f9f89d55634517f18c	Та одлука услиједила је након темељне анализе.		6	0	thirties	male_masculine	Bijeljinski|Bosanski		sr	
193a4bf0eec6953f743a97e40ecdcd7a086c140eb75852ed418a52b3dc89fdea30ed9be3f0240c98613416cc2e892e33111d4c84fcd0c2a8ea7c4975d6c001a3	common_voice_sr_37523136.mp3	ac985fbd6f8ddc28e9484d7a9196d61321a565748b05cd0713f8216696059634	Прича о натјецању у свијету капитализма није нова.		6	0	thirties	male_masculine	Bijeljinski|Bosanski		sr	
193a4bf0eec6953f743a97e40ecdcd7a086c140eb75852ed418a52b3dc89fdea30ed9be3f0240c98613416cc2e892e33111d4c84fcd0c2a8ea7c4975d6c001a3	common_voice_sr_37523137.mp3	3e385a995b4edd0640e6e552413b80357a743c7fe0c7a754fac01f5321c8c35c	Како је то лепо!		6	0	thirties	male_masculine	Bijeljinski|Bosanski		sr	
193a4bf0eec6953f743a97e40ecdcd7a086c140eb75852ed418a52b3dc89fdea30ed9be3f0240c98613416cc2e892e33111d4c84fcd0c2a8ea7c4975d6c001a3	common_voice_sr_37523138.mp3	6cd795c79a1daab79be4ac6c87441f6d3d8f965c5157ded5397b2ca92d8b5b5f	О, врло лепо!		6	0	thirties	male_masculine	Bijeljinski|Bosanski		sr	
193a4bf0eec6953f743a97e40ecdcd7a086c140eb75852ed418a52b3dc89fdea30ed9be3f0240c98613416cc2e892e33111d4c84fcd0c2a8ea7c4975d6c001a3	common_voice_sr_37523139.mp3	a55a6514ce8c4379772df3f6f99789c495309c27f280bbd998cc359cd6e8fe38	Артемијева прошлост при цркви била је проблематична.		6	0	thirties	male_masculine	Bijeljinski|Bosanski		sr	
193a4bf0eec6953f743a97e40ecdcd7a086c140eb75852ed418a52b3dc89fdea30ed9be3f0240c98613416cc2e892e33111d4c84fcd0c2a8ea7c4975d6c001a3	common_voice_sr_37523140.mp3	f7706b8f7cf967af376f98cb62064bcf5112c6a8e89880640d2966fdb064b508	У вријеме експлозије, улица је била пуна пјешака.		6	0	thirties	male_masculine	Bijeljinski|Bosanski		sr	
193a4bf0eec6953f743a97e40ecdcd7a086c140eb75852ed418a52b3dc89fdea30ed9be3f0240c98613416cc2e892e33111d4c84fcd0c2a8ea7c4975d6c001a3	common_voice_sr_37523141.mp3	82da8c84a55576a63d19597f0d6fc5d6dea0bc589ebdfc3d1e242fd84824559e	Да ли сте икад у својој каријери могли то учинити?		6	0	thirties	male_masculine	Bijeljinski|Bosanski		sr	
193a4bf0eec6953f743a97e40ecdcd7a086c140eb75852ed418a52b3dc89fdea30ed9be3f0240c98613416cc2e892e33111d4c84fcd0c2a8ea7c4975d6c001a3	common_voice_sr_37523144.mp3	1ca2162090b8d3d5e4a28171d7402ed72bc5c7447674774634741be2c0bb4b50	Умјесто да идемо унапријед, ми идемо уназад.		3	0	thirties	male_masculine	Bijeljinski|Bosanski		sr	
193a4bf0eec6953f743a97e40ecdcd7a086c140eb75852ed418a52b3dc89fdea30ed9be3f0240c98613416cc2e892e33111d4c84fcd0c2a8ea7c4975d6c001a3	common_voice_sr_37523152.mp3	5b537b9a027fce117e2b924ce72c56f9cd75025ac620c38d22e909fee163799c	Не, мислим, да.		6	0	thirties	male_masculine	Bijeljinski|Bosanski		sr	
193a4bf0eec6953f743a97e40ecdcd7a086c140eb75852ed418a52b3dc89fdea30ed9be3f0240c98613416cc2e892e33111d4c84fcd0c2a8ea7c4975d6c001a3	common_voice_sr_37574610.mp3	39698667f4c7d7b720588c7e75c01ff0559abf97a35be118f8dec6b2a4227810	Страх ме је!		6	0	thirties	male_masculine	Bijeljinski|Bosanski		sr	
193a4bf0eec6953f743a97e40ecdcd7a086c140eb75852ed418a52b3dc89fdea30ed9be3f0240c98613416cc2e892e33111d4c84fcd0c2a8ea7c4975d6c001a3	common_voice_sr_37574612.mp3	6c8e2d8dd72edb6532736a1bd797399cc9add29b5bb5436948ec368852346e0c	Неколико земаља остварило је велики скок унапријед.		6	0	thirties	male_masculine	Bijeljinski|Bosanski		sr	
193a4bf0eec6953f743a97e40ecdcd7a086c140eb75852ed418a52b3dc89fdea30ed9be3f0240c98613416cc2e892e33111d4c84fcd0c2a8ea7c4975d6c001a3	common_voice_sr_37574613.mp3	6900bec0d4a26b8476766fc512ae1114dcf442673dadc56096d1d650c52a3422	То ти кажем.		6	0	thirties	male_masculine	Bijeljinski|Bosanski		sr	
193a4bf0eec6953f743a97e40ecdcd7a086c140eb75852ed418a52b3dc89fdea30ed9be3f0240c98613416cc2e892e33111d4c84fcd0c2a8ea7c4975d6c001a3	common_voice_sr_37574620.mp3	5014538361a520af4f8808893886721a966e31365b7cc1eda186d6ed1726eed5	Други критикују иницијативу као неетичку.		6	0	thirties	male_masculine	Bijeljinski|Bosanski		sr	
193a4bf0eec6953f743a97e40ecdcd7a086c140eb75852ed418a52b3dc89fdea30ed9be3f0240c98613416cc2e892e33111d4c84fcd0c2a8ea7c4975d6c001a3	common_voice_sr_37574622.mp3	40a6ea983885a2b0696449b0151b07b36ed88cf2d42e173df0e67a4d8b1ebd57	Увоз струје увијек представља могућност, али скупу.		6	0	thirties	male_masculine	Bijeljinski|Bosanski		sr	
193a4bf0eec6953f743a97e40ecdcd7a086c140eb75852ed418a52b3dc89fdea30ed9be3f0240c98613416cc2e892e33111d4c84fcd0c2a8ea7c4975d6c001a3	common_voice_sr_37574623.mp3	c42362c205cca77a7a464457775ee0e657a22f3eff69a19d997e8e236fc43825	Чак и ако нисте ништа урадили, то вас промијени.		6	0	thirties	male_masculine	Bijeljinski|Bosanski		sr	
193a4bf0eec6953f743a97e40ecdcd7a086c140eb75852ed418a52b3dc89fdea30ed9be3f0240c98613416cc2e892e33111d4c84fcd0c2a8ea7c4975d6c001a3	common_voice_sr_37574625.mp3	57758dc51e507e808f64550daa64db13f4f5626d7a77770fa41f482d1cafd90c	И ја верујем.		6	0	thirties	male_masculine	Bijeljinski|Bosanski		sr	
193a4bf0eec6953f743a97e40ecdcd7a086c140eb75852ed418a52b3dc89fdea30ed9be3f0240c98613416cc2e892e33111d4c84fcd0c2a8ea7c4975d6c001a3	common_voice_sr_37574630.mp3	09dec5c7bdcb2b931b405cbdc5451b957883c19fd1c6ab66fc39190a2423dc73	Фокус је био на процјени квалитета воде у тој ријеци.		6	0	thirties	male_masculine	Bijeljinski|Bosanski		sr	
193a4bf0eec6953f743a97e40ecdcd7a086c140eb75852ed418a52b3dc89fdea30ed9be3f0240c98613416cc2e892e33111d4c84fcd0c2a8ea7c4975d6c001a3	common_voice_sr_37574632.mp3	274284152843c4cccac4f15fcc55c88930aa7bf07d56b78c9e0b4604eb07ef87	Исто правило вриједи и за замјенике министара.		6	0	thirties	male_masculine	Bijeljinski|Bosanski		sr	
6326d75ad3d2ea52223dc170be1744efabe5f83e18571413d84a4a7fcd4b632895e458656b35435e0ca03d9deb770729f75cc647cac817b1797d5295715aaa54	common_voice_sr_35085045.mp3	931f8f95222cd7f0e2103913d81d5fe2a58c9be6710fff862a64d4d5d3697b20	Борили су се.		4	0			Шумадијски		sr	
6326d75ad3d2ea52223dc170be1744efabe5f83e18571413d84a4a7fcd4b632895e458656b35435e0ca03d9deb770729f75cc647cac817b1797d5295715aaa54	common_voice_sr_35085046.mp3	bc1b51580a858865292439b87c2af79c4fd89c13dc0baeeb2eff7492817a4349	Упркос недостацима, каже он, постигнут је важан циљ.		6	0			Шумадијски		sr	
6326d75ad3d2ea52223dc170be1744efabe5f83e18571413d84a4a7fcd4b632895e458656b35435e0ca03d9deb770729f75cc647cac817b1797d5295715aaa54	common_voice_sr_35085047.mp3	ca541758be8771c3cfd85ca8f16b1fb84e857d31739c8582c6afa84dad42585c	Шта радиш?		4	0			Шумадијски		sr	
6326d75ad3d2ea52223dc170be1744efabe5f83e18571413d84a4a7fcd4b632895e458656b35435e0ca03d9deb770729f75cc647cac817b1797d5295715aaa54	common_voice_sr_35085048.mp3	c8a9c943bcc17669c78d51876c7d1a11c964c5a50050fab9c16336906910372b	Лево и десно.		4	0			Шумадијски		sr	
6326d75ad3d2ea52223dc170be1744efabe5f83e18571413d84a4a7fcd4b632895e458656b35435e0ca03d9deb770729f75cc647cac817b1797d5295715aaa54	common_voice_sr_35085049.mp3	b23f07bfc86518b5e55596c154872716bf540eaf34f483c0138c93144c21ab8d	Да не би!		4	0			Шумадијски		sr	
6326d75ad3d2ea52223dc170be1744efabe5f83e18571413d84a4a7fcd4b632895e458656b35435e0ca03d9deb770729f75cc647cac817b1797d5295715aaa54	common_voice_sr_35085076.mp3	c44fc8b7377864c4d878fef52d9d3e5c58fa41cb18a04d7179b0273075d29912	Од свега овога.		4	0	thirties	male_masculine	Шумадијски		sr	
6326d75ad3d2ea52223dc170be1744efabe5f83e18571413d84a4a7fcd4b632895e458656b35435e0ca03d9deb770729f75cc647cac817b1797d5295715aaa54	common_voice_sr_35085077.mp3	befe58093b229b63ea9cb0c288fa261425b18fa7dbdc198027055b5e82361c0c	Да ли очекујете период стабилизације у региону?		4	0	thirties	male_masculine	Шумадијски		sr	
6326d75ad3d2ea52223dc170be1744efabe5f83e18571413d84a4a7fcd4b632895e458656b35435e0ca03d9deb770729f75cc647cac817b1797d5295715aaa54	common_voice_sr_35085078.mp3	c27938ca646111251cbce482e0d76b92ccd51dea5cf942ee7fd1ebea8da6ec81	Донеси ми је!		4	0	thirties	male_masculine	Шумадијски		sr	
6326d75ad3d2ea52223dc170be1744efabe5f83e18571413d84a4a7fcd4b632895e458656b35435e0ca03d9deb770729f75cc647cac817b1797d5295715aaa54	common_voice_sr_35085079.mp3	b2d16c07ffaa6721b229893483b1f394bdc90ed1f6e3f5c317df4b78017255e8	Имајући дакле све повољне услове за то		4	0	thirties	male_masculine	Шумадијски		sr	
6326d75ad3d2ea52223dc170be1744efabe5f83e18571413d84a4a7fcd4b632895e458656b35435e0ca03d9deb770729f75cc647cac817b1797d5295715aaa54	common_voice_sr_35085085.mp3	c3b2427b54ce31aaa97dd19026b6c69b58fd66fb8f6ffd0e1578b3ddb4a7fb06	И, какви су?		4	0	thirties	male_masculine	Шумадијски		sr	
6326d75ad3d2ea52223dc170be1744efabe5f83e18571413d84a4a7fcd4b632895e458656b35435e0ca03d9deb770729f75cc647cac817b1797d5295715aaa54	common_voice_sr_35085086.mp3	ca9d47cdff09abb60f83b0b731ac643e940904271d5e388616ad079b48fbf87b	И за њу.		4	0	thirties	male_masculine	Шумадијски		sr	
6326d75ad3d2ea52223dc170be1744efabe5f83e18571413d84a4a7fcd4b632895e458656b35435e0ca03d9deb770729f75cc647cac817b1797d5295715aaa54	common_voice_sr_35085087.mp3	cbed210e686017653025e40049c8dbd8732b476d1eca3d70651a5acc093d6b95	Ту су биле.		4	0	thirties	male_masculine	Шумадијски		sr	
6326d75ad3d2ea52223dc170be1744efabe5f83e18571413d84a4a7fcd4b632895e458656b35435e0ca03d9deb770729f75cc647cac817b1797d5295715aaa54	common_voice_sr_35085088.mp3	a9bf661156e066f6a6f510efbc8967a75753edf09aa598ddcb2042bb770b67b6	Што је сада.		4	0	thirties	male_masculine	Шумадијски		sr	
6326d75ad3d2ea52223dc170be1744efabe5f83e18571413d84a4a7fcd4b632895e458656b35435e0ca03d9deb770729f75cc647cac817b1797d5295715aaa54	common_voice_sr_35085089.mp3	af449458df7f4032d75b6c73167d9c316d35f93f483b5cadda59c3ce8fc5fdd7	Ренесансне комедије играју се на градском тргу.		4	0	thirties	male_masculine	Шумадијски		sr	
6326d75ad3d2ea52223dc170be1744efabe5f83e18571413d84a4a7fcd4b632895e458656b35435e0ca03d9deb770729f75cc647cac817b1797d5295715aaa54	common_voice_sr_35085090.mp3	c8b2839ecd1c5e00ee0a99147ec7543c13a5244e59f7e91bf78fcc8619e6db52	Не би он!		4	0	thirties	male_masculine	Шумадијски		sr	
6326d75ad3d2ea52223dc170be1744efabe5f83e18571413d84a4a7fcd4b632895e458656b35435e0ca03d9deb770729f75cc647cac817b1797d5295715aaa54	common_voice_sr_35085091.mp3	bf692321c37430aa46d39822c142d027dbafc5e8f79b93baaedd893085aa494b	Врло сам забринут.		4	0	thirties	male_masculine	Шумадијски		sr	
6326d75ad3d2ea52223dc170be1744efabe5f83e18571413d84a4a7fcd4b632895e458656b35435e0ca03d9deb770729f75cc647cac817b1797d5295715aaa54	common_voice_sr_35085092.mp3	a199cd648448bd7f343c801d9eb96240a79224fe61fccc9fc76999ecc5459da0	Многи су избеглице.		4	0	thirties	male_masculine	Шумадијски		sr	
6326d75ad3d2ea52223dc170be1744efabe5f83e18571413d84a4a7fcd4b632895e458656b35435e0ca03d9deb770729f75cc647cac817b1797d5295715aaa54	common_voice_sr_35085093.mp3	b1e37a7bbba4387aa46e74a32785f77999ec6837e3c7adea7c2ed1085b2b461e	А, како сте ви?		4	0	thirties	male_masculine	Шумадијски		sr	
6326d75ad3d2ea52223dc170be1744efabe5f83e18571413d84a4a7fcd4b632895e458656b35435e0ca03d9deb770729f75cc647cac817b1797d5295715aaa54	common_voice_sr_35085094.mp3	a37d7dc8353098d2c70631aac573209bf3a06ccf9faa1fd334557cf40efdd788	Ох, то вам је била читава комендија		4	0	thirties	male_masculine	Шумадијски		sr	
6326d75ad3d2ea52223dc170be1744efabe5f83e18571413d84a4a7fcd4b632895e458656b35435e0ca03d9deb770729f75cc647cac817b1797d5295715aaa54	common_voice_sr_35085096.mp3	c5a4b29a1c7981053ff31ca34f7d5b448795e53fd69c3a286074ef8c7c79d584	Не виде ништа.		4	0	thirties	male_masculine	Шумадијски		sr	
6326d75ad3d2ea52223dc170be1744efabe5f83e18571413d84a4a7fcd4b632895e458656b35435e0ca03d9deb770729f75cc647cac817b1797d5295715aaa54	common_voice_sr_35085097.mp3	befcba6eeca25d8981eb49b45e48339a8655712b7d516eeac6f471fca6638443	Која је игра?		4	2	thirties	male_masculine	Шумадијски		sr	
6326d75ad3d2ea52223dc170be1744efabe5f83e18571413d84a4a7fcd4b632895e458656b35435e0ca03d9deb770729f75cc647cac817b1797d5295715aaa54	common_voice_sr_35085098.mp3	c866c85e21674f87a823b5bf2e8db8d6bcc586a1c34ed7bed3c38da5d2e54fdd	Ти не волиш.		6	0	thirties	male_masculine	Шумадијски		sr	
6326d75ad3d2ea52223dc170be1744efabe5f83e18571413d84a4a7fcd4b632895e458656b35435e0ca03d9deb770729f75cc647cac817b1797d5295715aaa54	common_voice_sr_35085099.mp3	bbb6ae7618cef64979b27141268d9a170b5426342151545e6e97ef296b359dde	Зато и јест.		4	0	thirties	male_masculine	Шумадијски		sr	
6326d75ad3d2ea52223dc170be1744efabe5f83e18571413d84a4a7fcd4b632895e458656b35435e0ca03d9deb770729f75cc647cac817b1797d5295715aaa54	common_voice_sr_35085100.mp3	c31a843f47be5a8642170022bdabfee0a36dff424a3f86c2cff7dc8429eb08b4	Није се јављао?		4	0	thirties	male_masculine	Шумадијски		sr	
6326d75ad3d2ea52223dc170be1744efabe5f83e18571413d84a4a7fcd4b632895e458656b35435e0ca03d9deb770729f75cc647cac817b1797d5295715aaa54	common_voice_sr_35085101.mp3	b747fa7f9e9edaedfbe8e228a39adf5d25befd8f40d9a0a7ac789b8d6d5d906b	Да, има их.		4	0	thirties	male_masculine	Шумадијски		sr	
6326d75ad3d2ea52223dc170be1744efabe5f83e18571413d84a4a7fcd4b632895e458656b35435e0ca03d9deb770729f75cc647cac817b1797d5295715aaa54	common_voice_sr_35085102.mp3	c3f9abedfc73e2a2a2aa20e557b6f29eaf6efe3135d962568800cae86bc93956	Шта можете да нам кажете о томе?		6	0	thirties	male_masculine	Шумадијски		sr	
6326d75ad3d2ea52223dc170be1744efabe5f83e18571413d84a4a7fcd4b632895e458656b35435e0ca03d9deb770729f75cc647cac817b1797d5295715aaa54	common_voice_sr_35085103.mp3	bcfe599616b54006eb1a76948ce250f3e0577a190a1f2cf06bc496974ef9074d	Ја сам та!		4	0	thirties	male_masculine	Шумадијски		sr	
6326d75ad3d2ea52223dc170be1744efabe5f83e18571413d84a4a7fcd4b632895e458656b35435e0ca03d9deb770729f75cc647cac817b1797d5295715aaa54	common_voice_sr_35085104.mp3	ae61876b44cd5637ddfd4a517fcef1185610b8caa83fa8c757bad237e7e65100	Што би било?		4	0	thirties	male_masculine	Шумадијски		sr	
6326d75ad3d2ea52223dc170be1744efabe5f83e18571413d84a4a7fcd4b632895e458656b35435e0ca03d9deb770729f75cc647cac817b1797d5295715aaa54	common_voice_sr_35085105.mp3	9222f254a81d31bb8f87cddda8b64c5f9b667124cb7a18cf8fe615d280586bfb	Ако не переш зубе, мораћеш код зубара.		4	0	thirties	male_masculine	Шумадијски		sr	
6326d75ad3d2ea52223dc170be1744efabe5f83e18571413d84a4a7fcd4b632895e458656b35435e0ca03d9deb770729f75cc647cac817b1797d5295715aaa54	common_voice_sr_35085106.mp3	cda5e5bedacde4fd8e0b869700cd55364c539134134cfeb06576a705601e6e2a	О, дете моје.		4	0	thirties	male_masculine	Шумадијски		sr	
6326d75ad3d2ea52223dc170be1744efabe5f83e18571413d84a4a7fcd4b632895e458656b35435e0ca03d9deb770729f75cc647cac817b1797d5295715aaa54	common_voice_sr_35085107.mp3	c6efb31259f03d1c5a3823163d73a52eca085f8ca3c137a99f0ac5865b10c5a7	Не може да издржи.		4	0	thirties	male_masculine	Шумадијски		sr	
6326d75ad3d2ea52223dc170be1744efabe5f83e18571413d84a4a7fcd4b632895e458656b35435e0ca03d9deb770729f75cc647cac817b1797d5295715aaa54	common_voice_sr_35085108.mp3	9fc6b147cc96dd05c70c3ab8d15bdb0a85e91a1a4bb2d54fd754315fac9007cd	Јесам ли ја?		4	0	thirties	male_masculine	Шумадијски		sr	
6326d75ad3d2ea52223dc170be1744efabe5f83e18571413d84a4a7fcd4b632895e458656b35435e0ca03d9deb770729f75cc647cac817b1797d5295715aaa54	common_voice_sr_35085109.mp3	99d0ed4c8a62f1734b568d27bec435b85591426b3f3929443ec8cfeea4084227	Ко то каже!		4	0	thirties	male_masculine	Шумадијски		sr	
6326d75ad3d2ea52223dc170be1744efabe5f83e18571413d84a4a7fcd4b632895e458656b35435e0ca03d9deb770729f75cc647cac817b1797d5295715aaa54	common_voice_sr_35085110.mp3	bf0e0909b1450fb2b7d1392dc767469e3dad3657c8b2a02b71c91ceeed8841bd	Да радим шта?		6	0	thirties	male_masculine	Шумадијски		sr	
6326d75ad3d2ea52223dc170be1744efabe5f83e18571413d84a4a7fcd4b632895e458656b35435e0ca03d9deb770729f75cc647cac817b1797d5295715aaa54	common_voice_sr_35085112.mp3	aaf147c795f29549a1b6ef3dd2b437c3ea7df5859316a0c666fa164a6928c244	Шта сам урадио?		4	0	thirties	male_masculine	Шумадијски		sr	
6326d75ad3d2ea52223dc170be1744efabe5f83e18571413d84a4a7fcd4b632895e458656b35435e0ca03d9deb770729f75cc647cac817b1797d5295715aaa54	common_voice_sr_35085113.mp3	bccf4d2ac8b48370f2cc1ec48df0e722d76d14790cb20cce8b444e196b6d2d6b	Члановима породице је забрањено да напуштају земљу.		4	0	thirties	male_masculine	Шумадијски		sr	
6326d75ad3d2ea52223dc170be1744efabe5f83e18571413d84a4a7fcd4b632895e458656b35435e0ca03d9deb770729f75cc647cac817b1797d5295715aaa54	common_voice_sr_35085117.mp3	925615c4f04c1f2579b657fbc44f36481b7553b6b7558c0281a85424f7c85ea8	Ако то и јесте.		4	0	thirties	male_masculine	Шумадијски		sr	
6326d75ad3d2ea52223dc170be1744efabe5f83e18571413d84a4a7fcd4b632895e458656b35435e0ca03d9deb770729f75cc647cac817b1797d5295715aaa54	common_voice_sr_35085118.mp3	9e71b55bc4984bcd0a4a6510d9c4ac2647c69d7e72f2a34486ef1c4d5424b372	Више од мене?		4	0	thirties	male_masculine	Шумадијски		sr	
6326d75ad3d2ea52223dc170be1744efabe5f83e18571413d84a4a7fcd4b632895e458656b35435e0ca03d9deb770729f75cc647cac817b1797d5295715aaa54	common_voice_sr_35085119.mp3	c64176234af7b35a82ebe0468c4b331150d1b04c37f327c15b329441b34c8694	То је ред?		4	0	thirties	male_masculine	Шумадијски		sr	
6326d75ad3d2ea52223dc170be1744efabe5f83e18571413d84a4a7fcd4b632895e458656b35435e0ca03d9deb770729f75cc647cac817b1797d5295715aaa54	common_voice_sr_35085120.mp3	b3f43dba6f9c2b572e11e6a9c3e81b1e18960eba5702f90d9f556ff8fb147f07	А има још нешто!		4	0	thirties	male_masculine	Шумадијски		sr	
6326d75ad3d2ea52223dc170be1744efabe5f83e18571413d84a4a7fcd4b632895e458656b35435e0ca03d9deb770729f75cc647cac817b1797d5295715aaa54	common_voice_sr_35085121.mp3	c2cea0bb200331e6f717977b3d8642b793ef115932a936b61d3cd18500ee5dc2	Е па, немој!		4	0	thirties	male_masculine	Шумадијски		sr	
6326d75ad3d2ea52223dc170be1744efabe5f83e18571413d84a4a7fcd4b632895e458656b35435e0ca03d9deb770729f75cc647cac817b1797d5295715aaa54	common_voice_sr_35085122.mp3	b3e5a9ae16124ee58e60ad75025e6ef8a9999c55f3550adf43ceecf20a0fa041	Молим те, седи.		4	0	thirties	male_masculine	Шумадијски		sr	
6326d75ad3d2ea52223dc170be1744efabe5f83e18571413d84a4a7fcd4b632895e458656b35435e0ca03d9deb770729f75cc647cac817b1797d5295715aaa54	common_voice_sr_35085123.mp3	c8d1a7a4ddd96f99c6b4c78371a58c8f9ae20c03d1a45e0583cb640bdabe51c8	Ко зна како?		4	0	thirties	male_masculine	Шумадијски		sr	
6326d75ad3d2ea52223dc170be1744efabe5f83e18571413d84a4a7fcd4b632895e458656b35435e0ca03d9deb770729f75cc647cac817b1797d5295715aaa54	common_voice_sr_35085124.mp3	ce16fd6bf40a1fbc09f09c0cb0f6c805e4aa33978ca0adce9275f8a6ab41c69e	Не знам ко?		4	0	thirties	male_masculine	Шумадијски		sr	
6326d75ad3d2ea52223dc170be1744efabe5f83e18571413d84a4a7fcd4b632895e458656b35435e0ca03d9deb770729f75cc647cac817b1797d5295715aaa54	common_voice_sr_35085125.mp3	abe2f0dec55cdb234396bcfadd2b1dc170b42061d00a1c5367c0e1ab64071ddb	Јој, не могу.		4	0	thirties	male_masculine	Шумадијски		sr	
6326d75ad3d2ea52223dc170be1744efabe5f83e18571413d84a4a7fcd4b632895e458656b35435e0ca03d9deb770729f75cc647cac817b1797d5295715aaa54	common_voice_sr_35085126.mp3	abd4cb5bc0f9c1ecb2a7b7bb757c8c2d46c5e4f838834cbd536623f545d25fe6	То је боље.		4	0	thirties	male_masculine	Шумадијски		sr	
6326d75ad3d2ea52223dc170be1744efabe5f83e18571413d84a4a7fcd4b632895e458656b35435e0ca03d9deb770729f75cc647cac817b1797d5295715aaa54	common_voice_sr_35085128.mp3	b3fe755aeafb23a5b54670a471c16e50a63482a1a0632fd8944de9efa9131e93	Па, шта говори?		4	0	thirties	male_masculine	Шумадијски		sr	
6326d75ad3d2ea52223dc170be1744efabe5f83e18571413d84a4a7fcd4b632895e458656b35435e0ca03d9deb770729f75cc647cac817b1797d5295715aaa54	common_voice_sr_35085129.mp3	a9d99bb98710e45df39d0ae83f6b60225ac7c1739309ebda1b5f04a6d1ac8a90	Ти си млад.		4	0	thirties	male_masculine	Шумадијски		sr	
6326d75ad3d2ea52223dc170be1744efabe5f83e18571413d84a4a7fcd4b632895e458656b35435e0ca03d9deb770729f75cc647cac817b1797d5295715aaa54	common_voice_sr_35085130.mp3	cd2406b52b2b8f616a174acadae8a10fa22d2a078c16108137313715cedae0a4	И још како!		4	0	thirties	male_masculine	Шумадијски		sr	
6326d75ad3d2ea52223dc170be1744efabe5f83e18571413d84a4a7fcd4b632895e458656b35435e0ca03d9deb770729f75cc647cac817b1797d5295715aaa54	common_voice_sr_35085131.mp3	cf727c1e23a4c1036ac7080de71022743844b3bb84e76056ad00fdcbfed06bf8	Неповољни економски и социјални услови подстичу овај тренд.		4	0	thirties	male_masculine	Шумадијски		sr	
6326d75ad3d2ea52223dc170be1744efabe5f83e18571413d84a4a7fcd4b632895e458656b35435e0ca03d9deb770729f75cc647cac817b1797d5295715aaa54	common_voice_sr_35085132.mp3	c814a2acb948b0c225416f27ac57fc933b78bdbd9b74cfc21423e99a9c6fb153	И кажем не.		4	0	thirties	male_masculine	Шумадијски		sr	
6326d75ad3d2ea52223dc170be1744efabe5f83e18571413d84a4a7fcd4b632895e458656b35435e0ca03d9deb770729f75cc647cac817b1797d5295715aaa54	common_voice_sr_35085133.mp3	9b2a6d7680150e059d53bcfcdd4a4be7e658543eb781c62aeb4678c990493ef4	Мило за драго?		4	0	thirties	male_masculine	Шумадијски		sr	
6326d75ad3d2ea52223dc170be1744efabe5f83e18571413d84a4a7fcd4b632895e458656b35435e0ca03d9deb770729f75cc647cac817b1797d5295715aaa54	common_voice_sr_35085134.mp3	a36937a3ca9cb1cf1ef98260e805711fc5ec97f2b4cfffc58359fb5039d0a665	Ја не бих могла.		6	0	thirties	male_masculine	Шумадијски		sr	
6326d75ad3d2ea52223dc170be1744efabe5f83e18571413d84a4a7fcd4b632895e458656b35435e0ca03d9deb770729f75cc647cac817b1797d5295715aaa54	common_voice_sr_35085135.mp3	c500484d1ab9c468d8809d8b7118601015b60fd0157489aeb5f16af84ac69a36	То си био ти.		6	0	thirties	male_masculine	Шумадијски		sr	
6326d75ad3d2ea52223dc170be1744efabe5f83e18571413d84a4a7fcd4b632895e458656b35435e0ca03d9deb770729f75cc647cac817b1797d5295715aaa54	common_voice_sr_35085136.mp3	babee1848344df48df5b657d268f058d250df54f6a1533343f9faf8844df98f8	После годину дана.		4	0	thirties	male_masculine	Шумадијски		sr	
6326d75ad3d2ea52223dc170be1744efabe5f83e18571413d84a4a7fcd4b632895e458656b35435e0ca03d9deb770729f75cc647cac817b1797d5295715aaa54	common_voice_sr_35085137.mp3	d0045d12e5520768aef14a387417972a67e41ff0b61c1bf2817c7aff3b5ff4ea	Ко је донео?		4	0	thirties	male_masculine	Шумадијски		sr	
6326d75ad3d2ea52223dc170be1744efabe5f83e18571413d84a4a7fcd4b632895e458656b35435e0ca03d9deb770729f75cc647cac817b1797d5295715aaa54	common_voice_sr_35085138.mp3	c6f883900137067b75ec4d7a7fc3a1c99acbdcd6d75069e7a40e9de0dd9bf0ed	Српска политика обилује везама са организованим криминалом.		4	0	thirties	male_masculine	Шумадијски		sr	
6326d75ad3d2ea52223dc170be1744efabe5f83e18571413d84a4a7fcd4b632895e458656b35435e0ca03d9deb770729f75cc647cac817b1797d5295715aaa54	common_voice_sr_35085139.mp3	cc55e1a5a0ef207589829734c633905b6f61d4e641b4e98b536e2b0ebdec7a72	А, а, не.		4	0	thirties	male_masculine	Шумадијски		sr	
6326d75ad3d2ea52223dc170be1744efabe5f83e18571413d84a4a7fcd4b632895e458656b35435e0ca03d9deb770729f75cc647cac817b1797d5295715aaa54	common_voice_sr_35085140.mp3	b546e7c352c85adbb677bf395bef94859e48f50ec56b6d78ae4a1cd7b7388cb9	Не, волим те.		4	0	thirties	male_masculine	Шумадијски		sr	
6326d75ad3d2ea52223dc170be1744efabe5f83e18571413d84a4a7fcd4b632895e458656b35435e0ca03d9deb770729f75cc647cac817b1797d5295715aaa54	common_voice_sr_35085141.mp3	bddd2b92024baea60fa247b7eb34a6b6acc30d338cb49206b31d0aa9f8c26330	Најбоље се види.		4	0	thirties	male_masculine	Шумадијски		sr	
6326d75ad3d2ea52223dc170be1744efabe5f83e18571413d84a4a7fcd4b632895e458656b35435e0ca03d9deb770729f75cc647cac817b1797d5295715aaa54	common_voice_sr_35085142.mp3	d0478a8888a093aad13c65f291303bfde8400f7a59af4d67f5fa42aa4e1a8175	И да вам кажем.		4	0	thirties	male_masculine	Шумадијски		sr	
6326d75ad3d2ea52223dc170be1744efabe5f83e18571413d84a4a7fcd4b632895e458656b35435e0ca03d9deb770729f75cc647cac817b1797d5295715aaa54	common_voice_sr_35085143.mp3	b650c35f8d29ebf36dd97f45063c8b55ca96632c5910b2e5ed4b86000dabf549	Где су то?		4	0	thirties	male_masculine	Шумадијски		sr	
6326d75ad3d2ea52223dc170be1744efabe5f83e18571413d84a4a7fcd4b632895e458656b35435e0ca03d9deb770729f75cc647cac817b1797d5295715aaa54	common_voice_sr_35085144.mp3	a18fa5285636439a168161408e3bbc9312f0c0d8eaa7dbc7959cd8ab2bb55c21	Потом се појављују и друга седморица оптуженика.		4	0	thirties	male_masculine	Шумадијски		sr	
6326d75ad3d2ea52223dc170be1744efabe5f83e18571413d84a4a7fcd4b632895e458656b35435e0ca03d9deb770729f75cc647cac817b1797d5295715aaa54	common_voice_sr_35085149.mp3	bfd1564283c3353a8947346543761291fbff46d5e581f168b557a54b46385c86	А како је?		4	0	thirties	male_masculine	Шумадијски		sr	
6326d75ad3d2ea52223dc170be1744efabe5f83e18571413d84a4a7fcd4b632895e458656b35435e0ca03d9deb770729f75cc647cac817b1797d5295715aaa54	common_voice_sr_35085150.mp3	9dd82a3fe22f14c76b90800b976f4a422c9e88cae0651c663e6f4dec93c81dd7	Молим те седи?		4	0	thirties	male_masculine	Шумадијски		sr	
6326d75ad3d2ea52223dc170be1744efabe5f83e18571413d84a4a7fcd4b632895e458656b35435e0ca03d9deb770729f75cc647cac817b1797d5295715aaa54	common_voice_sr_35085151.mp3	b77314bef1e13d35b01424741970ac45e82f4679e53bc9bedd7c98b235e3f7d4	Је, било је.		4	0	thirties	male_masculine	Шумадијски		sr	
6326d75ad3d2ea52223dc170be1744efabe5f83e18571413d84a4a7fcd4b632895e458656b35435e0ca03d9deb770729f75cc647cac817b1797d5295715aaa54	common_voice_sr_35085152.mp3	c4aacd1a27865045ae97365752327cfb91626257273269f36879df29284d88a8	Ми то нисмо.		4	0	thirties	male_masculine	Шумадијски		sr	
6326d75ad3d2ea52223dc170be1744efabe5f83e18571413d84a4a7fcd4b632895e458656b35435e0ca03d9deb770729f75cc647cac817b1797d5295715aaa54	common_voice_sr_35085154.mp3	b603b73378cf66d4367ae49fa68f39f60a963e8ae942b9df9ababcd9c0e70e0a	А не знам.		4	0	thirties	male_masculine	Шумадијски		sr	
6326d75ad3d2ea52223dc170be1744efabe5f83e18571413d84a4a7fcd4b632895e458656b35435e0ca03d9deb770729f75cc647cac817b1797d5295715aaa54	common_voice_sr_35085155.mp3	ca072806afd0ab68b106f9150b416eda0bb3e3a8b5c235b2a403b85cb470d34b	Па добро, добро.		4	0	thirties	male_masculine	Шумадијски		sr	
6326d75ad3d2ea52223dc170be1744efabe5f83e18571413d84a4a7fcd4b632895e458656b35435e0ca03d9deb770729f75cc647cac817b1797d5295715aaa54	common_voice_sr_35085156.mp3	a28b3c73984c540e018f86c41b9ceb4c28d150db1526c65689133f10b8d7440f	Ана, шта је ово?		4	0	thirties	male_masculine	Шумадијски		sr	
6326d75ad3d2ea52223dc170be1744efabe5f83e18571413d84a4a7fcd4b632895e458656b35435e0ca03d9deb770729f75cc647cac817b1797d5295715aaa54	common_voice_sr_35085157.mp3	c70bb9a78b6aeb6a48d0a8d884d31a6c49553d44561823101139b0516d5b7324	Али ти не можеш.		6	0	thirties	male_masculine	Шумадијски		sr	
6326d75ad3d2ea52223dc170be1744efabe5f83e18571413d84a4a7fcd4b632895e458656b35435e0ca03d9deb770729f75cc647cac817b1797d5295715aaa54	common_voice_sr_35085158.mp3	cbb1e06c175c59ca2f878e2fd10f27331c462acaed317ffda066e5283ca099a5	Не то, не то!		4	0	thirties	male_masculine	Шумадијски		sr	
6326d75ad3d2ea52223dc170be1744efabe5f83e18571413d84a4a7fcd4b632895e458656b35435e0ca03d9deb770729f75cc647cac817b1797d5295715aaa54	common_voice_sr_35085159.mp3	caaa54aa38b49fef7ad790bbe8ee374732ba45aa99b2b8ecd517211cc4de288b	А, врло добро.		4	0	thirties	male_masculine	Шумадијски		sr	
6326d75ad3d2ea52223dc170be1744efabe5f83e18571413d84a4a7fcd4b632895e458656b35435e0ca03d9deb770729f75cc647cac817b1797d5295715aaa54	common_voice_sr_35085160.mp3	ad84cc4e5a95b92be860ef4d4d6f2a271e083363f9367204b5abc419ccaf2cf4	Не, како је?		4	0	thirties	male_masculine	Шумадијски		sr	
6326d75ad3d2ea52223dc170be1744efabe5f83e18571413d84a4a7fcd4b632895e458656b35435e0ca03d9deb770729f75cc647cac817b1797d5295715aaa54	common_voice_sr_35085161.mp3	c8de98ec8068db69c7a1d1032c4d21c3424c6ba45ba83a15f2432234119bfb14	А ни он.		6	0	thirties	male_masculine	Шумадијски		sr	
6326d75ad3d2ea52223dc170be1744efabe5f83e18571413d84a4a7fcd4b632895e458656b35435e0ca03d9deb770729f75cc647cac817b1797d5295715aaa54	common_voice_sr_35085163.mp3	a03bbadc8e2f6b1ddb3d248ff70babf0674bb37578e2975aa2288c401243b70e	Где га је нашао?		4	0	thirties	male_masculine	Шумадијски		sr	
6326d75ad3d2ea52223dc170be1744efabe5f83e18571413d84a4a7fcd4b632895e458656b35435e0ca03d9deb770729f75cc647cac817b1797d5295715aaa54	common_voice_sr_35085164.mp3	85fad96b0502b646fd0c4a1830655b856f7dbd124459cca840fd6541eddbe51d	У све то.		6	0	thirties	male_masculine	Шумадијски		sr	
6326d75ad3d2ea52223dc170be1744efabe5f83e18571413d84a4a7fcd4b632895e458656b35435e0ca03d9deb770729f75cc647cac817b1797d5295715aaa54	common_voice_sr_35085165.mp3	d125d3da5be2645d95d45b753e4fd6ff2ef62af35cc71cf19b7c433ad9b73dcf	Тамо, још две!		4	0	thirties	male_masculine	Шумадијски		sr	
6326d75ad3d2ea52223dc170be1744efabe5f83e18571413d84a4a7fcd4b632895e458656b35435e0ca03d9deb770729f75cc647cac817b1797d5295715aaa54	common_voice_sr_35085166.mp3	c75f033882253b32b6473e2c9cc592c474e0e83eea8c6c1143431ecf60e593b5	Што не може?		6	0	thirties	male_masculine	Шумадијски		sr	
6326d75ad3d2ea52223dc170be1744efabe5f83e18571413d84a4a7fcd4b632895e458656b35435e0ca03d9deb770729f75cc647cac817b1797d5295715aaa54	common_voice_sr_35085168.mp3	9ec4894f6808e31ad7006a8874b52da15c1e89d01a474219d3b15105130f6c72	А, не, не.		4	0	thirties	male_masculine	Шумадијски		sr	
6326d75ad3d2ea52223dc170be1744efabe5f83e18571413d84a4a7fcd4b632895e458656b35435e0ca03d9deb770729f75cc647cac817b1797d5295715aaa54	common_voice_sr_35085175.mp3	b175e7f8b5d2c21fb5ce4e27d607d59e14fb6512bf96e360bd2f20ba82d255fe	А с тобом?		6	0	thirties	male_masculine	Шумадијски		sr	
6326d75ad3d2ea52223dc170be1744efabe5f83e18571413d84a4a7fcd4b632895e458656b35435e0ca03d9deb770729f75cc647cac817b1797d5295715aaa54	common_voice_sr_35085176.mp3	80ac9485d874e14b469094eef970c434db910ea3efe74962a860aace30b65416	Не баш под.		4	0	thirties	male_masculine	Шумадијски		sr	
6326d75ad3d2ea52223dc170be1744efabe5f83e18571413d84a4a7fcd4b632895e458656b35435e0ca03d9deb770729f75cc647cac817b1797d5295715aaa54	common_voice_sr_35085177.mp3	c95529c171f859330294542aaa6ef2867903c94f70ff2395b2a30a5462043c23	Ни једну једину.		4	0	thirties	male_masculine	Шумадијски		sr	
6326d75ad3d2ea52223dc170be1744efabe5f83e18571413d84a4a7fcd4b632895e458656b35435e0ca03d9deb770729f75cc647cac817b1797d5295715aaa54	common_voice_sr_35085178.mp3	ba6a9c65f45d1dad42e59ad4e0802e4bf90fbbcca6e12b87686dbdacd10bfdb8	Од свега овог!		4	0	thirties	male_masculine	Шумадијски		sr	
6326d75ad3d2ea52223dc170be1744efabe5f83e18571413d84a4a7fcd4b632895e458656b35435e0ca03d9deb770729f75cc647cac817b1797d5295715aaa54	common_voice_sr_35085179.mp3	c5bad34747b6d0504877d0ab1b3381646ccf97ce9452ae396db16270a49d19bc	Моја мама је дијабетичар и не сме да једе слаткише.		4	0	thirties	male_masculine	Шумадијски		sr	
6326d75ad3d2ea52223dc170be1744efabe5f83e18571413d84a4a7fcd4b632895e458656b35435e0ca03d9deb770729f75cc647cac817b1797d5295715aaa54	common_voice_sr_35085180.mp3	bf6ccd5275c81720939935ade4cb081cb5463ee0c9aa9ef0c92954988dd5095a	Као на пример?		4	0	thirties	male_masculine	Шумадијски		sr	
6326d75ad3d2ea52223dc170be1744efabe5f83e18571413d84a4a7fcd4b632895e458656b35435e0ca03d9deb770729f75cc647cac817b1797d5295715aaa54	common_voice_sr_35085181.mp3	ce9157e918cb98ec0b48cc7a54d51dc92b4214d718b2beb4e19b8056debe4072	Немамо крајњи рок.		4	0	thirties	male_masculine	Шумадијски		sr	
6326d75ad3d2ea52223dc170be1744efabe5f83e18571413d84a4a7fcd4b632895e458656b35435e0ca03d9deb770729f75cc647cac817b1797d5295715aaa54	common_voice_sr_35085182.mp3	d0280b9542180348777b5ebbf0044ede03ae8bc97d7f7f33d981b6785d3c844a	Не, хајдемо сви!		4	0	thirties	male_masculine	Шумадијски		sr	
6326d75ad3d2ea52223dc170be1744efabe5f83e18571413d84a4a7fcd4b632895e458656b35435e0ca03d9deb770729f75cc647cac817b1797d5295715aaa54	common_voice_sr_35085183.mp3	bca69fb2a003823890614ae4ea2402374acc8eaa010e750d3fbe9239e016105c	Али не мислите.		6	0	thirties	male_masculine	Шумадијски		sr	
6326d75ad3d2ea52223dc170be1744efabe5f83e18571413d84a4a7fcd4b632895e458656b35435e0ca03d9deb770729f75cc647cac817b1797d5295715aaa54	common_voice_sr_35085184.mp3	981ee6b0926e45e78c6b4dcda384c2a3d6f178facb4f293d8a0e50e1046133d3	У нашој соби.		4	0	thirties	male_masculine	Шумадијски		sr	
6326d75ad3d2ea52223dc170be1744efabe5f83e18571413d84a4a7fcd4b632895e458656b35435e0ca03d9deb770729f75cc647cac817b1797d5295715aaa54	common_voice_sr_35085245.mp3	b00684a389017e4fddae442bb4b4830b4b890f9c827d634bb0e5a0ff8a4ae658	Тамо, у соби.		4	0	thirties	male_masculine	Шумадијски		sr	
6326d75ad3d2ea52223dc170be1744efabe5f83e18571413d84a4a7fcd4b632895e458656b35435e0ca03d9deb770729f75cc647cac817b1797d5295715aaa54	common_voice_sr_35085246.mp3	b305c58d9e2b30fe1492b5dfe89fcc95c262ecb08cd8163ff996b0176658db07	О, добар дан.		4	0	thirties	male_masculine	Шумадијски		sr	
6326d75ad3d2ea52223dc170be1744efabe5f83e18571413d84a4a7fcd4b632895e458656b35435e0ca03d9deb770729f75cc647cac817b1797d5295715aaa54	common_voice_sr_35085247.mp3	cda90b593cb269fbee436d45b5f403d61560d5aa9fffabe5defa8b32c374241f	У свом стану?		4	0	thirties	male_masculine	Шумадијски		sr	
6326d75ad3d2ea52223dc170be1744efabe5f83e18571413d84a4a7fcd4b632895e458656b35435e0ca03d9deb770729f75cc647cac817b1797d5295715aaa54	common_voice_sr_35085248.mp3	9deaf500b8761ac081e00c4fd9ef3d5bcb196e44d5120a0dd36ebd080e7120a1	Ха, ха, ха, ха.		4	0	thirties	male_masculine	Шумадијски		sr	
6326d75ad3d2ea52223dc170be1744efabe5f83e18571413d84a4a7fcd4b632895e458656b35435e0ca03d9deb770729f75cc647cac817b1797d5295715aaa54	common_voice_sr_35085249.mp3	c2f72febd25a18ad936ccd49b460a57acd63e97a665db348a7ef0e4900d0dbf2	Ко ти то говори?		6	0	thirties	male_masculine	Шумадијски		sr	
6326d75ad3d2ea52223dc170be1744efabe5f83e18571413d84a4a7fcd4b632895e458656b35435e0ca03d9deb770729f75cc647cac817b1797d5295715aaa54	common_voice_sr_35085255.mp3	69bd00b108ef1d17d64752d3cf38e923b5ed30054f2172a48e97dbc411b625f7	Све до сад.		6	0	thirties	male_masculine	Шумадијски		sr	
6326d75ad3d2ea52223dc170be1744efabe5f83e18571413d84a4a7fcd4b632895e458656b35435e0ca03d9deb770729f75cc647cac817b1797d5295715aaa54	common_voice_sr_35085256.mp3	a834b4ab1dbd3161437d3546e18a2126ff783a919e0ad07bd6bf04aa6000b39a	Мађународне изложбе проналазаштва у Женеви.		4	0	thirties	male_masculine	Шумадијски		sr	
6326d75ad3d2ea52223dc170be1744efabe5f83e18571413d84a4a7fcd4b632895e458656b35435e0ca03d9deb770729f75cc647cac817b1797d5295715aaa54	common_voice_sr_35085257.mp3	d09733f13ce4b80301e3c3d2b1d0c7e0f2c0cecfc953c0fd1884fcb79b4f7a17	Такав је обичај.		6	2	thirties	male_masculine	Шумадијски		sr	
6326d75ad3d2ea52223dc170be1744efabe5f83e18571413d84a4a7fcd4b632895e458656b35435e0ca03d9deb770729f75cc647cac817b1797d5295715aaa54	common_voice_sr_35085258.mp3	d006a4a905d8f67a8326624bc5ae2c614d29beff89fc88c1b381b50597508fbf	Па, ко може?		4	0	thirties	male_masculine	Шумадијски		sr	
6326d75ad3d2ea52223dc170be1744efabe5f83e18571413d84a4a7fcd4b632895e458656b35435e0ca03d9deb770729f75cc647cac817b1797d5295715aaa54	common_voice_sr_35085259.mp3	a2e2270f4a90957b54c986b86125c6747a73dd8193dedd7741a8515f3168ac84	То не могу.		6	0	thirties	male_masculine	Шумадијски		sr	
6326d75ad3d2ea52223dc170be1744efabe5f83e18571413d84a4a7fcd4b632895e458656b35435e0ca03d9deb770729f75cc647cac817b1797d5295715aaa54	common_voice_sr_35085260.mp3	c280ce080db0c3523b11449b5ecc38a973732b6e553fb149623c6a54f6dfc072	И ту је!		4	0	thirties	male_masculine	Шумадијски		sr	
6326d75ad3d2ea52223dc170be1744efabe5f83e18571413d84a4a7fcd4b632895e458656b35435e0ca03d9deb770729f75cc647cac817b1797d5295715aaa54	common_voice_sr_35085261.mp3	c0afdd9ef31f40f54b91d131508fb61db4a035ae9f6563f3cd810cc4f8115db0	Ко је за ово?		4	0	thirties	male_masculine	Шумадијски		sr	
6326d75ad3d2ea52223dc170be1744efabe5f83e18571413d84a4a7fcd4b632895e458656b35435e0ca03d9deb770729f75cc647cac817b1797d5295715aaa54	common_voice_sr_35085262.mp3	cbe9af0ab9f5f62851ab14c36f45118726fa9d78b08d5d2cd4803293b35a465d	Не на сто.		4	0	thirties	male_masculine	Шумадијски		sr	
6326d75ad3d2ea52223dc170be1744efabe5f83e18571413d84a4a7fcd4b632895e458656b35435e0ca03d9deb770729f75cc647cac817b1797d5295715aaa54	common_voice_sr_35085263.mp3	ca0adcd1847fa79d1519825aaef15e41eb0ccaa5461781fd19e4c820ef04e95d	Па, ево је.		4	0	thirties	male_masculine	Шумадијски		sr	
6326d75ad3d2ea52223dc170be1744efabe5f83e18571413d84a4a7fcd4b632895e458656b35435e0ca03d9deb770729f75cc647cac817b1797d5295715aaa54	common_voice_sr_35085264.mp3	851a58a5192f247a288236fa47766a7ae01e58b6089b4edc14d0cc19c2791f6c	То што видиш.		4	0	thirties	male_masculine	Шумадијски		sr	
6326d75ad3d2ea52223dc170be1744efabe5f83e18571413d84a4a7fcd4b632895e458656b35435e0ca03d9deb770729f75cc647cac817b1797d5295715aaa54	common_voice_sr_35085517.mp3	879538eb849403cc8eac2535804659cfe393dd6b3fc7cff19daa89147751aa00	Ја и она?		4	0	thirties	male_masculine	Шумадијски		sr	
6326d75ad3d2ea52223dc170be1744efabe5f83e18571413d84a4a7fcd4b632895e458656b35435e0ca03d9deb770729f75cc647cac817b1797d5295715aaa54	common_voice_sr_35085518.mp3	d15d5f334d251002ed7b7b0a00fa04d5a489fdafe351cdb381cf4d7c3780358e	Ја не зна.		4	0	thirties	male_masculine	Шумадијски		sr	
6326d75ad3d2ea52223dc170be1744efabe5f83e18571413d84a4a7fcd4b632895e458656b35435e0ca03d9deb770729f75cc647cac817b1797d5295715aaa54	common_voice_sr_35085519.mp3	c6bca77b86b5e53d257b9eab39a0eb666e3a7160489c1d78c869b83fbb3638d8	Е, па не.		8	0	thirties	male_masculine	Шумадијски		sr	
6326d75ad3d2ea52223dc170be1744efabe5f83e18571413d84a4a7fcd4b632895e458656b35435e0ca03d9deb770729f75cc647cac817b1797d5295715aaa54	common_voice_sr_35085520.mp3	c2d823ccf7230fea77f1922518da8f1336c05c81a6f144a949c56df845375542	Само молим вас?		4	0	thirties	male_masculine	Шумадијски		sr	
6326d75ad3d2ea52223dc170be1744efabe5f83e18571413d84a4a7fcd4b632895e458656b35435e0ca03d9deb770729f75cc647cac817b1797d5295715aaa54	common_voice_sr_35085521.mp3	c872a308eba9f8aae58415c7083da5763c7f10d1e096a281a53c8a06db5c7052	То је да.		4	0	thirties	male_masculine	Шумадијски		sr	
6326d75ad3d2ea52223dc170be1744efabe5f83e18571413d84a4a7fcd4b632895e458656b35435e0ca03d9deb770729f75cc647cac817b1797d5295715aaa54	common_voice_sr_35085522.mp3	af06252f3c68d7509604382dc6428265b502ad9a94f0684fde84b04ac092c13d	Зашто би и била?		4	0	thirties	male_masculine	Шумадијски		sr	
6326d75ad3d2ea52223dc170be1744efabe5f83e18571413d84a4a7fcd4b632895e458656b35435e0ca03d9deb770729f75cc647cac817b1797d5295715aaa54	common_voice_sr_35085523.mp3	b89f45807535082847f1feace13cf7b1f53187b279f928d10d1afaba4dc0bf0b	С леве стране.		4	0	thirties	male_masculine	Шумадијски		sr	
6326d75ad3d2ea52223dc170be1744efabe5f83e18571413d84a4a7fcd4b632895e458656b35435e0ca03d9deb770729f75cc647cac817b1797d5295715aaa54	common_voice_sr_35085524.mp3	d2fb1ba856a11154a3205cdda3974bf21c3871920d3a4878a416450eab5ad64a	Да ти кажем шта?		4	0	thirties	male_masculine	Шумадијски		sr	
6326d75ad3d2ea52223dc170be1744efabe5f83e18571413d84a4a7fcd4b632895e458656b35435e0ca03d9deb770729f75cc647cac817b1797d5295715aaa54	common_voice_sr_35085525.mp3	d2e03e2d76562a07cc01d45487f3f972f103e975ae6ecd38eae8384df784c549	Ако је неко луд, не буди му друг.		4	0	thirties	male_masculine	Шумадијски		sr	
6326d75ad3d2ea52223dc170be1744efabe5f83e18571413d84a4a7fcd4b632895e458656b35435e0ca03d9deb770729f75cc647cac817b1797d5295715aaa54	common_voice_sr_35085526.mp3	aff381cd6e309d0a75ee1a960433168b76b3b75a2f3e4f5c8e85b5bec76dd1da	И нема је.		4	0	thirties	male_masculine	Шумадијски		sr	
6326d75ad3d2ea52223dc170be1744efabe5f83e18571413d84a4a7fcd4b632895e458656b35435e0ca03d9deb770729f75cc647cac817b1797d5295715aaa54	common_voice_sr_35085532.mp3	943b1f031c25744357f30534f8ffca4e0b17afb0e3c3418b995806c93873e094	То је сада.		4	0	thirties	male_masculine	Шумадијски		sr	
6326d75ad3d2ea52223dc170be1744efabe5f83e18571413d84a4a7fcd4b632895e458656b35435e0ca03d9deb770729f75cc647cac817b1797d5295715aaa54	common_voice_sr_35085533.mp3	c60e465edbe17f7dbe7dce6684c55636721ca3cdc27a958cd0985fe0a1d050fc	Ово су те.		4	0	thirties	male_masculine	Шумадијски		sr	
6326d75ad3d2ea52223dc170be1744efabe5f83e18571413d84a4a7fcd4b632895e458656b35435e0ca03d9deb770729f75cc647cac817b1797d5295715aaa54	common_voice_sr_35085534.mp3	c9d7a3d5e413cf8b9f75be72de5638ddc9bb868509f18e22615553cffa804f2f	Како се види?		4	0	thirties	male_masculine	Шумадијски		sr	
6326d75ad3d2ea52223dc170be1744efabe5f83e18571413d84a4a7fcd4b632895e458656b35435e0ca03d9deb770729f75cc647cac817b1797d5295715aaa54	common_voice_sr_35085536.mp3	c3a649c987986d7a1bd0bfd12ae9c6d58a7ac89b07f4d87e8c52d10c7819a0dd	Ја сам готова!		6	0	thirties	male_masculine	Шумадијски		sr	
6326d75ad3d2ea52223dc170be1744efabe5f83e18571413d84a4a7fcd4b632895e458656b35435e0ca03d9deb770729f75cc647cac817b1797d5295715aaa54	common_voice_sr_35085537.mp3	7da3dca6fa8f96b31347317056537bd9438f4547a396f7a0cdb27225922658da	Међутим нови попис није био ослобођен контроверзи.		4	0	thirties	male_masculine	Шумадијски		sr	
6326d75ad3d2ea52223dc170be1744efabe5f83e18571413d84a4a7fcd4b632895e458656b35435e0ca03d9deb770729f75cc647cac817b1797d5295715aaa54	common_voice_sr_35085547.mp3	c1c79f276597a1f29e739f58acd999dbbb1eb0e2c7b35207a660977b49691f3d	Његов син је.		4	0	thirties	male_masculine	Шумадијски		sr	
6326d75ad3d2ea52223dc170be1744efabe5f83e18571413d84a4a7fcd4b632895e458656b35435e0ca03d9deb770729f75cc647cac817b1797d5295715aaa54	common_voice_sr_35085548.mp3	b54ab499acde1df3bf08be0fb7d3f7e799fae524671758e77931396ad0e5978a	А, ено га!		4	0	thirties	male_masculine	Шумадијски		sr	
6326d75ad3d2ea52223dc170be1744efabe5f83e18571413d84a4a7fcd4b632895e458656b35435e0ca03d9deb770729f75cc647cac817b1797d5295715aaa54	common_voice_sr_35085549.mp3	bea474589f1268b0568d651876297b85246b43687c2d2e1478d327b1ae679c5e	О, како не.		4	0	thirties	male_masculine	Шумадијски		sr	
6326d75ad3d2ea52223dc170be1744efabe5f83e18571413d84a4a7fcd4b632895e458656b35435e0ca03d9deb770729f75cc647cac817b1797d5295715aaa54	common_voice_sr_35085550.mp3	c4538a8c23293b296a976a9c8f86fe1aba42b2b97e105612877cf8e18548d524	Ма истина је.		4	0	thirties	male_masculine	Шумадијски		sr	
6326d75ad3d2ea52223dc170be1744efabe5f83e18571413d84a4a7fcd4b632895e458656b35435e0ca03d9deb770729f75cc647cac817b1797d5295715aaa54	common_voice_sr_35085551.mp3	c790e7270063fce374cf4c56487b43f3c6c8c344676b21ce27ed659f2035bf43	Па, шта да радим?		4	0	thirties	male_masculine	Шумадијски		sr	
6326d75ad3d2ea52223dc170be1744efabe5f83e18571413d84a4a7fcd4b632895e458656b35435e0ca03d9deb770729f75cc647cac817b1797d5295715aaa54	common_voice_sr_35085552.mp3	c109c7224b9bb11def87fe45fd1ac63caec00b7c720a3de75b19b3726c8e6e16	Ни у ста!		4	2	thirties	male_masculine	Шумадијски		sr	
6326d75ad3d2ea52223dc170be1744efabe5f83e18571413d84a4a7fcd4b632895e458656b35435e0ca03d9deb770729f75cc647cac817b1797d5295715aaa54	common_voice_sr_35085553.mp3	c5c17176029bfdc39fb4e8cb8f329ac2f9579e5d56c6f4b17e7cadec22120297	Па шта да радим?		4	2	thirties	male_masculine	Шумадијски		sr	
6326d75ad3d2ea52223dc170be1744efabe5f83e18571413d84a4a7fcd4b632895e458656b35435e0ca03d9deb770729f75cc647cac817b1797d5295715aaa54	common_voice_sr_35085554.mp3	b2b12d25ca86487148522374f2e2417f42c274a3d813a57f777277429aa4cf21	Возач брзог аутомобила је претекао све остале на путу.		4	0	thirties	male_masculine	Шумадијски		sr	
6326d75ad3d2ea52223dc170be1744efabe5f83e18571413d84a4a7fcd4b632895e458656b35435e0ca03d9deb770729f75cc647cac817b1797d5295715aaa54	common_voice_sr_35085555.mp3	ce774917d801407e0525f3ef6b2f2c044113f8741c245df346ea4b920c9c694c	Је ли истина.		8	0	thirties	male_masculine	Шумадијски		sr	
6326d75ad3d2ea52223dc170be1744efabe5f83e18571413d84a4a7fcd4b632895e458656b35435e0ca03d9deb770729f75cc647cac817b1797d5295715aaa54	common_voice_sr_35085556.mp3	beada5e56cc00d9d2d9f8b3828445bbce76a401483f0f6311f24f7608d5dd22f	А ја вас.		4	0	thirties	male_masculine	Шумадијски		sr	
6326d75ad3d2ea52223dc170be1744efabe5f83e18571413d84a4a7fcd4b632895e458656b35435e0ca03d9deb770729f75cc647cac817b1797d5295715aaa54	common_voice_sr_35085563.mp3	a981b5ffdcc79dfce32a9c5ee3cbd152695f91552c15ee3ee7b1dc71c13bb8b5	Направили смо избор.		6	0	thirties	male_masculine	Шумадијски		sr	
6326d75ad3d2ea52223dc170be1744efabe5f83e18571413d84a4a7fcd4b632895e458656b35435e0ca03d9deb770729f75cc647cac817b1797d5295715aaa54	common_voice_sr_35085564.mp3	d17ef768d8619aa39118a104555d3eb36248207d5ab02f358d9c39eea02fd88e	Да вас види.		4	0	thirties	male_masculine	Шумадијски		sr	
6326d75ad3d2ea52223dc170be1744efabe5f83e18571413d84a4a7fcd4b632895e458656b35435e0ca03d9deb770729f75cc647cac817b1797d5295715aaa54	common_voice_sr_35085565.mp3	b09a0b563e9585dd872762ef8b07f7d0c2cf80083da0f75a2a4ad01b4c440a8e	О, шта има?		4	0	thirties	male_masculine	Шумадијски		sr	
6326d75ad3d2ea52223dc170be1744efabe5f83e18571413d84a4a7fcd4b632895e458656b35435e0ca03d9deb770729f75cc647cac817b1797d5295715aaa54	common_voice_sr_35085566.mp3	c859df775ce6680455e88adcc6ff66fcc8ee2c67a52a619f9d17765ff8d8fe47	Мора тако да буде.		4	0	thirties	male_masculine	Шумадијски		sr	
6326d75ad3d2ea52223dc170be1744efabe5f83e18571413d84a4a7fcd4b632895e458656b35435e0ca03d9deb770729f75cc647cac817b1797d5295715aaa54	common_voice_sr_35085567.mp3	cf79e5afa2e06934de9b9ca40412cd6ca362213dead8a51732ecba3d6ac3be49	То је више!		4	0	thirties	male_masculine	Шумадијски		sr	
6326d75ad3d2ea52223dc170be1744efabe5f83e18571413d84a4a7fcd4b632895e458656b35435e0ca03d9deb770729f75cc647cac817b1797d5295715aaa54	common_voice_sr_35085568.mp3	c54fdd5fe7d9258bf330aa06e74850f8a438d9f6a928286c70feec83edd2a4fa	Да ти кажем нешто?		4	0	thirties	male_masculine	Шумадијски		sr	
6326d75ad3d2ea52223dc170be1744efabe5f83e18571413d84a4a7fcd4b632895e458656b35435e0ca03d9deb770729f75cc647cac817b1797d5295715aaa54	common_voice_sr_35085569.mp3	c9a013459d23464fa89274310e1810df684654aeb457975aaa286e1ed988d9db	А и ја сам.		4	0	thirties	male_masculine	Шумадијски		sr	
6326d75ad3d2ea52223dc170be1744efabe5f83e18571413d84a4a7fcd4b632895e458656b35435e0ca03d9deb770729f75cc647cac817b1797d5295715aaa54	common_voice_sr_35085570.mp3	71802429784ea08bfed197c0489091c9ef42b1526b8930d0a99cdb644da273df	То је трагедија.		4	0	thirties	male_masculine	Шумадијски		sr	
6326d75ad3d2ea52223dc170be1744efabe5f83e18571413d84a4a7fcd4b632895e458656b35435e0ca03d9deb770729f75cc647cac817b1797d5295715aaa54	common_voice_sr_35085571.mp3	c7da6616a6ae85228988b7eb926c210379aa8fc2c9e8f912987c2c139121513b	Дубровачке летње игре.		4	0	thirties	male_masculine	Шумадијски		sr	
6326d75ad3d2ea52223dc170be1744efabe5f83e18571413d84a4a7fcd4b632895e458656b35435e0ca03d9deb770729f75cc647cac817b1797d5295715aaa54	common_voice_sr_35085577.mp3	ca28141953b314008dc56ada11290b5afb0c3ea1355acd480b504580551a6fa6	Ево ти на.		4	0	thirties	male_masculine	Шумадијски		sr	
6326d75ad3d2ea52223dc170be1744efabe5f83e18571413d84a4a7fcd4b632895e458656b35435e0ca03d9deb770729f75cc647cac817b1797d5295715aaa54	common_voice_sr_35085578.mp3	beee701b99946590a637128529995917b8ac9e280e2a7284a0a9a7e9bc6eca24	Па не може.		4	0	thirties	male_masculine	Шумадијски		sr	
6326d75ad3d2ea52223dc170be1744efabe5f83e18571413d84a4a7fcd4b632895e458656b35435e0ca03d9deb770729f75cc647cac817b1797d5295715aaa54	common_voice_sr_35085579.mp3	ceda702f6e394bffedd37684efff7f2ae1bdec25fcc7f09439691caf41d1f968	Не видим у чему је проблем.		4	2	thirties	male_masculine	Шумадијски		sr	
6326d75ad3d2ea52223dc170be1744efabe5f83e18571413d84a4a7fcd4b632895e458656b35435e0ca03d9deb770729f75cc647cac817b1797d5295715aaa54	common_voice_sr_35085580.mp3	8a9996c4ac1c7fd1f90901ce8ece628c6a7b1e42ff02c25dbb854d4baa949d0b	Било их је.		4	0	thirties	male_masculine	Шумадијски		sr	
6326d75ad3d2ea52223dc170be1744efabe5f83e18571413d84a4a7fcd4b632895e458656b35435e0ca03d9deb770729f75cc647cac817b1797d5295715aaa54	common_voice_sr_35085581.mp3	9a24446eaced4a1e9b5db16b0d662969c2d0ef881c5475c4c159e78147b848f6	Они имају среће.		4	0	thirties	male_masculine	Шумадијски		sr	
6326d75ad3d2ea52223dc170be1744efabe5f83e18571413d84a4a7fcd4b632895e458656b35435e0ca03d9deb770729f75cc647cac817b1797d5295715aaa54	common_voice_sr_35085582.mp3	b8e16e28b56a7bb57e6fa8a133b5bec7dde9e7b658cad56ab5ac74d6d93a98ac	Све је то обмана.		4	2	thirties	male_masculine	Шумадијски		sr	
6326d75ad3d2ea52223dc170be1744efabe5f83e18571413d84a4a7fcd4b632895e458656b35435e0ca03d9deb770729f75cc647cac817b1797d5295715aaa54	common_voice_sr_35085583.mp3	c8f67828f089a09a27c46a2f24fb8df5c51889aad56eaf9ed0631f1663fe939a	Шта није у реду?		4	0	thirties	male_masculine	Шумадијски		sr	
6326d75ad3d2ea52223dc170be1744efabe5f83e18571413d84a4a7fcd4b632895e458656b35435e0ca03d9deb770729f75cc647cac817b1797d5295715aaa54	common_voice_sr_35085584.mp3	a4d77921eed00603d6a936b39d626e6dcb59a4d14adcce724e04ff11dfeac595	Не мења ствар.		4	0	thirties	male_masculine	Шумадијски		sr	
6326d75ad3d2ea52223dc170be1744efabe5f83e18571413d84a4a7fcd4b632895e458656b35435e0ca03d9deb770729f75cc647cac817b1797d5295715aaa54	common_voice_sr_35085596.mp3	cde50fa1f23daa56d2a829a4eecd28c8494efe940c7ea092494405c944a9de30	Устаните, молим вас.		4	0	thirties	male_masculine	Шумадијски		sr	
6326d75ad3d2ea52223dc170be1744efabe5f83e18571413d84a4a7fcd4b632895e458656b35435e0ca03d9deb770729f75cc647cac817b1797d5295715aaa54	common_voice_sr_35085597.mp3	a96b42d2dc2547b2fcfab9143a839511ca4eb6f99542ce32680b2f06454b8bdd	А ти знаш.		4	0	thirties	male_masculine	Шумадијски		sr	
6326d75ad3d2ea52223dc170be1744efabe5f83e18571413d84a4a7fcd4b632895e458656b35435e0ca03d9deb770729f75cc647cac817b1797d5295715aaa54	common_voice_sr_35085598.mp3	d22350d37ea7691520dd4c01b17d4d84f9112af6839f45713d58023a3672941f	Ипак, решила је да покуша.		6	0	thirties	male_masculine	Шумадијски		sr	
6326d75ad3d2ea52223dc170be1744efabe5f83e18571413d84a4a7fcd4b632895e458656b35435e0ca03d9deb770729f75cc647cac817b1797d5295715aaa54	common_voice_sr_35085599.mp3	9cb97ab7a5b59e5af8fefe7ad74e590ebfd87491ebee33066bae40cc921d8292	Спремни смо да вам помогнемо.		4	0	thirties	male_masculine	Шумадијски		sr	
6326d75ad3d2ea52223dc170be1744efabe5f83e18571413d84a4a7fcd4b632895e458656b35435e0ca03d9deb770729f75cc647cac817b1797d5295715aaa54	common_voice_sr_35085600.mp3	b1db099abf6f2035a2b699a518fdec69b1da5b02a034166bc58c79d735bb999b	Ах, врло добро.		4	0	thirties	male_masculine	Шумадијски		sr	
6326d75ad3d2ea52223dc170be1744efabe5f83e18571413d84a4a7fcd4b632895e458656b35435e0ca03d9deb770729f75cc647cac817b1797d5295715aaa54	common_voice_sr_35086331.mp3	d7fdabc87c68b885a66c6be67bdcecb089817cf5471fad1fc12942f03af807ae	Јеси ли ти?		4	0	thirties	male_masculine	Шумадијски		sr	
6326d75ad3d2ea52223dc170be1744efabe5f83e18571413d84a4a7fcd4b632895e458656b35435e0ca03d9deb770729f75cc647cac817b1797d5295715aaa54	common_voice_sr_35086332.mp3	cd0732a9c0a53643c614f3663c8319c30082dfd20ba0ce55b33de7819229439d	А зашто бисмо?		4	0	thirties	male_masculine	Шумадијски		sr	
6326d75ad3d2ea52223dc170be1744efabe5f83e18571413d84a4a7fcd4b632895e458656b35435e0ca03d9deb770729f75cc647cac817b1797d5295715aaa54	common_voice_sr_35086333.mp3	7bd4321da6480e99153b71e1f753ed7d4a9982ae84283aff4624a0930fd21916	Добра и зла.		4	0	thirties	male_masculine	Шумадијски		sr	
6326d75ad3d2ea52223dc170be1744efabe5f83e18571413d84a4a7fcd4b632895e458656b35435e0ca03d9deb770729f75cc647cac817b1797d5295715aaa54	common_voice_sr_35086334.mp3	c01cd2216b6ff0e580068af85cf2508144c1e52a2eeb2573055b614c27849d45	Било је страшно.		6	0	thirties	male_masculine	Шумадијски		sr	
6326d75ad3d2ea52223dc170be1744efabe5f83e18571413d84a4a7fcd4b632895e458656b35435e0ca03d9deb770729f75cc647cac817b1797d5295715aaa54	common_voice_sr_35086335.mp3	c18db46ed5fb6423290b60530fbae031e667de03f95ddd3fb880f42226f895be	То је предуслов.		6	0	thirties	male_masculine	Шумадијски		sr	
6326d75ad3d2ea52223dc170be1744efabe5f83e18571413d84a4a7fcd4b632895e458656b35435e0ca03d9deb770729f75cc647cac817b1797d5295715aaa54	common_voice_sr_35086336.mp3	b59e0df661c7b0f29206cd465a05c9c02fbb1831ff178526c92a304eb4ba95d4	То не може бити?		4	0	thirties	male_masculine	Шумадијски		sr	
6326d75ad3d2ea52223dc170be1744efabe5f83e18571413d84a4a7fcd4b632895e458656b35435e0ca03d9deb770729f75cc647cac817b1797d5295715aaa54	common_voice_sr_35086337.mp3	d46cb1a8ed39e9143be993af59a2f5b2944c525537cb2b3f19bd93dcaba93b72	Већ је скоро два сата.		4	0	thirties	male_masculine	Шумадијски		sr	
6326d75ad3d2ea52223dc170be1744efabe5f83e18571413d84a4a7fcd4b632895e458656b35435e0ca03d9deb770729f75cc647cac817b1797d5295715aaa54	common_voice_sr_35086338.mp3	d0ea6339eb59aa7ef49aef1a4e4caeb0ed2f699ff2fbe987f73a02c0862f4666	Али не могу.		4	2	thirties	male_masculine	Шумадијски		sr	
6326d75ad3d2ea52223dc170be1744efabe5f83e18571413d84a4a7fcd4b632895e458656b35435e0ca03d9deb770729f75cc647cac817b1797d5295715aaa54	common_voice_sr_35086339.mp3	cc129dd34b6b874d98291bd7ce3e7d10aa764d6760014d9bd6eac5b40ccac6bc	Што си ти?		4	0	thirties	male_masculine	Шумадијски		sr	
6326d75ad3d2ea52223dc170be1744efabe5f83e18571413d84a4a7fcd4b632895e458656b35435e0ca03d9deb770729f75cc647cac817b1797d5295715aaa54	common_voice_sr_35086340.mp3	d383249a581b3691b9f8c5132d0a6cd4c6bb2b209e2bff52ca7635ea95ec8a8b	Економски раст се наставио, очигледно неослабљен.		4	0	thirties	male_masculine	Шумадијски		sr	
6326d75ad3d2ea52223dc170be1744efabe5f83e18571413d84a4a7fcd4b632895e458656b35435e0ca03d9deb770729f75cc647cac817b1797d5295715aaa54	common_voice_sr_35086341.mp3	c6dea1d6a023e59f003c6f784d91f83a68377491d5a96d628ae7063f4c02352f	И нашао сам те.		4	0	thirties	male_masculine	Шумадијски		sr	
6326d75ad3d2ea52223dc170be1744efabe5f83e18571413d84a4a7fcd4b632895e458656b35435e0ca03d9deb770729f75cc647cac817b1797d5295715aaa54	common_voice_sr_35086342.mp3	c1b65dbb727711d2c83e38f2dfcc805c87b49d0105faee3e693d8214966318a4	По други пут.		4	0	thirties	male_masculine	Шумадијски		sr	
6326d75ad3d2ea52223dc170be1744efabe5f83e18571413d84a4a7fcd4b632895e458656b35435e0ca03d9deb770729f75cc647cac817b1797d5295715aaa54	common_voice_sr_35086343.mp3	d261c7b6b370d08f2f5d73d369df09252a15b96363828dd46f1f2ea79916c282	Већина турских грађана већ је изгубила интересовање.		4	0	thirties	male_masculine	Шумадијски		sr	
6326d75ad3d2ea52223dc170be1744efabe5f83e18571413d84a4a7fcd4b632895e458656b35435e0ca03d9deb770729f75cc647cac817b1797d5295715aaa54	common_voice_sr_35086344.mp3	d2aaf3ecd025aaf195711c7bfa10cb8b01da6fb2b28ba5c5b78e7c4f15aaedb9	Бизитек је специјализован за подршку пословним системима.		4	0	thirties	male_masculine	Шумадијски		sr	
6326d75ad3d2ea52223dc170be1744efabe5f83e18571413d84a4a7fcd4b632895e458656b35435e0ca03d9deb770729f75cc647cac817b1797d5295715aaa54	common_voice_sr_35086345.mp3	d074a9b515c3b95409fb4232fd0607c271e79cba730301b70a192a417498f213	У мојој продици нико не носи наочаре.		4	0	thirties	male_masculine	Шумадијски		sr	
6326d75ad3d2ea52223dc170be1744efabe5f83e18571413d84a4a7fcd4b632895e458656b35435e0ca03d9deb770729f75cc647cac817b1797d5295715aaa54	common_voice_sr_35086361.mp3	9afe7cc3698eb290735e417e8e85e193df9e329fea8a1512bfcfd17b456963f3	Па ти си.		4	0	thirties	male_masculine	Шумадијски		sr	
6326d75ad3d2ea52223dc170be1744efabe5f83e18571413d84a4a7fcd4b632895e458656b35435e0ca03d9deb770729f75cc647cac817b1797d5295715aaa54	common_voice_sr_35086362.mp3	d712fb13b1cb275266aec4c81d6ea2f8d35a4c81f9f061d91621a566a8d05186	То је било.		6	0	thirties	male_masculine	Шумадијски		sr	
6326d75ad3d2ea52223dc170be1744efabe5f83e18571413d84a4a7fcd4b632895e458656b35435e0ca03d9deb770729f75cc647cac817b1797d5295715aaa54	common_voice_sr_35086363.mp3	d773a7637b59f023392652fde99bc78d128f4106c03108bc8761e70e0b9f2fb3	Могла би се чак направити и статистика тих мојих подвига.		6	0	thirties	male_masculine	Шумадијски		sr	
6326d75ad3d2ea52223dc170be1744efabe5f83e18571413d84a4a7fcd4b632895e458656b35435e0ca03d9deb770729f75cc647cac817b1797d5295715aaa54	common_voice_sr_35086364.mp3	ca78d8edb2a84760d4f1357cfdd699d58ca708b327601b68fdb3e286405a3d8d	И на које се системе мисли?		4	0	thirties	male_masculine	Шумадијски		sr	
6326d75ad3d2ea52223dc170be1744efabe5f83e18571413d84a4a7fcd4b632895e458656b35435e0ca03d9deb770729f75cc647cac817b1797d5295715aaa54	common_voice_sr_35086365.mp3	d3ffb90a618e726b9db4cf23442d75722c2d039e0b50ade0510c21844c92057d	Обећала је да ће свратити око један.		4	0	thirties	male_masculine	Шумадијски		sr	
6326d75ad3d2ea52223dc170be1744efabe5f83e18571413d84a4a7fcd4b632895e458656b35435e0ca03d9deb770729f75cc647cac817b1797d5295715aaa54	common_voice_sr_35086375.mp3	cd648ce1f924e837cc608bda955aef94a3aa15304a73f2c9a7fc282d4dc274a3	А, хвала вам!		4	0	thirties	male_masculine	Шумадијски		sr	
6326d75ad3d2ea52223dc170be1744efabe5f83e18571413d84a4a7fcd4b632895e458656b35435e0ca03d9deb770729f75cc647cac817b1797d5295715aaa54	common_voice_sr_35086376.mp3	b5d30a55d93e28886c46cdc5a42b07b61439c12ea71b02b8668daefce470fb65	Морамо о томе?		4	0	thirties	male_masculine	Шумадијски		sr	
6326d75ad3d2ea52223dc170be1744efabe5f83e18571413d84a4a7fcd4b632895e458656b35435e0ca03d9deb770729f75cc647cac817b1797d5295715aaa54	common_voice_sr_35086377.mp3	cfb50078b67646dde7b2bceb64e6b6f8ad287642e6e06c879738868404cd23ea	Ја волим то.		4	0	thirties	male_masculine	Шумадијски		sr	
6326d75ad3d2ea52223dc170be1744efabe5f83e18571413d84a4a7fcd4b632895e458656b35435e0ca03d9deb770729f75cc647cac817b1797d5295715aaa54	common_voice_sr_35086379.mp3	d3a962aec7603c20c8e40f0eef5cbc946634247f47edcf6714322948ef9d7e69	То су трагови.		4	0	thirties	male_masculine	Шумадијски		sr	
6326d75ad3d2ea52223dc170be1744efabe5f83e18571413d84a4a7fcd4b632895e458656b35435e0ca03d9deb770729f75cc647cac817b1797d5295715aaa54	common_voice_sr_35086380.mp3	aa54a6ea59e3a80272bf069332c4fdcb8faa1003d342e4ef95b27f095dd1c36f	А, па то је.		4	0	thirties	male_masculine	Шумадијски		sr	
6326d75ad3d2ea52223dc170be1744efabe5f83e18571413d84a4a7fcd4b632895e458656b35435e0ca03d9deb770729f75cc647cac817b1797d5295715aaa54	common_voice_sr_35086460.mp3	a7d68d24c4a9680be9000bd90f66fd06b92bf5cb563baa21febefa8fb0d69361	У једном тренутку?		4	0	thirties	male_masculine	Шумадијски		sr	
6326d75ad3d2ea52223dc170be1744efabe5f83e18571413d84a4a7fcd4b632895e458656b35435e0ca03d9deb770729f75cc647cac817b1797d5295715aaa54	common_voice_sr_35086461.mp3	ac35eff14881e98abd202dc68c186542dd51ee5ef7e2dc300db38ee3d280fc14	Ја не знам.		4	0	thirties	male_masculine	Шумадијски		sr	
6326d75ad3d2ea52223dc170be1744efabe5f83e18571413d84a4a7fcd4b632895e458656b35435e0ca03d9deb770729f75cc647cac817b1797d5295715aaa54	common_voice_sr_35086462.mp3	ce62bf8cf88d184e7ac6d2bf5cc8ba23bb213fe733a93c62c17e29a9f0838785	На којој су људи?		4	0	thirties	male_masculine	Шумадијски		sr	
6326d75ad3d2ea52223dc170be1744efabe5f83e18571413d84a4a7fcd4b632895e458656b35435e0ca03d9deb770729f75cc647cac817b1797d5295715aaa54	common_voice_sr_35086463.mp3	8ee5044608b55d3a27f61bfb56e87d30a0d87476766b37c84966e08237f764cf	Он је мој.		4	0	thirties	male_masculine	Шумадијски		sr	
6326d75ad3d2ea52223dc170be1744efabe5f83e18571413d84a4a7fcd4b632895e458656b35435e0ca03d9deb770729f75cc647cac817b1797d5295715aaa54	common_voice_sr_35086464.mp3	d29ec51b99fde3344901738198796afca6c8412469693640fc5815b260a81ac8	Тадић је звезда у успону.		6	0	thirties	male_masculine	Шумадијски		sr	
6326d75ad3d2ea52223dc170be1744efabe5f83e18571413d84a4a7fcd4b632895e458656b35435e0ca03d9deb770729f75cc647cac817b1797d5295715aaa54	common_voice_sr_35086474.mp3	a48bdeedb131dc30cf739819f135a10a4a5ded6275bae038b0beb4ac4435b548	Шта ће бити?		4	0	thirties	male_masculine	Шумадијски		sr	
6326d75ad3d2ea52223dc170be1744efabe5f83e18571413d84a4a7fcd4b632895e458656b35435e0ca03d9deb770729f75cc647cac817b1797d5295715aaa54	common_voice_sr_35086475.mp3	9c28ae27e8a054d57036c5519c75b2a8054864a967f1d52b7e147e92121cd26b	Ви не разумете?		4	0	thirties	male_masculine	Шумадијски		sr	
6326d75ad3d2ea52223dc170be1744efabe5f83e18571413d84a4a7fcd4b632895e458656b35435e0ca03d9deb770729f75cc647cac817b1797d5295715aaa54	common_voice_sr_35086476.mp3	d54f18a643c8aebbdb3a99004e29cb21a5b4ec88dee0acbb8a3ef8bc14ae77e6	Само, молим вас.		4	0	thirties	male_masculine	Шумадијски		sr	
6326d75ad3d2ea52223dc170be1744efabe5f83e18571413d84a4a7fcd4b632895e458656b35435e0ca03d9deb770729f75cc647cac817b1797d5295715aaa54	common_voice_sr_35086477.mp3	c11479ef512a1bea01f00c055d7b9dbd431da12a3954aca10724ac1b88d7635a	То је твој посао?		4	0	thirties	male_masculine	Шумадијски		sr	
6326d75ad3d2ea52223dc170be1744efabe5f83e18571413d84a4a7fcd4b632895e458656b35435e0ca03d9deb770729f75cc647cac817b1797d5295715aaa54	common_voice_sr_35086478.mp3	ada784f68e9b1e082b7f4f1abc0d3bd2c8c0b4142048614a88f5133c27da2ac5	Не зна то.		4	0	thirties	male_masculine	Шумадијски		sr	
6326d75ad3d2ea52223dc170be1744efabe5f83e18571413d84a4a7fcd4b632895e458656b35435e0ca03d9deb770729f75cc647cac817b1797d5295715aaa54	common_voice_sr_35086509.mp3	d17d6d969a70a2d28d6d441bde0adc8f9f906276c9305eea1a948932085e8db1	А, где је?		4	0	thirties	male_masculine	Шумадијски		sr	
6326d75ad3d2ea52223dc170be1744efabe5f83e18571413d84a4a7fcd4b632895e458656b35435e0ca03d9deb770729f75cc647cac817b1797d5295715aaa54	common_voice_sr_35086510.mp3	bd44e3b0a3cf65365b26229d56de4a24b7d30d8f0029d668ba388ff4c6998a0f	То си ти.		4	0	thirties	male_masculine	Шумадијски		sr	
6326d75ad3d2ea52223dc170be1744efabe5f83e18571413d84a4a7fcd4b632895e458656b35435e0ca03d9deb770729f75cc647cac817b1797d5295715aaa54	common_voice_sr_35086511.mp3	d197cecb2b12d73e65fe721d26169435f87a9aec37146b22b3e7652637a0526c	Не знаш како ми је.		4	0	thirties	male_masculine	Шумадијски		sr	
6326d75ad3d2ea52223dc170be1744efabe5f83e18571413d84a4a7fcd4b632895e458656b35435e0ca03d9deb770729f75cc647cac817b1797d5295715aaa54	common_voice_sr_35086512.mp3	a8ab4b3b17b99d8621aa1aced310494d36763f7ae1abcad66e62419b0a6c1058	Е, знаш шта?		4	0	thirties	male_masculine	Шумадијски		sr	
6326d75ad3d2ea52223dc170be1744efabe5f83e18571413d84a4a7fcd4b632895e458656b35435e0ca03d9deb770729f75cc647cac817b1797d5295715aaa54	common_voice_sr_35086513.mp3	cda8fff7f50436811f6cc6b6d97afefaea8bf87758214850acab143ce4e72747	А ову девојку?		4	0	thirties	male_masculine	Шумадијски		sr	
6326d75ad3d2ea52223dc170be1744efabe5f83e18571413d84a4a7fcd4b632895e458656b35435e0ca03d9deb770729f75cc647cac817b1797d5295715aaa54	common_voice_sr_35086524.mp3	9869ea1a642f9a4c168cdc0fea6fa3319ca82428f55ca34ba5701b96f4c6eb78	То је њихова одлука.		4	0	thirties	male_masculine	Шумадијски		sr	
6326d75ad3d2ea52223dc170be1744efabe5f83e18571413d84a4a7fcd4b632895e458656b35435e0ca03d9deb770729f75cc647cac817b1797d5295715aaa54	common_voice_sr_35086525.mp3	d582e4289c6b873baeb76e9c4478cb4d9e834009c867545355fdbb2d854b459a	Али, не још.		4	0	thirties	male_masculine	Шумадијски		sr	
6326d75ad3d2ea52223dc170be1744efabe5f83e18571413d84a4a7fcd4b632895e458656b35435e0ca03d9deb770729f75cc647cac817b1797d5295715aaa54	common_voice_sr_35086526.mp3	abaaab14b042e6958ee249a12c54fcf5c4ae52963be91cb5d0116ecdf4d9f4e4	То је истина!		4	0	thirties	male_masculine	Шумадијски		sr	
6326d75ad3d2ea52223dc170be1744efabe5f83e18571413d84a4a7fcd4b632895e458656b35435e0ca03d9deb770729f75cc647cac817b1797d5295715aaa54	common_voice_sr_35086527.mp3	cd7eae649a82b4a67dc9fa5f90a0a8762e5064a53d444b02f2d4d89e09b8a4b4	Ја сам, ја сам.		4	0	thirties	male_masculine	Шумадијски		sr	
6326d75ad3d2ea52223dc170be1744efabe5f83e18571413d84a4a7fcd4b632895e458656b35435e0ca03d9deb770729f75cc647cac817b1797d5295715aaa54	common_voice_sr_35086528.mp3	ae6a9aca0eaf2ad9122c7faf4d8f66438ae9aa0029ae4a1c2019de044841e238	Који су први?		4	0	thirties	male_masculine	Шумадијски		sr	
6326d75ad3d2ea52223dc170be1744efabe5f83e18571413d84a4a7fcd4b632895e458656b35435e0ca03d9deb770729f75cc647cac817b1797d5295715aaa54	common_voice_sr_35086874.mp3	ad353bd772990af530ae74c0653663f36af2e95feacfbffff3be18e28b2b979a	Ја сам све.		4	0	thirties	male_masculine	Шумадијски		sr	
6326d75ad3d2ea52223dc170be1744efabe5f83e18571413d84a4a7fcd4b632895e458656b35435e0ca03d9deb770729f75cc647cac817b1797d5295715aaa54	common_voice_sr_35086875.mp3	dc823397c983dbdbccb0eca6dabe3ce8b3a54845d89fd62991bdbd2489fb8991	Није ни та.		4	0	thirties	male_masculine	Шумадијски		sr	
6326d75ad3d2ea52223dc170be1744efabe5f83e18571413d84a4a7fcd4b632895e458656b35435e0ca03d9deb770729f75cc647cac817b1797d5295715aaa54	common_voice_sr_35086876.mp3	d1f352e472981fd2b1873cbb79a18f2d4704f619cf3a995e7e823b1421afd42c	Али, јавност јесте.		6	0	thirties	male_masculine	Шумадијски		sr	
6326d75ad3d2ea52223dc170be1744efabe5f83e18571413d84a4a7fcd4b632895e458656b35435e0ca03d9deb770729f75cc647cac817b1797d5295715aaa54	common_voice_sr_35086877.mp3	b026b5c4285499c5ef19553c07503bab80029a603512bc25041af4c8eab2382c	А шта смо ми?		4	0	thirties	male_masculine	Шумадијски		sr	
6326d75ad3d2ea52223dc170be1744efabe5f83e18571413d84a4a7fcd4b632895e458656b35435e0ca03d9deb770729f75cc647cac817b1797d5295715aaa54	common_voice_sr_35086878.mp3	c9d5454b0be75a33e422e45c143322546998531574e973104ca8937b95da4311	У ствари, не!		6	0	thirties	male_masculine	Шумадијски		sr	
6326d75ad3d2ea52223dc170be1744efabe5f83e18571413d84a4a7fcd4b632895e458656b35435e0ca03d9deb770729f75cc647cac817b1797d5295715aaa54	common_voice_sr_35098147.mp3	e6ea02d8d7947fc6ca2b7d4085d8771dab21a331917554a1643db267c0cc967b	И на њу.		4	0	thirties	male_masculine	Шумадијски		sr	
6326d75ad3d2ea52223dc170be1744efabe5f83e18571413d84a4a7fcd4b632895e458656b35435e0ca03d9deb770729f75cc647cac817b1797d5295715aaa54	common_voice_sr_35098148.mp3	ce98e013fc2884e8e84a4814450088d5b26078ae1ca60025c3fd996ac93d285e	Напет сам до краја.		4	0	thirties	male_masculine	Шумадијски		sr	
6326d75ad3d2ea52223dc170be1744efabe5f83e18571413d84a4a7fcd4b632895e458656b35435e0ca03d9deb770729f75cc647cac817b1797d5295715aaa54	common_voice_sr_35098150.mp3	c75b191dfd6e22c34b69bddfed714aa94ef157e5b2dec600b6347a45e2835c46	И што је још горе.		4	0	thirties	male_masculine	Шумадијски		sr	
6326d75ad3d2ea52223dc170be1744efabe5f83e18571413d84a4a7fcd4b632895e458656b35435e0ca03d9deb770729f75cc647cac817b1797d5295715aaa54	common_voice_sr_35098151.mp3	d3645e81cc84016b90033fba400a817b00d7ddf1bd54b84d6a3dc668ee3ffb39	Ту не говоримо о неколицини, него о хиљадама.		4	0	thirties	male_masculine	Шумадијски		sr	
6326d75ad3d2ea52223dc170be1744efabe5f83e18571413d84a4a7fcd4b632895e458656b35435e0ca03d9deb770729f75cc647cac817b1797d5295715aaa54	common_voice_sr_35098162.mp3	d07d463596faf8817eac31fee70a76e0a35bf576f6ac9f5d7f41339b6be8c026	Боље је немати, него отимати.		4	0	thirties	male_masculine	Шумадијски		sr	
6326d75ad3d2ea52223dc170be1744efabe5f83e18571413d84a4a7fcd4b632895e458656b35435e0ca03d9deb770729f75cc647cac817b1797d5295715aaa54	common_voice_sr_35098163.mp3	d2400ac7e93b117da578f47c9b0296985116d15d400f2cc3717db502a95428ff	За неколико дана?		4	2	thirties	male_masculine	Шумадијски		sr	
6326d75ad3d2ea52223dc170be1744efabe5f83e18571413d84a4a7fcd4b632895e458656b35435e0ca03d9deb770729f75cc647cac817b1797d5295715aaa54	common_voice_sr_35098164.mp3	9d8f24c2b9d0139167dd5ab68b5dc7b9eba592fc7866a2b4d61fdd5edd260ed8	То није довољно.		4	0	thirties	male_masculine	Шумадијски		sr	
6326d75ad3d2ea52223dc170be1744efabe5f83e18571413d84a4a7fcd4b632895e458656b35435e0ca03d9deb770729f75cc647cac817b1797d5295715aaa54	common_voice_sr_35098165.mp3	dfb029e86b6922335a8cb35e2eb4d992d4a570d5d42bd807637359169e785980	Само ја сам.		4	0	thirties	male_masculine	Шумадијски		sr	
6326d75ad3d2ea52223dc170be1744efabe5f83e18571413d84a4a7fcd4b632895e458656b35435e0ca03d9deb770729f75cc647cac817b1797d5295715aaa54	common_voice_sr_35098166.mp3	d32fa45e55f980bbb506ab8b8d8c9411aa69fc99c594ab8d81b1dcab898260c7	И с људима.		4	0	thirties	male_masculine	Шумадијски		sr	
6326d75ad3d2ea52223dc170be1744efabe5f83e18571413d84a4a7fcd4b632895e458656b35435e0ca03d9deb770729f75cc647cac817b1797d5295715aaa54	common_voice_sr_35098167.mp3	e2c296269ea941f8721bd18d997515636a7164dc2e0924ecadd970b05a667b9c	да ли је оно само проста компилација или плод озбиљније студије		4	0	thirties	male_masculine	Шумадијски		sr	
6326d75ad3d2ea52223dc170be1744efabe5f83e18571413d84a4a7fcd4b632895e458656b35435e0ca03d9deb770729f75cc647cac817b1797d5295715aaa54	common_voice_sr_35098168.mp3	b825e2479f1591fd3d67eb408cf1a4f8d36166ff1810c7846e9997ef074ef56b	А и ви!		4	0	thirties	male_masculine	Шумадијски		sr	
6326d75ad3d2ea52223dc170be1744efabe5f83e18571413d84a4a7fcd4b632895e458656b35435e0ca03d9deb770729f75cc647cac817b1797d5295715aaa54	common_voice_sr_35098169.mp3	c637f440bee84217b5811d6b018c6ad543db29b69780aa9483cc8fe0d0c8c36f	И ти би.		4	0	thirties	male_masculine	Шумадијски		sr	
6326d75ad3d2ea52223dc170be1744efabe5f83e18571413d84a4a7fcd4b632895e458656b35435e0ca03d9deb770729f75cc647cac817b1797d5295715aaa54	common_voice_sr_35098170.mp3	e78cad67fe20df3987a1497d669c6fb90ffe2968c81c9759e58530d90a275b9d	Ако је потребно?		4	0	thirties	male_masculine	Шумадијски		sr	
6326d75ad3d2ea52223dc170be1744efabe5f83e18571413d84a4a7fcd4b632895e458656b35435e0ca03d9deb770729f75cc647cac817b1797d5295715aaa54	common_voice_sr_35098171.mp3	cf1e69048711dce0e96a2c170fa9e9a3c3770f15c993cdd6643285b9f46ce5bc	Ко ти каже?		4	0	thirties	male_masculine	Шумадијски		sr	
6326d75ad3d2ea52223dc170be1744efabe5f83e18571413d84a4a7fcd4b632895e458656b35435e0ca03d9deb770729f75cc647cac817b1797d5295715aaa54	common_voice_sr_35098172.mp3	e7618d5c790697c1120fffc9df9d0bc9ef264b38d62fc5968a98492ebea566ed	Ма него шта!		4	0	thirties	male_masculine	Шумадијски		sr	
6326d75ad3d2ea52223dc170be1744efabe5f83e18571413d84a4a7fcd4b632895e458656b35435e0ca03d9deb770729f75cc647cac817b1797d5295715aaa54	common_voice_sr_35098173.mp3	d8aa70b752e404c014e1707b5db2681c56a83c580939184fa7d4bd0606951839	Више их нема.		4	0	thirties	male_masculine	Шумадијски		sr	
6326d75ad3d2ea52223dc170be1744efabe5f83e18571413d84a4a7fcd4b632895e458656b35435e0ca03d9deb770729f75cc647cac817b1797d5295715aaa54	common_voice_sr_35098174.mp3	ec6ba7e60c3c8681557ef1ebb1cba1d749b94b3f34dac0a27505ecf9f137935e	Ко је био Хипократ и зашто доктори полажу његову заклетву?		4	0	thirties	male_masculine	Шумадијски		sr	
6326d75ad3d2ea52223dc170be1744efabe5f83e18571413d84a4a7fcd4b632895e458656b35435e0ca03d9deb770729f75cc647cac817b1797d5295715aaa54	common_voice_sr_35098175.mp3	ca5a26de54c31076f3c49d1ddc36b2c303ca323468162c93300efd24c3a9a945	О, ко је?		4	0	thirties	male_masculine	Шумадијски		sr	
6326d75ad3d2ea52223dc170be1744efabe5f83e18571413d84a4a7fcd4b632895e458656b35435e0ca03d9deb770729f75cc647cac817b1797d5295715aaa54	common_voice_sr_35098176.mp3	e9d80ab8945363db9aa19c74933f18e2aa518bf4f0fc2fb8ec1a41a60ceef87b	Добро урађен посао!		4	0	thirties	male_masculine	Шумадијски		sr	
6326d75ad3d2ea52223dc170be1744efabe5f83e18571413d84a4a7fcd4b632895e458656b35435e0ca03d9deb770729f75cc647cac817b1797d5295715aaa54	common_voice_sr_35098177.mp3	d30cc5043623c713174e8ee513f68dab3e7edc51a15825022c19e98b5ee0997b	О, да, би.		4	0	thirties	male_masculine	Шумадијски		sr	
6326d75ad3d2ea52223dc170be1744efabe5f83e18571413d84a4a7fcd4b632895e458656b35435e0ca03d9deb770729f75cc647cac817b1797d5295715aaa54	common_voice_sr_35098178.mp3	d6ada97f8957f428e539229b72720fa32e4120b2627562ded33fd114e81ad41f	Нису далеко одмакли.		4	0	thirties	male_masculine	Шумадијски		sr	
6326d75ad3d2ea52223dc170be1744efabe5f83e18571413d84a4a7fcd4b632895e458656b35435e0ca03d9deb770729f75cc647cac817b1797d5295715aaa54	common_voice_sr_35098179.mp3	e71954aee45b7bfe2e98eb56b7b21f15141827c023eb6ade684613c522d44987	Сама од себе.		4	0	thirties	male_masculine	Шумадијски		sr	
6326d75ad3d2ea52223dc170be1744efabe5f83e18571413d84a4a7fcd4b632895e458656b35435e0ca03d9deb770729f75cc647cac817b1797d5295715aaa54	common_voice_sr_35098180.mp3	eb21da270f021905a713b400102e06e83e8772a1cd7918dfdf5734ea96e17051	Само да вас видим.		4	0	thirties	male_masculine	Шумадијски		sr	
6326d75ad3d2ea52223dc170be1744efabe5f83e18571413d84a4a7fcd4b632895e458656b35435e0ca03d9deb770729f75cc647cac817b1797d5295715aaa54	common_voice_sr_35098181.mp3	7698805d90d3ba48739c92f1bcf3e07ec0f986ea8b6a99023f7f59cfa52d2464	А, због тога?		4	0	thirties	male_masculine	Шумадијски		sr	
6326d75ad3d2ea52223dc170be1744efabe5f83e18571413d84a4a7fcd4b632895e458656b35435e0ca03d9deb770729f75cc647cac817b1797d5295715aaa54	common_voice_sr_35098183.mp3	ee541b47d724f4e43a46e31d3ac83484357618feb2ff200d68257c5151d94ce6	Ја не могу!		4	0	thirties	male_masculine	Шумадијски		sr	
6326d75ad3d2ea52223dc170be1744efabe5f83e18571413d84a4a7fcd4b632895e458656b35435e0ca03d9deb770729f75cc647cac817b1797d5295715aaa54	common_voice_sr_35098184.mp3	eabd38f523c0bcc42a9043f33c44472a4144c7b12f8079a8ed578c048edc6067	И на време.		4	0	thirties	male_masculine	Шумадијски		sr	
6326d75ad3d2ea52223dc170be1744efabe5f83e18571413d84a4a7fcd4b632895e458656b35435e0ca03d9deb770729f75cc647cac817b1797d5295715aaa54	common_voice_sr_35098185.mp3	e477e8c34130980a3a95e87d260209bb95081954327b993ec0934e584238fba3	Та је епизода у биографији		4	2	thirties	male_masculine	Шумадијски		sr	
6326d75ad3d2ea52223dc170be1744efabe5f83e18571413d84a4a7fcd4b632895e458656b35435e0ca03d9deb770729f75cc647cac817b1797d5295715aaa54	common_voice_sr_35098186.mp3	dc8068cfbd41c38a3d2cd2153b88d6ae03c6c794d6e37ca588259cdbe861f678	Изложба цвећа.		4	0	thirties	male_masculine	Шумадијски		sr	
6326d75ad3d2ea52223dc170be1744efabe5f83e18571413d84a4a7fcd4b632895e458656b35435e0ca03d9deb770729f75cc647cac817b1797d5295715aaa54	common_voice_sr_35098187.mp3	e5b8e5dbe8f7f8c90370c5e37e39dbe23c156e6958ae6577e9132c3249d8d22c	Кажи ми, шта је ово?		4	0	thirties	male_masculine	Шумадијски		sr	
6326d75ad3d2ea52223dc170be1744efabe5f83e18571413d84a4a7fcd4b632895e458656b35435e0ca03d9deb770729f75cc647cac817b1797d5295715aaa54	common_voice_sr_35098188.mp3	ea4dd2dbcc13812b4d85a363e54df1ee55d390d2436b40194cd88a31e2672d84	Мила, шта је?		4	0	thirties	male_masculine	Шумадијски		sr	
6326d75ad3d2ea52223dc170be1744efabe5f83e18571413d84a4a7fcd4b632895e458656b35435e0ca03d9deb770729f75cc647cac817b1797d5295715aaa54	common_voice_sr_35098189.mp3	ed8db8ae4f92221b5ff105a48786223c5b5ca98edc670bccf600978a66097f70	У ствари не.		4	0	thirties	male_masculine	Шумадијски		sr	
6326d75ad3d2ea52223dc170be1744efabe5f83e18571413d84a4a7fcd4b632895e458656b35435e0ca03d9deb770729f75cc647cac817b1797d5295715aaa54	common_voice_sr_35098190.mp3	b289711929a22b5e008a9d43c3432d631d463def77113680e3670b3602bec9da	А име је?		4	0	thirties	male_masculine	Шумадијски		sr	
6326d75ad3d2ea52223dc170be1744efabe5f83e18571413d84a4a7fcd4b632895e458656b35435e0ca03d9deb770729f75cc647cac817b1797d5295715aaa54	common_voice_sr_35098191.mp3	eb2cee4ab2f3d8a14546a3b68b374fbeb7a5d96df3110ed6f888dbd19cfef960	О то да.		4	2	thirties	male_masculine	Шумадијски		sr	
6326d75ad3d2ea52223dc170be1744efabe5f83e18571413d84a4a7fcd4b632895e458656b35435e0ca03d9deb770729f75cc647cac817b1797d5295715aaa54	common_voice_sr_35098192.mp3	e4e057e8a20ddf21b57d75e300d1fc982dd219bd0dccf95e1b681a8e6baca723	Да те тешим.		4	0	thirties	male_masculine	Шумадијски		sr	
6326d75ad3d2ea52223dc170be1744efabe5f83e18571413d84a4a7fcd4b632895e458656b35435e0ca03d9deb770729f75cc647cac817b1797d5295715aaa54	common_voice_sr_35098193.mp3	e5ffef2b69c413ae65a8de6da2cbd00ae511f79e00ada35e34c929c138d3a5a5	.Јасно и гласно.		4	0	thirties	male_masculine	Шумадијски		sr	
6326d75ad3d2ea52223dc170be1744efabe5f83e18571413d84a4a7fcd4b632895e458656b35435e0ca03d9deb770729f75cc647cac817b1797d5295715aaa54	common_voice_sr_35098194.mp3	e8daca6ffb8638ebb0d4ba2722a49fe6e61d43a70c2eb5a810671fa1fd6f24fa	Нисам ништа понела.		4	0	thirties	male_masculine	Шумадијски		sr	
6326d75ad3d2ea52223dc170be1744efabe5f83e18571413d84a4a7fcd4b632895e458656b35435e0ca03d9deb770729f75cc647cac817b1797d5295715aaa54	common_voice_sr_35098195.mp3	ec3a32fdff936d67cd22a7dd9a288b04014910deeffcf3246b64a53ecb583a64	Уговор ће бити реализован током следеће године.		4	0	thirties	male_masculine	Шумадијски		sr	
6326d75ad3d2ea52223dc170be1744efabe5f83e18571413d84a4a7fcd4b632895e458656b35435e0ca03d9deb770729f75cc647cac817b1797d5295715aaa54	common_voice_sr_35098196.mp3	c236054b193779c57e9f1a637f557b96b0f0a80dd486f41724f81d1b50be2715	Не, нису још.		4	0	thirties	male_masculine	Шумадијски		sr	
6326d75ad3d2ea52223dc170be1744efabe5f83e18571413d84a4a7fcd4b632895e458656b35435e0ca03d9deb770729f75cc647cac817b1797d5295715aaa54	common_voice_sr_35098197.mp3	d2e776110a6d81befaf8429254443be623aa403eddc1d2b1d15c1c96c1a374c8	И не могу!		4	0	thirties	male_masculine	Шумадијски		sr	
6326d75ad3d2ea52223dc170be1744efabe5f83e18571413d84a4a7fcd4b632895e458656b35435e0ca03d9deb770729f75cc647cac817b1797d5295715aaa54	common_voice_sr_35098198.mp3	e8ea5228203b987b45b66a5e339b8206f6312776dffcbc798e72ae4663dc35c9	Цифре су страшне.		4	0	thirties	male_masculine	Шумадијски		sr	
6326d75ad3d2ea52223dc170be1744efabe5f83e18571413d84a4a7fcd4b632895e458656b35435e0ca03d9deb770729f75cc647cac817b1797d5295715aaa54	common_voice_sr_35098199.mp3	d7e18f0d3fe3ea11178ef42d1109d758e361608300f580a0f7ab96868148fc2d	И шта је то?		4	0	thirties	male_masculine	Шумадијски		sr	
6326d75ad3d2ea52223dc170be1744efabe5f83e18571413d84a4a7fcd4b632895e458656b35435e0ca03d9deb770729f75cc647cac817b1797d5295715aaa54	common_voice_sr_35098200.mp3	e9c877cc7132af2221b70349a81bccd249abebe93cf9771f7e930a81d1407768	Ко те зове?		4	0	thirties	male_masculine	Шумадијски		sr	
6326d75ad3d2ea52223dc170be1744efabe5f83e18571413d84a4a7fcd4b632895e458656b35435e0ca03d9deb770729f75cc647cac817b1797d5295715aaa54	common_voice_sr_35098201.mp3	d6b8c49d1bef4ad95055f8690710a0bb5135bfc861227d5a09f7dfe5f6363562	Да, много више.		4	0	thirties	male_masculine	Шумадијски		sr	
6326d75ad3d2ea52223dc170be1744efabe5f83e18571413d84a4a7fcd4b632895e458656b35435e0ca03d9deb770729f75cc647cac817b1797d5295715aaa54	common_voice_sr_35098202.mp3	dc9bb9303e27c7c1d41b6c62257f5bcbfd4165b3c9ad4386582e207a6decf958	Прва три су српски, хрватски и босански.		4	0	thirties	male_masculine	Шумадијски		sr	
6326d75ad3d2ea52223dc170be1744efabe5f83e18571413d84a4a7fcd4b632895e458656b35435e0ca03d9deb770729f75cc647cac817b1797d5295715aaa54	common_voice_sr_35098204.mp3	cad48f1f471cdf7d47bf6b157dd83f1c3de7b3b9e3dd787de128bf054837a9be	Из друге земље.		4	0	thirties	male_masculine	Шумадијски		sr	
6326d75ad3d2ea52223dc170be1744efabe5f83e18571413d84a4a7fcd4b632895e458656b35435e0ca03d9deb770729f75cc647cac817b1797d5295715aaa54	common_voice_sr_35098205.mp3	ee01c2adc8b3c338646b6e163dca273ba67fc1c469163a41296037f555cd098c	Не бих могао?		4	0	thirties	male_masculine	Шумадијски		sr	
6326d75ad3d2ea52223dc170be1744efabe5f83e18571413d84a4a7fcd4b632895e458656b35435e0ca03d9deb770729f75cc647cac817b1797d5295715aaa54	common_voice_sr_35098206.mp3	b0db95ebc2afca631eb02d533312a97f825055f1965d7ea6c387ddc13778892c	Да, знаш шта!		4	0	thirties	male_masculine	Шумадијски		sr	
6326d75ad3d2ea52223dc170be1744efabe5f83e18571413d84a4a7fcd4b632895e458656b35435e0ca03d9deb770729f75cc647cac817b1797d5295715aaa54	common_voice_sr_35098207.mp3	e643ed4ad9fbdde241f72611ed8f8b88df0de1be1aabc62520548ca4d094ff99	Па, хајде сад!		4	0			Шумадијски		sr	
6326d75ad3d2ea52223dc170be1744efabe5f83e18571413d84a4a7fcd4b632895e458656b35435e0ca03d9deb770729f75cc647cac817b1797d5295715aaa54	common_voice_sr_35098208.mp3	ed94bb1b56136fb7c77c9f620f3974b4fa43adf2e90659e172ab7f73dee8588e	И све то?		4	0			Шумадијски		sr	
6326d75ad3d2ea52223dc170be1744efabe5f83e18571413d84a4a7fcd4b632895e458656b35435e0ca03d9deb770729f75cc647cac817b1797d5295715aaa54	common_voice_sr_35098209.mp3	dfe38e5323d136c774c4521af10218f3a9ed9f405994566df0c0e0ffcfe2963f	То не може.		4	0			Шумадијски		sr	
6326d75ad3d2ea52223dc170be1744efabe5f83e18571413d84a4a7fcd4b632895e458656b35435e0ca03d9deb770729f75cc647cac817b1797d5295715aaa54	common_voice_sr_35098210.mp3	e7e20d311d99fd5a36a00b6715f7575757a2eb26f4ce5358fa90752a930a2522	Не могу допустити.		4	0			Шумадијски		sr	
6326d75ad3d2ea52223dc170be1744efabe5f83e18571413d84a4a7fcd4b632895e458656b35435e0ca03d9deb770729f75cc647cac817b1797d5295715aaa54	common_voice_sr_35098211.mp3	e8c29dbc34b982fd61e89e2c921c584f8ecfe33b27d0781d21b42dc099a43870	Шта је то, молим?		4	0			Шумадијски		sr	
6326d75ad3d2ea52223dc170be1744efabe5f83e18571413d84a4a7fcd4b632895e458656b35435e0ca03d9deb770729f75cc647cac817b1797d5295715aaa54	common_voice_sr_35098212.mp3	e35a3efa5886a02b7b8cfb94350896e65e9355441cbc0ed926172eb88630ca10	Један од њих?		4	0			Шумадијски		sr	
6326d75ad3d2ea52223dc170be1744efabe5f83e18571413d84a4a7fcd4b632895e458656b35435e0ca03d9deb770729f75cc647cac817b1797d5295715aaa54	common_voice_sr_35098213.mp3	da9c3bac9fa3500e8f17c32bb1a5d1928dcc3ad5e230387b75e43530b96eb3e6	Молим те, немој сад.		4	0			Шумадијски		sr	
6326d75ad3d2ea52223dc170be1744efabe5f83e18571413d84a4a7fcd4b632895e458656b35435e0ca03d9deb770729f75cc647cac817b1797d5295715aaa54	common_voice_sr_35098214.mp3	cec33d8b5316c4b07e6697db693c29dcce8bf0ec731ead511e56371f0fc273d3	Не би било добро.		4	0			Шумадијски		sr	
6326d75ad3d2ea52223dc170be1744efabe5f83e18571413d84a4a7fcd4b632895e458656b35435e0ca03d9deb770729f75cc647cac817b1797d5295715aaa54	common_voice_sr_35098215.mp3	ec7d3dc6c9f418a1e79dbe9e6bbe7c48daedd4dd397ac0ccd53f580cba6b5870	Па то је он.		4	0			Шумадијски		sr	
6326d75ad3d2ea52223dc170be1744efabe5f83e18571413d84a4a7fcd4b632895e458656b35435e0ca03d9deb770729f75cc647cac817b1797d5295715aaa54	common_voice_sr_35098216.mp3	e66c06870df08e138b4667a4d24aa5a99ed94b61f62b33dac1a70b36664c8959	Да, ево овде.		4	0			Шумадијски		sr	
6326d75ad3d2ea52223dc170be1744efabe5f83e18571413d84a4a7fcd4b632895e458656b35435e0ca03d9deb770729f75cc647cac817b1797d5295715aaa54	common_voice_sr_35098217.mp3	ba7cdff7e971e90743bbd09a920598ce87c6f67ca18af9a7d5379e5e5992f715	Саме заставе нису проблем овде.		4	0			Шумадијски		sr	
6326d75ad3d2ea52223dc170be1744efabe5f83e18571413d84a4a7fcd4b632895e458656b35435e0ca03d9deb770729f75cc647cac817b1797d5295715aaa54	common_voice_sr_35098218.mp3	ef61db81015c427836bfab9586db07a16031aa516cf7857848d6d66f855d8b3e	Не знам шта је ово?		4	0			Шумадијски		sr	
6326d75ad3d2ea52223dc170be1744efabe5f83e18571413d84a4a7fcd4b632895e458656b35435e0ca03d9deb770729f75cc647cac817b1797d5295715aaa54	common_voice_sr_35098219.mp3	eb988fc0e1bfe006c9310a27d3b7d63ed30a6614872c89320336fb2a1f38a00c	А да нисам?		4	0			Шумадијски		sr	
6326d75ad3d2ea52223dc170be1744efabe5f83e18571413d84a4a7fcd4b632895e458656b35435e0ca03d9deb770729f75cc647cac817b1797d5295715aaa54	common_voice_sr_35098220.mp3	db401f8b503b83b315b93796ac6598ae2e0a65ec56b232d50e893605abd46593	То довољно говори.		4	0			Шумадијски		sr	
6326d75ad3d2ea52223dc170be1744efabe5f83e18571413d84a4a7fcd4b632895e458656b35435e0ca03d9deb770729f75cc647cac817b1797d5295715aaa54	common_voice_sr_35098221.mp3	f06a16dd223927e702ce95026af8f2bbd1e006aa8e5ab34fcfa9f15fe309fc43	Цене су врло високе.		4	0			Шумадијски		sr	
6326d75ad3d2ea52223dc170be1744efabe5f83e18571413d84a4a7fcd4b632895e458656b35435e0ca03d9deb770729f75cc647cac817b1797d5295715aaa54	common_voice_sr_35125864.mp3	e8fba26b6f0eb5b4da51f91db7d4085dfce68390ece778a8c28b7d238f1c20d5	Ти си визија.		4	0			Шумадијски		sr	
6326d75ad3d2ea52223dc170be1744efabe5f83e18571413d84a4a7fcd4b632895e458656b35435e0ca03d9deb770729f75cc647cac817b1797d5295715aaa54	common_voice_sr_35125865.mp3	e3e5444d3d8386204bba4ceb8b1a5f53f0da7746bd7ee8d595b976337a0cde10	Има, има, има!		4	0			Шумадијски		sr	
6326d75ad3d2ea52223dc170be1744efabe5f83e18571413d84a4a7fcd4b632895e458656b35435e0ca03d9deb770729f75cc647cac817b1797d5295715aaa54	common_voice_sr_35125866.mp3	ac3fa6280801ea7d82df662035bc691d7e65344679db29a6e9b9c36f8285b297	Него шта је!		4	0			Шумадијски		sr	
6326d75ad3d2ea52223dc170be1744efabe5f83e18571413d84a4a7fcd4b632895e458656b35435e0ca03d9deb770729f75cc647cac817b1797d5295715aaa54	common_voice_sr_35125867.mp3	f2d09ca83db71506e0a2a616cf810386d015d63c6b8204f3f73d2ead55efcc28	Аналитичари невољно дају прогнозе.		4	0			Шумадијски		sr	
6326d75ad3d2ea52223dc170be1744efabe5f83e18571413d84a4a7fcd4b632895e458656b35435e0ca03d9deb770729f75cc647cac817b1797d5295715aaa54	common_voice_sr_35125868.mp3	cf43e442efc0879ef5f2c7fd70375a13672af481117aae73e3d525a3f7571342	Је ли је?		4	0			Шумадијски		sr	
6326d75ad3d2ea52223dc170be1744efabe5f83e18571413d84a4a7fcd4b632895e458656b35435e0ca03d9deb770729f75cc647cac817b1797d5295715aaa54	common_voice_sr_35125869.mp3	f8692e4387a5fd19be7aa0b1ac8391eee6f9f38e5d07d3e69607b7357c215ecd	А она је?		4	0			Шумадијски		sr	
6326d75ad3d2ea52223dc170be1744efabe5f83e18571413d84a4a7fcd4b632895e458656b35435e0ca03d9deb770729f75cc647cac817b1797d5295715aaa54	common_voice_sr_35125870.mp3	ebaa858c9ee1dd6ee9ca808452288c877e19a6dadac3c535b790e8c80cfee33e	Он је леп!		4	0			Шумадијски		sr	
6326d75ad3d2ea52223dc170be1744efabe5f83e18571413d84a4a7fcd4b632895e458656b35435e0ca03d9deb770729f75cc647cac817b1797d5295715aaa54	common_voice_sr_35125871.mp3	f91f2fc8dd2a0d0f7ba6b6ed6513a4cac1a3f04f58baf42c3c39fd9bc4035b17	То, на пример.		4	0			Шумадијски		sr	
6326d75ad3d2ea52223dc170be1744efabe5f83e18571413d84a4a7fcd4b632895e458656b35435e0ca03d9deb770729f75cc647cac817b1797d5295715aaa54	common_voice_sr_35125872.mp3	cc872ee258e25a1b99bbcf3db334cbda798352295b8020a07d7211cbe545f2a7	Између осталог, ту је електрично подешавање ретровизора и електрично преклапање истих.		4	0			Шумадијски		sr	
6326d75ad3d2ea52223dc170be1744efabe5f83e18571413d84a4a7fcd4b632895e458656b35435e0ca03d9deb770729f75cc647cac817b1797d5295715aaa54	common_voice_sr_35125873.mp3	ef5510fc02e7234e9608168df23242657cd44f7f1c7b2370cd099489bd8d866d	Шта је ваш одговор?		4	0			Шумадијски		sr	
6326d75ad3d2ea52223dc170be1744efabe5f83e18571413d84a4a7fcd4b632895e458656b35435e0ca03d9deb770729f75cc647cac817b1797d5295715aaa54	common_voice_sr_35125874.mp3	e45fbd31579c59aa9b46cbfd98d7bd790ada9d588caab278e7a7f8193205a64d	Биће то, међутим, веома тешко.		4	0			Шумадијски		sr	
6326d75ad3d2ea52223dc170be1744efabe5f83e18571413d84a4a7fcd4b632895e458656b35435e0ca03d9deb770729f75cc647cac817b1797d5295715aaa54	common_voice_sr_35125875.mp3	eb515d88e3be950b00e6a18b800b3ed231000fdb41a1f60646cf0d54f19577b4	Ја то кажем.		4	0			Шумадијски		sr	
6326d75ad3d2ea52223dc170be1744efabe5f83e18571413d84a4a7fcd4b632895e458656b35435e0ca03d9deb770729f75cc647cac817b1797d5295715aaa54	common_voice_sr_35125876.mp3	e76e8b8dabba606ffc06c68454dd69a9842dd15faf9702695441ac8c2486afc5	Имале смо све.		4	0			Шумадијски		sr	
6326d75ad3d2ea52223dc170be1744efabe5f83e18571413d84a4a7fcd4b632895e458656b35435e0ca03d9deb770729f75cc647cac817b1797d5295715aaa54	common_voice_sr_35125877.mp3	ea6272cdce779e57d88187fb5b105e0e4e4b9f1643b9ad5cecbae62987541a0e	Е, о томе ти причам.		4	0			Шумадијски		sr	
6326d75ad3d2ea52223dc170be1744efabe5f83e18571413d84a4a7fcd4b632895e458656b35435e0ca03d9deb770729f75cc647cac817b1797d5295715aaa54	common_voice_sr_35125878.mp3	ed829286673d9e8c4d902948223400492ed32c41f9a374d65d6ddd020a565a41	Такав је свет!		4	0			Шумадијски		sr	
6326d75ad3d2ea52223dc170be1744efabe5f83e18571413d84a4a7fcd4b632895e458656b35435e0ca03d9deb770729f75cc647cac817b1797d5295715aaa54	common_voice_sr_35125883.mp3	d496b8a000762cd0e331fe276f45002d68e3cb3ba8cbb1d79789fef495e8a347	За име бога?		4	0			Шумадијски		sr	
6326d75ad3d2ea52223dc170be1744efabe5f83e18571413d84a4a7fcd4b632895e458656b35435e0ca03d9deb770729f75cc647cac817b1797d5295715aaa54	common_voice_sr_35125884.mp3	f119e8571e296ec9bac672eaea12662b00fb1245caa33f2a6e7b443e8d68e482	Шта да радим.		4	0			Шумадијски		sr	
6326d75ad3d2ea52223dc170be1744efabe5f83e18571413d84a4a7fcd4b632895e458656b35435e0ca03d9deb770729f75cc647cac817b1797d5295715aaa54	common_voice_sr_35125885.mp3	f2d19fbedca63da851b8ae630e429051a0dd9e56984a94834a66885bedba562a	И стварно је мала.		4	0			Шумадијски		sr	
6326d75ad3d2ea52223dc170be1744efabe5f83e18571413d84a4a7fcd4b632895e458656b35435e0ca03d9deb770729f75cc647cac817b1797d5295715aaa54	common_voice_sr_35125886.mp3	d3f6077fdb469a994fae46f1a315590f7d4c0473601d1abe378dd1f9d3efeb9a	Када се врати?		4	0			Шумадијски		sr	
6326d75ad3d2ea52223dc170be1744efabe5f83e18571413d84a4a7fcd4b632895e458656b35435e0ca03d9deb770729f75cc647cac817b1797d5295715aaa54	common_voice_sr_35125887.mp3	de537ab4e030fffb1ea8a7a4911f0700f344c63610a795b7c88d7d215272e9af	О чему се ради?		4	0			Шумадијски		sr	
6326d75ad3d2ea52223dc170be1744efabe5f83e18571413d84a4a7fcd4b632895e458656b35435e0ca03d9deb770729f75cc647cac817b1797d5295715aaa54	common_voice_sr_35248747.mp3	ec6c3c5161a7e5fdd380f9523abd2bb489373b2f3b3264c6a9ce7ca63417175a	Желимо искреност.		4	0			Шумадијски		sr	
6326d75ad3d2ea52223dc170be1744efabe5f83e18571413d84a4a7fcd4b632895e458656b35435e0ca03d9deb770729f75cc647cac817b1797d5295715aaa54	common_voice_sr_35248748.mp3	da71dd0a233dfc5f7b6791067d97dac79bb0bb8930fa8d4db1fffe31b71578a0	Ма, пусти ме!		4	0			Шумадијски		sr	
6326d75ad3d2ea52223dc170be1744efabe5f83e18571413d84a4a7fcd4b632895e458656b35435e0ca03d9deb770729f75cc647cac817b1797d5295715aaa54	common_voice_sr_35248749.mp3	fd11711d308a4244a5d9f17ba4c29680e1234ab96b1b4667af4e21d0121cdb66	И без мене.		4	0			Шумадијски		sr	
6326d75ad3d2ea52223dc170be1744efabe5f83e18571413d84a4a7fcd4b632895e458656b35435e0ca03d9deb770729f75cc647cac817b1797d5295715aaa54	common_voice_sr_35248750.mp3	e520e0d5fc93ad0247384872ffd8812d82e711c5b2165e368d09cc3b9734fd35	Пази на свој.		4	0			Шумадијски		sr	
6326d75ad3d2ea52223dc170be1744efabe5f83e18571413d84a4a7fcd4b632895e458656b35435e0ca03d9deb770729f75cc647cac817b1797d5295715aaa54	common_voice_sr_35248751.mp3	f648ee83ce6999be391121988522d24127aeb86b918040949c700d5ebf1678d8	Хашки суд убрзо је објавио измењену оптужницу.		4	0			Шумадијски		sr	
6326d75ad3d2ea52223dc170be1744efabe5f83e18571413d84a4a7fcd4b632895e458656b35435e0ca03d9deb770729f75cc647cac817b1797d5295715aaa54	common_voice_sr_35248752.mp3	d9d240fac93d4aba1067073c42a4f115ee588ad550d7fb7746777cf262c6fd16	Још не зна?		4	0			Шумадијски		sr	
6326d75ad3d2ea52223dc170be1744efabe5f83e18571413d84a4a7fcd4b632895e458656b35435e0ca03d9deb770729f75cc647cac817b1797d5295715aaa54	common_voice_sr_35248753.mp3	81ba73ae7f50dfe21a3ca7d3825015852bfc41a8452125d5fe6ef9ec03f8a64a	И одиста, уклела ме је.		4	0			Шумадијски		sr	
6326d75ad3d2ea52223dc170be1744efabe5f83e18571413d84a4a7fcd4b632895e458656b35435e0ca03d9deb770729f75cc647cac817b1797d5295715aaa54	common_voice_sr_35248754.mp3	f572783ab20225a8a09f8c6b132e6ba40feb65ff90f514de34ad7bc112496f8b	И, то је истина.		4	0			Шумадијски		sr	
6326d75ad3d2ea52223dc170be1744efabe5f83e18571413d84a4a7fcd4b632895e458656b35435e0ca03d9deb770729f75cc647cac817b1797d5295715aaa54	common_voice_sr_35248755.mp3	e0c684522f1e5b9df7092b0cac719bf75a16609340cbb8a51f2b5bc25fdef8b1	Сигурно да је.		4	0			Шумадијски		sr	
6326d75ad3d2ea52223dc170be1744efabe5f83e18571413d84a4a7fcd4b632895e458656b35435e0ca03d9deb770729f75cc647cac817b1797d5295715aaa54	common_voice_sr_35248756.mp3	d53842d2d390f25977b4b65ce53998ddabc3ff351c3bf82ee76d129a9dd2051d	То је немогуће...		4	0			Шумадијски		sr	
6326d75ad3d2ea52223dc170be1744efabe5f83e18571413d84a4a7fcd4b632895e458656b35435e0ca03d9deb770729f75cc647cac817b1797d5295715aaa54	common_voice_sr_35248757.mp3	bfc78a44a6990683c117a39d079d65c5a55535b0e1e556f81578f73d79f03f21	Они уместо тога одлазе у иностранство.		4	0			Шумадијски		sr	
6326d75ad3d2ea52223dc170be1744efabe5f83e18571413d84a4a7fcd4b632895e458656b35435e0ca03d9deb770729f75cc647cac817b1797d5295715aaa54	common_voice_sr_35248758.mp3	ea0dbb9a4492adbe6636ea58016a5ce3ebe70cff9ab0a6ee995a7b07c1c27d7c	Став британске владе је јасан.		4	0			Шумадијски		sr	
6326d75ad3d2ea52223dc170be1744efabe5f83e18571413d84a4a7fcd4b632895e458656b35435e0ca03d9deb770729f75cc647cac817b1797d5295715aaa54	common_voice_sr_35248759.mp3	f1d96461ef553878ebf9151b49d94da76cf20dbda05e7bf7c538239c5c7cf802	Посао се мора наставити.		4	0			Шумадијски		sr	
6326d75ad3d2ea52223dc170be1744efabe5f83e18571413d84a4a7fcd4b632895e458656b35435e0ca03d9deb770729f75cc647cac817b1797d5295715aaa54	common_voice_sr_35248760.mp3	ee2885301972d3f3bf6e849614b228def497e560c7e32d5fe77eb54d977e2a09	Али то неће бити само питање политичке воље.		4	0			Шумадијски		sr	
6326d75ad3d2ea52223dc170be1744efabe5f83e18571413d84a4a7fcd4b632895e458656b35435e0ca03d9deb770729f75cc647cac817b1797d5295715aaa54	common_voice_sr_35248761.mp3	bee3c6f69436cb48e2804ec86441ebbf963a85f3836dd6fa4c38fee0c538a232	Не знам, шта је то?		4	0			Шумадијски		sr	
6326d75ad3d2ea52223dc170be1744efabe5f83e18571413d84a4a7fcd4b632895e458656b35435e0ca03d9deb770729f75cc647cac817b1797d5295715aaa54	common_voice_sr_35248762.mp3	a1c12ce98b7a3b927a435fb95605a97bc566a838bce3f081b32e9ea393b457e0	И била су.		4	0			Шумадијски		sr	
6326d75ad3d2ea52223dc170be1744efabe5f83e18571413d84a4a7fcd4b632895e458656b35435e0ca03d9deb770729f75cc647cac817b1797d5295715aaa54	common_voice_sr_35248763.mp3	d806ec4f66588b0dce64a56abb0fc5480ab66a5c79969dd7eb98660277a7247b	Починиоци нису пронађени.		4	0			Шумадијски		sr	
6326d75ad3d2ea52223dc170be1744efabe5f83e18571413d84a4a7fcd4b632895e458656b35435e0ca03d9deb770729f75cc647cac817b1797d5295715aaa54	common_voice_sr_35248764.mp3	f442f4892bead63c546f658b5d67db19e28f6e12a1273c3e3b1d49bb612692e8	Не знам шта је ово!		4	0			Шумадијски		sr	
6326d75ad3d2ea52223dc170be1744efabe5f83e18571413d84a4a7fcd4b632895e458656b35435e0ca03d9deb770729f75cc647cac817b1797d5295715aaa54	common_voice_sr_35248765.mp3	e6bd40a76fa8324e967bde011437bb2466c7e705e2fc412bd08703a43caa0931	Шта оно беше?		4	0			Шумадијски		sr	
6326d75ad3d2ea52223dc170be1744efabe5f83e18571413d84a4a7fcd4b632895e458656b35435e0ca03d9deb770729f75cc647cac817b1797d5295715aaa54	common_voice_sr_35248766.mp3	f2867b667c65d7c96366b1c968f25ea083dde4c674c9828265836775bc3de6d5	Где је цвет, ту је и мед.		4	0			Шумадијски		sr	
6326d75ad3d2ea52223dc170be1744efabe5f83e18571413d84a4a7fcd4b632895e458656b35435e0ca03d9deb770729f75cc647cac817b1797d5295715aaa54	common_voice_sr_36505839.mp3	08822cf1d9a27c57cc3e5f9be1c3868d1f8ce77d97d5c10468b8ee4520af88d5	Не знате како је то!		4	0			Шумадијски		sr	
6326d75ad3d2ea52223dc170be1744efabe5f83e18571413d84a4a7fcd4b632895e458656b35435e0ca03d9deb770729f75cc647cac817b1797d5295715aaa54	common_voice_sr_36505840.mp3	09c75bfd85b2b644dd2b50bfb616743ca0cf97f75d879b05d24abf9201f0fe2f	Мисли да је.		4	0			Шумадијски		sr	
6326d75ad3d2ea52223dc170be1744efabe5f83e18571413d84a4a7fcd4b632895e458656b35435e0ca03d9deb770729f75cc647cac817b1797d5295715aaa54	common_voice_sr_36505841.mp3	ff4f13f1df82ea84336020a7a44988bd23dc9141170cc41bcf34ddb628ec8a38	Можда су они.		4	0			Шумадијски		sr	
6326d75ad3d2ea52223dc170be1744efabe5f83e18571413d84a4a7fcd4b632895e458656b35435e0ca03d9deb770729f75cc647cac817b1797d5295715aaa54	common_voice_sr_36505842.mp3	d64e3c30831a2b1657cc5a130aa4ad603616e2d49036795d047a620f53016655	И ко си ти?		4	0			Шумадијски		sr	
6326d75ad3d2ea52223dc170be1744efabe5f83e18571413d84a4a7fcd4b632895e458656b35435e0ca03d9deb770729f75cc647cac817b1797d5295715aaa54	common_voice_sr_36505843.mp3	ce42543ce5c0e07ab8e6b7f36715de81e19716715645f5b387fbecb338dd65e7	Шта ми саветујете?		4	2			Шумадијски		sr	
cf794424e39ff6c1d973e815ab6d87e636b9cd679f883a740b88ee0d387ca55a37db69d600e9b8ed33e2bf8bdc0ebf9b1bf6190bcf1e052116fad6f655947897	common_voice_sr_36773093.mp3	0404e01398946acb74b9a2d64ad79f9581f328c6e8cd346f1bce023dfd22e4fd	Ја јој не верујем.		4	0	fifties	male_masculine	Beogradski		sr	
cf794424e39ff6c1d973e815ab6d87e636b9cd679f883a740b88ee0d387ca55a37db69d600e9b8ed33e2bf8bdc0ebf9b1bf6190bcf1e052116fad6f655947897	common_voice_sr_36773152.mp3	0e795274748b004d590e32a45c77dcfed5a81c1ac1e2b6d81c1dae8c6aa0dc20	Мере укључују велике резове у јавном сектору.		4	0	fifties	male_masculine	Beogradski		sr	
cf794424e39ff6c1d973e815ab6d87e636b9cd679f883a740b88ee0d387ca55a37db69d600e9b8ed33e2bf8bdc0ebf9b1bf6190bcf1e052116fad6f655947897	common_voice_sr_36773153.mp3	fabcf046a9dcdee7e9cffef1b71134b8f66d482d15eda53cef056ed87b58e5ee	Молим вас седите!		4	0	fifties	male_masculine	Beogradski		sr	
cf794424e39ff6c1d973e815ab6d87e636b9cd679f883a740b88ee0d387ca55a37db69d600e9b8ed33e2bf8bdc0ebf9b1bf6190bcf1e052116fad6f655947897	common_voice_sr_36773157.mp3	275500031cb7b4d19f190fc4d5e57f592e38f7580efc1b0bc46a9a854d6a3bb6	Са друге стране!		4	0	fifties	male_masculine	Beogradski		sr	
cf794424e39ff6c1d973e815ab6d87e636b9cd679f883a740b88ee0d387ca55a37db69d600e9b8ed33e2bf8bdc0ebf9b1bf6190bcf1e052116fad6f655947897	common_voice_sr_36773159.mp3	237dccfa13303e176a9dde1f08dd3cc86ec9e08502241fd142af7f09504a0c77	Шта је њему?		4	0	fifties	male_masculine	Beogradski		sr	
cf794424e39ff6c1d973e815ab6d87e636b9cd679f883a740b88ee0d387ca55a37db69d600e9b8ed33e2bf8bdc0ebf9b1bf6190bcf1e052116fad6f655947897	common_voice_sr_36773167.mp3	fff45cdb6ca4233e42fe8f93f755aa813437fb24d47a7b0c05efbbaf0993b8d8	А, не, хвала.		4	0	fifties	male_masculine	Beogradski		sr	
cf794424e39ff6c1d973e815ab6d87e636b9cd679f883a740b88ee0d387ca55a37db69d600e9b8ed33e2bf8bdc0ebf9b1bf6190bcf1e052116fad6f655947897	common_voice_sr_36773168.mp3	0a7ee280b84234509256b7d6524896415cb9cdffb0220782f607bf410cb69693	Изолација није одговор за њихове проблеме.		4	2	fifties	male_masculine	Beogradski		sr	
cf794424e39ff6c1d973e815ab6d87e636b9cd679f883a740b88ee0d387ca55a37db69d600e9b8ed33e2bf8bdc0ebf9b1bf6190bcf1e052116fad6f655947897	common_voice_sr_36773171.mp3	ff3af8597cf333b1b6bab9aca525ad813ab019daf84e3d8989291d7b361bbe47	С њима је?		4	0	fifties	male_masculine	Beogradski		sr	
cf794424e39ff6c1d973e815ab6d87e636b9cd679f883a740b88ee0d387ca55a37db69d600e9b8ed33e2bf8bdc0ebf9b1bf6190bcf1e052116fad6f655947897	common_voice_sr_36773182.mp3	fee7092283901da78afbde9b042c432c044e88384a58bceaefae5a881f88dc99	То је та!		4	0	fifties	male_masculine	Beogradski		sr	
cf794424e39ff6c1d973e815ab6d87e636b9cd679f883a740b88ee0d387ca55a37db69d600e9b8ed33e2bf8bdc0ebf9b1bf6190bcf1e052116fad6f655947897	common_voice_sr_36773185.mp3	fe1d3d28b862fa0b81c15b8a80bcc0c7211ef8fab964895a7c5e13552524ca73	И ти би?		4	0	fifties	male_masculine	Beogradski		sr	
cf794424e39ff6c1d973e815ab6d87e636b9cd679f883a740b88ee0d387ca55a37db69d600e9b8ed33e2bf8bdc0ebf9b1bf6190bcf1e052116fad6f655947897	common_voice_sr_36773198.mp3	1e102e66101fcaa0a382d008d05258a683c9acebf65dd64f8b586b80e142221b	Ако не може?		4	0	fifties	male_masculine	Beogradski		sr	
cf794424e39ff6c1d973e815ab6d87e636b9cd679f883a740b88ee0d387ca55a37db69d600e9b8ed33e2bf8bdc0ebf9b1bf6190bcf1e052116fad6f655947897	common_voice_sr_36773201.mp3	fde14109b7c254a9040e0b331d77979b22d9d07d069a3b9c3e394976df3d9b13	Ја верујем у то!		4	0	fifties	male_masculine	Beogradski		sr	
cf794424e39ff6c1d973e815ab6d87e636b9cd679f883a740b88ee0d387ca55a37db69d600e9b8ed33e2bf8bdc0ebf9b1bf6190bcf1e052116fad6f655947897	common_voice_sr_36773237.mp3	2c49b80278411b851ebe0bde53c7f0d8ed1a4bb390d889ebf0ca5253d89295b6	Мислим да ради.		4	0	fifties	male_masculine	Beogradski		sr	
cf794424e39ff6c1d973e815ab6d87e636b9cd679f883a740b88ee0d387ca55a37db69d600e9b8ed33e2bf8bdc0ebf9b1bf6190bcf1e052116fad6f655947897	common_voice_sr_36773239.mp3	1735a45a1d9133f46663399a85f1797cfa41b991ccf58b18fcd0f5cb9c64e1d9	Детаљи о финансијским параметрима тог посла нису објављени.		4	0	fifties	male_masculine	Beogradski		sr	
cf794424e39ff6c1d973e815ab6d87e636b9cd679f883a740b88ee0d387ca55a37db69d600e9b8ed33e2bf8bdc0ebf9b1bf6190bcf1e052116fad6f655947897	common_voice_sr_36773254.mp3	22fd4e92e4371defe7b1c663936c8e97a4057e5bfc2863bf0932e61a06c5ef68	Знам и сам.		4	0	fifties	male_masculine	Beogradski		sr	
cf794424e39ff6c1d973e815ab6d87e636b9cd679f883a740b88ee0d387ca55a37db69d600e9b8ed33e2bf8bdc0ebf9b1bf6190bcf1e052116fad6f655947897	common_voice_sr_36773293.mp3	fcc62f434ab0968406bc86aef720df4be8f7eee8449f9a554230553e37a9a940	Ох, боже, не!		4	0	fifties	male_masculine	Beogradski		sr	
cf794424e39ff6c1d973e815ab6d87e636b9cd679f883a740b88ee0d387ca55a37db69d600e9b8ed33e2bf8bdc0ebf9b1bf6190bcf1e052116fad6f655947897	common_voice_sr_36773297.mp3	100f0a9188495df575daa74cee871dcad837db06b459c2e94e5b45041e39d635	Шта је сад!		4	0	fifties	male_masculine	Beogradski		sr	
cf794424e39ff6c1d973e815ab6d87e636b9cd679f883a740b88ee0d387ca55a37db69d600e9b8ed33e2bf8bdc0ebf9b1bf6190bcf1e052116fad6f655947897	common_voice_sr_36773303.mp3	f81e53c011e84717599877f4acd2176b72207d600516e8734caddacf66dcb1bc	Какви су ваши утисци?		4	0	fifties	male_masculine	Beogradski		sr	
cf794424e39ff6c1d973e815ab6d87e636b9cd679f883a740b88ee0d387ca55a37db69d600e9b8ed33e2bf8bdc0ebf9b1bf6190bcf1e052116fad6f655947897	common_voice_sr_36773304.mp3	095e5e61245e63bd5ab14832b38b0f0c5d4a7c61b55304832568fadf4072088c	О господе боже.		4	0	fifties	male_masculine	Beogradski		sr	
cf794424e39ff6c1d973e815ab6d87e636b9cd679f883a740b88ee0d387ca55a37db69d600e9b8ed33e2bf8bdc0ebf9b1bf6190bcf1e052116fad6f655947897	common_voice_sr_36773315.mp3	0f0da85c38a7f1601a3ffee544942465421f7cb22ac30a76f8fa10c4676b8206	То му је.		4	0	fifties	male_masculine	Beogradski		sr	
cf794424e39ff6c1d973e815ab6d87e636b9cd679f883a740b88ee0d387ca55a37db69d600e9b8ed33e2bf8bdc0ebf9b1bf6190bcf1e052116fad6f655947897	common_voice_sr_36773317.mp3	1da86d005b27c52c327990d46221a93fa54249a8f2b2aacab65ee2502fdfd01e	Скелет џиновског јелена		4	0	fifties	male_masculine	Beogradski		sr	
cf794424e39ff6c1d973e815ab6d87e636b9cd679f883a740b88ee0d387ca55a37db69d600e9b8ed33e2bf8bdc0ebf9b1bf6190bcf1e052116fad6f655947897	common_voice_sr_36773334.mp3	250c53a87b58ba473b3e73b30a93ee2db7cf790ef2d5866c6ae1855f43e45ce9	Не знам колико.		4	0	fifties	male_masculine	Beogradski		sr	
cf794424e39ff6c1d973e815ab6d87e636b9cd679f883a740b88ee0d387ca55a37db69d600e9b8ed33e2bf8bdc0ebf9b1bf6190bcf1e052116fad6f655947897	common_voice_sr_36773335.mp3	13b70a11ae9cc1732a861f5b8b9861998f761225f27a159d914fc2db74ea4d3e	А зашто, господине?		4	0	fifties	male_masculine	Beogradski		sr	
cf794424e39ff6c1d973e815ab6d87e636b9cd679f883a740b88ee0d387ca55a37db69d600e9b8ed33e2bf8bdc0ebf9b1bf6190bcf1e052116fad6f655947897	common_voice_sr_36773336.mp3	2bd20c6e6cebe0a4c1c3fdff14bb8721637433ab9d61baf9a88d527088111670	Нити сам ја.		4	0	fifties	male_masculine	Beogradski		sr	
cf794424e39ff6c1d973e815ab6d87e636b9cd679f883a740b88ee0d387ca55a37db69d600e9b8ed33e2bf8bdc0ebf9b1bf6190bcf1e052116fad6f655947897	common_voice_sr_36773347.mp3	14915cec4a7b20e7c678c660f57f6e2ebc381183170d79fdb4af5e39b8b6ea7f	Било је сјајно.		4	0	fifties	male_masculine	Beogradski		sr	
cf794424e39ff6c1d973e815ab6d87e636b9cd679f883a740b88ee0d387ca55a37db69d600e9b8ed33e2bf8bdc0ebf9b1bf6190bcf1e052116fad6f655947897	common_voice_sr_36773348.mp3	0cd37bb4e9ef8853db182daa5997164692f9f6a964736b5e5a2d9403a4b26874	Не, је ли?		4	0	fifties	male_masculine	Beogradski		sr	
cf794424e39ff6c1d973e815ab6d87e636b9cd679f883a740b88ee0d387ca55a37db69d600e9b8ed33e2bf8bdc0ebf9b1bf6190bcf1e052116fad6f655947897	common_voice_sr_36773351.mp3	fb1cc9ffd5159bb055d39f8f55f426c4b6f6a6d793e64b5fbde291292a248b45	Може да живи.		4	0	fifties	male_masculine	Beogradski		sr	
cf794424e39ff6c1d973e815ab6d87e636b9cd679f883a740b88ee0d387ca55a37db69d600e9b8ed33e2bf8bdc0ebf9b1bf6190bcf1e052116fad6f655947897	common_voice_sr_36773383.mp3	1f0e2b21dcc805373dfab628fbcaddf5c6d63a55287a440db9e6074eced4a857	Како је слатко!		4	0	fifties	male_masculine	Beogradski		sr	
cf794424e39ff6c1d973e815ab6d87e636b9cd679f883a740b88ee0d387ca55a37db69d600e9b8ed33e2bf8bdc0ebf9b1bf6190bcf1e052116fad6f655947897	common_voice_sr_36773386.mp3	211efc467659aad524013409da090fc1d25a093d1ec7f519e16c889b413b7dbe	У Француској су она четири ступња доста оштро одвојена		4	0	fifties	male_masculine	Beogradski		sr	
cf794424e39ff6c1d973e815ab6d87e636b9cd679f883a740b88ee0d387ca55a37db69d600e9b8ed33e2bf8bdc0ebf9b1bf6190bcf1e052116fad6f655947897	common_voice_sr_36773392.mp3	f0b8ab649b3f3ca049dc53b62f37fb449d25f309c3c3050ce5222a5eac46240a	Ти и они.		4	0	fifties	male_masculine	Beogradski		sr	
cf794424e39ff6c1d973e815ab6d87e636b9cd679f883a740b88ee0d387ca55a37db69d600e9b8ed33e2bf8bdc0ebf9b1bf6190bcf1e052116fad6f655947897	common_voice_sr_36773394.mp3	086904ef576b607aeee8891390871988ff165c56d64a734eaa760d89238a46eb	Желимо да редукујемо свеукупно пореско оптерећење.		4	0	fifties	male_masculine	Beogradski		sr	
cf794424e39ff6c1d973e815ab6d87e636b9cd679f883a740b88ee0d387ca55a37db69d600e9b8ed33e2bf8bdc0ebf9b1bf6190bcf1e052116fad6f655947897	common_voice_sr_36773395.mp3	246c0463833256f02049c0a10f2fb2e3ba25321ec92697890a9432bc89d962dd	Па ето ти.		4	0	fifties	male_masculine	Beogradski		sr	
cf794424e39ff6c1d973e815ab6d87e636b9cd679f883a740b88ee0d387ca55a37db69d600e9b8ed33e2bf8bdc0ebf9b1bf6190bcf1e052116fad6f655947897	common_voice_sr_36773396.mp3	09deddbf8c8549339d7e941200b8b9d6532e6920eef2096248a653ae2f6526ac	О чему је?		4	0	fifties	male_masculine	Beogradski		sr	
cf794424e39ff6c1d973e815ab6d87e636b9cd679f883a740b88ee0d387ca55a37db69d600e9b8ed33e2bf8bdc0ebf9b1bf6190bcf1e052116fad6f655947897	common_voice_sr_36773399.mp3	1d20d23829f93de699d9d84a3b8165b4c5c352f984e96df7c07de6221361559c	Још увек се нисам навикла на нову валуту.		4	0	fifties	male_masculine	Beogradski		sr	
cf794424e39ff6c1d973e815ab6d87e636b9cd679f883a740b88ee0d387ca55a37db69d600e9b8ed33e2bf8bdc0ebf9b1bf6190bcf1e052116fad6f655947897	common_voice_sr_36773400.mp3	2817eec4a4d0ba92e6ef73cdd1e783ce6f51563888895b482385d3017f864264	Видим и сам.		4	0	fifties	male_masculine	Beogradski		sr	
cf794424e39ff6c1d973e815ab6d87e636b9cd679f883a740b88ee0d387ca55a37db69d600e9b8ed33e2bf8bdc0ebf9b1bf6190bcf1e052116fad6f655947897	common_voice_sr_36773401.mp3	12992c86f4ff9e9bb3e24fbe8a9881557de29f57622a2d6e05733d4ae5a4c8f3	Тврђава или капија?		4	0	fifties	male_masculine	Beogradski		sr	
cf794424e39ff6c1d973e815ab6d87e636b9cd679f883a740b88ee0d387ca55a37db69d600e9b8ed33e2bf8bdc0ebf9b1bf6190bcf1e052116fad6f655947897	common_voice_sr_36773406.mp3	131c8259f6f29a961e948dadafbf2abda0b4e34d113ad601c524396c0b5cd66d	Где ме оставља?		4	0	fifties	male_masculine	Beogradski		sr	
cf794424e39ff6c1d973e815ab6d87e636b9cd679f883a740b88ee0d387ca55a37db69d600e9b8ed33e2bf8bdc0ebf9b1bf6190bcf1e052116fad6f655947897	common_voice_sr_36773407.mp3	2f3b4a69af7ae3083e3ecd56fec8476941e516449e1788cc2b3208a30681a303	Па. шта мислиш?		4	0	fifties	male_masculine	Beogradski		sr	
cf794424e39ff6c1d973e815ab6d87e636b9cd679f883a740b88ee0d387ca55a37db69d600e9b8ed33e2bf8bdc0ebf9b1bf6190bcf1e052116fad6f655947897	common_voice_sr_36773410.mp3	27045421a4218347e92875a2c4f8496dba9723c833b697f9680912ebc83932dd	Какав је ваш став о томе?		4	0	fifties	male_masculine	Beogradski		sr	
cf794424e39ff6c1d973e815ab6d87e636b9cd679f883a740b88ee0d387ca55a37db69d600e9b8ed33e2bf8bdc0ebf9b1bf6190bcf1e052116fad6f655947897	common_voice_sr_36773421.mp3	311c724e52490e5281a6a8c75e33fbaba072b761d5d1fe60fadd3936df6d3172	Турска је саопштила да се противи овом плану.		4	0	fifties	male_masculine	Beogradski		sr	
cf794424e39ff6c1d973e815ab6d87e636b9cd679f883a740b88ee0d387ca55a37db69d600e9b8ed33e2bf8bdc0ebf9b1bf6190bcf1e052116fad6f655947897	common_voice_sr_36773427.mp3	288bde599ec878376dbea59fab73f6528650922aec0e392bb6ad1e26c99aad44	То вам говорим.		4	0	fifties	male_masculine	Beogradski		sr	
cf794424e39ff6c1d973e815ab6d87e636b9cd679f883a740b88ee0d387ca55a37db69d600e9b8ed33e2bf8bdc0ebf9b1bf6190bcf1e052116fad6f655947897	common_voice_sr_36773443.mp3	103201e9bb2a5c44b2398f27e585d59c8f5878f6d3b2cc854750faa6ebc3b136	Код нас је.		4	0	fifties	male_masculine	Beogradski		sr	
cf794424e39ff6c1d973e815ab6d87e636b9cd679f883a740b88ee0d387ca55a37db69d600e9b8ed33e2bf8bdc0ebf9b1bf6190bcf1e052116fad6f655947897	common_voice_sr_36773491.mp3	2db32fab5ca654ed04da6013b450a070e95ccf83fb65bddbf2c8c22de884d526	Па, шта си урадио?		4	0	fifties	male_masculine	Beogradski		sr	
cf794424e39ff6c1d973e815ab6d87e636b9cd679f883a740b88ee0d387ca55a37db69d600e9b8ed33e2bf8bdc0ebf9b1bf6190bcf1e052116fad6f655947897	common_voice_sr_36773493.mp3	2dfd5c6bcf297b41481934adfdfb0f2fbb466918bc4bb558e423ad82822aeade	Тако не иде.		4	0	fifties	male_masculine	Beogradski		sr	
cf794424e39ff6c1d973e815ab6d87e636b9cd679f883a740b88ee0d387ca55a37db69d600e9b8ed33e2bf8bdc0ebf9b1bf6190bcf1e052116fad6f655947897	common_voice_sr_36773507.mp3	19b1e8ac07ff4f81bfbd5ec1dcdb31f33ed487acb5339b31ae5da148ff590985	Је ли жив?		4	0	fifties	male_masculine	Beogradski		sr	
cf794424e39ff6c1d973e815ab6d87e636b9cd679f883a740b88ee0d387ca55a37db69d600e9b8ed33e2bf8bdc0ebf9b1bf6190bcf1e052116fad6f655947897	common_voice_sr_36773513.mp3	2c8602fc4cda4ba04c0e156d0009e1e427b00745f21d6edad32dbddd2ff770ca	Знам, и ја!		4	0	fifties	male_masculine	Beogradski		sr	
cf794424e39ff6c1d973e815ab6d87e636b9cd679f883a740b88ee0d387ca55a37db69d600e9b8ed33e2bf8bdc0ebf9b1bf6190bcf1e052116fad6f655947897	common_voice_sr_36773521.mp3	f57c268b3f3618868112b9e1ce371ca634a85b57c86ef77158b991b21ffefa3b	О да јесте.		4	0	fifties	male_masculine	Beogradski		sr	
cf794424e39ff6c1d973e815ab6d87e636b9cd679f883a740b88ee0d387ca55a37db69d600e9b8ed33e2bf8bdc0ebf9b1bf6190bcf1e052116fad6f655947897	common_voice_sr_36773522.mp3	2f9da018a9b919ef4729850af2bcaaef9088c51592cc05a3a7222374a0d931d9	А и ти!		4	0	fifties	male_masculine	Beogradski		sr	
cf794424e39ff6c1d973e815ab6d87e636b9cd679f883a740b88ee0d387ca55a37db69d600e9b8ed33e2bf8bdc0ebf9b1bf6190bcf1e052116fad6f655947897	common_voice_sr_36773524.mp3	1a2e6262c79344e814205e8b33b409452693a756bf039b188d7d0236fa6ffc06	У својој соби!		4	0	fifties	male_masculine	Beogradski		sr	
cf794424e39ff6c1d973e815ab6d87e636b9cd679f883a740b88ee0d387ca55a37db69d600e9b8ed33e2bf8bdc0ebf9b1bf6190bcf1e052116fad6f655947897	common_voice_sr_36773526.mp3	16a1e11074f71b4ca735936efddc51f07f5bb93bfe0c8d6ba0f2f59bbc49506b	То сте ви?		4	0	fifties	male_masculine	Beogradski		sr	
cf794424e39ff6c1d973e815ab6d87e636b9cd679f883a740b88ee0d387ca55a37db69d600e9b8ed33e2bf8bdc0ebf9b1bf6190bcf1e052116fad6f655947897	common_voice_sr_36773539.mp3	2f56bdbfbe91aa148a0b532565e317d765af6f3540bf5e8bbeda02b29e71bab5	Молим вас, будите.		4	2	fifties	male_masculine	Beogradski		sr	
cf794424e39ff6c1d973e815ab6d87e636b9cd679f883a740b88ee0d387ca55a37db69d600e9b8ed33e2bf8bdc0ebf9b1bf6190bcf1e052116fad6f655947897	common_voice_sr_36773542.mp3	140cbeb4a4ca454d7ebd2e1f3096336185d9fff5f99069687c332dfc279c1baf	Молим вас реците ми!		4	0	fifties	male_masculine	Beogradski		sr	
cf794424e39ff6c1d973e815ab6d87e636b9cd679f883a740b88ee0d387ca55a37db69d600e9b8ed33e2bf8bdc0ebf9b1bf6190bcf1e052116fad6f655947897	common_voice_sr_36773558.mp3	0ee1db5b79063819611275fdc91f645e9b80317e35bc87e104dc03f82c709114	Да, могло би.		4	0	fifties	male_masculine	Beogradski		sr	
cf794424e39ff6c1d973e815ab6d87e636b9cd679f883a740b88ee0d387ca55a37db69d600e9b8ed33e2bf8bdc0ebf9b1bf6190bcf1e052116fad6f655947897	common_voice_sr_36773560.mp3	05074078290ae047d95e3e99cf9e8b810fd6e1ee022ccb70766aa1f8e6e7d2a3	Али ко то?		4	0	fifties	male_masculine	Beogradski		sr	
cf794424e39ff6c1d973e815ab6d87e636b9cd679f883a740b88ee0d387ca55a37db69d600e9b8ed33e2bf8bdc0ebf9b1bf6190bcf1e052116fad6f655947897	common_voice_sr_36773574.mp3	cbaade1b45cd3b915a4299c54f6b8cc166c89911b9d35606e65132eaeebba433	Него сам ја.		4	0	fifties	male_masculine	Beogradski		sr	
cf794424e39ff6c1d973e815ab6d87e636b9cd679f883a740b88ee0d387ca55a37db69d600e9b8ed33e2bf8bdc0ebf9b1bf6190bcf1e052116fad6f655947897	common_voice_sr_36773575.mp3	1fb1060077ac9ec7a15135f77ab24f072d2863b9950719ff93474f9cb5a26c48	И где си ти?		4	0	fifties	male_masculine	Beogradski		sr	
cf794424e39ff6c1d973e815ab6d87e636b9cd679f883a740b88ee0d387ca55a37db69d600e9b8ed33e2bf8bdc0ebf9b1bf6190bcf1e052116fad6f655947897	common_voice_sr_36773992.mp3	1f088af1c6912bc6c116536ce661e63eb39671898a34057ed6b62465f5fdd6b1	Ја вас молим.		4	0	fifties	male_masculine	Beogradski		sr	
cf794424e39ff6c1d973e815ab6d87e636b9cd679f883a740b88ee0d387ca55a37db69d600e9b8ed33e2bf8bdc0ebf9b1bf6190bcf1e052116fad6f655947897	common_voice_sr_36773993.mp3	020b9f9c105d7a14327b1a3f8adce7945e48cdd323c743ad611b4112ce7f5f5a	Данас је Марко отишао у вртић.		4	0	fifties	male_masculine	Beogradski		sr	
cf794424e39ff6c1d973e815ab6d87e636b9cd679f883a740b88ee0d387ca55a37db69d600e9b8ed33e2bf8bdc0ebf9b1bf6190bcf1e052116fad6f655947897	common_voice_sr_36773995.mp3	161844c994386ae843c0e6520e4bedf750f80f0a67c13085c57124b396fcbbda	Немој звати маму.		4	0	fifties	male_masculine	Beogradski		sr	
cf794424e39ff6c1d973e815ab6d87e636b9cd679f883a740b88ee0d387ca55a37db69d600e9b8ed33e2bf8bdc0ebf9b1bf6190bcf1e052116fad6f655947897	common_voice_sr_36774004.mp3	ea548e0cbea50227641c12401c1eb24e45184ebc37342f1dfccf096416f4edcb	Ипак, мора постојати и мера опреза.		4	0	fifties	male_masculine	Beogradski		sr	
cf794424e39ff6c1d973e815ab6d87e636b9cd679f883a740b88ee0d387ca55a37db69d600e9b8ed33e2bf8bdc0ebf9b1bf6190bcf1e052116fad6f655947897	common_voice_sr_36774009.mp3	f5b8d0b37fa07bf2914457625534e69daf85be2f34fefbf26c28f3e42ce2fa8a	То су те.		4	0	fifties	male_masculine	Beogradski		sr	
cf794424e39ff6c1d973e815ab6d87e636b9cd679f883a740b88ee0d387ca55a37db69d600e9b8ed33e2bf8bdc0ebf9b1bf6190bcf1e052116fad6f655947897	common_voice_sr_36774010.mp3	230449cfe69b6d00a421cf6e974472bb3edca1ef259852ffbf8c5f774c63128d	Ко зна где?		4	0	fifties	male_masculine	Beogradski		sr	
cf794424e39ff6c1d973e815ab6d87e636b9cd679f883a740b88ee0d387ca55a37db69d600e9b8ed33e2bf8bdc0ebf9b1bf6190bcf1e052116fad6f655947897	common_voice_sr_36774023.mp3	1edebde0906766f217615fb2771708f839eb6a59f37d64932a48de9a861b1753	Ја и он?		4	0	fifties	male_masculine	Beogradski		sr	
cf794424e39ff6c1d973e815ab6d87e636b9cd679f883a740b88ee0d387ca55a37db69d600e9b8ed33e2bf8bdc0ebf9b1bf6190bcf1e052116fad6f655947897	common_voice_sr_36774025.mp3	2f3f9f775bdd9c31087c9e88c49f5a9f9d9638237105256b271bf09e809a2622	То се сада мења.		4	0	fifties	male_masculine	Beogradski		sr	
cf794424e39ff6c1d973e815ab6d87e636b9cd679f883a740b88ee0d387ca55a37db69d600e9b8ed33e2bf8bdc0ebf9b1bf6190bcf1e052116fad6f655947897	common_voice_sr_36774027.mp3	1287e7f85ffb3dc118ab9ba5019527a32fb8264f73cf7571d2afd07800f6013d	Ја не могу?		4	0	fifties	male_masculine	Beogradski		sr	
cf794424e39ff6c1d973e815ab6d87e636b9cd679f883a740b88ee0d387ca55a37db69d600e9b8ed33e2bf8bdc0ebf9b1bf6190bcf1e052116fad6f655947897	common_voice_sr_36774029.mp3	1ddb824bfef1629feeebcec8a58b56d82522021393c36850385a1baff75d1752	Ко то каже.		4	0	fifties	male_masculine	Beogradski		sr	
cf794424e39ff6c1d973e815ab6d87e636b9cd679f883a740b88ee0d387ca55a37db69d600e9b8ed33e2bf8bdc0ebf9b1bf6190bcf1e052116fad6f655947897	common_voice_sr_36774040.mp3	ccc1d64d386cf89cf392e3073c4c7a948066160b64a8d8a9493d1b4a2776a601	Зар ти то није доста?		4	0	fifties	male_masculine	Beogradski		sr	
cf794424e39ff6c1d973e815ab6d87e636b9cd679f883a740b88ee0d387ca55a37db69d600e9b8ed33e2bf8bdc0ebf9b1bf6190bcf1e052116fad6f655947897	common_voice_sr_36774045.mp3	2ce15354c3640660f0dd827b2fd66c10d4d21e7efe27453ef8136e1ecee6705d	И ове су.		4	0	fifties	male_masculine	Beogradski		sr	
cf794424e39ff6c1d973e815ab6d87e636b9cd679f883a740b88ee0d387ca55a37db69d600e9b8ed33e2bf8bdc0ebf9b1bf6190bcf1e052116fad6f655947897	common_voice_sr_36774047.mp3	30a5c313a60b242489f2a8ac6be7a500b3906329ec955375f2af29ef0778769b	Неке услуге су сада десет пута скупље.		4	0	fifties	male_masculine	Beogradski		sr	
cf794424e39ff6c1d973e815ab6d87e636b9cd679f883a740b88ee0d387ca55a37db69d600e9b8ed33e2bf8bdc0ebf9b1bf6190bcf1e052116fad6f655947897	common_voice_sr_36774058.mp3	218c076a4a7bd5a11f319e11c3d266188cfc9c69906cea0e1c169f7385747e78	Аустријски званичници у међувремену криве македонско правосуђе.		4	2	fifties	male_masculine	Beogradski		sr	
cf794424e39ff6c1d973e815ab6d87e636b9cd679f883a740b88ee0d387ca55a37db69d600e9b8ed33e2bf8bdc0ebf9b1bf6190bcf1e052116fad6f655947897	common_voice_sr_36774060.mp3	2c9edf55fbbb8bf4dd45d36af6f0929349c14259d460584a3d31cb4898150552	Ја не умем!		4	0	fifties	male_masculine	Beogradski		sr	
cf794424e39ff6c1d973e815ab6d87e636b9cd679f883a740b88ee0d387ca55a37db69d600e9b8ed33e2bf8bdc0ebf9b1bf6190bcf1e052116fad6f655947897	common_voice_sr_36774076.mp3	335ea1b878254a6fb8f61a0da1cc5617665655b7e12960be8a9b8b41bca6ffad	А твоја дама?		4	0	fifties	male_masculine	Beogradski		sr	
cf794424e39ff6c1d973e815ab6d87e636b9cd679f883a740b88ee0d387ca55a37db69d600e9b8ed33e2bf8bdc0ebf9b1bf6190bcf1e052116fad6f655947897	common_voice_sr_36774077.mp3	2de5340ce20d2b462d833b84b67f220362f2376ab1d21f604d5a654ee5650c25	На задња врата!		4	0	fifties	male_masculine	Beogradski		sr	
cf794424e39ff6c1d973e815ab6d87e636b9cd679f883a740b88ee0d387ca55a37db69d600e9b8ed33e2bf8bdc0ebf9b1bf6190bcf1e052116fad6f655947897	common_voice_sr_36774079.mp3	cee9c52fa4351cd2ea3fa12eeb719f4d017eeb251ec34d174a8cbdbb1a250e9d	Можда баш овде.		4	0	fifties	male_masculine	Beogradski		sr	
cf794424e39ff6c1d973e815ab6d87e636b9cd679f883a740b88ee0d387ca55a37db69d600e9b8ed33e2bf8bdc0ebf9b1bf6190bcf1e052116fad6f655947897	common_voice_sr_36774092.mp3	306cf9c56dd5536177132362f9ef669b3a06bc6534a7f374c6a8b1270f6addf2	Колико их има!		4	0	fifties	male_masculine	Beogradski		sr	
cf794424e39ff6c1d973e815ab6d87e636b9cd679f883a740b88ee0d387ca55a37db69d600e9b8ed33e2bf8bdc0ebf9b1bf6190bcf1e052116fad6f655947897	common_voice_sr_36774093.mp3	2e8bc9cf9afcb90fc17df46cf3491f18d9afc315d96e5a3c3e730e907b7bc3da	Да, не може!		4	0	fifties	male_masculine	Beogradski		sr	
cf794424e39ff6c1d973e815ab6d87e636b9cd679f883a740b88ee0d387ca55a37db69d600e9b8ed33e2bf8bdc0ebf9b1bf6190bcf1e052116fad6f655947897	common_voice_sr_36774095.mp3	92f370a9c89a13e63a1a1382b84292d551852a8673d5008b2b413f2ce4bd338f	Сада је прекасно за то.		4	0	fifties	male_masculine	Beogradski		sr	
cf794424e39ff6c1d973e815ab6d87e636b9cd679f883a740b88ee0d387ca55a37db69d600e9b8ed33e2bf8bdc0ebf9b1bf6190bcf1e052116fad6f655947897	common_voice_sr_36774097.mp3	200dbde3aba499d08fe561f856975cddd8cc8fc63220868ff26cd4f07488ed48	То вам каже.		4	0	fifties	male_masculine	Beogradski		sr	
cf794424e39ff6c1d973e815ab6d87e636b9cd679f883a740b88ee0d387ca55a37db69d600e9b8ed33e2bf8bdc0ebf9b1bf6190bcf1e052116fad6f655947897	common_voice_sr_36774106.mp3	e2925f172d580ae7cebd5c659fdb24abe6fb91d947f28b1bfec151f3ae1b3763	Па како је.		4	0	fifties	male_masculine	Beogradski		sr	
cf794424e39ff6c1d973e815ab6d87e636b9cd679f883a740b88ee0d387ca55a37db69d600e9b8ed33e2bf8bdc0ebf9b1bf6190bcf1e052116fad6f655947897	common_voice_sr_36774107.mp3	eb74504e764cb1c349cd4bbb223e7e556fb8ca05833de8f18d017f89d0bd909c	Да, и да.		4	0	fifties	male_masculine	Beogradski		sr	
cf794424e39ff6c1d973e815ab6d87e636b9cd679f883a740b88ee0d387ca55a37db69d600e9b8ed33e2bf8bdc0ebf9b1bf6190bcf1e052116fad6f655947897	common_voice_sr_36774109.mp3	3233a7b531668161a2f99ba25ec7a3487b3c41a9351eabf2e48ad539e206c208	Као, на пример!		4	0	fifties	male_masculine	Beogradski		sr	
cf794424e39ff6c1d973e815ab6d87e636b9cd679f883a740b88ee0d387ca55a37db69d600e9b8ed33e2bf8bdc0ebf9b1bf6190bcf1e052116fad6f655947897	common_voice_sr_36774110.mp3	33c85f6f5bd503b39ebc831307c16124ed122bfb453849b62372048603142624	И на другом.		4	0	fifties	male_masculine	Beogradski		sr	
cf794424e39ff6c1d973e815ab6d87e636b9cd679f883a740b88ee0d387ca55a37db69d600e9b8ed33e2bf8bdc0ebf9b1bf6190bcf1e052116fad6f655947897	common_voice_sr_36774121.mp3	33caf722f8dc68db5c6e9b77968357d9443e65a040d7a5c1e4230f7b876424de	Да ли нам можете дати процену укупних трошкова?		4	0	fifties	male_masculine	Beogradski		sr	
cf794424e39ff6c1d973e815ab6d87e636b9cd679f883a740b88ee0d387ca55a37db69d600e9b8ed33e2bf8bdc0ebf9b1bf6190bcf1e052116fad6f655947897	common_voice_sr_36774123.mp3	26d2f973368c344d1539c8dde39dd8f99040eff0c09bf4bffb56aab95aba37c1	На своје место!		4	0	fifties	male_masculine	Beogradski		sr	
cf794424e39ff6c1d973e815ab6d87e636b9cd679f883a740b88ee0d387ca55a37db69d600e9b8ed33e2bf8bdc0ebf9b1bf6190bcf1e052116fad6f655947897	common_voice_sr_36774124.mp3	328f16e3e1f055545aa103c3f0a9d7b02a47b9317084c696f527cecb693d04b5	Груевски упозорава против нереалних очекивања.		4	0	fifties	male_masculine	Beogradski		sr	
cf794424e39ff6c1d973e815ab6d87e636b9cd679f883a740b88ee0d387ca55a37db69d600e9b8ed33e2bf8bdc0ebf9b1bf6190bcf1e052116fad6f655947897	common_voice_sr_36774126.mp3	331592ea7a9a5107c9ed1ddf83e23db985cac5e0d2037ac6d6a3a3f8f20f6293	Ако је тако.		4	0	fifties	male_masculine	Beogradski		sr	
cf794424e39ff6c1d973e815ab6d87e636b9cd679f883a740b88ee0d387ca55a37db69d600e9b8ed33e2bf8bdc0ebf9b1bf6190bcf1e052116fad6f655947897	common_voice_sr_36774128.mp3	3140c0184fc5ba6aa3961f8dba8442ea5ba5b781962a346c03892c9a6305aeec	Данас нема победника и поражених.		4	0	fifties	male_masculine	Beogradski		sr	
cf794424e39ff6c1d973e815ab6d87e636b9cd679f883a740b88ee0d387ca55a37db69d600e9b8ed33e2bf8bdc0ebf9b1bf6190bcf1e052116fad6f655947897	common_voice_sr_36774141.mp3	35379c108a567ff135ae9938b64717cb28501e3eb8049b638641c137efd0d92c	О, и јесте.		4	0	fifties	male_masculine	Beogradski		sr	
cf794424e39ff6c1d973e815ab6d87e636b9cd679f883a740b88ee0d387ca55a37db69d600e9b8ed33e2bf8bdc0ebf9b1bf6190bcf1e052116fad6f655947897	common_voice_sr_36774144.mp3	3207980061e103489de2311078e120b6726d4d66db47aeb56bf3cc877703030c	Имаш нешто да ми кажеш?		4	0	fifties	male_masculine	Beogradski		sr	
cf794424e39ff6c1d973e815ab6d87e636b9cd679f883a740b88ee0d387ca55a37db69d600e9b8ed33e2bf8bdc0ebf9b1bf6190bcf1e052116fad6f655947897	common_voice_sr_36774145.mp3	31d14040eac6aa1fec3d56bae046079e819f975458c3b6d077352f653df37719	Ви не разумете.		4	0	fifties	male_masculine	Beogradski		sr	
cf794424e39ff6c1d973e815ab6d87e636b9cd679f883a740b88ee0d387ca55a37db69d600e9b8ed33e2bf8bdc0ebf9b1bf6190bcf1e052116fad6f655947897	common_voice_sr_36774214.mp3	330ebc2b91f95e272519e8068420f5b5158de42941cb85a65ee718fd778875c5	Што је у овоме?		4	0	fifties	male_masculine	Beogradski		sr	
cf794424e39ff6c1d973e815ab6d87e636b9cd679f883a740b88ee0d387ca55a37db69d600e9b8ed33e2bf8bdc0ebf9b1bf6190bcf1e052116fad6f655947897	common_voice_sr_36774215.mp3	29034e201a2637bbeb41ad3948ca193828f15c7021e49105c46586ad2ddbad86	А шта је то.		4	0	fifties	male_masculine	Beogradski		sr	
cf794424e39ff6c1d973e815ab6d87e636b9cd679f883a740b88ee0d387ca55a37db69d600e9b8ed33e2bf8bdc0ebf9b1bf6190bcf1e052116fad6f655947897	common_voice_sr_36774216.mp3	363bed71bca0aebcf3d5d245c04fd592250c91e4b5d52a450b7b87ca02dfa512	Један месец дана.		4	0	fifties	male_masculine	Beogradski		sr	
cf794424e39ff6c1d973e815ab6d87e636b9cd679f883a740b88ee0d387ca55a37db69d600e9b8ed33e2bf8bdc0ebf9b1bf6190bcf1e052116fad6f655947897	common_voice_sr_36774223.mp3	e506bea240d04a7663023fcba3a1f6227361962b1b3c0f2b70802dcc8f1b0087	И за ста?		4	0	fifties	male_masculine	Beogradski		sr	
cf794424e39ff6c1d973e815ab6d87e636b9cd679f883a740b88ee0d387ca55a37db69d600e9b8ed33e2bf8bdc0ebf9b1bf6190bcf1e052116fad6f655947897	common_voice_sr_36774225.mp3	0fa1df1e7056c8a868f263b7a05226cb9364ba3e1990f56edc93ba045bbe3fc4	Вежба је чисто војне природе.		4	0	fifties	male_masculine	Beogradski		sr	
cf794424e39ff6c1d973e815ab6d87e636b9cd679f883a740b88ee0d387ca55a37db69d600e9b8ed33e2bf8bdc0ebf9b1bf6190bcf1e052116fad6f655947897	common_voice_sr_36774227.mp3	f50ed72a142a709b5b73bd3772c84711e21271c5d7cdb94a0d15d326f1bdec28	Што је би?		4	0	fifties	male_masculine	Beogradski		sr	
cf794424e39ff6c1d973e815ab6d87e636b9cd679f883a740b88ee0d387ca55a37db69d600e9b8ed33e2bf8bdc0ebf9b1bf6190bcf1e052116fad6f655947897	common_voice_sr_36774236.mp3	35ec12e07f7b0e8b0a463732b321a80bdb54adc420095fa195cb5ffb24787848	Цео свет зна!		4	0	fifties	male_masculine	Beogradski		sr	
cf794424e39ff6c1d973e815ab6d87e636b9cd679f883a740b88ee0d387ca55a37db69d600e9b8ed33e2bf8bdc0ebf9b1bf6190bcf1e052116fad6f655947897	common_voice_sr_36774244.mp3	04c94ec06d79ca627b9d10f51eb6c4c94d5b1f7d25bc35c635bbed7857bc4134	А ко може?		4	0	fifties	male_masculine	Beogradski		sr	
cf794424e39ff6c1d973e815ab6d87e636b9cd679f883a740b88ee0d387ca55a37db69d600e9b8ed33e2bf8bdc0ebf9b1bf6190bcf1e052116fad6f655947897	common_voice_sr_36774247.mp3	0638bbab56c5c8faadcf25a282c024b4d2c498d816ca65cb712859c745980a08	Само један тренутак.		4	0	fifties	male_masculine	Beogradski		sr	
cf794424e39ff6c1d973e815ab6d87e636b9cd679f883a740b88ee0d387ca55a37db69d600e9b8ed33e2bf8bdc0ebf9b1bf6190bcf1e052116fad6f655947897	common_voice_sr_36774248.mp3	333fa075b17d1b4179214f2153db677d83bf43b80e853b2bb4e9e2e26bff1e98	Ко је го?		4	0	fifties	male_masculine	Beogradski		sr	
cf794424e39ff6c1d973e815ab6d87e636b9cd679f883a740b88ee0d387ca55a37db69d600e9b8ed33e2bf8bdc0ebf9b1bf6190bcf1e052116fad6f655947897	common_voice_sr_36774258.mp3	3268c226a0ad3761fb0f754d9b2132511abe9f8eee855ce30a6242a5548b7b4c	Ко сте ви?		4	0	fifties	male_masculine	Beogradski		sr	
cf794424e39ff6c1d973e815ab6d87e636b9cd679f883a740b88ee0d387ca55a37db69d600e9b8ed33e2bf8bdc0ebf9b1bf6190bcf1e052116fad6f655947897	common_voice_sr_36774260.mp3	eceb5b88a75b8444d39d81d9de896a185af9a06acb36fecbb91900057f4fe51a	Он је мој?		4	0	fifties	male_masculine	Beogradski		sr	
cf794424e39ff6c1d973e815ab6d87e636b9cd679f883a740b88ee0d387ca55a37db69d600e9b8ed33e2bf8bdc0ebf9b1bf6190bcf1e052116fad6f655947897	common_voice_sr_36774261.mp3	145188bb649e1e87775c566b47a70180d84190c439279081acd2e672ebc95c4b	Волим техно и хаус!		4	0	fifties	male_masculine	Beogradski		sr	
cf794424e39ff6c1d973e815ab6d87e636b9cd679f883a740b88ee0d387ca55a37db69d600e9b8ed33e2bf8bdc0ebf9b1bf6190bcf1e052116fad6f655947897	common_voice_sr_36774262.mp3	28b470a5efe97d784a3de3dc6b5d4a9714968ff34a1aebfeecb9a0e00fff96ed	Домаћи љубитељи филма више воле класичне комедије.		4	0	fifties	male_masculine	Beogradski		sr	
cf794424e39ff6c1d973e815ab6d87e636b9cd679f883a740b88ee0d387ca55a37db69d600e9b8ed33e2bf8bdc0ebf9b1bf6190bcf1e052116fad6f655947897	common_voice_sr_36774268.mp3	36e51d7e7e20db39d4e965e80bea2defd08fff43ead5c41a2684f48bbd9991ce	Па, разуме се!		6	0	fifties	male_masculine	Beogradski		sr	
cf794424e39ff6c1d973e815ab6d87e636b9cd679f883a740b88ee0d387ca55a37db69d600e9b8ed33e2bf8bdc0ebf9b1bf6190bcf1e052116fad6f655947897	common_voice_sr_36774270.mp3	2e53900ca5c024903e1034d40760d044adc38cd322799d2c1b76ecc080a33cf7	Никад није рекао.		4	0	fifties	male_masculine	Beogradski		sr	
cf794424e39ff6c1d973e815ab6d87e636b9cd679f883a740b88ee0d387ca55a37db69d600e9b8ed33e2bf8bdc0ebf9b1bf6190bcf1e052116fad6f655947897	common_voice_sr_36774273.mp3	e61b483fa6566f0a695e9a4d3463f1332c71d65f809bbc1e97a410361899b49d	То би било?		4	0	fifties	male_masculine	Beogradski		sr	
cf794424e39ff6c1d973e815ab6d87e636b9cd679f883a740b88ee0d387ca55a37db69d600e9b8ed33e2bf8bdc0ebf9b1bf6190bcf1e052116fad6f655947897	common_voice_sr_36774277.mp3	19c56e007e8b89a4cda733fa8b487404ac01ae73d72811acecba8ea381726db1	Да је жив.		4	0	fifties	male_masculine	Beogradski		sr	
cf794424e39ff6c1d973e815ab6d87e636b9cd679f883a740b88ee0d387ca55a37db69d600e9b8ed33e2bf8bdc0ebf9b1bf6190bcf1e052116fad6f655947897	common_voice_sr_36774278.mp3	2ae7afa37dff9abcfa4bb6539270358b6cbd6dae6985409c811ed88e9c121d57	Није то него.		4	0	fifties	male_masculine	Beogradski		sr	
cf794424e39ff6c1d973e815ab6d87e636b9cd679f883a740b88ee0d387ca55a37db69d600e9b8ed33e2bf8bdc0ebf9b1bf6190bcf1e052116fad6f655947897	common_voice_sr_36774284.mp3	3369895e97f6d91fb1c2de5a3695be4914f89e712a28ec0fda69a262ae1fe7be	Шта је вама!		4	0	fifties	male_masculine	Beogradski		sr	
cf794424e39ff6c1d973e815ab6d87e636b9cd679f883a740b88ee0d387ca55a37db69d600e9b8ed33e2bf8bdc0ebf9b1bf6190bcf1e052116fad6f655947897	common_voice_sr_36774286.mp3	1e2abf9680ca3b82874809388fa6f0de55f26d2e8156988571a00caa940bf93e	Али ти не можеш!		4	0	fifties	male_masculine	Beogradski		sr	
cf794424e39ff6c1d973e815ab6d87e636b9cd679f883a740b88ee0d387ca55a37db69d600e9b8ed33e2bf8bdc0ebf9b1bf6190bcf1e052116fad6f655947897	common_voice_sr_36774287.mp3	ef854f5bbb7f053eeb009e8350d3e163d54c761b5e0725afa1bc9a73da60317d	Мајка је моја била за то да будем или доктор или митрополит.		4	0	fifties	male_masculine	Beogradski		sr	
cf794424e39ff6c1d973e815ab6d87e636b9cd679f883a740b88ee0d387ca55a37db69d600e9b8ed33e2bf8bdc0ebf9b1bf6190bcf1e052116fad6f655947897	common_voice_sr_36774294.mp3	119fc44d146cbd1b64f37d67e530f8913976a6aa774c220a3bedec97f460695f	У мојој кући!		4	0	fifties	male_masculine	Beogradski		sr	
cf794424e39ff6c1d973e815ab6d87e636b9cd679f883a740b88ee0d387ca55a37db69d600e9b8ed33e2bf8bdc0ebf9b1bf6190bcf1e052116fad6f655947897	common_voice_sr_36774295.mp3	317f73dc3a85e01955d47ab9e97ecf217c2bd404549874708b8e91ce1f65f05c	Запад је то протумачио као васкрснуће отоманизма.		4	0	fifties	male_masculine	Beogradski		sr	
cf794424e39ff6c1d973e815ab6d87e636b9cd679f883a740b88ee0d387ca55a37db69d600e9b8ed33e2bf8bdc0ebf9b1bf6190bcf1e052116fad6f655947897	common_voice_sr_36774296.mp3	2606e0a0811830eb6d23f7940437c87cb7abe2cf3003c2c2106b233007e38725	Но, истина је!		4	0	fifties	male_masculine	Beogradski		sr	
cf794424e39ff6c1d973e815ab6d87e636b9cd679f883a740b88ee0d387ca55a37db69d600e9b8ed33e2bf8bdc0ebf9b1bf6190bcf1e052116fad6f655947897	common_voice_sr_36774297.mp3	2cd40d5feeb6d255afaf14d00ee5d91a8ef249361126489b0dd1a41836a5200e	Да, а где?		4	0	fifties	male_masculine	Beogradski		sr	
cf794424e39ff6c1d973e815ab6d87e636b9cd679f883a740b88ee0d387ca55a37db69d600e9b8ed33e2bf8bdc0ebf9b1bf6190bcf1e052116fad6f655947897	common_voice_sr_36774298.mp3	ec0fb585ac1defd330c72c4962ec334cfa3c131de87f7d75f7d2e2ee3f9c41a9	Добро јутро, како сте данас?		4	0	fifties	male_masculine	Beogradski		sr	
cf794424e39ff6c1d973e815ab6d87e636b9cd679f883a740b88ee0d387ca55a37db69d600e9b8ed33e2bf8bdc0ebf9b1bf6190bcf1e052116fad6f655947897	common_voice_sr_36774305.mp3	2d8fd020f0dfe1128677df30c331b89534b50a7e5bcac3f6f36dd7ace2412b9a	Како их оцењујете?		4	0	fifties	male_masculine	Beogradski		sr	
cf794424e39ff6c1d973e815ab6d87e636b9cd679f883a740b88ee0d387ca55a37db69d600e9b8ed33e2bf8bdc0ebf9b1bf6190bcf1e052116fad6f655947897	common_voice_sr_36774307.mp3	2d7afd5e2c37daca68d1eaa94df5fa51c756e22b38a6ab7c07cd093f220328e8	И за храну.		4	0	fifties	male_masculine	Beogradski		sr	
cf794424e39ff6c1d973e815ab6d87e636b9cd679f883a740b88ee0d387ca55a37db69d600e9b8ed33e2bf8bdc0ebf9b1bf6190bcf1e052116fad6f655947897	common_voice_sr_36774309.mp3	efd073b4bd8170c0dcea7a48f612cb002cca70ef2200e36c935a1007718cf22e	Они су фашисти.		4	0	fifties	male_masculine	Beogradski		sr	
cf794424e39ff6c1d973e815ab6d87e636b9cd679f883a740b88ee0d387ca55a37db69d600e9b8ed33e2bf8bdc0ebf9b1bf6190bcf1e052116fad6f655947897	common_voice_sr_36774310.mp3	3063bb9d9246ebe069dbccacbaeda4ee1c6dc954b21dcf48af62b004e60072ce	Је ли да?		4	0	fifties	male_masculine	Beogradski		sr	
cf794424e39ff6c1d973e815ab6d87e636b9cd679f883a740b88ee0d387ca55a37db69d600e9b8ed33e2bf8bdc0ebf9b1bf6190bcf1e052116fad6f655947897	common_voice_sr_36774312.mp3	eaa070b2726e67bb33e72a24b727718052e880964d2db1671cd7f862e0acebb6	А ти си.		4	2	fifties	male_masculine	Beogradski		sr	
cf794424e39ff6c1d973e815ab6d87e636b9cd679f883a740b88ee0d387ca55a37db69d600e9b8ed33e2bf8bdc0ebf9b1bf6190bcf1e052116fad6f655947897	common_voice_sr_36774334.mp3	329729634af734981f8ed9e83cb1f3cfb4a6188f1a95e6e1b5e93e215cd6e822	Или можда не?		4	0	fifties	male_masculine	Beogradski		sr	
cf794424e39ff6c1d973e815ab6d87e636b9cd679f883a740b88ee0d387ca55a37db69d600e9b8ed33e2bf8bdc0ebf9b1bf6190bcf1e052116fad6f655947897	common_voice_sr_36774336.mp3	38cd881002a4b69ae2581c738109a290b6d62196f983e63db7d0136ef244f309	Је ли то онај?		4	0	fifties	male_masculine	Beogradski		sr	
cf794424e39ff6c1d973e815ab6d87e636b9cd679f883a740b88ee0d387ca55a37db69d600e9b8ed33e2bf8bdc0ebf9b1bf6190bcf1e052116fad6f655947897	common_voice_sr_36774339.mp3	c1e6d4b4d440dad3e6eca342f94acafc8d1247a6da5aef2ca2589152b7dbac7f	Што је било.		4	2	fifties	male_masculine	Beogradski		sr	
cf794424e39ff6c1d973e815ab6d87e636b9cd679f883a740b88ee0d387ca55a37db69d600e9b8ed33e2bf8bdc0ebf9b1bf6190bcf1e052116fad6f655947897	common_voice_sr_36774340.mp3	138f9afb23a9ed2b90dcaca486bcef56cb83554b460fd4072dd66580c8ec8841	Проверили смо то са правног становишта...		4	0	fifties	male_masculine	Beogradski		sr	
cf794424e39ff6c1d973e815ab6d87e636b9cd679f883a740b88ee0d387ca55a37db69d600e9b8ed33e2bf8bdc0ebf9b1bf6190bcf1e052116fad6f655947897	common_voice_sr_36774342.mp3	d80685f74ec06735bd9190da5802b36c56583f5a6554c05545d28ef1efa0c83f	На овај начин!		4	0	fifties	male_masculine	Beogradski		sr	
cf794424e39ff6c1d973e815ab6d87e636b9cd679f883a740b88ee0d387ca55a37db69d600e9b8ed33e2bf8bdc0ebf9b1bf6190bcf1e052116fad6f655947897	common_voice_sr_36774353.mp3	376847bdb5fc28f90ee44b3d2dc31b79e30fb043687249f99c9aa57e45c9e79a	И ко зна?		4	0	fifties	male_masculine	Beogradski		sr	
cf794424e39ff6c1d973e815ab6d87e636b9cd679f883a740b88ee0d387ca55a37db69d600e9b8ed33e2bf8bdc0ebf9b1bf6190bcf1e052116fad6f655947897	common_voice_sr_36774354.mp3	315b2be81d0a6d81e4e9a3aca681e614a0670cfb32fdea6a73bb64dc63a70ed5	Колико је дуго?		4	0	fifties	male_masculine	Beogradski		sr	
cf794424e39ff6c1d973e815ab6d87e636b9cd679f883a740b88ee0d387ca55a37db69d600e9b8ed33e2bf8bdc0ebf9b1bf6190bcf1e052116fad6f655947897	common_voice_sr_36774355.mp3	363e6d2c5aa25279ef237ee2febac1fa6c6fcc15b55a4d14198d2612b7424d09	Ја не разуме.		4	0	fifties	male_masculine	Beogradski		sr	
cf794424e39ff6c1d973e815ab6d87e636b9cd679f883a740b88ee0d387ca55a37db69d600e9b8ed33e2bf8bdc0ebf9b1bf6190bcf1e052116fad6f655947897	common_voice_sr_36774356.mp3	2409dd6cb5d10d421029dbd92e70f170ac87a7d45b930af94cf70c556a7768d7	Немојте ме питати зашто.		4	0	fifties	male_masculine	Beogradski		sr	
cf794424e39ff6c1d973e815ab6d87e636b9cd679f883a740b88ee0d387ca55a37db69d600e9b8ed33e2bf8bdc0ebf9b1bf6190bcf1e052116fad6f655947897	common_voice_sr_36774365.mp3	38d8ed79cd2325a5aed5b28a2d5773e8953a7ce68da061ce361937ec263978ee	Колико јој је?		4	0	fifties	male_masculine	Beogradski		sr	
cf794424e39ff6c1d973e815ab6d87e636b9cd679f883a740b88ee0d387ca55a37db69d600e9b8ed33e2bf8bdc0ebf9b1bf6190bcf1e052116fad6f655947897	common_voice_sr_36774367.mp3	13c8aa96599afe00e6939d5e4e1a45753e41d5b80688f1c277cd4ea9678a2781	Шта да радимо.		4	0	fifties	male_masculine	Beogradski		sr	
cf794424e39ff6c1d973e815ab6d87e636b9cd679f883a740b88ee0d387ca55a37db69d600e9b8ed33e2bf8bdc0ebf9b1bf6190bcf1e052116fad6f655947897	common_voice_sr_36774369.mp3	131478861c69d7c0162b49128e2b66b624570277cad10a17f77696323facce98	Па, то је истина.		4	0	fifties	male_masculine	Beogradski		sr	
cf794424e39ff6c1d973e815ab6d87e636b9cd679f883a740b88ee0d387ca55a37db69d600e9b8ed33e2bf8bdc0ebf9b1bf6190bcf1e052116fad6f655947897	common_voice_sr_36774371.mp3	35a6cbb98480c180b9f1dec063544e64d236fcb968ac20d421856cdc266af8e2	И она је.		4	0	fifties	male_masculine	Beogradski		sr	
cf794424e39ff6c1d973e815ab6d87e636b9cd679f883a740b88ee0d387ca55a37db69d600e9b8ed33e2bf8bdc0ebf9b1bf6190bcf1e052116fad6f655947897	common_voice_sr_36774382.mp3	110cf7d3d4ceb28c27a9124020ce1f8f9aa0444696b240186110580c5f9573b6	Шта је ово, шта?		4	2	fifties	male_masculine	Beogradski		sr	
cf794424e39ff6c1d973e815ab6d87e636b9cd679f883a740b88ee0d387ca55a37db69d600e9b8ed33e2bf8bdc0ebf9b1bf6190bcf1e052116fad6f655947897	common_voice_sr_36774384.mp3	242c7e26221b19d7d7ed767d127dec857c74261ff8637f73209ef5860f8b445b	То је много!		4	0	fifties	male_masculine	Beogradski		sr	
cf794424e39ff6c1d973e815ab6d87e636b9cd679f883a740b88ee0d387ca55a37db69d600e9b8ed33e2bf8bdc0ebf9b1bf6190bcf1e052116fad6f655947897	common_voice_sr_36774385.mp3	31d80d1caa517f6aae1dd9194afe4e7f24e6146d8ce7a9599dd8e2ea67e22e37	Не можеш ти?		4	0	fifties	male_masculine	Beogradski		sr	
cf794424e39ff6c1d973e815ab6d87e636b9cd679f883a740b88ee0d387ca55a37db69d600e9b8ed33e2bf8bdc0ebf9b1bf6190bcf1e052116fad6f655947897	common_voice_sr_36774399.mp3	05e468be71402e2e5b0572bf5e648bde9ae8491f65e5652c7dffff14e024ce4e	Није толико стар.		4	0	fifties	male_masculine	Beogradski		sr	
cf794424e39ff6c1d973e815ab6d87e636b9cd679f883a740b88ee0d387ca55a37db69d600e9b8ed33e2bf8bdc0ebf9b1bf6190bcf1e052116fad6f655947897	common_voice_sr_36774400.mp3	35518f46e3cce305aa530933f10687b6536ae27b2d7ad9a47fec878470e94929	А него како?		4	0	fifties	male_masculine	Beogradski		sr	
cf794424e39ff6c1d973e815ab6d87e636b9cd679f883a740b88ee0d387ca55a37db69d600e9b8ed33e2bf8bdc0ebf9b1bf6190bcf1e052116fad6f655947897	common_voice_sr_36774401.mp3	38286a06f7450a8e81883629662e476eef943b1b72a3f128ed93a77d05c3ce3f	Ја не би.		4	0	fifties	male_masculine	Beogradski		sr	
cf794424e39ff6c1d973e815ab6d87e636b9cd679f883a740b88ee0d387ca55a37db69d600e9b8ed33e2bf8bdc0ebf9b1bf6190bcf1e052116fad6f655947897	common_voice_sr_36774408.mp3	2bcf483de1cf4ebe0c0cbe76cba3fd0e5a98ecb3f31389bc22228b2541c3398f	Не знате како.		4	0	fifties	male_masculine	Beogradski		sr	
cf794424e39ff6c1d973e815ab6d87e636b9cd679f883a740b88ee0d387ca55a37db69d600e9b8ed33e2bf8bdc0ebf9b1bf6190bcf1e052116fad6f655947897	common_voice_sr_36774411.mp3	1496669264c0b39867c179daa9cd4c1573c2ee5bbfde5b9d0f908dccaac2e4a7	Ти ме пусти.		4	0	fifties	male_masculine	Beogradski		sr	
cf794424e39ff6c1d973e815ab6d87e636b9cd679f883a740b88ee0d387ca55a37db69d600e9b8ed33e2bf8bdc0ebf9b1bf6190bcf1e052116fad6f655947897	common_voice_sr_36774423.mp3	fcbea104c9c346de2fc29620f1c37c48f47b5d33d6701c3a295f8af5a0d56d44	Како одговарате на те оптужбе?		4	0	fifties	male_masculine	Beogradski		sr	
cf794424e39ff6c1d973e815ab6d87e636b9cd679f883a740b88ee0d387ca55a37db69d600e9b8ed33e2bf8bdc0ebf9b1bf6190bcf1e052116fad6f655947897	common_voice_sr_36774424.mp3	380b1e358a64fa9873be751b9eca51e243f36482a63c76a6058c28cfea995739	Сада тога више нема.		4	0	fifties	male_masculine	Beogradski		sr	
cf794424e39ff6c1d973e815ab6d87e636b9cd679f883a740b88ee0d387ca55a37db69d600e9b8ed33e2bf8bdc0ebf9b1bf6190bcf1e052116fad6f655947897	common_voice_sr_36774451.mp3	2e2b3ae6fd4b897cbf1fb3601c0a395bd1ee2a9c49426da45a14f44709c2c506	Донесите ми било које друго пиво које имате!		4	0	fifties	male_masculine	Beogradski		sr	
cf794424e39ff6c1d973e815ab6d87e636b9cd679f883a740b88ee0d387ca55a37db69d600e9b8ed33e2bf8bdc0ebf9b1bf6190bcf1e052116fad6f655947897	common_voice_sr_36774452.mp3	1bce2029cadb3072a60eecb775d8b5ce0d442d17dc7a3215cfaee6bd299a7640	Ја не знам шта је то?		4	0	fifties	male_masculine	Beogradski		sr	
cf794424e39ff6c1d973e815ab6d87e636b9cd679f883a740b88ee0d387ca55a37db69d600e9b8ed33e2bf8bdc0ebf9b1bf6190bcf1e052116fad6f655947897	common_voice_sr_36774453.mp3	2b145c047de07a07b7b3139397f4c27a290df8b61d6cb00e29f836afd253c30f	Бучковски указује да је укључивање државне администрације разумно.		4	0	fifties	male_masculine	Beogradski		sr	
cf794424e39ff6c1d973e815ab6d87e636b9cd679f883a740b88ee0d387ca55a37db69d600e9b8ed33e2bf8bdc0ebf9b1bf6190bcf1e052116fad6f655947897	common_voice_sr_36774454.mp3	02d91f962738a4fc2777c055cad798f05255866318576eb82d01e7fec38bc1c1	И са њом?		4	0	fifties	male_masculine	Beogradski		sr	
cf794424e39ff6c1d973e815ab6d87e636b9cd679f883a740b88ee0d387ca55a37db69d600e9b8ed33e2bf8bdc0ebf9b1bf6190bcf1e052116fad6f655947897	common_voice_sr_36774460.mp3	39ba8408bac163c061637e384afc05ae99fdd093260ed8949c6a1c7734499fd6	И било је време.		4	0	fifties	male_masculine	Beogradski		sr	
cf794424e39ff6c1d973e815ab6d87e636b9cd679f883a740b88ee0d387ca55a37db69d600e9b8ed33e2bf8bdc0ebf9b1bf6190bcf1e052116fad6f655947897	common_voice_sr_36774462.mp3	230ed7ebfda75543235a88ac8878512902414ee71dba301615cfcff10bdfd381	Боже ме прости.		4	0	fifties	male_masculine	Beogradski		sr	
cf794424e39ff6c1d973e815ab6d87e636b9cd679f883a740b88ee0d387ca55a37db69d600e9b8ed33e2bf8bdc0ebf9b1bf6190bcf1e052116fad6f655947897	common_voice_sr_36774463.mp3	0bb5abf6709930279d8c1e684231717bc9a7133ea59e1d83f4405a97ffd12265	Не, не, пусти.		4	0	fifties	male_masculine	Beogradski		sr	
cf794424e39ff6c1d973e815ab6d87e636b9cd679f883a740b88ee0d387ca55a37db69d600e9b8ed33e2bf8bdc0ebf9b1bf6190bcf1e052116fad6f655947897	common_voice_sr_36774471.mp3	20c8dce6d65cfa8d821af2aac7bac47ddd5a752ce7f13f0b42fefc2b0d9e9ea9	Мислим да је.		4	0	fifties	male_masculine	Beogradski		sr	
cf794424e39ff6c1d973e815ab6d87e636b9cd679f883a740b88ee0d387ca55a37db69d600e9b8ed33e2bf8bdc0ebf9b1bf6190bcf1e052116fad6f655947897	common_voice_sr_36774472.mp3	3471d7df9df89a229f5ce7fa0ef484c6706f2ca762c3afc104435c5095d68402	Да не би?		4	0	fifties	male_masculine	Beogradski		sr	
cf794424e39ff6c1d973e815ab6d87e636b9cd679f883a740b88ee0d387ca55a37db69d600e9b8ed33e2bf8bdc0ebf9b1bf6190bcf1e052116fad6f655947897	common_voice_sr_36774473.mp3	eb1e4d0d13c078dc94367995c6ffc7f6de9a0b1b30febcbfc22b15587037aeb8	И шта је ово?		4	0	fifties	male_masculine	Beogradski		sr	
cf794424e39ff6c1d973e815ab6d87e636b9cd679f883a740b88ee0d387ca55a37db69d600e9b8ed33e2bf8bdc0ebf9b1bf6190bcf1e052116fad6f655947897	common_voice_sr_36774474.mp3	3371c385cdaa3836a7eae7a12e287a38e8ae26a671f3485b7fb3d7c397315e36	А и коња.		4	0	fifties	male_masculine	Beogradski		sr	
cf794424e39ff6c1d973e815ab6d87e636b9cd679f883a740b88ee0d387ca55a37db69d600e9b8ed33e2bf8bdc0ebf9b1bf6190bcf1e052116fad6f655947897	common_voice_sr_36774480.mp3	2c873d743c183eaf51376b20c45f9c07a57c082eab7efb400b4b479739d3bb69	Процес интеграције мора да се настави.		4	0	fifties	male_masculine	Beogradski		sr	
cf794424e39ff6c1d973e815ab6d87e636b9cd679f883a740b88ee0d387ca55a37db69d600e9b8ed33e2bf8bdc0ebf9b1bf6190bcf1e052116fad6f655947897	common_voice_sr_36774481.mp3	fd1a51123a93a5891463dea3d8d7e619a1cd85b860ccafd44f70fc0ddfdc130c	Више не могу.		4	0	fifties	male_masculine	Beogradski		sr	
cf794424e39ff6c1d973e815ab6d87e636b9cd679f883a740b88ee0d387ca55a37db69d600e9b8ed33e2bf8bdc0ebf9b1bf6190bcf1e052116fad6f655947897	common_voice_sr_36774491.mp3	39749fb898dea371ed7f16b55e586c2965e2036e651c58c9230055ce53978f60	Пише љубавна писма.		4	0	fifties	male_masculine	Beogradski		sr	
cf794424e39ff6c1d973e815ab6d87e636b9cd679f883a740b88ee0d387ca55a37db69d600e9b8ed33e2bf8bdc0ebf9b1bf6190bcf1e052116fad6f655947897	common_voice_sr_36774492.mp3	3379d50d5c5cbfcf4b69af99f569b005c6132787b7b26fdd09c497a6ff66b1d2	О, не, разумем.		4	0	fifties	male_masculine	Beogradski		sr	
cf794424e39ff6c1d973e815ab6d87e636b9cd679f883a740b88ee0d387ca55a37db69d600e9b8ed33e2bf8bdc0ebf9b1bf6190bcf1e052116fad6f655947897	common_voice_sr_36774498.mp3	0edfef508ee36d5593e446a28e6a12788a628852209011d6c46a99aebf96b683	Које је место?		4	0	fifties	male_masculine	Beogradski		sr	
cf794424e39ff6c1d973e815ab6d87e636b9cd679f883a740b88ee0d387ca55a37db69d600e9b8ed33e2bf8bdc0ebf9b1bf6190bcf1e052116fad6f655947897	common_voice_sr_36774499.mp3	378d47b0012d6e87e6925aa24356d7dc9ca2f0afb0dadd382c057fe9ca7c528e	Па, шта мислиш?		4	0	fifties	male_masculine	Beogradski		sr	
cf794424e39ff6c1d973e815ab6d87e636b9cd679f883a740b88ee0d387ca55a37db69d600e9b8ed33e2bf8bdc0ebf9b1bf6190bcf1e052116fad6f655947897	common_voice_sr_36774500.mp3	0cbf185cb2bf5263058c946019d8b28a54bfc33b0a9587ab78a8135f113e45a7	Имамо врло јасан мандат од земаља чланица.		4	0	fifties	male_masculine	Beogradski		sr	
cf794424e39ff6c1d973e815ab6d87e636b9cd679f883a740b88ee0d387ca55a37db69d600e9b8ed33e2bf8bdc0ebf9b1bf6190bcf1e052116fad6f655947897	common_voice_sr_36774501.mp3	29d4cc1c1fc759e901c740932af117642b6ec14d7204d90bee80e9bb7950752b	Међународни музички фестивал.		4	0	fifties	male_masculine	Beogradski		sr	
cf794424e39ff6c1d973e815ab6d87e636b9cd679f883a740b88ee0d387ca55a37db69d600e9b8ed33e2bf8bdc0ebf9b1bf6190bcf1e052116fad6f655947897	common_voice_sr_36774506.mp3	2c79578c47abd0ac14b3cf24f95c73cd6a3179d0765ac7ecaba1d26e290dacd7	Ја мислим, најбоље је да иде у официре		4	0	fifties	male_masculine	Beogradski		sr	
cf794424e39ff6c1d973e815ab6d87e636b9cd679f883a740b88ee0d387ca55a37db69d600e9b8ed33e2bf8bdc0ebf9b1bf6190bcf1e052116fad6f655947897	common_voice_sr_36774508.mp3	2d5943aed8cbb68f76b92989eca97a41da3f312c5af4d8b8558d3faa542a5db9	И било је!		4	0	fifties	male_masculine	Beogradski		sr	
cf794424e39ff6c1d973e815ab6d87e636b9cd679f883a740b88ee0d387ca55a37db69d600e9b8ed33e2bf8bdc0ebf9b1bf6190bcf1e052116fad6f655947897	common_voice_sr_36774513.mp3	2e3d61fc29f83e27a89b354cb3c50dec7e76ca07b8977298535290682fb990f0	Што ти је то?		4	0	fifties	male_masculine	Beogradski		sr	
cf794424e39ff6c1d973e815ab6d87e636b9cd679f883a740b88ee0d387ca55a37db69d600e9b8ed33e2bf8bdc0ebf9b1bf6190bcf1e052116fad6f655947897	common_voice_sr_36774531.mp3	3c1b0a5ddf964ad5b4f6d6ee96aa40e80a66f40a7fe00b3550ccf5ac265501c4	Са друге стране?		4	0	fifties	male_masculine	Beogradski		sr	
cf794424e39ff6c1d973e815ab6d87e636b9cd679f883a740b88ee0d387ca55a37db69d600e9b8ed33e2bf8bdc0ebf9b1bf6190bcf1e052116fad6f655947897	common_voice_sr_36774532.mp3	397b03c6a3b6c0218f8c7a46328aa3e5a71d53f76308c216a5eb416fcebc6ffb	И ко си ти.		4	0	fifties	male_masculine	Beogradski		sr	
cf794424e39ff6c1d973e815ab6d87e636b9cd679f883a740b88ee0d387ca55a37db69d600e9b8ed33e2bf8bdc0ebf9b1bf6190bcf1e052116fad6f655947897	common_voice_sr_36774533.mp3	38b05e26ee9e1a1c736166a32471157cdddfe4fb5dfbee490c40e7a07d991d10	Па не можеш.		4	0	fifties	male_masculine	Beogradski		sr	
cf794424e39ff6c1d973e815ab6d87e636b9cd679f883a740b88ee0d387ca55a37db69d600e9b8ed33e2bf8bdc0ebf9b1bf6190bcf1e052116fad6f655947897	common_voice_sr_36774534.mp3	26a4f2e72eefd3c7d91374d3e23f4416683e2b74195392bfd41054391290c447	Све због мене!		4	0	fifties	male_masculine	Beogradski		sr	
cf794424e39ff6c1d973e815ab6d87e636b9cd679f883a740b88ee0d387ca55a37db69d600e9b8ed33e2bf8bdc0ebf9b1bf6190bcf1e052116fad6f655947897	common_voice_sr_36774545.mp3	2c080b09231870389fb1cb2fb52a6a67e23ad76ddb8d4954ebf878240b6f75e4	И сад је.		4	0	fifties	male_masculine	Beogradski		sr	
cf794424e39ff6c1d973e815ab6d87e636b9cd679f883a740b88ee0d387ca55a37db69d600e9b8ed33e2bf8bdc0ebf9b1bf6190bcf1e052116fad6f655947897	common_voice_sr_36774546.mp3	31daf0f19a4607a85adae568f0d0f1c5028eff16f6bf0e36604a75b6682386cf	Под нашим кровом.		4	0	fifties	male_masculine	Beogradski		sr	
cf794424e39ff6c1d973e815ab6d87e636b9cd679f883a740b88ee0d387ca55a37db69d600e9b8ed33e2bf8bdc0ebf9b1bf6190bcf1e052116fad6f655947897	common_voice_sr_36774547.mp3	3bf509a91e4ff47262caa9f22d10f7fe7dcda76e02b5d8321a59b94a48531552	Зашто госпа Станка има надут трбух?		4	0	fifties	male_masculine	Beogradski		sr	
cf794424e39ff6c1d973e815ab6d87e636b9cd679f883a740b88ee0d387ca55a37db69d600e9b8ed33e2bf8bdc0ebf9b1bf6190bcf1e052116fad6f655947897	common_voice_sr_36774549.mp3	27806cb26fd0ce2ad28e5f2752005b8cc7fdcf88263720950818ffb1b9c58bc5	Морамо да се померимо даље од дејтонске конструкције.		4	0	fifties	male_masculine	Beogradski		sr	
cf794424e39ff6c1d973e815ab6d87e636b9cd679f883a740b88ee0d387ca55a37db69d600e9b8ed33e2bf8bdc0ebf9b1bf6190bcf1e052116fad6f655947897	common_voice_sr_36774557.mp3	bc3ebd5e53e5be8212cb2910053ae7ab6135a093c6de9987a51c3b24b8242568	Знам ја како ово функционише. Jедном сам већ овако одбио пакет.		4	0	fifties	male_masculine	Beogradski		sr	
cf794424e39ff6c1d973e815ab6d87e636b9cd679f883a740b88ee0d387ca55a37db69d600e9b8ed33e2bf8bdc0ebf9b1bf6190bcf1e052116fad6f655947897	common_voice_sr_36774561.mp3	17f5d689efa6c9e25f61919c944d644a552a3063247157856ca4588089df7c72	Не могу више да га гледам.		4	0	fifties	male_masculine	Beogradski		sr	
cf794424e39ff6c1d973e815ab6d87e636b9cd679f883a740b88ee0d387ca55a37db69d600e9b8ed33e2bf8bdc0ebf9b1bf6190bcf1e052116fad6f655947897	common_voice_sr_36774564.mp3	f38dbafead63dae9b79ef0f83c2be8cf20742d48fe01f1a1b8f5095f2f33d337	А ту су.		4	0	fifties	male_masculine	Beogradski		sr	
cf794424e39ff6c1d973e815ab6d87e636b9cd679f883a740b88ee0d387ca55a37db69d600e9b8ed33e2bf8bdc0ebf9b1bf6190bcf1e052116fad6f655947897	common_voice_sr_36774566.mp3	33f1580ae85f1ff1f5ae393473409d998549a06e834cf650dbe6417581387a91	Не више, не!		4	0	fifties	male_masculine	Beogradski		sr	
cf794424e39ff6c1d973e815ab6d87e636b9cd679f883a740b88ee0d387ca55a37db69d600e9b8ed33e2bf8bdc0ebf9b1bf6190bcf1e052116fad6f655947897	common_voice_sr_36774580.mp3	27b37dd9631e42e94b51c9d0e0cd21b8eec64be892ee44be06bf0e8d86117577	Е, па тако.		4	0	fifties	male_masculine	Beogradski		sr	
cf794424e39ff6c1d973e815ab6d87e636b9cd679f883a740b88ee0d387ca55a37db69d600e9b8ed33e2bf8bdc0ebf9b1bf6190bcf1e052116fad6f655947897	common_voice_sr_36774581.mp3	23751d757dffb27f12a02a05dc35b5aec121b7b986084a5373533c2009507f38	А, ти си.		4	0	fifties	male_masculine	Beogradski		sr	
cf794424e39ff6c1d973e815ab6d87e636b9cd679f883a740b88ee0d387ca55a37db69d600e9b8ed33e2bf8bdc0ebf9b1bf6190bcf1e052116fad6f655947897	common_voice_sr_36774582.mp3	fd8ebe194fbbb31f584cebd8ef124dea3fc1ab030d2f359ba2fe002324f29c14	Ја кажем да!		4	0	fifties	male_masculine	Beogradski		sr	
cf794424e39ff6c1d973e815ab6d87e636b9cd679f883a740b88ee0d387ca55a37db69d600e9b8ed33e2bf8bdc0ebf9b1bf6190bcf1e052116fad6f655947897	common_voice_sr_36774584.mp3	37819a7c33a518f6866398d79f96c384fa654f8c4d4e68a46955abf1fb8f5a90	Шта је, брате.		4	0	fifties	male_masculine	Beogradski		sr	
cf794424e39ff6c1d973e815ab6d87e636b9cd679f883a740b88ee0d387ca55a37db69d600e9b8ed33e2bf8bdc0ebf9b1bf6190bcf1e052116fad6f655947897	common_voice_sr_36774743.mp3	38f86f5eeb5bd995ee1c9a0289f33d1fd9abce92d7dddd7c44a44d1a157769ea	Он је та.		4	2	fifties	male_masculine	Beogradski		sr	
cf794424e39ff6c1d973e815ab6d87e636b9cd679f883a740b88ee0d387ca55a37db69d600e9b8ed33e2bf8bdc0ebf9b1bf6190bcf1e052116fad6f655947897	common_voice_sr_36774744.mp3	282a39b55f8d2d3d622c12a6cae91d9aac81d4912c41013e5f29dd6b4b9f7ae3	Бијенале керамике.		4	0	fifties	male_masculine	Beogradski		sr	
cf794424e39ff6c1d973e815ab6d87e636b9cd679f883a740b88ee0d387ca55a37db69d600e9b8ed33e2bf8bdc0ebf9b1bf6190bcf1e052116fad6f655947897	common_voice_sr_36774748.mp3	3a43ab5d0c02eda3e93f44a119f8ce7ebe48319b3f1fe7d71b0ac69f4d9e7208	И ја ћу.		4	2	fifties	male_masculine	Beogradski		sr	
cf794424e39ff6c1d973e815ab6d87e636b9cd679f883a740b88ee0d387ca55a37db69d600e9b8ed33e2bf8bdc0ebf9b1bf6190bcf1e052116fad6f655947897	common_voice_sr_36774762.mp3	334880583fe40cc1d4f1bac109d79d939a01a3f64c837a9a33f03b4e1672f51d	О чему се ради у њој?		4	0	fifties	male_masculine	Beogradski		sr	
cf794424e39ff6c1d973e815ab6d87e636b9cd679f883a740b88ee0d387ca55a37db69d600e9b8ed33e2bf8bdc0ebf9b1bf6190bcf1e052116fad6f655947897	common_voice_sr_36774764.mp3	36bd04f56593eb6e21d70862cb2d8736e82a038bb9123b8de3b1fa99e828f540	Али како је?		4	0	fifties	male_masculine	Beogradski		sr	
a32c3cce3ad76c8087dbc4b6f8550c60448dd97189d6b0a7feb15ca6ca0108523258f12f68be15f44aa58fea58dac1ab9793f6e63dad7e9842308e2f7a230327	common_voice_sr_36765293.mp3	0417216f6de60c9bde330e0714b20f09923fead554fc5c5265bdf9aa9c1baa52	Да, па добро.		4	2	fifties	male_masculine	Београдски		sr	
a32c3cce3ad76c8087dbc4b6f8550c60448dd97189d6b0a7feb15ca6ca0108523258f12f68be15f44aa58fea58dac1ab9793f6e63dad7e9842308e2f7a230327	common_voice_sr_36765294.mp3	f9f273258dcfa9bf073b7e28c60be045b41475f07f28bdd60146479e22621c41	Предивна је.		4	0	fifties	male_masculine	Београдски		sr	
a32c3cce3ad76c8087dbc4b6f8550c60448dd97189d6b0a7feb15ca6ca0108523258f12f68be15f44aa58fea58dac1ab9793f6e63dad7e9842308e2f7a230327	common_voice_sr_36765303.mp3	f595ba2a38e92ecfaa79f246fbbe2dc01f0dd443fbfd0dde6ea4b2e304108456	Ја нећу да говорим.		4	0	fifties	male_masculine	Београдски		sr	
a32c3cce3ad76c8087dbc4b6f8550c60448dd97189d6b0a7feb15ca6ca0108523258f12f68be15f44aa58fea58dac1ab9793f6e63dad7e9842308e2f7a230327	common_voice_sr_36765307.mp3	be3a40295d49485ba53c3e44e42e786bab6f03f9d6c9d638a3de3d7cb73a245d	А то зна.		4	0	fifties	male_masculine	Београдски		sr	
a32c3cce3ad76c8087dbc4b6f8550c60448dd97189d6b0a7feb15ca6ca0108523258f12f68be15f44aa58fea58dac1ab9793f6e63dad7e9842308e2f7a230327	common_voice_sr_36765308.mp3	e11b0a5decec829f237434bf157c43fa385aae34262a4d094a669e72e39fcc86	Седите, молим вас!		4	0	fifties	male_masculine	Београдски		sr	
a32c3cce3ad76c8087dbc4b6f8550c60448dd97189d6b0a7feb15ca6ca0108523258f12f68be15f44aa58fea58dac1ab9793f6e63dad7e9842308e2f7a230327	common_voice_sr_36765309.mp3	e9a543e4ef36b81c38dd48bc280991ae114b1985ebb293e71f880b1fc56a6702	Она се забавља.		4	0	fifties	male_masculine	Београдски		sr	
a32c3cce3ad76c8087dbc4b6f8550c60448dd97189d6b0a7feb15ca6ca0108523258f12f68be15f44aa58fea58dac1ab9793f6e63dad7e9842308e2f7a230327	common_voice_sr_36765310.mp3	f08d9d0e097ed1dcb512f12a4968dc4160a33de9416000aeee837dd6282e1939	Значајнији корак је спровођење тих реформи.		4	0	fifties	male_masculine	Београдски		sr	
a32c3cce3ad76c8087dbc4b6f8550c60448dd97189d6b0a7feb15ca6ca0108523258f12f68be15f44aa58fea58dac1ab9793f6e63dad7e9842308e2f7a230327	common_voice_sr_36765311.mp3	0b880bd672d66fdf686b51bf815b138b90ac4220d0a89043f0577dacd4b73f31	Не, то не!		4	0	fifties	male_masculine	Београдски		sr	
a32c3cce3ad76c8087dbc4b6f8550c60448dd97189d6b0a7feb15ca6ca0108523258f12f68be15f44aa58fea58dac1ab9793f6e63dad7e9842308e2f7a230327	common_voice_sr_36765312.mp3	e42416f11f10c9c76dcbfdb539a6ba479aeb747dcc592a081737a8ba5b94451a	И ти тамо.		4	0	fifties	male_masculine	Београдски		sr	
a32c3cce3ad76c8087dbc4b6f8550c60448dd97189d6b0a7feb15ca6ca0108523258f12f68be15f44aa58fea58dac1ab9793f6e63dad7e9842308e2f7a230327	common_voice_sr_36765314.mp3	df771fa3c8157bacb213dda06a595e771e9345bb7327802f119bdcb0fddeae08	Како је то.		4	0	fifties	male_masculine	Београдски		sr	
a32c3cce3ad76c8087dbc4b6f8550c60448dd97189d6b0a7feb15ca6ca0108523258f12f68be15f44aa58fea58dac1ab9793f6e63dad7e9842308e2f7a230327	common_voice_sr_36765315.mp3	daf12396605137412e7661fc6390a04681eac4719c6c791a0f8a52d4384bf0fe	Иако је пожурила, није стигла на време.		4	0	fifties	male_masculine	Београдски		sr	
a32c3cce3ad76c8087dbc4b6f8550c60448dd97189d6b0a7feb15ca6ca0108523258f12f68be15f44aa58fea58dac1ab9793f6e63dad7e9842308e2f7a230327	common_voice_sr_36765316.mp3	e19454d994901a10e2d2d9679c9bc1dd31ea17841f4afe1e61e1942c8e3f67f2	Ти не видиш!		4	0	fifties	male_masculine	Београдски		sr	
a32c3cce3ad76c8087dbc4b6f8550c60448dd97189d6b0a7feb15ca6ca0108523258f12f68be15f44aa58fea58dac1ab9793f6e63dad7e9842308e2f7a230327	common_voice_sr_36765317.mp3	e62d4b3f7b32fa9897ee36e3d1debe1aa730074009b00e9957201a0e8ac255de	Хајде да видимо како стоје ствари.		4	0	fifties	male_masculine	Београдски		sr	
a32c3cce3ad76c8087dbc4b6f8550c60448dd97189d6b0a7feb15ca6ca0108523258f12f68be15f44aa58fea58dac1ab9793f6e63dad7e9842308e2f7a230327	common_voice_sr_36765323.mp3	07d760139bb67ef3c457766b947591891cce0e24d5d268f521930826f0338f93	Ја мислим да би боље било кад би био чиновник!		4	0	fifties	male_masculine	Београдски		sr	
a32c3cce3ad76c8087dbc4b6f8550c60448dd97189d6b0a7feb15ca6ca0108523258f12f68be15f44aa58fea58dac1ab9793f6e63dad7e9842308e2f7a230327	common_voice_sr_36765325.mp3	ed812a61643dffaed67aa701f263cb696bbd9e43dd051b55df44673ce20a7def	Тако некако учили смо ми и научили најзад азбуку.		4	0	fifties	male_masculine	Београдски		sr	
a32c3cce3ad76c8087dbc4b6f8550c60448dd97189d6b0a7feb15ca6ca0108523258f12f68be15f44aa58fea58dac1ab9793f6e63dad7e9842308e2f7a230327	common_voice_sr_36765326.mp3	00326446cd83a51f6db63564c9e30da66348d94b68f761047b17a8299b001396	Може бити, да.		4	0	fifties	male_masculine	Београдски		sr	
a32c3cce3ad76c8087dbc4b6f8550c60448dd97189d6b0a7feb15ca6ca0108523258f12f68be15f44aa58fea58dac1ab9793f6e63dad7e9842308e2f7a230327	common_voice_sr_36765327.mp3	f94598e3d1e7c654e14b83d615f206de6925bd8f9619d79d32ac9d0516b29c79	Молим те, не?		4	2	fifties	male_masculine	Београдски		sr	
a32c3cce3ad76c8087dbc4b6f8550c60448dd97189d6b0a7feb15ca6ca0108523258f12f68be15f44aa58fea58dac1ab9793f6e63dad7e9842308e2f7a230327	common_voice_sr_36765334.mp3	ea46d702ac850a327ed228ed76448838ee376d15393353d47b1190f28f2ef522	Добар дан, господине.		4	0	fifties	male_masculine	Београдски		sr	
a32c3cce3ad76c8087dbc4b6f8550c60448dd97189d6b0a7feb15ca6ca0108523258f12f68be15f44aa58fea58dac1ab9793f6e63dad7e9842308e2f7a230327	common_voice_sr_36765336.mp3	f97410617c6756afff1f74fb67236fa5d59d35c3be6d6cbb319977bc3731a292	Могу ја то?		4	0	fifties	male_masculine	Београдски		sr	
a32c3cce3ad76c8087dbc4b6f8550c60448dd97189d6b0a7feb15ca6ca0108523258f12f68be15f44aa58fea58dac1ab9793f6e63dad7e9842308e2f7a230327	common_voice_sr_36765352.mp3	0d752fc55b85c396e3ce12ffcdd437e7790bc86f1265635ddb4082b907727dc2	А ни после.		4	0	fifties	male_masculine	Београдски		sr	
a32c3cce3ad76c8087dbc4b6f8550c60448dd97189d6b0a7feb15ca6ca0108523258f12f68be15f44aa58fea58dac1ab9793f6e63dad7e9842308e2f7a230327	common_voice_sr_36765357.mp3	f6eb4dd52464f7e2859ce3077d5f711e908322dfadd8d7468dbcf29f88c913e1	Не желимо да се то догоди.		4	0	fifties	male_masculine	Београдски		sr	
a32c3cce3ad76c8087dbc4b6f8550c60448dd97189d6b0a7feb15ca6ca0108523258f12f68be15f44aa58fea58dac1ab9793f6e63dad7e9842308e2f7a230327	common_voice_sr_36765363.mp3	f39770cfe8c759db2aa810f68f2f8991c3883c9e069bef5dcd8168e5dff30817	То сам хтео!		4	0	fifties	male_masculine	Београдски		sr	
a32c3cce3ad76c8087dbc4b6f8550c60448dd97189d6b0a7feb15ca6ca0108523258f12f68be15f44aa58fea58dac1ab9793f6e63dad7e9842308e2f7a230327	common_voice_sr_36765365.mp3	05a3a4f48756bb851238b04adb7fb4d9b48ac906343b668e70aef09852655c2f	Ђинђић се још памти.		4	0	fifties	male_masculine	Београдски		sr	
a32c3cce3ad76c8087dbc4b6f8550c60448dd97189d6b0a7feb15ca6ca0108523258f12f68be15f44aa58fea58dac1ab9793f6e63dad7e9842308e2f7a230327	common_voice_sr_36765366.mp3	c4f4ebb57d1dcf3bd39aa309aa75655f5f401f75760880d94449d5a686e834b4	А зашто би била?		4	0	fifties	male_masculine	Београдски		sr	
a32c3cce3ad76c8087dbc4b6f8550c60448dd97189d6b0a7feb15ca6ca0108523258f12f68be15f44aa58fea58dac1ab9793f6e63dad7e9842308e2f7a230327	common_voice_sr_36765367.mp3	f564681f6cca6a3501567d129979dac44b42f2010392230a64998e600b060b2e	Поломила сам ноге.		4	0	fifties	male_masculine	Београдски		sr	
a32c3cce3ad76c8087dbc4b6f8550c60448dd97189d6b0a7feb15ca6ca0108523258f12f68be15f44aa58fea58dac1ab9793f6e63dad7e9842308e2f7a230327	common_voice_sr_36765368.mp3	f81b640892223a77a81f6eced4a3f608ef8a4cbf8b4b8e0d4eae0b0bd08e0a3e	Страх ме је.		4	0	fifties	male_masculine	Београдски		sr	
a32c3cce3ad76c8087dbc4b6f8550c60448dd97189d6b0a7feb15ca6ca0108523258f12f68be15f44aa58fea58dac1ab9793f6e63dad7e9842308e2f7a230327	common_voice_sr_36765370.mp3	c8399716fdc21bec1eeb5fd854765ea8ef69655fd2d4bda46a6a52ec453c7db5	А, ти си!		4	0	fifties	male_masculine	Београдски		sr	
a32c3cce3ad76c8087dbc4b6f8550c60448dd97189d6b0a7feb15ca6ca0108523258f12f68be15f44aa58fea58dac1ab9793f6e63dad7e9842308e2f7a230327	common_voice_sr_36765371.mp3	f50a585fb8c2b0fc99084819ebdaf5aa3ee29328975a85fd5e890e068b2b19a1	Уверила сам се.		4	0	fifties	male_masculine	Београдски		sr	
a32c3cce3ad76c8087dbc4b6f8550c60448dd97189d6b0a7feb15ca6ca0108523258f12f68be15f44aa58fea58dac1ab9793f6e63dad7e9842308e2f7a230327	common_voice_sr_36765372.mp3	f580b12bd45581b105600de85dc2810633daf06321cd686706f40dc1810c5485	А где је?		4	0	fifties	male_masculine	Београдски		sr	
a32c3cce3ad76c8087dbc4b6f8550c60448dd97189d6b0a7feb15ca6ca0108523258f12f68be15f44aa58fea58dac1ab9793f6e63dad7e9842308e2f7a230327	common_voice_sr_36765374.mp3	0dd51f3a3dc41fe7563e558f02c09da38f63e2721e4efe4272f4fe1be97ddadc	Као да сам сам.		4	0	fifties	male_masculine	Београдски		sr	
a32c3cce3ad76c8087dbc4b6f8550c60448dd97189d6b0a7feb15ca6ca0108523258f12f68be15f44aa58fea58dac1ab9793f6e63dad7e9842308e2f7a230327	common_voice_sr_36765375.mp3	e1d43fec0a7c259997550ac2d5321f5a61e8a83371dc57942c58e6e9f93d03f7	Осуде нису довољне.		4	0	fifties	male_masculine	Београдски		sr	
a32c3cce3ad76c8087dbc4b6f8550c60448dd97189d6b0a7feb15ca6ca0108523258f12f68be15f44aa58fea58dac1ab9793f6e63dad7e9842308e2f7a230327	common_voice_sr_36765376.mp3	f9bb19bd9f1f3667dfc813dd9c1c157f2f0548151dbd109fe5d6b2202be40ee0	Болујем за својим сином.		4	0	fifties	male_masculine	Београдски		sr	
a32c3cce3ad76c8087dbc4b6f8550c60448dd97189d6b0a7feb15ca6ca0108523258f12f68be15f44aa58fea58dac1ab9793f6e63dad7e9842308e2f7a230327	common_voice_sr_36765377.mp3	e957b3e9bf97c7b780fe8dee7c885b4a29df51851d5bb11eda62a4f1e868f9f3	О, тамо је.		4	0	fifties	male_masculine	Београдски		sr	
a32c3cce3ad76c8087dbc4b6f8550c60448dd97189d6b0a7feb15ca6ca0108523258f12f68be15f44aa58fea58dac1ab9793f6e63dad7e9842308e2f7a230327	common_voice_sr_36765388.mp3	fbd107af52cb466a92b073e69fbe95a0b8e8fd8693a7c2ed8a2fc83229402225	Било је времена.		4	0	fifties	male_masculine	Београдски		sr	
a32c3cce3ad76c8087dbc4b6f8550c60448dd97189d6b0a7feb15ca6ca0108523258f12f68be15f44aa58fea58dac1ab9793f6e63dad7e9842308e2f7a230327	common_voice_sr_36765390.mp3	e41cea4acfffbc1f52ef049cb23c437108ca60e2a2f30b5cfc5ec781b201d733	О, истина је!		4	0	fifties	male_masculine	Београдски		sr	
a32c3cce3ad76c8087dbc4b6f8550c60448dd97189d6b0a7feb15ca6ca0108523258f12f68be15f44aa58fea58dac1ab9793f6e63dad7e9842308e2f7a230327	common_voice_sr_36765391.mp3	130ad1bbf4debe0f8428b7feb038715002cab957f92e13b146493a7009c55269	Ти и не знаш шта је то.		4	0	fifties	male_masculine	Београдски		sr	
a32c3cce3ad76c8087dbc4b6f8550c60448dd97189d6b0a7feb15ca6ca0108523258f12f68be15f44aa58fea58dac1ab9793f6e63dad7e9842308e2f7a230327	common_voice_sr_36765397.mp3	eec3de0efaab63c66bcb050e7e854138a50976d5330b77e12bdf5cec11ed2edd	А шта знаш?		4	0	fifties	male_masculine	Београдски		sr	
a32c3cce3ad76c8087dbc4b6f8550c60448dd97189d6b0a7feb15ca6ca0108523258f12f68be15f44aa58fea58dac1ab9793f6e63dad7e9842308e2f7a230327	common_voice_sr_36765399.mp3	edcb1c0707d47bbd1b28e139bbe9d7d7962dace75d274fea7a92b5b1d01fe813	Али једно знам.		4	0	fifties	male_masculine	Београдски		sr	
a32c3cce3ad76c8087dbc4b6f8550c60448dd97189d6b0a7feb15ca6ca0108523258f12f68be15f44aa58fea58dac1ab9793f6e63dad7e9842308e2f7a230327	common_voice_sr_36765400.mp3	07e373878ee3d5a698f44280407f86142f2994c54612f031f3f32919598d0bb5	Узанови су упорно тврдили како су невини.		4	0	fifties	male_masculine	Београдски		sr	
a32c3cce3ad76c8087dbc4b6f8550c60448dd97189d6b0a7feb15ca6ca0108523258f12f68be15f44aa58fea58dac1ab9793f6e63dad7e9842308e2f7a230327	common_voice_sr_36765401.mp3	fdac0b46391af61fd07c96aa6db0acb7b34aaa66277b8a957dc290a98172676f	Како је то слатко?		4	0	fifties	male_masculine	Београдски		sr	
a32c3cce3ad76c8087dbc4b6f8550c60448dd97189d6b0a7feb15ca6ca0108523258f12f68be15f44aa58fea58dac1ab9793f6e63dad7e9842308e2f7a230327	common_voice_sr_36765408.mp3	08b11d0ba98cdde9bb16b95b9bd6c40077cb7399f52b529d94dacf1ee8f3cabd	У нашој соби?		4	0	fifties	male_masculine	Београдски		sr	
a32c3cce3ad76c8087dbc4b6f8550c60448dd97189d6b0a7feb15ca6ca0108523258f12f68be15f44aa58fea58dac1ab9793f6e63dad7e9842308e2f7a230327	common_voice_sr_36765409.mp3	ff7a11c8823ee08b0ab39541107e1071e23e325f0519778df550fb72f41d4095	Да, није било.		4	0	fifties	male_masculine	Београдски		sr	
a32c3cce3ad76c8087dbc4b6f8550c60448dd97189d6b0a7feb15ca6ca0108523258f12f68be15f44aa58fea58dac1ab9793f6e63dad7e9842308e2f7a230327	common_voice_sr_36765410.mp3	ffa6e7a0f96c65377d21eb905c6d1802662cb08a0eebd2bfb701d094e7bcec86	Били су ловци.		4	0	fifties	male_masculine	Београдски		sr	
a32c3cce3ad76c8087dbc4b6f8550c60448dd97189d6b0a7feb15ca6ca0108523258f12f68be15f44aa58fea58dac1ab9793f6e63dad7e9842308e2f7a230327	common_voice_sr_36765411.mp3	f0149206aba55d6e5d1aa80427583b3f7dbc1173b5bdaf428649fdcd2cd3a55b	Напољу пада снег.		4	0	fifties	male_masculine	Београдски		sr	
a32c3cce3ad76c8087dbc4b6f8550c60448dd97189d6b0a7feb15ca6ca0108523258f12f68be15f44aa58fea58dac1ab9793f6e63dad7e9842308e2f7a230327	common_voice_sr_36765412.mp3	f10ea709b533dde8da0a0baa727160ce1ee9a736b044d57292b9b10460ba5682	Две трећине жртава су жене.		4	0	fifties	male_masculine	Београдски		sr	
a32c3cce3ad76c8087dbc4b6f8550c60448dd97189d6b0a7feb15ca6ca0108523258f12f68be15f44aa58fea58dac1ab9793f6e63dad7e9842308e2f7a230327	common_voice_sr_36765413.mp3	ff71e2976ef0235d474d221619b45f11922faf29c9012ae63a490f11fe971548	Артан има девет година.		4	0	fifties	male_masculine	Београдски		sr	
a32c3cce3ad76c8087dbc4b6f8550c60448dd97189d6b0a7feb15ca6ca0108523258f12f68be15f44aa58fea58dac1ab9793f6e63dad7e9842308e2f7a230327	common_voice_sr_36765414.mp3	08d4f7c513b5f748aef317f6c7743c46691371cc7d5be8b9938f5ed0c73c1cf3	То је т.		4	0	fifties	male_masculine	Београдски		sr	
a32c3cce3ad76c8087dbc4b6f8550c60448dd97189d6b0a7feb15ca6ca0108523258f12f68be15f44aa58fea58dac1ab9793f6e63dad7e9842308e2f7a230327	common_voice_sr_36765415.mp3	fa2284b1ef4a8897326d61f52a8b953a580c2a71ecd7009e98fcf6101bad2ef7	Није тешко предвидети како ће бити.		4	0	fifties	male_masculine	Београдски		sr	
a32c3cce3ad76c8087dbc4b6f8550c60448dd97189d6b0a7feb15ca6ca0108523258f12f68be15f44aa58fea58dac1ab9793f6e63dad7e9842308e2f7a230327	common_voice_sr_36765416.mp3	1121fca6f640de96a54bf5fbbf95f0e6449388ee89d12b74246fa71ece7afad9	Када је скувана баците воду.		4	0	fifties	male_masculine	Београдски		sr	
a32c3cce3ad76c8087dbc4b6f8550c60448dd97189d6b0a7feb15ca6ca0108523258f12f68be15f44aa58fea58dac1ab9793f6e63dad7e9842308e2f7a230327	common_voice_sr_36765417.mp3	f7a3056510d0a86769218ba33a09dc2b0c4ca41f37f0615a574f151c1122b64d	Увредио си ме.		4	0	fifties	male_masculine	Београдски		sr	
a32c3cce3ad76c8087dbc4b6f8550c60448dd97189d6b0a7feb15ca6ca0108523258f12f68be15f44aa58fea58dac1ab9793f6e63dad7e9842308e2f7a230327	common_voice_sr_36765421.mp3	f75cbaa611351bc6e135ba257cf794b3fcb28cd154b3c87f3643ebc132585661	У то доба?		4	2	fifties	male_masculine	Београдски		sr	
a32c3cce3ad76c8087dbc4b6f8550c60448dd97189d6b0a7feb15ca6ca0108523258f12f68be15f44aa58fea58dac1ab9793f6e63dad7e9842308e2f7a230327	common_voice_sr_36765422.mp3	f8009d171c273926a0baa2b3ed58f7fc52f3f38c4a2db056d45524b982d3a769	Знам да је!		4	0	fifties	male_masculine	Београдски		sr	
a32c3cce3ad76c8087dbc4b6f8550c60448dd97189d6b0a7feb15ca6ca0108523258f12f68be15f44aa58fea58dac1ab9793f6e63dad7e9842308e2f7a230327	common_voice_sr_36765424.mp3	0a40befe93d837dbeed828fe6d10161ed3c32413f9dcafbfd2f9f87839409140	Он је мој!		4	0	fifties	male_masculine	Београдски		sr	
a32c3cce3ad76c8087dbc4b6f8550c60448dd97189d6b0a7feb15ca6ca0108523258f12f68be15f44aa58fea58dac1ab9793f6e63dad7e9842308e2f7a230327	common_voice_sr_36765426.mp3	dc15f586848a6bd2b51c1d6bf9d7da4c819df4aeee15e4fec54387cf44f118d1	Пошто је предлог био примљен		4	0	fifties	male_masculine	Београдски		sr	
a32c3cce3ad76c8087dbc4b6f8550c60448dd97189d6b0a7feb15ca6ca0108523258f12f68be15f44aa58fea58dac1ab9793f6e63dad7e9842308e2f7a230327	common_voice_sr_36765427.mp3	08a4227342334e31e6229c5f13cca83d1a323c5e7d2a9442db3c5cc560d91ac5	А јесте ли?		4	0	fifties	male_masculine	Београдски		sr	
a32c3cce3ad76c8087dbc4b6f8550c60448dd97189d6b0a7feb15ca6ca0108523258f12f68be15f44aa58fea58dac1ab9793f6e63dad7e9842308e2f7a230327	common_voice_sr_36765428.mp3	f77f404fee665944862d166a16463fec17217a582727ef6b7965ba6fdd74917c	Управо супротно.		4	0	fifties	male_masculine	Београдски		sr	
a32c3cce3ad76c8087dbc4b6f8550c60448dd97189d6b0a7feb15ca6ca0108523258f12f68be15f44aa58fea58dac1ab9793f6e63dad7e9842308e2f7a230327	common_voice_sr_36765429.mp3	0ce913e01c29536071e650807cee22e98f6ba76c9dca22e2a796da5a3341d2bb	Она се јавља.		4	0	fifties	male_masculine	Београдски		sr	
a32c3cce3ad76c8087dbc4b6f8550c60448dd97189d6b0a7feb15ca6ca0108523258f12f68be15f44aa58fea58dac1ab9793f6e63dad7e9842308e2f7a230327	common_voice_sr_36765430.mp3	135297a80fd80635cf8d0bcfa0e066476a7d2d650228842767aac3bb19f98989	О, да знаш!		4	0	fifties	male_masculine	Београдски		sr	
a32c3cce3ad76c8087dbc4b6f8550c60448dd97189d6b0a7feb15ca6ca0108523258f12f68be15f44aa58fea58dac1ab9793f6e63dad7e9842308e2f7a230327	common_voice_sr_36765431.mp3	fd97aef1e438fa6ef6102a7803e035e0897587b93d33462e4eb0a5bc837c6a28	Добро, добро, не.		4	0	fifties	male_masculine	Београдски		sr	
a32c3cce3ad76c8087dbc4b6f8550c60448dd97189d6b0a7feb15ca6ca0108523258f12f68be15f44aa58fea58dac1ab9793f6e63dad7e9842308e2f7a230327	common_voice_sr_36765432.mp3	0ed5ddc16aa2beb99886ae6e82e5d10e6722ba100f390588e913b2f80bbb7294	Мислим да је доста.		4	0	fifties	male_masculine	Београдски		sr	
a32c3cce3ad76c8087dbc4b6f8550c60448dd97189d6b0a7feb15ca6ca0108523258f12f68be15f44aa58fea58dac1ab9793f6e63dad7e9842308e2f7a230327	common_voice_sr_36765439.mp3	aeac77df3d92958a820294d4121db53bc341ab386dcc0fd70873bb85c3f56346	Једном када је кренуо, биће га тешко зауставити.		4	0	fifties	male_masculine	Београдски		sr	
a32c3cce3ad76c8087dbc4b6f8550c60448dd97189d6b0a7feb15ca6ca0108523258f12f68be15f44aa58fea58dac1ab9793f6e63dad7e9842308e2f7a230327	common_voice_sr_36765440.mp3	e53699c3db352339e28c4e3c1d42fe8b9761569ce74d48a9eabda9166d1fdbed	Нико није ухапшен.		4	0	fifties	male_masculine	Београдски		sr	
a32c3cce3ad76c8087dbc4b6f8550c60448dd97189d6b0a7feb15ca6ca0108523258f12f68be15f44aa58fea58dac1ab9793f6e63dad7e9842308e2f7a230327	common_voice_sr_36765441.mp3	0d04d894e28f817f81838c45b5b9e2d3f335bb90931b2663ca06f8d6b83fda27	Смејао сам се.		4	0	fifties	male_masculine	Београдски		sr	
a32c3cce3ad76c8087dbc4b6f8550c60448dd97189d6b0a7feb15ca6ca0108523258f12f68be15f44aa58fea58dac1ab9793f6e63dad7e9842308e2f7a230327	common_voice_sr_36765442.mp3	0b91a5f935573afa70b4073ead2021dff7c3529eb0425ad90e393c3536235c7f	О чему се тачно ради?		4	0	fifties	male_masculine	Београдски		sr	
a32c3cce3ad76c8087dbc4b6f8550c60448dd97189d6b0a7feb15ca6ca0108523258f12f68be15f44aa58fea58dac1ab9793f6e63dad7e9842308e2f7a230327	common_voice_sr_36765443.mp3	09fcfa680e5cd369e56e522209f0aaabb2b76e8a70e0fd4c77ecb8b89ff527a3	Хоће ли или неће?		4	0	fifties	male_masculine	Београдски		sr	
a32c3cce3ad76c8087dbc4b6f8550c60448dd97189d6b0a7feb15ca6ca0108523258f12f68be15f44aa58fea58dac1ab9793f6e63dad7e9842308e2f7a230327	common_voice_sr_36765444.mp3	f781ec3a6185dc21b1db618f55bd4ab2965825edb2dba92edd3d3a0d7fcaffb8	Једна ствар је сигурна.		4	0	fifties	male_masculine	Београдски		sr	
a32c3cce3ad76c8087dbc4b6f8550c60448dd97189d6b0a7feb15ca6ca0108523258f12f68be15f44aa58fea58dac1ab9793f6e63dad7e9842308e2f7a230327	common_voice_sr_36765467.mp3	0ea4345447f7436b7f172bd28cc1222b613ce9f7bc79d337e569ee15a4a39f78	Ко не би.		4	0	fifties	male_masculine	Београдски		sr	
a32c3cce3ad76c8087dbc4b6f8550c60448dd97189d6b0a7feb15ca6ca0108523258f12f68be15f44aa58fea58dac1ab9793f6e63dad7e9842308e2f7a230327	common_voice_sr_36765469.mp3	f4bca80c83c72be6bb413447697bfc04bd2a36d92db745e73f25d379645098ca	То је било сензационално.		4	0	fifties	male_masculine	Београдски		sr	
a32c3cce3ad76c8087dbc4b6f8550c60448dd97189d6b0a7feb15ca6ca0108523258f12f68be15f44aa58fea58dac1ab9793f6e63dad7e9842308e2f7a230327	common_voice_sr_36765473.mp3	ecff3a81a17108b65703b1c326fdb0f61a9d9ba57fda5159943dc48ba058b4d2	Нису изненађени када их питамо за суживот.		4	0	fifties	male_masculine	Београдски		sr	
a32c3cce3ad76c8087dbc4b6f8550c60448dd97189d6b0a7feb15ca6ca0108523258f12f68be15f44aa58fea58dac1ab9793f6e63dad7e9842308e2f7a230327	common_voice_sr_36765483.mp3	f835044dad9dbed3b876d90c2830acd6409aed976f54681881f68e66b71451ad	У исто време.		4	0	fifties	male_masculine	Београдски		sr	
a32c3cce3ad76c8087dbc4b6f8550c60448dd97189d6b0a7feb15ca6ca0108523258f12f68be15f44aa58fea58dac1ab9793f6e63dad7e9842308e2f7a230327	common_voice_sr_36765487.mp3	c5fe5b04c181b6c184676deb7bae3bcf20327c57f0a7a7f26e94fb3e1a935f33	Још једна, а?		4	0	fifties	male_masculine	Београдски		sr	
a32c3cce3ad76c8087dbc4b6f8550c60448dd97189d6b0a7feb15ca6ca0108523258f12f68be15f44aa58fea58dac1ab9793f6e63dad7e9842308e2f7a230327	common_voice_sr_36765488.mp3	f731ed66be985a7878d4b28ed513366a4b21d3e653038ed87d4ff585b3a79e97	Је ли шта?		4	0	fifties	male_masculine	Београдски		sr	
a32c3cce3ad76c8087dbc4b6f8550c60448dd97189d6b0a7feb15ca6ca0108523258f12f68be15f44aa58fea58dac1ab9793f6e63dad7e9842308e2f7a230327	common_voice_sr_36765489.mp3	022cac676838a34c2901997a2612677494ab8e0d0d4383283d98348fcf303237	Живимо у шаторима.		4	0	fifties	male_masculine	Београдски		sr	
a32c3cce3ad76c8087dbc4b6f8550c60448dd97189d6b0a7feb15ca6ca0108523258f12f68be15f44aa58fea58dac1ab9793f6e63dad7e9842308e2f7a230327	common_voice_sr_36765490.mp3	e7ac6cbcb5c8c66ab259c627747a896c64e0e63cf14465a08dc2a9a4cc4dd054	То сам хтео.		4	0	fifties	male_masculine	Београдски		sr	
a32c3cce3ad76c8087dbc4b6f8550c60448dd97189d6b0a7feb15ca6ca0108523258f12f68be15f44aa58fea58dac1ab9793f6e63dad7e9842308e2f7a230327	common_voice_sr_36765495.mp3	f59e942a894dbb00113f30a790c748751bf466423f3e0d73d1d8dbdf267a698e	Али, не ми.		4	0	fifties	male_masculine	Београдски		sr	
a32c3cce3ad76c8087dbc4b6f8550c60448dd97189d6b0a7feb15ca6ca0108523258f12f68be15f44aa58fea58dac1ab9793f6e63dad7e9842308e2f7a230327	common_voice_sr_36765503.mp3	e66339987f5eba48ad5cd2298116aa20f4e92bc984f6be82b59a54bd2dbbbb71	Не, како би?		4	0	fifties	male_masculine	Београдски		sr	
a32c3cce3ad76c8087dbc4b6f8550c60448dd97189d6b0a7feb15ca6ca0108523258f12f68be15f44aa58fea58dac1ab9793f6e63dad7e9842308e2f7a230327	common_voice_sr_36765504.mp3	ffaf8a988047b489bd1ab26f2840346257c24372669a85cf93769ec227b63cd3	Прележаће тешку болест, али ће се спасти		4	0	fifties	male_masculine	Београдски		sr	
a32c3cce3ad76c8087dbc4b6f8550c60448dd97189d6b0a7feb15ca6ca0108523258f12f68be15f44aa58fea58dac1ab9793f6e63dad7e9842308e2f7a230327	common_voice_sr_36765505.mp3	e095545ad4878a4df754af70c9d9055a6a855e57055f52a7bcdac256cfc47442	Знам за то!		4	0	fifties	male_masculine	Београдски		sr	
a32c3cce3ad76c8087dbc4b6f8550c60448dd97189d6b0a7feb15ca6ca0108523258f12f68be15f44aa58fea58dac1ab9793f6e63dad7e9842308e2f7a230327	common_voice_sr_36765506.mp3	e074612460a098ff249386e0901bb9c2d842f3f91141b60dabe6e9b396f183f5	Као што смо говорили.		4	2	fifties	male_masculine	Београдски		sr	
a32c3cce3ad76c8087dbc4b6f8550c60448dd97189d6b0a7feb15ca6ca0108523258f12f68be15f44aa58fea58dac1ab9793f6e63dad7e9842308e2f7a230327	common_voice_sr_36765507.mp3	d422444fb00d2aaec5448a0f17638d21a53d1a77ec08e301944bc6dbc587f93e	Шта да ради?		4	0	fifties	male_masculine	Београдски		sr	
a32c3cce3ad76c8087dbc4b6f8550c60448dd97189d6b0a7feb15ca6ca0108523258f12f68be15f44aa58fea58dac1ab9793f6e63dad7e9842308e2f7a230327	common_voice_sr_36765508.mp3	df3f4f460a8a65ba1daa4ad1462c4f245e51a6e514d7112170a34acd9fd7fcfc	Не разумем зашто.		4	0	fifties	male_masculine	Београдски		sr	
a32c3cce3ad76c8087dbc4b6f8550c60448dd97189d6b0a7feb15ca6ca0108523258f12f68be15f44aa58fea58dac1ab9793f6e63dad7e9842308e2f7a230327	common_voice_sr_36765509.mp3	13630d79f94c849ee303e11f131aae623b92de9ded8154f479ec7943955c6e66	Да те нисам видео!		4	2	fifties	male_masculine	Београдски		sr	
a32c3cce3ad76c8087dbc4b6f8550c60448dd97189d6b0a7feb15ca6ca0108523258f12f68be15f44aa58fea58dac1ab9793f6e63dad7e9842308e2f7a230327	common_voice_sr_36765510.mp3	ea7656e8f8fb5fc12739fca8a1d121114b6a21977e2353d224dd06cc2952dc5b	Потребан си ми!		4	0	fifties	male_masculine	Београдски		sr	
a32c3cce3ad76c8087dbc4b6f8550c60448dd97189d6b0a7feb15ca6ca0108523258f12f68be15f44aa58fea58dac1ab9793f6e63dad7e9842308e2f7a230327	common_voice_sr_36765517.mp3	08feebec4f70b44c4a15b4c152e24f8bb0138c3451a65b7a6d47c5f24fd447c1	Ја мислим да неће.		4	0	fifties	male_masculine	Београдски		sr	
a32c3cce3ad76c8087dbc4b6f8550c60448dd97189d6b0a7feb15ca6ca0108523258f12f68be15f44aa58fea58dac1ab9793f6e63dad7e9842308e2f7a230327	common_voice_sr_36765519.mp3	e0b66857626ea42e5a574e2e671a50236bc228d2e4cb905390b752bdd50805dd	Па што би?		4	0	fifties	male_masculine	Београдски		sr	
a32c3cce3ad76c8087dbc4b6f8550c60448dd97189d6b0a7feb15ca6ca0108523258f12f68be15f44aa58fea58dac1ab9793f6e63dad7e9842308e2f7a230327	common_voice_sr_36765523.mp3	08c14a44dde6142dfa6981ae48798d480780894aa1c4ac358cec165b663a8b7b	Ово је остварење сна.		4	0	fifties	male_masculine	Београдски		sr	
a32c3cce3ad76c8087dbc4b6f8550c60448dd97189d6b0a7feb15ca6ca0108523258f12f68be15f44aa58fea58dac1ab9793f6e63dad7e9842308e2f7a230327	common_voice_sr_36765525.mp3	ffc95427e771b9dd5add6db4d0ebc8f993c127b9518358c79da862d1a0f7485c	Ништа лепше од тога!		4	0	fifties	male_masculine	Београдски		sr	
a32c3cce3ad76c8087dbc4b6f8550c60448dd97189d6b0a7feb15ca6ca0108523258f12f68be15f44aa58fea58dac1ab9793f6e63dad7e9842308e2f7a230327	common_voice_sr_36765528.mp3	f68738358df7f877d14681744d78c9c46eb80d34bcf9aa9d715e3c1435e290fa	Шта имам да се љутим?		4	0	fifties	male_masculine	Београдски		sr	
a32c3cce3ad76c8087dbc4b6f8550c60448dd97189d6b0a7feb15ca6ca0108523258f12f68be15f44aa58fea58dac1ab9793f6e63dad7e9842308e2f7a230327	common_voice_sr_36765533.mp3	08be04420a608fad68dc196426e420b4721f382671026513ff2b13c86eb81d96	Је ли добро?		4	0	fifties	male_masculine	Београдски		sr	
a32c3cce3ad76c8087dbc4b6f8550c60448dd97189d6b0a7feb15ca6ca0108523258f12f68be15f44aa58fea58dac1ab9793f6e63dad7e9842308e2f7a230327	common_voice_sr_36765567.mp3	ed9de51715e0ff557943805e4ad0713d0c574c5e43f850fb38a6ae1475836c65	Шта мислите о томе?		4	0	fifties	male_masculine	Београдски		sr	
a32c3cce3ad76c8087dbc4b6f8550c60448dd97189d6b0a7feb15ca6ca0108523258f12f68be15f44aa58fea58dac1ab9793f6e63dad7e9842308e2f7a230327	common_voice_sr_36765568.mp3	0b01281655a5474496e512cd04859d92ca6d596bc83fc4a165060dc9d0fb9e24	Да, до сада.		4	0	fifties	male_masculine	Београдски		sr	
a32c3cce3ad76c8087dbc4b6f8550c60448dd97189d6b0a7feb15ca6ca0108523258f12f68be15f44aa58fea58dac1ab9793f6e63dad7e9842308e2f7a230327	common_voice_sr_36765569.mp3	ec4fa25f739adfea6a9e2770edeebf2395b7801ec6dd1fa7566bb6a6103c718d	То и јесте.		4	0	fifties	male_masculine	Београдски		sr	
a32c3cce3ad76c8087dbc4b6f8550c60448dd97189d6b0a7feb15ca6ca0108523258f12f68be15f44aa58fea58dac1ab9793f6e63dad7e9842308e2f7a230327	common_voice_sr_36765571.mp3	05e5fa6d8ff70c8e4c27b31cd687fb328048fc347927266bf593f9db102fe9a0	Јасно и гласно!		4	0	fifties	male_masculine	Београдски		sr	
a32c3cce3ad76c8087dbc4b6f8550c60448dd97189d6b0a7feb15ca6ca0108523258f12f68be15f44aa58fea58dac1ab9793f6e63dad7e9842308e2f7a230327	common_voice_sr_36765572.mp3	0d69e6fbe27e0bfc30f0d9f7da24f8d773b67aa99e7333be51b0ef445ebc7f25	Да, није лепо.		4	0	fifties	male_masculine	Београдски		sr	
a32c3cce3ad76c8087dbc4b6f8550c60448dd97189d6b0a7feb15ca6ca0108523258f12f68be15f44aa58fea58dac1ab9793f6e63dad7e9842308e2f7a230327	common_voice_sr_36765573.mp3	174b4891e26b109eded49011095c8f0aed7d0de9d4eeddba14708f47a4dd2081	Где си, ти?		4	0	fifties	male_masculine	Београдски		sr	
a32c3cce3ad76c8087dbc4b6f8550c60448dd97189d6b0a7feb15ca6ca0108523258f12f68be15f44aa58fea58dac1ab9793f6e63dad7e9842308e2f7a230327	common_voice_sr_36765575.mp3	1106c5fd4720d6ae98bcbec04a5424452ff6b4a101a02aff7a2ca8ec7e103792	Желим да научим да читам.		4	0	fifties	male_masculine	Београдски		sr	
a32c3cce3ad76c8087dbc4b6f8550c60448dd97189d6b0a7feb15ca6ca0108523258f12f68be15f44aa58fea58dac1ab9793f6e63dad7e9842308e2f7a230327	common_voice_sr_36765576.mp3	162d36f1dcbd5aec7ed6d99e6e0d1320903a3fa14ba30dbc8a852a7e284546ea	Да ја сам.		4	0	fifties	male_masculine	Београдски		sr	
a32c3cce3ad76c8087dbc4b6f8550c60448dd97189d6b0a7feb15ca6ca0108523258f12f68be15f44aa58fea58dac1ab9793f6e63dad7e9842308e2f7a230327	common_voice_sr_36765588.mp3	fcb89d0f17a388c6f2a566e4b4f14d29e5ec2771b5c549a79168c94f420f4ccf	Дај ми је.		4	0	fifties	male_masculine	Београдски		sr	
a32c3cce3ad76c8087dbc4b6f8550c60448dd97189d6b0a7feb15ca6ca0108523258f12f68be15f44aa58fea58dac1ab9793f6e63dad7e9842308e2f7a230327	common_voice_sr_36765589.mp3	14229bae5c455370ade0471429bd26ce43bba31fe7f95711d396f771ae10b957	Боље би било!		4	0	fifties	male_masculine	Београдски		sr	
a32c3cce3ad76c8087dbc4b6f8550c60448dd97189d6b0a7feb15ca6ca0108523258f12f68be15f44aa58fea58dac1ab9793f6e63dad7e9842308e2f7a230327	common_voice_sr_36765590.mp3	ee302c4d2a0dec1c0cb5a06fd1bba6a3dfefd8670fb8351c4aec9ae9838c02fa	Био је наш учитељ.		4	0	fifties	male_masculine	Београдски		sr	
a32c3cce3ad76c8087dbc4b6f8550c60448dd97189d6b0a7feb15ca6ca0108523258f12f68be15f44aa58fea58dac1ab9793f6e63dad7e9842308e2f7a230327	common_voice_sr_36765592.mp3	b2a2a0f91ad9a51a00e7152447e174c56a07f22b2d3d29126ed26eaed740d528	И прихватио је.		4	0	fifties	male_masculine	Београдски		sr	
a32c3cce3ad76c8087dbc4b6f8550c60448dd97189d6b0a7feb15ca6ca0108523258f12f68be15f44aa58fea58dac1ab9793f6e63dad7e9842308e2f7a230327	common_voice_sr_36765593.mp3	b8c628b89f00bde44ab84483b1512923990883557e7882566c7a5e312517454b	од Београда до испод Текијe		4	0	fifties	male_masculine	Београдски		sr	
a32c3cce3ad76c8087dbc4b6f8550c60448dd97189d6b0a7feb15ca6ca0108523258f12f68be15f44aa58fea58dac1ab9793f6e63dad7e9842308e2f7a230327	common_voice_sr_36765594.mp3	143e9a03c96d913262c7a7e0567bc96eacc429420a2245fd7fa879c3306b57b3	Сећам се, на пример, једнога случаја		4	0	fifties	male_masculine	Београдски		sr	
a32c3cce3ad76c8087dbc4b6f8550c60448dd97189d6b0a7feb15ca6ca0108523258f12f68be15f44aa58fea58dac1ab9793f6e63dad7e9842308e2f7a230327	common_voice_sr_36765595.mp3	0be6208325fcb2b757ea6f2313c4907815702b014448a799cef2232972611b93	Каже да не.		4	0	fifties	male_masculine	Београдски		sr	
a32c3cce3ad76c8087dbc4b6f8550c60448dd97189d6b0a7feb15ca6ca0108523258f12f68be15f44aa58fea58dac1ab9793f6e63dad7e9842308e2f7a230327	common_voice_sr_36765596.mp3	103bfe795eea38440465fdb137d067a82b75c00ea746962db1e4b20ec7729e9b	Где си ти.		4	0	fifties	male_masculine	Београдски		sr	
a32c3cce3ad76c8087dbc4b6f8550c60448dd97189d6b0a7feb15ca6ca0108523258f12f68be15f44aa58fea58dac1ab9793f6e63dad7e9842308e2f7a230327	common_voice_sr_36765602.mp3	dce08f70309b409053207037e25b82327015eb6d6657a239c1b58e98df834780	А ја нисам?		4	0	fifties	male_masculine	Београдски		sr	
a32c3cce3ad76c8087dbc4b6f8550c60448dd97189d6b0a7feb15ca6ca0108523258f12f68be15f44aa58fea58dac1ab9793f6e63dad7e9842308e2f7a230327	common_voice_sr_36765603.mp3	fb95fff6dddd8207e765a3bdcb1348d8a98fd430f2677f716f418e077d570736	Нисам хтео то.		4	0	fifties	male_masculine	Београдски		sr	
a32c3cce3ad76c8087dbc4b6f8550c60448dd97189d6b0a7feb15ca6ca0108523258f12f68be15f44aa58fea58dac1ab9793f6e63dad7e9842308e2f7a230327	common_voice_sr_36765604.mp3	04343429fdbe104d92400d97bbd454f0cf1e5b64ac88425a2de7ec0e79cc6977	Не разумем, зашто?		4	0	fifties	male_masculine	Београдски		sr	
a32c3cce3ad76c8087dbc4b6f8550c60448dd97189d6b0a7feb15ca6ca0108523258f12f68be15f44aa58fea58dac1ab9793f6e63dad7e9842308e2f7a230327	common_voice_sr_36765605.mp3	f7bcdc6955441fe9b733dfcdca69c5c30304d1599609028041a905bb60ca6f80	Што се ти?		4	0	fifties	male_masculine	Београдски		sr	
a32c3cce3ad76c8087dbc4b6f8550c60448dd97189d6b0a7feb15ca6ca0108523258f12f68be15f44aa58fea58dac1ab9793f6e63dad7e9842308e2f7a230327	common_voice_sr_36765606.mp3	f22ef034bc70e3027a2357d5ad1a98b23b5ecfbdab50d8a51b3d4ab67a65436b	И, то је све?		4	0	fifties	male_masculine	Београдски		sr	
a32c3cce3ad76c8087dbc4b6f8550c60448dd97189d6b0a7feb15ca6ca0108523258f12f68be15f44aa58fea58dac1ab9793f6e63dad7e9842308e2f7a230327	common_voice_sr_36765613.mp3	02ba488f15e72f207f647696f7b30f456122a340d78d77276df4d8ab83efc2f9	Географски положај земље повећава могућност илегалне инфилтрације.		4	0	fifties	male_masculine	Београдски		sr	
a32c3cce3ad76c8087dbc4b6f8550c60448dd97189d6b0a7feb15ca6ca0108523258f12f68be15f44aa58fea58dac1ab9793f6e63dad7e9842308e2f7a230327	common_voice_sr_36765615.mp3	0cc240829dc92c234aa44ff01ef8cdef628785c78b05af811ff1f8072e5d21c1	Видим да је.		4	0	fifties	male_masculine	Београдски		sr	
a32c3cce3ad76c8087dbc4b6f8550c60448dd97189d6b0a7feb15ca6ca0108523258f12f68be15f44aa58fea58dac1ab9793f6e63dad7e9842308e2f7a230327	common_voice_sr_36765617.mp3	f569469f07298cee784b9c791a5ff5ab6235c641b6f2407fb467c0a0889beb9c	То ти мислиш!		4	0	fifties	male_masculine	Београдски		sr	
a32c3cce3ad76c8087dbc4b6f8550c60448dd97189d6b0a7feb15ca6ca0108523258f12f68be15f44aa58fea58dac1ab9793f6e63dad7e9842308e2f7a230327	common_voice_sr_36765618.mp3	0f015079e3b71c31f26a50e04b4141a735eeda3a8ad2b3d6edf0d38ddfa94660	Па, шта да радим.		4	0	fifties	male_masculine	Београдски		sr	
a32c3cce3ad76c8087dbc4b6f8550c60448dd97189d6b0a7feb15ca6ca0108523258f12f68be15f44aa58fea58dac1ab9793f6e63dad7e9842308e2f7a230327	common_voice_sr_36765619.mp3	fce433ad4ec71ced9f2f429776994b169a6413ee415a78c3977bc86d015c8399	Не знам, види.		4	0	fifties	male_masculine	Београдски		sr	
a32c3cce3ad76c8087dbc4b6f8550c60448dd97189d6b0a7feb15ca6ca0108523258f12f68be15f44aa58fea58dac1ab9793f6e63dad7e9842308e2f7a230327	common_voice_sr_36765620.mp3	167497c16b73fd04137bc0c854b0d10997a3c7c0fa091b7b964676b75b926f79	Али не слажу се сви са тим.		4	0	fifties	male_masculine	Београдски		sr	
a32c3cce3ad76c8087dbc4b6f8550c60448dd97189d6b0a7feb15ca6ca0108523258f12f68be15f44aa58fea58dac1ab9793f6e63dad7e9842308e2f7a230327	common_voice_sr_36765621.mp3	09688e589a1c6549adf4233e367dbd6a5b4b23df3fb2a0c27867d59b3109bfea	И све то!		4	0	fifties	male_masculine	Београдски		sr	
a32c3cce3ad76c8087dbc4b6f8550c60448dd97189d6b0a7feb15ca6ca0108523258f12f68be15f44aa58fea58dac1ab9793f6e63dad7e9842308e2f7a230327	common_voice_sr_36765622.mp3	056b46b144bb7a2c2fa1490b2b138abe062da0764a0c17f5a547f80054727447	Нишки сајам књига.		4	0	fifties	male_masculine	Београдски		sr	
a32c3cce3ad76c8087dbc4b6f8550c60448dd97189d6b0a7feb15ca6ca0108523258f12f68be15f44aa58fea58dac1ab9793f6e63dad7e9842308e2f7a230327	common_voice_sr_36765623.mp3	f9192e268cfd1485bbb413e266e5c817fe6ebe7f523f22da6a58b9bd77ed6463	То и је.		4	0	fifties	male_masculine	Београдски		sr	
a32c3cce3ad76c8087dbc4b6f8550c60448dd97189d6b0a7feb15ca6ca0108523258f12f68be15f44aa58fea58dac1ab9793f6e63dad7e9842308e2f7a230327	common_voice_sr_36765624.mp3	f7ddcd28098a978c9a0a769c33882ab3b42decaa15e34d4e7dadd3acd2c97bc4	Републички устави нису усклађени са савезним уставом.		4	0	fifties	male_masculine	Београдски		sr	
a32c3cce3ad76c8087dbc4b6f8550c60448dd97189d6b0a7feb15ca6ca0108523258f12f68be15f44aa58fea58dac1ab9793f6e63dad7e9842308e2f7a230327	common_voice_sr_36765625.mp3	ffdda1fd4bba2bec280993cef5b33d442303fb24f17b3e8513149f7656aea2a9	А знаш то?		4	2	fifties	male_masculine	Београдски		sr	
a32c3cce3ad76c8087dbc4b6f8550c60448dd97189d6b0a7feb15ca6ca0108523258f12f68be15f44aa58fea58dac1ab9793f6e63dad7e9842308e2f7a230327	common_voice_sr_36765637.mp3	116c8a5cfcd08ca5309d17bd3daa797a01af514b798d07818d5b01427505d836	И то је све!		4	0	fifties	male_masculine	Београдски		sr	
a32c3cce3ad76c8087dbc4b6f8550c60448dd97189d6b0a7feb15ca6ca0108523258f12f68be15f44aa58fea58dac1ab9793f6e63dad7e9842308e2f7a230327	common_voice_sr_36765638.mp3	12885f310dc58b5e5ba15bcb8773f5333e55c993a3224ccbe3f2da67905b1cc6	Ево ти на!		4	0	fifties	male_masculine	Београдски		sr	
a32c3cce3ad76c8087dbc4b6f8550c60448dd97189d6b0a7feb15ca6ca0108523258f12f68be15f44aa58fea58dac1ab9793f6e63dad7e9842308e2f7a230327	common_voice_sr_36765639.mp3	0da73a74010a1d6449eb6eee977337591d0cced77e84c62ddd7c9271eafd1219	И погледај ме.		4	0	fifties	male_masculine	Београдски		sr	
a32c3cce3ad76c8087dbc4b6f8550c60448dd97189d6b0a7feb15ca6ca0108523258f12f68be15f44aa58fea58dac1ab9793f6e63dad7e9842308e2f7a230327	common_voice_sr_36765641.mp3	13b3dcb0d639918769678b71a555e8de28ee43e62670f1845e1b255edcb33c80	И на крају.		4	0	fifties	male_masculine	Београдски		sr	
a32c3cce3ad76c8087dbc4b6f8550c60448dd97189d6b0a7feb15ca6ca0108523258f12f68be15f44aa58fea58dac1ab9793f6e63dad7e9842308e2f7a230327	common_voice_sr_36765642.mp3	f91c9949b267202c1bfde1f7376681a6563d45a5209bbc8aade586563c5b1dbc	По други пут!		4	0	fifties	male_masculine	Београдски		sr	
a32c3cce3ad76c8087dbc4b6f8550c60448dd97189d6b0a7feb15ca6ca0108523258f12f68be15f44aa58fea58dac1ab9793f6e63dad7e9842308e2f7a230327	common_voice_sr_36765643.mp3	8eaad593dc429e24e20c6f3e21532491a9d6ac9418e1daff5c320677f212ba5a	А на тело?		4	0	fifties	male_masculine	Београдски		sr	
a32c3cce3ad76c8087dbc4b6f8550c60448dd97189d6b0a7feb15ca6ca0108523258f12f68be15f44aa58fea58dac1ab9793f6e63dad7e9842308e2f7a230327	common_voice_sr_36765644.mp3	09e1edf06241b6c41736c5a56f15115d1bc20cd595f5353f0bb032c06441c3e8	Данас је испало да не може боље.		4	0	fifties	male_masculine	Београдски		sr	
a32c3cce3ad76c8087dbc4b6f8550c60448dd97189d6b0a7feb15ca6ca0108523258f12f68be15f44aa58fea58dac1ab9793f6e63dad7e9842308e2f7a230327	common_voice_sr_36765646.mp3	0aa82e4230eab1fc58ecbd4787836353016f7948867ef10e84c6ec2579d74767	Па, право да вам кажем.		4	0	fifties	male_masculine	Београдски		sr	
a32c3cce3ad76c8087dbc4b6f8550c60448dd97189d6b0a7feb15ca6ca0108523258f12f68be15f44aa58fea58dac1ab9793f6e63dad7e9842308e2f7a230327	common_voice_sr_36765648.mp3	10996e9a0152a9fc1dc62796afc791b26ef795c18dcdc2b16ef7c38319ef6f13	Па где је.		4	0	fifties	male_masculine	Београдски		sr	
a32c3cce3ad76c8087dbc4b6f8550c60448dd97189d6b0a7feb15ca6ca0108523258f12f68be15f44aa58fea58dac1ab9793f6e63dad7e9842308e2f7a230327	common_voice_sr_36765649.mp3	f0ac1bbac1947f904f63e0089bcf362fef0e886647688d9a8c2154a398ee6b06	Зашто не то?		4	0	fifties	male_masculine	Београдски		sr	
a32c3cce3ad76c8087dbc4b6f8550c60448dd97189d6b0a7feb15ca6ca0108523258f12f68be15f44aa58fea58dac1ab9793f6e63dad7e9842308e2f7a230327	common_voice_sr_36765650.mp3	f2ae26d0ecc76b699398f3c6c45eb8117daff6bc52503536b77a227802e326d7	Што сам урадио.		4	0	fifties	male_masculine	Београдски		sr	
a32c3cce3ad76c8087dbc4b6f8550c60448dd97189d6b0a7feb15ca6ca0108523258f12f68be15f44aa58fea58dac1ab9793f6e63dad7e9842308e2f7a230327	common_voice_sr_36765652.mp3	f91da8328516d55094ebb383e582bda29f1cf9032dd4accab0d6f8249673b234	Верујем у то!		4	0	fifties	male_masculine	Београдски		sr	
a32c3cce3ad76c8087dbc4b6f8550c60448dd97189d6b0a7feb15ca6ca0108523258f12f68be15f44aa58fea58dac1ab9793f6e63dad7e9842308e2f7a230327	common_voice_sr_36765653.mp3	0ef465224bb43fddbcf845810866f6af78d83ccda517ce1f9293df63868474af	Што је било, било је.		6	0	fifties	male_masculine	Београдски		sr	
a32c3cce3ad76c8087dbc4b6f8550c60448dd97189d6b0a7feb15ca6ca0108523258f12f68be15f44aa58fea58dac1ab9793f6e63dad7e9842308e2f7a230327	common_voice_sr_36765654.mp3	1808c49cf5b29b53aa4c382a31896420ebdfee1240b6624f534d940ade4b341f	Да, први пут.		4	0	fifties	male_masculine	Београдски		sr	
a32c3cce3ad76c8087dbc4b6f8550c60448dd97189d6b0a7feb15ca6ca0108523258f12f68be15f44aa58fea58dac1ab9793f6e63dad7e9842308e2f7a230327	common_voice_sr_36765655.mp3	0d95bd659767d7e8de8dabba3e603492702d33de9f03a2a0301cdf7199a365f4	То је ко?		2	0	fifties	male_masculine	Београдски		sr	
a32c3cce3ad76c8087dbc4b6f8550c60448dd97189d6b0a7feb15ca6ca0108523258f12f68be15f44aa58fea58dac1ab9793f6e63dad7e9842308e2f7a230327	common_voice_sr_36765657.mp3	0e19efefd4dce964f246b1b697dee81dc0ef78e5e01793a9969be519af80ea61	Тако је то.		4	0	fifties	male_masculine	Београдски		sr	
a32c3cce3ad76c8087dbc4b6f8550c60448dd97189d6b0a7feb15ca6ca0108523258f12f68be15f44aa58fea58dac1ab9793f6e63dad7e9842308e2f7a230327	common_voice_sr_36765658.mp3	c08df15297bfd18f1a80f9381a4754137b9017cd8ed24181c46af905173c97b3	Шта мислите да ради?		4	0	fifties	male_masculine	Београдски		sr	
a32c3cce3ad76c8087dbc4b6f8550c60448dd97189d6b0a7feb15ca6ca0108523258f12f68be15f44aa58fea58dac1ab9793f6e63dad7e9842308e2f7a230327	common_voice_sr_36765659.mp3	1755ec661e91310aad1407ed1c9211c974f57ededf15ddd41e78cd9c1ac776c8	Адам и Ева били су први људи		4	0	fifties	male_masculine	Београдски		sr	
a32c3cce3ad76c8087dbc4b6f8550c60448dd97189d6b0a7feb15ca6ca0108523258f12f68be15f44aa58fea58dac1ab9793f6e63dad7e9842308e2f7a230327	common_voice_sr_36765667.mp3	addab0f3ad7c4d7c124d2b2d361201efde0a204301140630c322abacad52ee4b	Баш вам хвала.		4	0	fifties	male_masculine	Београдски		sr	
a32c3cce3ad76c8087dbc4b6f8550c60448dd97189d6b0a7feb15ca6ca0108523258f12f68be15f44aa58fea58dac1ab9793f6e63dad7e9842308e2f7a230327	common_voice_sr_36765668.mp3	fbc96efb779fd9e7c95ab53c63df9b038f49b9c1ca36180ae54f6724d407a04f	Не знаш колико!		4	0	fifties	male_masculine	Београдски		sr	
a32c3cce3ad76c8087dbc4b6f8550c60448dd97189d6b0a7feb15ca6ca0108523258f12f68be15f44aa58fea58dac1ab9793f6e63dad7e9842308e2f7a230327	common_voice_sr_36765669.mp3	a12a300d598f6b3a90d4022ea9db8665e62abe728e6fa1fc889561984f07c68c	Шта ви мислите?		4	0	fifties	male_masculine	Београдски		sr	
a32c3cce3ad76c8087dbc4b6f8550c60448dd97189d6b0a7feb15ca6ca0108523258f12f68be15f44aa58fea58dac1ab9793f6e63dad7e9842308e2f7a230327	common_voice_sr_36765671.mp3	041e4957a6449e93473e0ce8be0378200d9e8eac5cb490d45ad6dab864c90c7e	Када се вратио?		6	0	fifties	male_masculine	Београдски		sr	
a32c3cce3ad76c8087dbc4b6f8550c60448dd97189d6b0a7feb15ca6ca0108523258f12f68be15f44aa58fea58dac1ab9793f6e63dad7e9842308e2f7a230327	common_voice_sr_36765672.mp3	d6f917769922f3df2e0f040d697aea106bb13e4eeee850eb5bf37398eb432f4c	За бога, не!		4	0	fifties	male_masculine	Београдски		sr	
a32c3cce3ad76c8087dbc4b6f8550c60448dd97189d6b0a7feb15ca6ca0108523258f12f68be15f44aa58fea58dac1ab9793f6e63dad7e9842308e2f7a230327	common_voice_sr_36765674.mp3	f6bb9ac826d3da6985907349659ec9aca91f968914f5e19ca8c3994297dc40e4	Да, и ње.		4	0	fifties	male_masculine	Београдски		sr	
a32c3cce3ad76c8087dbc4b6f8550c60448dd97189d6b0a7feb15ca6ca0108523258f12f68be15f44aa58fea58dac1ab9793f6e63dad7e9842308e2f7a230327	common_voice_sr_36765675.mp3	ff69f1c8f35127819717b301ea723e5b2c199d9841f970c6314cbd92bc88b4ee	То сте хтели.		4	0	fifties	male_masculine	Београдски		sr	
a32c3cce3ad76c8087dbc4b6f8550c60448dd97189d6b0a7feb15ca6ca0108523258f12f68be15f44aa58fea58dac1ab9793f6e63dad7e9842308e2f7a230327	common_voice_sr_36765677.mp3	f1d2a9b54a5f8949ed74dbe71d2d63e6273189463cce4661af244c14652f47e1	А шта је то?		4	0	fifties	male_masculine	Београдски		sr	
a32c3cce3ad76c8087dbc4b6f8550c60448dd97189d6b0a7feb15ca6ca0108523258f12f68be15f44aa58fea58dac1ab9793f6e63dad7e9842308e2f7a230327	common_voice_sr_36765678.mp3	bba9bfae84122d11c6097e3952346b95b65b48a049a17227e5fd5ffeb6c685b1	То ти мислиш.		4	0	fifties	male_masculine	Београдски		sr	
a32c3cce3ad76c8087dbc4b6f8550c60448dd97189d6b0a7feb15ca6ca0108523258f12f68be15f44aa58fea58dac1ab9793f6e63dad7e9842308e2f7a230327	common_voice_sr_36765682.mp3	f26ea3d1e397659586d3ddac981c6fc96544b43b86944bed3dce35d5acb7a1e0	одлично сам положио!		4	0	fifties	male_masculine	Београдски		sr	
a32c3cce3ad76c8087dbc4b6f8550c60448dd97189d6b0a7feb15ca6ca0108523258f12f68be15f44aa58fea58dac1ab9793f6e63dad7e9842308e2f7a230327	common_voice_sr_36765683.mp3	e1333c1fc51e248375d75611ca781e088c4440f0dc92a3f9333a50b69e7c8abb	Ох, боже не.		4	0	fifties	male_masculine	Београдски		sr	
a32c3cce3ad76c8087dbc4b6f8550c60448dd97189d6b0a7feb15ca6ca0108523258f12f68be15f44aa58fea58dac1ab9793f6e63dad7e9842308e2f7a230327	common_voice_sr_36765685.mp3	0fd31d2ead8346d2e42395a07b02e3b4cc8464b0813e3b584d43ba846cd1e598	Зашто да не?		4	0	fifties	male_masculine	Београдски		sr	
a32c3cce3ad76c8087dbc4b6f8550c60448dd97189d6b0a7feb15ca6ca0108523258f12f68be15f44aa58fea58dac1ab9793f6e63dad7e9842308e2f7a230327	common_voice_sr_36765687.mp3	da16056d6ee0b11ea4dd3a703240a2b1ac976b1b17a5419db9d418307341c2bf	Хајде, кажи ми!		4	0	fifties	male_masculine	Београдски		sr	
a32c3cce3ad76c8087dbc4b6f8550c60448dd97189d6b0a7feb15ca6ca0108523258f12f68be15f44aa58fea58dac1ab9793f6e63dad7e9842308e2f7a230327	common_voice_sr_36765698.mp3	1075246d03080fe945274a22b357ca5bf5c609b3ee0c6000d72f99324c79d360	А на други?		4	2	fifties	male_masculine	Београдски		sr	
a32c3cce3ad76c8087dbc4b6f8550c60448dd97189d6b0a7feb15ca6ca0108523258f12f68be15f44aa58fea58dac1ab9793f6e63dad7e9842308e2f7a230327	common_voice_sr_36765699.mp3	0a256be288eb476c50122aad29298998052efee9639c194b43290cf1f69966c3	То је ти!		4	0	fifties	male_masculine	Београдски		sr	
a32c3cce3ad76c8087dbc4b6f8550c60448dd97189d6b0a7feb15ca6ca0108523258f12f68be15f44aa58fea58dac1ab9793f6e63dad7e9842308e2f7a230327	common_voice_sr_36765701.mp3	1997f35da329f6c8bf852fa4767cca11a48e8d060b5cc063b16dfbe5640edae5	Нисмо јели ни пили.		4	0	fifties	male_masculine	Београдски		sr	
a32c3cce3ad76c8087dbc4b6f8550c60448dd97189d6b0a7feb15ca6ca0108523258f12f68be15f44aa58fea58dac1ab9793f6e63dad7e9842308e2f7a230327	common_voice_sr_36765702.mp3	173a83d7db65cccfb29bfb5ccb99870c3340c8f1ad13831c429a7b2412b83c47	Не за живот.		4	0	fifties	male_masculine	Београдски		sr	
a32c3cce3ad76c8087dbc4b6f8550c60448dd97189d6b0a7feb15ca6ca0108523258f12f68be15f44aa58fea58dac1ab9793f6e63dad7e9842308e2f7a230327	common_voice_sr_36765713.mp3	0c9771a1b9d209d29d53db6701adafce34d747333fcf6fdd47a7a309116a580f	И за ово.		4	0	fifties	male_masculine	Београдски		sr	
a32c3cce3ad76c8087dbc4b6f8550c60448dd97189d6b0a7feb15ca6ca0108523258f12f68be15f44aa58fea58dac1ab9793f6e63dad7e9842308e2f7a230327	common_voice_sr_36765716.mp3	8b8f7ca91dd7e3468dfd701978ab1ed4c68c99114ded5177f489947ca113eda2	Рекла сам ти!		4	0	fifties	male_masculine	Београдски		sr	
a32c3cce3ad76c8087dbc4b6f8550c60448dd97189d6b0a7feb15ca6ca0108523258f12f68be15f44aa58fea58dac1ab9793f6e63dad7e9842308e2f7a230327	common_voice_sr_36765722.mp3	0819e85a0b283e18f961e208957a80646685120d122db39c0e15c38f0c79e2c9	Па, како је?		4	0	fifties	male_masculine	Београдски		sr	
a32c3cce3ad76c8087dbc4b6f8550c60448dd97189d6b0a7feb15ca6ca0108523258f12f68be15f44aa58fea58dac1ab9793f6e63dad7e9842308e2f7a230327	common_voice_sr_36765723.mp3	d58e20458f11ef5989d21e82fadc81f72c92aa2ceb6685d7555be63f91af6e07	И на земљи.		4	0	fifties	male_masculine	Београдски		sr	
a32c3cce3ad76c8087dbc4b6f8550c60448dd97189d6b0a7feb15ca6ca0108523258f12f68be15f44aa58fea58dac1ab9793f6e63dad7e9842308e2f7a230327	common_voice_sr_36765724.mp3	1054822bb5d4046a98999fb22e2727841407c401e51c00d25621698aa0cb8313	Шта му је.		4	0	fifties	male_masculine	Београдски		sr	
a32c3cce3ad76c8087dbc4b6f8550c60448dd97189d6b0a7feb15ca6ca0108523258f12f68be15f44aa58fea58dac1ab9793f6e63dad7e9842308e2f7a230327	common_voice_sr_36765725.mp3	0dba9e25a916cb6537fc96fe3d4ae235f1c4c51e97139402cfbf52c7be45f425	То ми је.		4	0	fifties	male_masculine	Београдски		sr	
a32c3cce3ad76c8087dbc4b6f8550c60448dd97189d6b0a7feb15ca6ca0108523258f12f68be15f44aa58fea58dac1ab9793f6e63dad7e9842308e2f7a230327	common_voice_sr_36765726.mp3	0ae7c6f2d57e5b80219588f5fef2fc4c8c0cba58308ce93295625adf85139921	Ово лето нећемо ићи на море.		4	0	fifties	male_masculine	Београдски		sr	
a32c3cce3ad76c8087dbc4b6f8550c60448dd97189d6b0a7feb15ca6ca0108523258f12f68be15f44aa58fea58dac1ab9793f6e63dad7e9842308e2f7a230327	common_voice_sr_36765771.mp3	a5aa85b13b9861e351d89eb4d7e15ba365a03b21f55d3e27a03284168d2cbd21	Не верујем да ће се то десити.		4	2	fifties	male_masculine	Београдски		sr	
a32c3cce3ad76c8087dbc4b6f8550c60448dd97189d6b0a7feb15ca6ca0108523258f12f68be15f44aa58fea58dac1ab9793f6e63dad7e9842308e2f7a230327	common_voice_sr_36765778.mp3	04605bab62fe43fabb7386f8ada4c29e395666277fff82e91ec5fbfb58b63417	Ја с вама?		4	0	fifties	male_masculine	Београдски		sr	
a32c3cce3ad76c8087dbc4b6f8550c60448dd97189d6b0a7feb15ca6ca0108523258f12f68be15f44aa58fea58dac1ab9793f6e63dad7e9842308e2f7a230327	common_voice_sr_36765779.mp3	1b8257f994772254345462092d13c77f1042f16ac5dcd9550a5d03c5f807f92d	Не у нас.		4	0	fifties	male_masculine	Београдски		sr	
a32c3cce3ad76c8087dbc4b6f8550c60448dd97189d6b0a7feb15ca6ca0108523258f12f68be15f44aa58fea58dac1ab9793f6e63dad7e9842308e2f7a230327	common_voice_sr_36765780.mp3	d644abf5cd5ed5780675aa0a7bdcf32ecf559268381119e75ea517e0b2329de3	А има их.		4	0	fifties	male_masculine	Београдски		sr	
a32c3cce3ad76c8087dbc4b6f8550c60448dd97189d6b0a7feb15ca6ca0108523258f12f68be15f44aa58fea58dac1ab9793f6e63dad7e9842308e2f7a230327	common_voice_sr_36765781.mp3	09a367fbaeaea080c17fa2d36a2f6a10b5e15bf3825bb42bc441aa493ed79877	Пре неки дан?		4	0	fifties	male_masculine	Београдски		sr	
a32c3cce3ad76c8087dbc4b6f8550c60448dd97189d6b0a7feb15ca6ca0108523258f12f68be15f44aa58fea58dac1ab9793f6e63dad7e9842308e2f7a230327	common_voice_sr_36765787.mp3	cf031350bf6bc984d6499f125972d07a2da8e5923145f05aa7568d1bd5479158	Да знаш шта?		4	2	fifties	male_masculine	Београдски		sr	
a32c3cce3ad76c8087dbc4b6f8550c60448dd97189d6b0a7feb15ca6ca0108523258f12f68be15f44aa58fea58dac1ab9793f6e63dad7e9842308e2f7a230327	common_voice_sr_36765788.mp3	ec6b1c8a0bb7a1243d52706552b7332451e46695e535bed0c315a3cf7666c8af	Кад јој је рођендан?		4	0	fifties	male_masculine	Београдски		sr	
a32c3cce3ad76c8087dbc4b6f8550c60448dd97189d6b0a7feb15ca6ca0108523258f12f68be15f44aa58fea58dac1ab9793f6e63dad7e9842308e2f7a230327	common_voice_sr_36765789.mp3	ec52d75fa2af84539160b320eece4a4b46c27dddaba7decd9d2ce1eb00988be6	Не то, не!		4	2	fifties	male_masculine	Београдски		sr	
a32c3cce3ad76c8087dbc4b6f8550c60448dd97189d6b0a7feb15ca6ca0108523258f12f68be15f44aa58fea58dac1ab9793f6e63dad7e9842308e2f7a230327	common_voice_sr_36765804.mp3	fac22621071f71abd4e691b513eaefdb6a0e60131583bdd5aeb95074cda47469	И на све.		4	0	fifties	male_masculine	Београдски		sr	
a32c3cce3ad76c8087dbc4b6f8550c60448dd97189d6b0a7feb15ca6ca0108523258f12f68be15f44aa58fea58dac1ab9793f6e63dad7e9842308e2f7a230327	common_voice_sr_36765814.mp3	0ce5998c2a0ca2522ea82eb698e12a615a662f5e7cce0d8cf124f1e6946f45d7	Нико не гледа?		4	0	fifties	male_masculine	Београдски		sr	
a32c3cce3ad76c8087dbc4b6f8550c60448dd97189d6b0a7feb15ca6ca0108523258f12f68be15f44aa58fea58dac1ab9793f6e63dad7e9842308e2f7a230327	common_voice_sr_36765815.mp3	0787b2c5bfe9e7edbb26fe87c6f51751d39609f95df0ff951892286584bb936b	То каже, не?		4	2	fifties	male_masculine	Београдски		sr	
a32c3cce3ad76c8087dbc4b6f8550c60448dd97189d6b0a7feb15ca6ca0108523258f12f68be15f44aa58fea58dac1ab9793f6e63dad7e9842308e2f7a230327	common_voice_sr_36765816.mp3	e31f21ed58247aa1a6efd0ec9e6aedade98605d470fcee68db207277edca0238	На неколико места.		4	0	fifties	male_masculine	Београдски		sr	
a32c3cce3ad76c8087dbc4b6f8550c60448dd97189d6b0a7feb15ca6ca0108523258f12f68be15f44aa58fea58dac1ab9793f6e63dad7e9842308e2f7a230327	common_voice_sr_36765819.mp3	f98c57f02b5cf42ccc9a440083184348b315257bcdb34f8e068b2c5991d015a5	Ма, не може.		4	0	fifties	male_masculine	Београдски		sr	
a32c3cce3ad76c8087dbc4b6f8550c60448dd97189d6b0a7feb15ca6ca0108523258f12f68be15f44aa58fea58dac1ab9793f6e63dad7e9842308e2f7a230327	common_voice_sr_36765821.mp3	f5b4248db39dd50e98945687baca02f787dd1d039a1ce882b0cb83a372272e6a	И од мене!		4	0	fifties	male_masculine	Београдски		sr	
a32c3cce3ad76c8087dbc4b6f8550c60448dd97189d6b0a7feb15ca6ca0108523258f12f68be15f44aa58fea58dac1ab9793f6e63dad7e9842308e2f7a230327	common_voice_sr_36765822.mp3	159e7b4c61d52331a0e60e8313e05597c98a5fdc31c3c07d48c135dae61f60f3	Да видимо, да видимо!		4	0	fifties	male_masculine	Београдски		sr	
a32c3cce3ad76c8087dbc4b6f8550c60448dd97189d6b0a7feb15ca6ca0108523258f12f68be15f44aa58fea58dac1ab9793f6e63dad7e9842308e2f7a230327	common_voice_sr_36765835.mp3	04eeaa28f9bb5a0043af989d8c7992bfce376a5334ec67d0416edc8504bff862	Он је стајао.		4	0	fifties	male_masculine	Београдски		sr	
a32c3cce3ad76c8087dbc4b6f8550c60448dd97189d6b0a7feb15ca6ca0108523258f12f68be15f44aa58fea58dac1ab9793f6e63dad7e9842308e2f7a230327	common_voice_sr_36765836.mp3	e89bea6c71ee26f82d68a068a410fcdbe4a3596bf82a85f35f1499b7c88c8b47	Хрватска је освојила треће место.		4	0	fifties	male_masculine	Београдски		sr	
a32c3cce3ad76c8087dbc4b6f8550c60448dd97189d6b0a7feb15ca6ca0108523258f12f68be15f44aa58fea58dac1ab9793f6e63dad7e9842308e2f7a230327	common_voice_sr_36765839.mp3	1a56974fcf14ede00f9b535f1768884d29d32e6df03e336e97c0068a19b016cf	Шта је било?		4	0	fifties	male_masculine	Београдски		sr	
a32c3cce3ad76c8087dbc4b6f8550c60448dd97189d6b0a7feb15ca6ca0108523258f12f68be15f44aa58fea58dac1ab9793f6e63dad7e9842308e2f7a230327	common_voice_sr_36765840.mp3	173d76ac9c305202f17de98d61d6a63bc4c6c61801ae1c0e218bbd243528360d	Како да живим?		4	0	fifties	male_masculine	Београдски		sr	
a32c3cce3ad76c8087dbc4b6f8550c60448dd97189d6b0a7feb15ca6ca0108523258f12f68be15f44aa58fea58dac1ab9793f6e63dad7e9842308e2f7a230327	common_voice_sr_36765841.mp3	0616338e3a20c2a784977b1332f2ffcf321da621d0261fad81844e9267cce0a5	Треба да буде.		4	0	fifties	male_masculine	Београдски		sr	
a32c3cce3ad76c8087dbc4b6f8550c60448dd97189d6b0a7feb15ca6ca0108523258f12f68be15f44aa58fea58dac1ab9793f6e63dad7e9842308e2f7a230327	common_voice_sr_36765842.mp3	edc92f2c8a2845ddee2716d45503e6eca459bd77c224e5c42ce0a5980c3a4832	Сјајно смо се провеле.		4	2	fifties	male_masculine	Београдски		sr	
a32c3cce3ad76c8087dbc4b6f8550c60448dd97189d6b0a7feb15ca6ca0108523258f12f68be15f44aa58fea58dac1ab9793f6e63dad7e9842308e2f7a230327	common_voice_sr_36765857.mp3	1668cd7df37eebfe6a1eeab13d881bcbbd56d1532d3db49651412b6cad678ca3	Који му је?		4	0	fifties	male_masculine	Београдски		sr	
a32c3cce3ad76c8087dbc4b6f8550c60448dd97189d6b0a7feb15ca6ca0108523258f12f68be15f44aa58fea58dac1ab9793f6e63dad7e9842308e2f7a230327	common_voice_sr_36765858.mp3	10f91719a417c86dc19958618739f46f1c783662e082c2570ffe371c39234f53	Не говоримо више о томе.		4	0	fifties	male_masculine	Београдски		sr	
a32c3cce3ad76c8087dbc4b6f8550c60448dd97189d6b0a7feb15ca6ca0108523258f12f68be15f44aa58fea58dac1ab9793f6e63dad7e9842308e2f7a230327	common_voice_sr_36765865.mp3	daeb61e39348c33cea998899f36c0fe72d3f39472381ac68e3d4db7795340113	И само он.		4	0	fifties	male_masculine	Београдски		sr	
a32c3cce3ad76c8087dbc4b6f8550c60448dd97189d6b0a7feb15ca6ca0108523258f12f68be15f44aa58fea58dac1ab9793f6e63dad7e9842308e2f7a230327	common_voice_sr_36765879.mp3	187103e42dbfd531c3088c89acd43fa02845e4197049d97e007f041b8f2f3bdc	А који су?		4	0	fifties	male_masculine	Београдски		sr	
a32c3cce3ad76c8087dbc4b6f8550c60448dd97189d6b0a7feb15ca6ca0108523258f12f68be15f44aa58fea58dac1ab9793f6e63dad7e9842308e2f7a230327	common_voice_sr_36765880.mp3	1b7aad7a7309520556287042f2f0cc35ecc66f3856738d0c78544f80d1111d9b	О, што је?		4	0	fifties	male_masculine	Београдски		sr	
a32c3cce3ad76c8087dbc4b6f8550c60448dd97189d6b0a7feb15ca6ca0108523258f12f68be15f44aa58fea58dac1ab9793f6e63dad7e9842308e2f7a230327	common_voice_sr_36765881.mp3	dbfd020d2b9353925e20eb3bd5042b3cb48c3976030f7c746a9be9f0dbf6dceb	Нико не зна?		4	0	fifties	male_masculine	Београдски		sr	
a32c3cce3ad76c8087dbc4b6f8550c60448dd97189d6b0a7feb15ca6ca0108523258f12f68be15f44aa58fea58dac1ab9793f6e63dad7e9842308e2f7a230327	common_voice_sr_36765882.mp3	01f1b9ee3206b5ce6c38739a8367c983000464109cb3360ee7e790e9bf800825	У ово доба?		4	0	fifties	male_masculine	Београдски		sr	
a32c3cce3ad76c8087dbc4b6f8550c60448dd97189d6b0a7feb15ca6ca0108523258f12f68be15f44aa58fea58dac1ab9793f6e63dad7e9842308e2f7a230327	common_voice_sr_36765884.mp3	e71501a3683573d72725591a5852940845322a82036763383181350716e04cbb	Мора се признати.		4	2	fifties	male_masculine	Београдски		sr	
a32c3cce3ad76c8087dbc4b6f8550c60448dd97189d6b0a7feb15ca6ca0108523258f12f68be15f44aa58fea58dac1ab9793f6e63dad7e9842308e2f7a230327	common_voice_sr_36765885.mp3	bee4f9d55a87da62ed23a623f7a3f2c5effa752ee20ea25410f499f283239aae	У једном тренутку.		4	0	fifties	male_masculine	Београдски		sr	
a32c3cce3ad76c8087dbc4b6f8550c60448dd97189d6b0a7feb15ca6ca0108523258f12f68be15f44aa58fea58dac1ab9793f6e63dad7e9842308e2f7a230327	common_voice_sr_36765886.mp3	19a01240b8c9cd100e8ea47b2d617ff76e8b96fe62237e15ace7bed0c5b9d98d	Ти си сам?		4	0	fifties	male_masculine	Београдски		sr	
a32c3cce3ad76c8087dbc4b6f8550c60448dd97189d6b0a7feb15ca6ca0108523258f12f68be15f44aa58fea58dac1ab9793f6e63dad7e9842308e2f7a230327	common_voice_sr_36765887.mp3	d1eb8e6f6c80b3b4a98610ed61e898a96b918e2e8146125685bd50265e92a2ab	Око тога нема дилеме.		4	0	fifties	male_masculine	Београдски		sr	
a32c3cce3ad76c8087dbc4b6f8550c60448dd97189d6b0a7feb15ca6ca0108523258f12f68be15f44aa58fea58dac1ab9793f6e63dad7e9842308e2f7a230327	common_voice_sr_36765910.mp3	ec54a4c639eba622738c3ef0e0cd066df4e18fb5a72cf1e598196f82164f33a6	Па, где је?		4	0	fifties	male_masculine	Београдски		sr	
a32c3cce3ad76c8087dbc4b6f8550c60448dd97189d6b0a7feb15ca6ca0108523258f12f68be15f44aa58fea58dac1ab9793f6e63dad7e9842308e2f7a230327	common_voice_sr_36765911.mp3	e39c9d5c7ce348c43ff5c583cdaa86f20948accee5b06a7c0bbd7f31cb8b37bb	Ти то говориш!		4	0	fifties	male_masculine	Београдски		sr	
a32c3cce3ad76c8087dbc4b6f8550c60448dd97189d6b0a7feb15ca6ca0108523258f12f68be15f44aa58fea58dac1ab9793f6e63dad7e9842308e2f7a230327	common_voice_sr_36765912.mp3	019961e90cf72fe27a8391d4df4326938ced9789f273a5d9f40ef0901516f403	Него шта, је.		4	0	fifties	male_masculine	Београдски		sr	
a32c3cce3ad76c8087dbc4b6f8550c60448dd97189d6b0a7feb15ca6ca0108523258f12f68be15f44aa58fea58dac1ab9793f6e63dad7e9842308e2f7a230327	common_voice_sr_36765928.mp3	1a5f7748f0d156de6575dacb2f63efb9a2b4a2f0d5dad878dd032326207388c4	Не могу више.		4	0	fifties	male_masculine	Београдски		sr	
a32c3cce3ad76c8087dbc4b6f8550c60448dd97189d6b0a7feb15ca6ca0108523258f12f68be15f44aa58fea58dac1ab9793f6e63dad7e9842308e2f7a230327	common_voice_sr_36765930.mp3	0b40e4eb2fc9299a084d356f87f17bc7e5193c7f7d11252807d66c027dc82154	Е, не може.		4	0	fifties	male_masculine	Београдски		sr	
a32c3cce3ad76c8087dbc4b6f8550c60448dd97189d6b0a7feb15ca6ca0108523258f12f68be15f44aa58fea58dac1ab9793f6e63dad7e9842308e2f7a230327	common_voice_sr_36765935.mp3	ed580f9d276bf641a4c06b5c66e36bde59b3a4406fd0bf8f10986d3595efe8ff	Ма не знам!		4	0	fifties	male_masculine	Београдски		sr	
a32c3cce3ad76c8087dbc4b6f8550c60448dd97189d6b0a7feb15ca6ca0108523258f12f68be15f44aa58fea58dac1ab9793f6e63dad7e9842308e2f7a230327	common_voice_sr_36765946.mp3	106afc828465921baefa0167859b3af64e96c4729d402340084edc6f81b795a6	Па, ето ти!		4	0	fifties	male_masculine	Београдски		sr	
a32c3cce3ad76c8087dbc4b6f8550c60448dd97189d6b0a7feb15ca6ca0108523258f12f68be15f44aa58fea58dac1ab9793f6e63dad7e9842308e2f7a230327	common_voice_sr_36765956.mp3	f67ded12fc33c764a120a261c61edf928b6d55a94aa44f0be410964111f95094	Што ти мислиш?		4	0	fifties	male_masculine	Београдски		sr	
a32c3cce3ad76c8087dbc4b6f8550c60448dd97189d6b0a7feb15ca6ca0108523258f12f68be15f44aa58fea58dac1ab9793f6e63dad7e9842308e2f7a230327	common_voice_sr_36765959.mp3	182cb0ff247f8ca6e47c9939d0fd7d688307fb5c6883d67c6ab85a1c996d4dee	Ја не умем.		4	0	fifties	male_masculine	Београдски		sr	
a32c3cce3ad76c8087dbc4b6f8550c60448dd97189d6b0a7feb15ca6ca0108523258f12f68be15f44aa58fea58dac1ab9793f6e63dad7e9842308e2f7a230327	common_voice_sr_36765962.mp3	f5c04f0a45e1d94a85b7c04ed707bfb9b026927d1b577fc6eb8f5e1f710da987	Покварио ми се мобилни телефон.		4	0	fifties	male_masculine	Београдски		sr	
a32c3cce3ad76c8087dbc4b6f8550c60448dd97189d6b0a7feb15ca6ca0108523258f12f68be15f44aa58fea58dac1ab9793f6e63dad7e9842308e2f7a230327	common_voice_sr_36765976.mp3	f1625d6eb8d2f2a337d84bbdb9661be518ec2e93b3a07de81fe5890e34717008	Не на земљи.		4	0	fifties	male_masculine	Београдски		sr	
a32c3cce3ad76c8087dbc4b6f8550c60448dd97189d6b0a7feb15ca6ca0108523258f12f68be15f44aa58fea58dac1ab9793f6e63dad7e9842308e2f7a230327	common_voice_sr_36765978.mp3	0956c9bad3bd6d253cc0ac2a9247eb457596b3182bd58b65495108a8db131689	Што ти каже?		4	0	fifties	male_masculine	Београдски		sr	
a32c3cce3ad76c8087dbc4b6f8550c60448dd97189d6b0a7feb15ca6ca0108523258f12f68be15f44aa58fea58dac1ab9793f6e63dad7e9842308e2f7a230327	common_voice_sr_36765980.mp3	0c8f173676cf22243413e7fb17fad3f20eb6e9c6a11860659fad0ab33db72c31	Ни то није довољно.		4	0	fifties	male_masculine	Београдски		sr	
a32c3cce3ad76c8087dbc4b6f8550c60448dd97189d6b0a7feb15ca6ca0108523258f12f68be15f44aa58fea58dac1ab9793f6e63dad7e9842308e2f7a230327	common_voice_sr_36765985.mp3	dac739aee8d212421501d84ac13097c044acbfcdbacd6cb08992a37f98ba6d71	То је био.		4	0	fifties	male_masculine	Београдски		sr	
a32c3cce3ad76c8087dbc4b6f8550c60448dd97189d6b0a7feb15ca6ca0108523258f12f68be15f44aa58fea58dac1ab9793f6e63dad7e9842308e2f7a230327	common_voice_sr_36765987.mp3	e47b08658e02237f19d68dbe45fcb7eb39fbf7d86d01c03bbfd5cde4f3175ba6	Ја сам мислио.		4	0	fifties	male_masculine	Београдски		sr	
a32c3cce3ad76c8087dbc4b6f8550c60448dd97189d6b0a7feb15ca6ca0108523258f12f68be15f44aa58fea58dac1ab9793f6e63dad7e9842308e2f7a230327	common_voice_sr_36765989.mp3	1af04ffb3a1430f7910939f5348037d8aa42409165cd1208f2d946cd1a1d777b	Спасао си је?		4	0	fifties	male_masculine	Београдски		sr	
a32c3cce3ad76c8087dbc4b6f8550c60448dd97189d6b0a7feb15ca6ca0108523258f12f68be15f44aa58fea58dac1ab9793f6e63dad7e9842308e2f7a230327	common_voice_sr_36766005.mp3	21552fb1c56bef4032f34efec22e86fdd2353d1ffd13797a6d3fae5076731799	Да, хвала вам!		4	0	fifties	male_masculine	Београдски		sr	
a32c3cce3ad76c8087dbc4b6f8550c60448dd97189d6b0a7feb15ca6ca0108523258f12f68be15f44aa58fea58dac1ab9793f6e63dad7e9842308e2f7a230327	common_voice_sr_36766006.mp3	c84b48cc22a6f44f1c373b1bb8ebae5d8c4cd171b2e0acab45217dab07154802	У нашој земљи?		4	0	fifties	male_masculine	Београдски		sr	
a32c3cce3ad76c8087dbc4b6f8550c60448dd97189d6b0a7feb15ca6ca0108523258f12f68be15f44aa58fea58dac1ab9793f6e63dad7e9842308e2f7a230327	common_voice_sr_36766008.mp3	fb99edf74a966834f109302dec33c7de5ccb13a9b5131770a86d81ac9b6420c5	Да, не би.		4	0	fifties	male_masculine	Београдски		sr	
a32c3cce3ad76c8087dbc4b6f8550c60448dd97189d6b0a7feb15ca6ca0108523258f12f68be15f44aa58fea58dac1ab9793f6e63dad7e9842308e2f7a230327	common_voice_sr_36766009.mp3	0534c170bb287fa0acc56710deaa408d7b02fa74389b9750248ccff38b8ede43	Ја желим то.		4	0	fifties	male_masculine	Београдски		sr	
a32c3cce3ad76c8087dbc4b6f8550c60448dd97189d6b0a7feb15ca6ca0108523258f12f68be15f44aa58fea58dac1ab9793f6e63dad7e9842308e2f7a230327	common_voice_sr_36766011.mp3	16a9191ab922851ec869aa8e3d992e79c8e180cd0d0ba9d84f1687bd291baaa9	О, да, то.		4	0	fifties	male_masculine	Београдски		sr	
a32c3cce3ad76c8087dbc4b6f8550c60448dd97189d6b0a7feb15ca6ca0108523258f12f68be15f44aa58fea58dac1ab9793f6e63dad7e9842308e2f7a230327	common_voice_sr_36766014.mp3	eb4a9d64a0f5ff3e8aa1e025617e39e453568b36496cadc970d29bf14f0d9bdd	Приближава му се.		4	0	fifties	male_masculine	Београдски		sr	
a32c3cce3ad76c8087dbc4b6f8550c60448dd97189d6b0a7feb15ca6ca0108523258f12f68be15f44aa58fea58dac1ab9793f6e63dad7e9842308e2f7a230327	common_voice_sr_36766016.mp3	20c3ad0c858a18d5bfb15f56db78605ce2f95b43fd5ebf61f3305f99910cae81	Писао сам му?		4	0	fifties	male_masculine	Београдски		sr	
a32c3cce3ad76c8087dbc4b6f8550c60448dd97189d6b0a7feb15ca6ca0108523258f12f68be15f44aa58fea58dac1ab9793f6e63dad7e9842308e2f7a230327	common_voice_sr_36766017.mp3	b7c3e209db9803ec794a065dc09a0cb71e282e62a7ebe0a22a408af0a0357cd0	Да сам ја.		4	0	fifties	male_masculine	Београдски		sr	
a32c3cce3ad76c8087dbc4b6f8550c60448dd97189d6b0a7feb15ca6ca0108523258f12f68be15f44aa58fea58dac1ab9793f6e63dad7e9842308e2f7a230327	common_voice_sr_36766019.mp3	f4d9f2fda9f0806fa6458b02f68ed2aa637b4d47b6f129ab45d5025c05a146a8	Ја нисам хтео.		4	0	fifties	male_masculine	Београдски		sr	
a32c3cce3ad76c8087dbc4b6f8550c60448dd97189d6b0a7feb15ca6ca0108523258f12f68be15f44aa58fea58dac1ab9793f6e63dad7e9842308e2f7a230327	common_voice_sr_36766029.mp3	16cc49448ed4c0a356f61da215b59cd4d003a48011f0d0bb8e8d13ed13353b6b	И шта су урадили?		4	0	fifties	male_masculine	Београдски		sr	
a32c3cce3ad76c8087dbc4b6f8550c60448dd97189d6b0a7feb15ca6ca0108523258f12f68be15f44aa58fea58dac1ab9793f6e63dad7e9842308e2f7a230327	common_voice_sr_36766030.mp3	0c4c04557a31b9131d1b752c62f4fe9fc65242a3634efd6751f74b1f74d29053	Тако и јест.		4	0	fifties	male_masculine	Београдски		sr	
a32c3cce3ad76c8087dbc4b6f8550c60448dd97189d6b0a7feb15ca6ca0108523258f12f68be15f44aa58fea58dac1ab9793f6e63dad7e9842308e2f7a230327	common_voice_sr_36766032.mp3	20c76dbeb93bfe5523d3a58d5866be5f173f5fd3cda1f8ddf54efe5939db8fed	Да, и та.		4	0	fifties	male_masculine	Београдски		sr	
a32c3cce3ad76c8087dbc4b6f8550c60448dd97189d6b0a7feb15ca6ca0108523258f12f68be15f44aa58fea58dac1ab9793f6e63dad7e9842308e2f7a230327	common_voice_sr_36766033.mp3	1282e4e6e3b44d6ce0d1427ea5bd56ced037a9e6c64a3f32dd0213a95a74f8b7	Ах, не то!		4	0	fifties	male_masculine	Београдски		sr	
a32c3cce3ad76c8087dbc4b6f8550c60448dd97189d6b0a7feb15ca6ca0108523258f12f68be15f44aa58fea58dac1ab9793f6e63dad7e9842308e2f7a230327	common_voice_sr_36766042.mp3	f69644cc54c94fdd7384cd1d7483eb35d21938972501e57a745248771d90e16d	То мора бити.		4	0	fifties	male_masculine	Београдски		sr	
a32c3cce3ad76c8087dbc4b6f8550c60448dd97189d6b0a7feb15ca6ca0108523258f12f68be15f44aa58fea58dac1ab9793f6e63dad7e9842308e2f7a230327	common_voice_sr_36766047.mp3	1a1c233c60431a8a62b2a1aa39751938dbd5098f5f778e1d6b02d889959d4fe6	А његова жена?		4	0	fifties	male_masculine	Београдски		sr	
a32c3cce3ad76c8087dbc4b6f8550c60448dd97189d6b0a7feb15ca6ca0108523258f12f68be15f44aa58fea58dac1ab9793f6e63dad7e9842308e2f7a230327	common_voice_sr_36766058.mp3	f5d3c35728306daf6eb52c06317fe2b564f5452298dde8e6bd8bacc6eae11eb6	То ће бити почетак.		4	0	fifties	male_masculine	Београдски		sr	
a32c3cce3ad76c8087dbc4b6f8550c60448dd97189d6b0a7feb15ca6ca0108523258f12f68be15f44aa58fea58dac1ab9793f6e63dad7e9842308e2f7a230327	common_voice_sr_36766059.mp3	180567ad8a988c77624188635b62e5ef7a41703217f54f450e9716d0fe8615c4	још и данас неиздата		4	0	fifties	male_masculine	Београдски		sr	
a32c3cce3ad76c8087dbc4b6f8550c60448dd97189d6b0a7feb15ca6ca0108523258f12f68be15f44aa58fea58dac1ab9793f6e63dad7e9842308e2f7a230327	common_voice_sr_36766061.mp3	1996202dfa70037748c542f6e17868ecc60eb10a2ef6f086fba89660c4fa2f9f	Не иде тако!		4	0	fifties	male_masculine	Београдски		sr	
a32c3cce3ad76c8087dbc4b6f8550c60448dd97189d6b0a7feb15ca6ca0108523258f12f68be15f44aa58fea58dac1ab9793f6e63dad7e9842308e2f7a230327	common_voice_sr_36766062.mp3	f430ce91496f8816891c7219156795771e2787bede5064e86793814618db4530	Не то, не то.		4	0	fifties	male_masculine	Београдски		sr	
a32c3cce3ad76c8087dbc4b6f8550c60448dd97189d6b0a7feb15ca6ca0108523258f12f68be15f44aa58fea58dac1ab9793f6e63dad7e9842308e2f7a230327	common_voice_sr_36766068.mp3	12db8993816002c03bf6550d435d66edc04a6edda6ce455b51d876bef0eed3a6	Молим те, немој.		4	0	fifties	male_masculine	Београдски		sr	
a32c3cce3ad76c8087dbc4b6f8550c60448dd97189d6b0a7feb15ca6ca0108523258f12f68be15f44aa58fea58dac1ab9793f6e63dad7e9842308e2f7a230327	common_voice_sr_36766072.mp3	058e7355ac67341baab61d2ddb7a98303a735aec2c2b78375f881a74b53d1ce2	Били су сведоци.		4	0	fifties	male_masculine	Београдски		sr	
a32c3cce3ad76c8087dbc4b6f8550c60448dd97189d6b0a7feb15ca6ca0108523258f12f68be15f44aa58fea58dac1ab9793f6e63dad7e9842308e2f7a230327	common_voice_sr_36767237.mp3	cafef659eda38b77e5db7fb3e12893942c206ffe87df9d9e5803246d5be46cd7	Хвала вам, госпођо.		4	0	fifties	male_masculine	Београдски		sr	
a32c3cce3ad76c8087dbc4b6f8550c60448dd97189d6b0a7feb15ca6ca0108523258f12f68be15f44aa58fea58dac1ab9793f6e63dad7e9842308e2f7a230327	common_voice_sr_36767238.mp3	f0c9ce432871a5794c13f14dd9ae4f5efc25535d9ce876cd742192f0f2dc1779	И не може.		4	0	fifties	male_masculine	Београдски		sr	
a32c3cce3ad76c8087dbc4b6f8550c60448dd97189d6b0a7feb15ca6ca0108523258f12f68be15f44aa58fea58dac1ab9793f6e63dad7e9842308e2f7a230327	common_voice_sr_36767239.mp3	1b55989997e7335d7a9ecec50e4d0c3ffa46d103219717bfd1e5c6fe76d55d7e	Без тога не.		4	0	fifties	male_masculine	Београдски		sr	
a32c3cce3ad76c8087dbc4b6f8550c60448dd97189d6b0a7feb15ca6ca0108523258f12f68be15f44aa58fea58dac1ab9793f6e63dad7e9842308e2f7a230327	common_voice_sr_36767240.mp3	f88f65b234f73ef85ca70264407e7f8e8967ed246a0f1c142ec194deead67236	Говорити о исламској позадини било би преурањено.		4	0	fifties	male_masculine	Београдски		sr	
a32c3cce3ad76c8087dbc4b6f8550c60448dd97189d6b0a7feb15ca6ca0108523258f12f68be15f44aa58fea58dac1ab9793f6e63dad7e9842308e2f7a230327	common_voice_sr_36767246.mp3	162f57251a3bb84b7d36c15ee791d8aef59ccceccd99039facb9a63cbee5e6a1	Нисам то хтела да кажем.		4	0	fifties	male_masculine	Београдски		sr	
a32c3cce3ad76c8087dbc4b6f8550c60448dd97189d6b0a7feb15ca6ca0108523258f12f68be15f44aa58fea58dac1ab9793f6e63dad7e9842308e2f7a230327	common_voice_sr_36767249.mp3	21f0302a6879e032a241d0f97f3fc76a95388b57446b361bc55cc32f22c032f2	А шта сам урадио?		4	0	fifties	male_masculine	Београдски		sr	
a32c3cce3ad76c8087dbc4b6f8550c60448dd97189d6b0a7feb15ca6ca0108523258f12f68be15f44aa58fea58dac1ab9793f6e63dad7e9842308e2f7a230327	common_voice_sr_36767251.mp3	d55631956cde35bf506117f70928642cf1c7247eef6e182b47d2aab710165084	Било је понижавајуће.		4	0	fifties	male_masculine	Београдски		sr	
a32c3cce3ad76c8087dbc4b6f8550c60448dd97189d6b0a7feb15ca6ca0108523258f12f68be15f44aa58fea58dac1ab9793f6e63dad7e9842308e2f7a230327	common_voice_sr_36767256.mp3	fee7b8884251e0eab8bb865f61df944f02e3b24b27262434ba58461f9eaaaf5e	Ко су онда?		4	0	fifties	male_masculine	Београдски		sr	
a32c3cce3ad76c8087dbc4b6f8550c60448dd97189d6b0a7feb15ca6ca0108523258f12f68be15f44aa58fea58dac1ab9793f6e63dad7e9842308e2f7a230327	common_voice_sr_36767257.mp3	f95f01d807b27e479425b7a2a7509e38bb6da34709c5b36ec9b36f69854cfe5e	То је велико зло.		4	0	fifties	male_masculine	Београдски		sr	
a32c3cce3ad76c8087dbc4b6f8550c60448dd97189d6b0a7feb15ca6ca0108523258f12f68be15f44aa58fea58dac1ab9793f6e63dad7e9842308e2f7a230327	common_voice_sr_36767266.mp3	144688c05027ff56e6b2d84b7a6fedd803faba38e10d99fecc788a4ca470c930	Више не знам!		4	0	fifties	male_masculine	Београдски		sr	
a32c3cce3ad76c8087dbc4b6f8550c60448dd97189d6b0a7feb15ca6ca0108523258f12f68be15f44aa58fea58dac1ab9793f6e63dad7e9842308e2f7a230327	common_voice_sr_36767270.mp3	1e45529de42c642e2ca1d8ea7331e5d599dc6247e94ba40b7bd6ce17fa85415d	И у мене.		4	0	fifties	male_masculine	Београдски		sr	
a32c3cce3ad76c8087dbc4b6f8550c60448dd97189d6b0a7feb15ca6ca0108523258f12f68be15f44aa58fea58dac1ab9793f6e63dad7e9842308e2f7a230327	common_voice_sr_36767291.mp3	0ca0c4351b63c481a856c033e52452ee2f8341949364e41a7a3a8334f75afba7	Цео град је.		4	0	fifties	male_masculine	Београдски		sr	
a32c3cce3ad76c8087dbc4b6f8550c60448dd97189d6b0a7feb15ca6ca0108523258f12f68be15f44aa58fea58dac1ab9793f6e63dad7e9842308e2f7a230327	common_voice_sr_36767294.mp3	eaf3d601cfc0cd43b6bd4f0ea33e9b07d68323ac4ec8a42a66581584ecd485cf	То је оно.		4	0	fifties	male_masculine	Београдски		sr	
a32c3cce3ad76c8087dbc4b6f8550c60448dd97189d6b0a7feb15ca6ca0108523258f12f68be15f44aa58fea58dac1ab9793f6e63dad7e9842308e2f7a230327	common_voice_sr_36767301.mp3	1a97d0f22cc075d80ad7783926f21dad24c9b1f574a1158bfef50b63a271d15e	Добар дан пријатељу.		4	0	fifties	male_masculine	Београдски		sr	
a32c3cce3ad76c8087dbc4b6f8550c60448dd97189d6b0a7feb15ca6ca0108523258f12f68be15f44aa58fea58dac1ab9793f6e63dad7e9842308e2f7a230327	common_voice_sr_36767303.mp3	ec52d37b5f74e7a6293fed36ba0d3848da5bb1718bf5058565b5d4793ce22f89	Хвала вам господине!		4	0	fifties	male_masculine	Београдски		sr	
a32c3cce3ad76c8087dbc4b6f8550c60448dd97189d6b0a7feb15ca6ca0108523258f12f68be15f44aa58fea58dac1ab9793f6e63dad7e9842308e2f7a230327	common_voice_sr_36767313.mp3	16933ada3ffc027d232157c94c3a72bd3a8dbdc0734423760c2855a4099487a2	А моје дете?		4	0	fifties	male_masculine	Београдски		sr	
a32c3cce3ad76c8087dbc4b6f8550c60448dd97189d6b0a7feb15ca6ca0108523258f12f68be15f44aa58fea58dac1ab9793f6e63dad7e9842308e2f7a230327	common_voice_sr_36767318.mp3	20503cc861226b86729baf99a40a0e8c1a72ebf3bbdfbd801589c2e73c5f6797	То јесте истина.		4	0	fifties	male_masculine	Београдски		sr	
a32c3cce3ad76c8087dbc4b6f8550c60448dd97189d6b0a7feb15ca6ca0108523258f12f68be15f44aa58fea58dac1ab9793f6e63dad7e9842308e2f7a230327	common_voice_sr_36767320.mp3	fcabc44d815bd7601d8f5a2339b90d55087ff5eebb07bc2a184d642f4855e7f0	Истина, не морам.		4	0	fifties	male_masculine	Београдски		sr	
a32c3cce3ad76c8087dbc4b6f8550c60448dd97189d6b0a7feb15ca6ca0108523258f12f68be15f44aa58fea58dac1ab9793f6e63dad7e9842308e2f7a230327	common_voice_sr_36767330.mp3	dde10ff9df1586277bdaefd92e0b1c8e0e9ff987cd4ad8c2dc5b234e83002eaf	Понудили су ми посао.		4	0	fifties	male_masculine	Београдски		sr	
a32c3cce3ad76c8087dbc4b6f8550c60448dd97189d6b0a7feb15ca6ca0108523258f12f68be15f44aa58fea58dac1ab9793f6e63dad7e9842308e2f7a230327	common_voice_sr_36767332.mp3	fe30ef00048046d72345e8794daf3ff31b08c95d263f4b3764c4a83f52a64675	Не плашимо се.		4	0	fifties	male_masculine	Београдски		sr	
a32c3cce3ad76c8087dbc4b6f8550c60448dd97189d6b0a7feb15ca6ca0108523258f12f68be15f44aa58fea58dac1ab9793f6e63dad7e9842308e2f7a230327	common_voice_sr_36767341.mp3	18a22f538a469698d1243d6e4f34ee8812ed5de3abd92c74eb14a6dd15eb2962	Такав је он!		4	0	fifties	male_masculine	Београдски		sr	
a32c3cce3ad76c8087dbc4b6f8550c60448dd97189d6b0a7feb15ca6ca0108523258f12f68be15f44aa58fea58dac1ab9793f6e63dad7e9842308e2f7a230327	common_voice_sr_36767352.mp3	0da2763e4bb910f4936d845385d832048179de501176bfb7684c3a073c8ffefd	И, шта је то?		4	0	fifties	male_masculine	Београдски		sr	
a32c3cce3ad76c8087dbc4b6f8550c60448dd97189d6b0a7feb15ca6ca0108523258f12f68be15f44aa58fea58dac1ab9793f6e63dad7e9842308e2f7a230327	common_voice_sr_36767354.mp3	0165f7bc0e9e51aec791214fc3398162cb9ad6625241ae5ddae0fa6d6d5fbef8	Била је то.		4	0	fifties	male_masculine	Београдски		sr	
a32c3cce3ad76c8087dbc4b6f8550c60448dd97189d6b0a7feb15ca6ca0108523258f12f68be15f44aa58fea58dac1ab9793f6e63dad7e9842308e2f7a230327	common_voice_sr_36767356.mp3	f8b423986d670160ac1840836883e8ff884e33a4941a2702d71c23d9577faf58	Сада сам исцрпљен.		4	0	fifties	male_masculine	Београдски		sr	
a32c3cce3ad76c8087dbc4b6f8550c60448dd97189d6b0a7feb15ca6ca0108523258f12f68be15f44aa58fea58dac1ab9793f6e63dad7e9842308e2f7a230327	common_voice_sr_36767369.mp3	ee3675078d8bd26675d883be5c85d6fd7ab10ef195a558b16c3c5ff0a0b3b6bf	И још један!		4	0	fifties	male_masculine	Београдски		sr	
a32c3cce3ad76c8087dbc4b6f8550c60448dd97189d6b0a7feb15ca6ca0108523258f12f68be15f44aa58fea58dac1ab9793f6e63dad7e9842308e2f7a230327	common_voice_sr_36767370.mp3	18be7082fe2c563c9cfac4b660e627a7e1162e85c7351a0b6aa138adeb22db4f	Ха, ха, ха, ха!		4	0	fifties	male_masculine	Београдски		sr	
a32c3cce3ad76c8087dbc4b6f8550c60448dd97189d6b0a7feb15ca6ca0108523258f12f68be15f44aa58fea58dac1ab9793f6e63dad7e9842308e2f7a230327	common_voice_sr_36767379.mp3	ff0507ce216c97442bfa5058c2c536161218d00c0902503b1daf4f0cdc8a74b4	Ко су то?		4	0	fifties	male_masculine	Београдски		sr	
a32c3cce3ad76c8087dbc4b6f8550c60448dd97189d6b0a7feb15ca6ca0108523258f12f68be15f44aa58fea58dac1ab9793f6e63dad7e9842308e2f7a230327	common_voice_sr_36767380.mp3	e9cb9714647a1770ac5e4e7be7fa72b6785b7dba721de6a68d94f9ed57a3ec60	Него што је?		4	0	fifties	male_masculine	Београдски		sr	
a32c3cce3ad76c8087dbc4b6f8550c60448dd97189d6b0a7feb15ca6ca0108523258f12f68be15f44aa58fea58dac1ab9793f6e63dad7e9842308e2f7a230327	common_voice_sr_36767381.mp3	14460294dd06edb7083266918d5acdedd63b56dcaeeb26b064ebb2e49c00e1fb	Или је то?		4	0	fifties	male_masculine	Београдски		sr	
a32c3cce3ad76c8087dbc4b6f8550c60448dd97189d6b0a7feb15ca6ca0108523258f12f68be15f44aa58fea58dac1ab9793f6e63dad7e9842308e2f7a230327	common_voice_sr_36767382.mp3	1fd1d7e755bbd363aeda358b4cee6bad92d1c06741a6ee060af0f6ac2ad661d8	Тренинг је био баш напоран.		4	0	fifties	male_masculine	Београдски		sr	
a32c3cce3ad76c8087dbc4b6f8550c60448dd97189d6b0a7feb15ca6ca0108523258f12f68be15f44aa58fea58dac1ab9793f6e63dad7e9842308e2f7a230327	common_voice_sr_36767383.mp3	14d652d7b362ded49b60cc54daf52cc790aa65432f745680c2b83b0597db0a26	Шта је ово опет?		4	0	fifties	male_masculine	Београдски		sr	
a32c3cce3ad76c8087dbc4b6f8550c60448dd97189d6b0a7feb15ca6ca0108523258f12f68be15f44aa58fea58dac1ab9793f6e63dad7e9842308e2f7a230327	common_voice_sr_36767395.mp3	1d0f1d128ce8861613552ebdf2d14913e5becee0a1b86e86c757b987a7d0b142	Зубари прегледају и поправљају зубе.		4	0	fifties	male_masculine	Београдски		sr	
a32c3cce3ad76c8087dbc4b6f8550c60448dd97189d6b0a7feb15ca6ca0108523258f12f68be15f44aa58fea58dac1ab9793f6e63dad7e9842308e2f7a230327	common_voice_sr_36767396.mp3	c87abd564073483fef94fde64c3311a1ba36b7d03d0d8c9ebf1c7de2310c43df	Кремена оруђа из разних векова		4	0	fifties	male_masculine	Београдски		sr	
a32c3cce3ad76c8087dbc4b6f8550c60448dd97189d6b0a7feb15ca6ca0108523258f12f68be15f44aa58fea58dac1ab9793f6e63dad7e9842308e2f7a230327	common_voice_sr_36767397.mp3	d67bd99a3252b999183b5021137106433085ab28e3e847015e2862821675f36a	То он ради.		4	0	fifties	male_masculine	Београдски		sr	
a32c3cce3ad76c8087dbc4b6f8550c60448dd97189d6b0a7feb15ca6ca0108523258f12f68be15f44aa58fea58dac1ab9793f6e63dad7e9842308e2f7a230327	common_voice_sr_36767398.mp3	150bc1f598a4d9b84a32e7c38dc0f9fb73824f80c3fa64a6f46f4548a87e8bff	Не иде тако.		4	0	fifties	male_masculine	Београдски		sr	
a32c3cce3ad76c8087dbc4b6f8550c60448dd97189d6b0a7feb15ca6ca0108523258f12f68be15f44aa58fea58dac1ab9793f6e63dad7e9842308e2f7a230327	common_voice_sr_36767399.mp3	0fda3ee9ca1bb02d5275649641548fb405c0d3385f38d97d8a139a8dd8c70384	А то жели.		4	0	fifties	male_masculine	Београдски		sr	
a32c3cce3ad76c8087dbc4b6f8550c60448dd97189d6b0a7feb15ca6ca0108523258f12f68be15f44aa58fea58dac1ab9793f6e63dad7e9842308e2f7a230327	common_voice_sr_36767411.mp3	1fa7615848b33261febc087e6db165f2c8b469602e7c82a5b522555a76f7900d	Вероватно је да је и земљина оса		4	0	fifties	male_masculine	Београдски		sr	
a32c3cce3ad76c8087dbc4b6f8550c60448dd97189d6b0a7feb15ca6ca0108523258f12f68be15f44aa58fea58dac1ab9793f6e63dad7e9842308e2f7a230327	common_voice_sr_36767412.mp3	df38644f8f53b56c17bc89b237867088ca24821f9dcfd7a0e7c3d8a67ba98b5d	Ко је ста?		4	0	fifties	male_masculine	Београдски		sr	
a32c3cce3ad76c8087dbc4b6f8550c60448dd97189d6b0a7feb15ca6ca0108523258f12f68be15f44aa58fea58dac1ab9793f6e63dad7e9842308e2f7a230327	common_voice_sr_36767414.mp3	00192024e80fe2a27358cd6a8ef5472b52c9293e4c243b38105af1235fc4d8ee	Што се тиче зуба		4	0	fifties	male_masculine	Београдски		sr	
a32c3cce3ad76c8087dbc4b6f8550c60448dd97189d6b0a7feb15ca6ca0108523258f12f68be15f44aa58fea58dac1ab9793f6e63dad7e9842308e2f7a230327	common_voice_sr_36767427.mp3	24ff4e7d9f06a66194199e6c09c1e14957dcd2809f0110a66a981671a2a4c3e7	Ма молим вас.		4	0	fifties	male_masculine	Београдски		sr	
a32c3cce3ad76c8087dbc4b6f8550c60448dd97189d6b0a7feb15ca6ca0108523258f12f68be15f44aa58fea58dac1ab9793f6e63dad7e9842308e2f7a230327	common_voice_sr_36767428.mp3	14e01aa25f3b71cd2f40e8f065578cc809a253a9bda0c8a05f5b1721233b6062	Ко рано рани, њему се цео дан спава.		4	0	fifties	male_masculine	Београдски		sr	
a32c3cce3ad76c8087dbc4b6f8550c60448dd97189d6b0a7feb15ca6ca0108523258f12f68be15f44aa58fea58dac1ab9793f6e63dad7e9842308e2f7a230327	common_voice_sr_36767435.mp3	d89834929739cdcf1f72d6d5b31668eea412f2a894159298c135005b04b805cc	Што је то.		4	0	fifties	male_masculine	Београдски		sr	
a32c3cce3ad76c8087dbc4b6f8550c60448dd97189d6b0a7feb15ca6ca0108523258f12f68be15f44aa58fea58dac1ab9793f6e63dad7e9842308e2f7a230327	common_voice_sr_36767437.mp3	110fa33bd94956075f78f158fe510b8db78410562ce056046bc3b514da5e6af4	Нисам хтео да!		4	0	fifties	male_masculine	Београдски		sr	
a32c3cce3ad76c8087dbc4b6f8550c60448dd97189d6b0a7feb15ca6ca0108523258f12f68be15f44aa58fea58dac1ab9793f6e63dad7e9842308e2f7a230327	common_voice_sr_36767438.mp3	e3a1e549367adca294b0d040c688d3688c8a493904094d23c1c48e5190964c4b	То не може!		4	0	fifties	male_masculine	Београдски		sr	
a32c3cce3ad76c8087dbc4b6f8550c60448dd97189d6b0a7feb15ca6ca0108523258f12f68be15f44aa58fea58dac1ab9793f6e63dad7e9842308e2f7a230327	common_voice_sr_36767440.mp3	1bb386e49f7f0998004a94704210bc518618e61fbc01890884aedc0995ca85f6	Не само ње.		4	0	fifties	male_masculine	Београдски		sr	
a32c3cce3ad76c8087dbc4b6f8550c60448dd97189d6b0a7feb15ca6ca0108523258f12f68be15f44aa58fea58dac1ab9793f6e63dad7e9842308e2f7a230327	common_voice_sr_36767441.mp3	19738af4fe3144c55ffd154e955e7f5f4b9b38094b57f397dadf404c36b87292	Како сте ви.		4	0	fifties	male_masculine	Београдски		sr	
a32c3cce3ad76c8087dbc4b6f8550c60448dd97189d6b0a7feb15ca6ca0108523258f12f68be15f44aa58fea58dac1ab9793f6e63dad7e9842308e2f7a230327	common_voice_sr_36767448.mp3	1f1da7f75d3d88d46c5169e6cd6122fe5e3dfe464aaf4cacab6ff0e4ed316eda	Данас је веома тражен рад на рачунару.		4	0	fifties	male_masculine	Београдски		sr	
a32c3cce3ad76c8087dbc4b6f8550c60448dd97189d6b0a7feb15ca6ca0108523258f12f68be15f44aa58fea58dac1ab9793f6e63dad7e9842308e2f7a230327	common_voice_sr_36767450.mp3	f06d0d7d46b2fa55679e81df4f8ad95015a6ecf547819983f0d50441a285602a	Нисте ни ви.		4	0	fifties	male_masculine	Београдски		sr	
a32c3cce3ad76c8087dbc4b6f8550c60448dd97189d6b0a7feb15ca6ca0108523258f12f68be15f44aa58fea58dac1ab9793f6e63dad7e9842308e2f7a230327	common_voice_sr_36767452.mp3	17b35a73e11c89acf5f45bd16702e7033d11c8b5cec3b08ce0109b5a9679fef7	И то је истина!		4	0	fifties	male_masculine	Београдски		sr	
a32c3cce3ad76c8087dbc4b6f8550c60448dd97189d6b0a7feb15ca6ca0108523258f12f68be15f44aa58fea58dac1ab9793f6e63dad7e9842308e2f7a230327	common_voice_sr_36767453.mp3	0022b09ea05da85fd7006223b7d9e59c5abc159f60de530161a5dfc15e015726	Ма све је!		4	0	fifties	male_masculine	Београдски		sr	
a32c3cce3ad76c8087dbc4b6f8550c60448dd97189d6b0a7feb15ca6ca0108523258f12f68be15f44aa58fea58dac1ab9793f6e63dad7e9842308e2f7a230327	common_voice_sr_36767454.mp3	0969965d6e12d591574ae8a04a02551ce234912cb8dcb5e8d865874146cc0bfd	Али знате то.		4	0	fifties	male_masculine	Београдски		sr	
a32c3cce3ad76c8087dbc4b6f8550c60448dd97189d6b0a7feb15ca6ca0108523258f12f68be15f44aa58fea58dac1ab9793f6e63dad7e9842308e2f7a230327	common_voice_sr_36767461.mp3	fd7b29b422c68296039781a14bed9efb6dee8109720305c1160aa86ebef21a45	Ха, ха, ха!		4	0	fifties	male_masculine	Београдски		sr	
a32c3cce3ad76c8087dbc4b6f8550c60448dd97189d6b0a7feb15ca6ca0108523258f12f68be15f44aa58fea58dac1ab9793f6e63dad7e9842308e2f7a230327	common_voice_sr_36767464.mp3	1fba18e0f4217845c5a0994d929028ed22a9c457789789fe9a799fc65aedc854	Да ли се надате успеху?		4	0	fifties	male_masculine	Београдски		sr	
a32c3cce3ad76c8087dbc4b6f8550c60448dd97189d6b0a7feb15ca6ca0108523258f12f68be15f44aa58fea58dac1ab9793f6e63dad7e9842308e2f7a230327	common_voice_sr_36767465.mp3	1fc8caff486db4378dc79e7f7f12b1149478c0dcd6587e887d09503117a2fe2c	Имамо врло озбиљне разлоге за бригу.		6	0	fifties	male_masculine	Београдски		sr	
a32c3cce3ad76c8087dbc4b6f8550c60448dd97189d6b0a7feb15ca6ca0108523258f12f68be15f44aa58fea58dac1ab9793f6e63dad7e9842308e2f7a230327	common_voice_sr_36767472.mp3	fb53a12ecbfbb122e88ee4821ffc99dca50a5621a80045c6797634b9ecb6807c	Хрватска влада међутим не одустаје.		4	0	fifties	male_masculine	Београдски		sr	
a32c3cce3ad76c8087dbc4b6f8550c60448dd97189d6b0a7feb15ca6ca0108523258f12f68be15f44aa58fea58dac1ab9793f6e63dad7e9842308e2f7a230327	common_voice_sr_36767482.mp3	11a69256252e497eea5d7834b1590a80845b1b8039c2237183402f88d7b7df54	Немачка је у недељу одустала од својих примедби.		4	0	fifties	male_masculine	Београдски		sr	
a32c3cce3ad76c8087dbc4b6f8550c60448dd97189d6b0a7feb15ca6ca0108523258f12f68be15f44aa58fea58dac1ab9793f6e63dad7e9842308e2f7a230327	common_voice_sr_36767484.mp3	d5fbe8fa405bf92f39d81ec4a7b0596092ecf5d5f15f4e0f5d05c5391ddfa406	О, сам сам.		4	0	fifties	male_masculine	Београдски		sr	
a32c3cce3ad76c8087dbc4b6f8550c60448dd97189d6b0a7feb15ca6ca0108523258f12f68be15f44aa58fea58dac1ab9793f6e63dad7e9842308e2f7a230327	common_voice_sr_36767485.mp3	264c2134e3825337145b0ee03c1c4032d1ba9aa9956763f323f4bcd93107dfc5	Као на приме?		4	0	fifties	male_masculine	Београдски		sr	
a32c3cce3ad76c8087dbc4b6f8550c60448dd97189d6b0a7feb15ca6ca0108523258f12f68be15f44aa58fea58dac1ab9793f6e63dad7e9842308e2f7a230327	common_voice_sr_36767493.mp3	23117f570a9446c5611edd3f33f1bc42c44277720fbb78457536817baead5f1a	Не кажем да.		4	0	fifties	male_masculine	Београдски		sr	
a32c3cce3ad76c8087dbc4b6f8550c60448dd97189d6b0a7feb15ca6ca0108523258f12f68be15f44aa58fea58dac1ab9793f6e63dad7e9842308e2f7a230327	common_voice_sr_36767495.mp3	25a4132b0cb8523b0ee0ad01b9453a372fbc4a85f786fcb6b29a957233e27bd1	И не треба.		4	0	fifties	male_masculine	Београдски		sr	
a32c3cce3ad76c8087dbc4b6f8550c60448dd97189d6b0a7feb15ca6ca0108523258f12f68be15f44aa58fea58dac1ab9793f6e63dad7e9842308e2f7a230327	common_voice_sr_36767496.mp3	05feadf070125ba0099ae49077ad8242525e880b369da5ed150e6a851f72dba5	И све то.		4	0	fifties	male_masculine	Београдски		sr	
a32c3cce3ad76c8087dbc4b6f8550c60448dd97189d6b0a7feb15ca6ca0108523258f12f68be15f44aa58fea58dac1ab9793f6e63dad7e9842308e2f7a230327	common_voice_sr_36767498.mp3	24e0fe75577eed1cc738bf385ddbec4fe3bea037e0e02891085ed3f52e26d873	Срамота га је.		4	0	fifties	male_masculine	Београдски		sr	
a32c3cce3ad76c8087dbc4b6f8550c60448dd97189d6b0a7feb15ca6ca0108523258f12f68be15f44aa58fea58dac1ab9793f6e63dad7e9842308e2f7a230327	common_voice_sr_36767506.mp3	2765d9961a267b63071be6ed3e52c4063890ede8aabd89e7f4d0f5f856b1da89	Ко сам вам ја?		4	0	fifties	male_masculine	Београдски		sr	
a32c3cce3ad76c8087dbc4b6f8550c60448dd97189d6b0a7feb15ca6ca0108523258f12f68be15f44aa58fea58dac1ab9793f6e63dad7e9842308e2f7a230327	common_voice_sr_36767507.mp3	122e76f6e2e68d4887ecdb54e877ad7038c51a58213f8bbde210c8d4eb93da8e	О, ти си.		4	0	fifties	male_masculine	Београдски		sr	
a32c3cce3ad76c8087dbc4b6f8550c60448dd97189d6b0a7feb15ca6ca0108523258f12f68be15f44aa58fea58dac1ab9793f6e63dad7e9842308e2f7a230327	common_voice_sr_36767510.mp3	113bab29fcc466eac439e313fc2e37d70f7ce44d30c52773357fa88c8f46d23a	Сигурно да је!		4	0	fifties	male_masculine	Београдски		sr	
a32c3cce3ad76c8087dbc4b6f8550c60448dd97189d6b0a7feb15ca6ca0108523258f12f68be15f44aa58fea58dac1ab9793f6e63dad7e9842308e2f7a230327	common_voice_sr_36767516.mp3	180fae055a03209617bc19b83e89ffa5d79bda5bd4d24d32382169e824710058	Ово је љубав!		4	0	fifties	male_masculine	Београдски		sr	
a32c3cce3ad76c8087dbc4b6f8550c60448dd97189d6b0a7feb15ca6ca0108523258f12f68be15f44aa58fea58dac1ab9793f6e63dad7e9842308e2f7a230327	common_voice_sr_36767517.mp3	ef9c96ccab0f5d03360d31087e90893db65745e86f4f9f3423facab42608dda9	Да, знаш ли шта?		4	0	fifties	male_masculine	Београдски		sr	
a32c3cce3ad76c8087dbc4b6f8550c60448dd97189d6b0a7feb15ca6ca0108523258f12f68be15f44aa58fea58dac1ab9793f6e63dad7e9842308e2f7a230327	common_voice_sr_36767518.mp3	fdb2f765d0a5bfecb8e64f16d2295aacbb72863bf65243372d1e7756c4e18a38	Станите молим вас.		4	0	fifties	male_masculine	Београдски		sr	
a32c3cce3ad76c8087dbc4b6f8550c60448dd97189d6b0a7feb15ca6ca0108523258f12f68be15f44aa58fea58dac1ab9793f6e63dad7e9842308e2f7a230327	common_voice_sr_36767526.mp3	fcc0bed6f1caf9da9da6595d861218d1f0585d99ae5bc2a89eb9f133bc92eb09	Нико не сумња.		4	0	fifties	male_masculine	Београдски		sr	
a32c3cce3ad76c8087dbc4b6f8550c60448dd97189d6b0a7feb15ca6ca0108523258f12f68be15f44aa58fea58dac1ab9793f6e63dad7e9842308e2f7a230327	common_voice_sr_36767536.mp3	0aaebe61294018a9843e1f23d3fe5d798561c87a5ba1a2c9a867d549279a7c0b	О боже мој.		4	0	fifties	male_masculine	Београдски		sr	
a32c3cce3ad76c8087dbc4b6f8550c60448dd97189d6b0a7feb15ca6ca0108523258f12f68be15f44aa58fea58dac1ab9793f6e63dad7e9842308e2f7a230327	common_voice_sr_36767537.mp3	d3e1f9fec7b84373e61e55e74799e147fb75b6629f34ba231cef5ccba1a84f86	Ја верујем у то.		4	0	fifties	male_masculine	Београдски		sr	
a32c3cce3ad76c8087dbc4b6f8550c60448dd97189d6b0a7feb15ca6ca0108523258f12f68be15f44aa58fea58dac1ab9793f6e63dad7e9842308e2f7a230327	common_voice_sr_36767538.mp3	f06a96ecef715ea697a1995f13a0c2950a6b8561e439470431309ce0355bdb59	Ти и ко?		4	0	fifties	male_masculine	Београдски		sr	
a32c3cce3ad76c8087dbc4b6f8550c60448dd97189d6b0a7feb15ca6ca0108523258f12f68be15f44aa58fea58dac1ab9793f6e63dad7e9842308e2f7a230327	common_voice_sr_36767539.mp3	d66fe35a4d92d451d5c852154a316c7f4d94d0141fecf01a1c71ccce681a5860	Ма молим вас!		4	0	fifties	male_masculine	Београдски		sr	
a32c3cce3ad76c8087dbc4b6f8550c60448dd97189d6b0a7feb15ca6ca0108523258f12f68be15f44aa58fea58dac1ab9793f6e63dad7e9842308e2f7a230327	common_voice_sr_36767540.mp3	087a80c78dd6ee5b97122795bd5d692680641358f2b2669f9ab9cba63841e549	Будите смели.		4	0	fifties	male_masculine	Београдски		sr	
a32c3cce3ad76c8087dbc4b6f8550c60448dd97189d6b0a7feb15ca6ca0108523258f12f68be15f44aa58fea58dac1ab9793f6e63dad7e9842308e2f7a230327	common_voice_sr_36767542.mp3	15859355613aeae6aa1482da1b85cec4d628cecc22ce568bb85bd08815ed29ff	То је истина.		4	0	fifties	male_masculine	Београдски		sr	
a32c3cce3ad76c8087dbc4b6f8550c60448dd97189d6b0a7feb15ca6ca0108523258f12f68be15f44aa58fea58dac1ab9793f6e63dad7e9842308e2f7a230327	common_voice_sr_36767544.mp3	21e77d07bf071a189b41f8a3956c9f39401f8b259ba40e1c83001520ac37268d	А то је он?		4	0	fifties	male_masculine	Београдски		sr	
a32c3cce3ad76c8087dbc4b6f8550c60448dd97189d6b0a7feb15ca6ca0108523258f12f68be15f44aa58fea58dac1ab9793f6e63dad7e9842308e2f7a230327	common_voice_sr_36767548.mp3	16e899e077bf3b986c492b5d920a961ff67169af2ae011cbdced9c856bbbfe9a	Да, била је!		4	0	fifties	male_masculine	Београдски		sr	
a32c3cce3ad76c8087dbc4b6f8550c60448dd97189d6b0a7feb15ca6ca0108523258f12f68be15f44aa58fea58dac1ab9793f6e63dad7e9842308e2f7a230327	common_voice_sr_36767554.mp3	ff3e15f97be83aa1b4167039be42ccfa7669bdee32f9908b5a7bdde0e93abe61	Бабица се брине о трудницама и помаже на порођају.		4	0	fifties	male_masculine	Београдски		sr	
a32c3cce3ad76c8087dbc4b6f8550c60448dd97189d6b0a7feb15ca6ca0108523258f12f68be15f44aa58fea58dac1ab9793f6e63dad7e9842308e2f7a230327	common_voice_sr_36767555.mp3	eabcded8291f5c86dc70d5fe4579ac2cdd400e86ab0a1273e6f3977d31ba0b58	Шта је вама.		4	0	fifties	male_masculine	Београдски		sr	
a32c3cce3ad76c8087dbc4b6f8550c60448dd97189d6b0a7feb15ca6ca0108523258f12f68be15f44aa58fea58dac1ab9793f6e63dad7e9842308e2f7a230327	common_voice_sr_36767561.mp3	ee03016243668643e4b68414be666150213c686fc2e55386c215236fa96c2df4	И како сте?		4	0	fifties	male_masculine	Београдски		sr	
a32c3cce3ad76c8087dbc4b6f8550c60448dd97189d6b0a7feb15ca6ca0108523258f12f68be15f44aa58fea58dac1ab9793f6e63dad7e9842308e2f7a230327	common_voice_sr_36767571.mp3	269e0a4165cae7ce18601de4a90734bff8d31a62b5fc3589b000172af4d4748c	А где бих?		4	0	fifties	male_masculine	Београдски		sr	
a32c3cce3ad76c8087dbc4b6f8550c60448dd97189d6b0a7feb15ca6ca0108523258f12f68be15f44aa58fea58dac1ab9793f6e63dad7e9842308e2f7a230327	common_voice_sr_36767582.mp3	19c7a187ce24e38dcc7a5d74f787ce485451a156c8268b24ae34291362f2713d	Не могу без тебе!		4	0	fifties	male_masculine	Београдски		sr	
a32c3cce3ad76c8087dbc4b6f8550c60448dd97189d6b0a7feb15ca6ca0108523258f12f68be15f44aa58fea58dac1ab9793f6e63dad7e9842308e2f7a230327	common_voice_sr_36767584.mp3	0a8292f2e4e83188e979dc7e5c12a9251c971c847499165b6cfc33631418b5e7	Не желим да размишљам о неуспеху...		2	0	fifties	male_masculine	Београдски		sr	
a32c3cce3ad76c8087dbc4b6f8550c60448dd97189d6b0a7feb15ca6ca0108523258f12f68be15f44aa58fea58dac1ab9793f6e63dad7e9842308e2f7a230327	common_voice_sr_36767586.mp3	1c3f5f00e7398d5b150503c06f3567b6c6204c9a0b1ac7293a3eeab5ad611e0c	Скица Преконошке Пећине од улаза до краја.		4	0	fifties	male_masculine	Београдски		sr	
a32c3cce3ad76c8087dbc4b6f8550c60448dd97189d6b0a7feb15ca6ca0108523258f12f68be15f44aa58fea58dac1ab9793f6e63dad7e9842308e2f7a230327	common_voice_sr_36767588.mp3	28b56ef94ba03ac6576516af5735af8d66d2e1435dfe92ba3f0df7856ce0cfff	То му је донело много задовољства, али и болове у стомаку.		4	0	fifties	male_masculine	Београдски		sr	
a32c3cce3ad76c8087dbc4b6f8550c60448dd97189d6b0a7feb15ca6ca0108523258f12f68be15f44aa58fea58dac1ab9793f6e63dad7e9842308e2f7a230327	common_voice_sr_36767596.mp3	126008a49415dcb6b1194892a128ef95806b30baf04cd4eb9cf11050c1526a45	Где је било?		4	0	fifties	male_masculine	Београдски		sr	
a32c3cce3ad76c8087dbc4b6f8550c60448dd97189d6b0a7feb15ca6ca0108523258f12f68be15f44aa58fea58dac1ab9793f6e63dad7e9842308e2f7a230327	common_voice_sr_36767597.mp3	1ee8930fa26d9d0283e7a44dc44ef50f07df56fe6890ec7b3980c4e968569d58	Међутим, наша прошлост није увек била славна.		4	2	fifties	male_masculine	Београдски		sr	
a32c3cce3ad76c8087dbc4b6f8550c60448dd97189d6b0a7feb15ca6ca0108523258f12f68be15f44aa58fea58dac1ab9793f6e63dad7e9842308e2f7a230327	common_voice_sr_36768746.mp3	fc49be95a9fa9059a11813bfe58a63b6426f8cdb1f3810fb738da1c7a5133363	Да се промени.		4	0	fifties	male_masculine	Београдски		sr	
a32c3cce3ad76c8087dbc4b6f8550c60448dd97189d6b0a7feb15ca6ca0108523258f12f68be15f44aa58fea58dac1ab9793f6e63dad7e9842308e2f7a230327	common_voice_sr_36768747.mp3	fa2935936e4def79d99c82a8a30240bfbb2823c4b989531980197652f628a1cd	Двадесет и пет година.		4	0	fifties	male_masculine	Београдски		sr	
e5e878317f52e7681b0132a2322e0ff8a495e188484ff22bb3cd3dc4c5654235147d8de4d00a529d4206c3908608c95ec3b1f0719bf31725b3a3fa3ead3c9903	common_voice_sr_38508397.mp3	6b18daac31eef6ba6253fdc5c3bed91438c1ba2a47a1bc26c4228bf60e3d1fe2	Испало је сасвим супротно.		2	0					sr	
e5e878317f52e7681b0132a2322e0ff8a495e188484ff22bb3cd3dc4c5654235147d8de4d00a529d4206c3908608c95ec3b1f0719bf31725b3a3fa3ead3c9903	common_voice_sr_38508398.mp3	7fdd3ff4dae561b38ad75b2399d2d833b2f2fcb0f8452ba6131b2a92abba72b8	То је прави.		2	0					sr	
e5e878317f52e7681b0132a2322e0ff8a495e188484ff22bb3cd3dc4c5654235147d8de4d00a529d4206c3908608c95ec3b1f0719bf31725b3a3fa3ead3c9903	common_voice_sr_38508418.mp3	755afe4c4c76f41956a5bb5e3910176e06330eebe624c8aedf7be15fb1492951	Јапану, волимо те!		2	0					sr	
e5e878317f52e7681b0132a2322e0ff8a495e188484ff22bb3cd3dc4c5654235147d8de4d00a529d4206c3908608c95ec3b1f0719bf31725b3a3fa3ead3c9903	common_voice_sr_38508420.mp3	709063e54b19404f2544405620a288cdce77d87886d6578bdbb5016449484921	Би, како си?		2	0					sr	
e5e878317f52e7681b0132a2322e0ff8a495e188484ff22bb3cd3dc4c5654235147d8de4d00a529d4206c3908608c95ec3b1f0719bf31725b3a3fa3ead3c9903	common_voice_sr_38508429.mp3	b111bb101402229503f30ec61b84608bd6e0a27348f762fcb9984824d814469a	Најава избора наишла је на помијешане реакције.		2	0					sr	
e5e878317f52e7681b0132a2322e0ff8a495e188484ff22bb3cd3dc4c5654235147d8de4d00a529d4206c3908608c95ec3b1f0719bf31725b3a3fa3ead3c9903	common_voice_sr_38508431.mp3	41839d5327b7aecf33dab96ea0e0c554dd4b17c53bdc57e71d8616be03599029	Па, не мислим.		2	0					sr	
e5e878317f52e7681b0132a2322e0ff8a495e188484ff22bb3cd3dc4c5654235147d8de4d00a529d4206c3908608c95ec3b1f0719bf31725b3a3fa3ead3c9903	common_voice_sr_38508434.mp3	0cdd3d84583aa15ee593434671dd3086d6bf061b865c4f195f3387406751bb17	Два друга лица су још увијек на слободи.		2	0					sr	
e5e878317f52e7681b0132a2322e0ff8a495e188484ff22bb3cd3dc4c5654235147d8de4d00a529d4206c3908608c95ec3b1f0719bf31725b3a3fa3ead3c9903	common_voice_sr_38508435.mp3	4fb2407c59771202adc39b33ebb9e7e1b7870f1ca7947b99e871a7e0a1e66df3	Па, да, је.		2	0					sr	
e5e878317f52e7681b0132a2322e0ff8a495e188484ff22bb3cd3dc4c5654235147d8de4d00a529d4206c3908608c95ec3b1f0719bf31725b3a3fa3ead3c9903	common_voice_sr_38508436.mp3	6bfb14c314c96716ab5e09c8dfea2e7f6ad28e1ab1ee6e6b2b6ace6e583d55f6	То је исти.		2	0					sr	
e5e878317f52e7681b0132a2322e0ff8a495e188484ff22bb3cd3dc4c5654235147d8de4d00a529d4206c3908608c95ec3b1f0719bf31725b3a3fa3ead3c9903	common_voice_sr_38508438.mp3	7ec3175d314ff4ca1d719cafab895796f8f25ac20bc8359eb07add5f36872b9b	И, шта је?		2	0					sr	
e5e878317f52e7681b0132a2322e0ff8a495e188484ff22bb3cd3dc4c5654235147d8de4d00a529d4206c3908608c95ec3b1f0719bf31725b3a3fa3ead3c9903	common_voice_sr_38508445.mp3	0a45968fbfe41206d4062ab051aecd48d4d78c61ed3399b0ef58fc79c9f1b1f6	Да, знам зашто.		2	0					sr	
e5e878317f52e7681b0132a2322e0ff8a495e188484ff22bb3cd3dc4c5654235147d8de4d00a529d4206c3908608c95ec3b1f0719bf31725b3a3fa3ead3c9903	common_voice_sr_38508448.mp3	3bdc0f32f4b7cb9efdb0ac918d08ed3b7eb05c9e5999e2c21d3ae9983bc3e37e	Румунски синдикати запријетили новим протестима		2	0					sr	
e5e878317f52e7681b0132a2322e0ff8a495e188484ff22bb3cd3dc4c5654235147d8de4d00a529d4206c3908608c95ec3b1f0719bf31725b3a3fa3ead3c9903	common_voice_sr_38508465.mp3	851420d48465d2d98d72a9d56848590dade229386a93e39a0f931d7945e45e45	Да, видим како.		2	0					sr	
e5e878317f52e7681b0132a2322e0ff8a495e188484ff22bb3cd3dc4c5654235147d8de4d00a529d4206c3908608c95ec3b1f0719bf31725b3a3fa3ead3c9903	common_voice_sr_38509080.mp3	4884f07d7183c22edd016055757a99d0db110323dba57d002d49d0cce6b8283e	Ма не, знам.		2	0	twenties	male_masculine			sr	
e5e878317f52e7681b0132a2322e0ff8a495e188484ff22bb3cd3dc4c5654235147d8de4d00a529d4206c3908608c95ec3b1f0719bf31725b3a3fa3ead3c9903	common_voice_sr_38509081.mp3	5723e6c5c755017e89f9ed0d8b59e78f898a21fb7a93d23fa20040fc40c1386a	За нас одлучујућа.		2	0	twenties	male_masculine			sr	
e5e878317f52e7681b0132a2322e0ff8a495e188484ff22bb3cd3dc4c5654235147d8de4d00a529d4206c3908608c95ec3b1f0719bf31725b3a3fa3ead3c9903	common_voice_sr_38509082.mp3	021d5b03584c81976422c8ed72db9640d8d06c5e0c734646955a681b2e9933bf	Србија обећала оштар лијек против превара у здравству		2	0	twenties	male_masculine			sr	
e5e878317f52e7681b0132a2322e0ff8a495e188484ff22bb3cd3dc4c5654235147d8de4d00a529d4206c3908608c95ec3b1f0719bf31725b3a3fa3ead3c9903	common_voice_sr_38509084.mp3	905204d207b5a35a3730bb6c37f7083a855eb87bde7f0ebbb7ab0625bdb629a7	Домаће становништво је назива само "Вијећница".		2	0	twenties	male_masculine			sr	
e5e878317f52e7681b0132a2322e0ff8a495e188484ff22bb3cd3dc4c5654235147d8de4d00a529d4206c3908608c95ec3b1f0719bf31725b3a3fa3ead3c9903	common_voice_sr_38509090.mp3	4d0f3b5c5b682c1c588490ce72c6aa417f1f76716fabcf2ebbd39f9783c5dfb0	Не може га бити.		2	0	twenties	male_masculine			sr	
e5e878317f52e7681b0132a2322e0ff8a495e188484ff22bb3cd3dc4c5654235147d8de4d00a529d4206c3908608c95ec3b1f0719bf31725b3a3fa3ead3c9903	common_voice_sr_38509094.mp3	7dc94d64aafbf4e5dda81534180efa12e7c99ec6516e21c8baf9588c6c298c1b	Шта то радиш?		2	0	twenties	male_masculine			sr	
e5e878317f52e7681b0132a2322e0ff8a495e188484ff22bb3cd3dc4c5654235147d8de4d00a529d4206c3908608c95ec3b1f0719bf31725b3a3fa3ead3c9903	common_voice_sr_38509097.mp3	8513052326ee5b65aecb8e6d84df8f0ec2ac8c318eef55c5f05caad6e6371813	Ви и он.		2	0	twenties	male_masculine			sr	
e5e878317f52e7681b0132a2322e0ff8a495e188484ff22bb3cd3dc4c5654235147d8de4d00a529d4206c3908608c95ec3b1f0719bf31725b3a3fa3ead3c9903	common_voice_sr_38509098.mp3	655174d09b373f9c8058560ea3d43a101309dd043611a9aeb148c26ec08db454	"Ја ћу захтијевати конкретне мјере," рекао је он.		2	0	twenties	male_masculine			sr	
e5e878317f52e7681b0132a2322e0ff8a495e188484ff22bb3cd3dc4c5654235147d8de4d00a529d4206c3908608c95ec3b1f0719bf31725b3a3fa3ead3c9903	common_voice_sr_38509099.mp3	7560f90ba8c9c861b197dc63b4b262032f9a6fe60cb75845244c460e529bb581	Нисам чуо никакве пријетње насиљем.		2	0	twenties	male_masculine			sr	
e5e878317f52e7681b0132a2322e0ff8a495e188484ff22bb3cd3dc4c5654235147d8de4d00a529d4206c3908608c95ec3b1f0719bf31725b3a3fa3ead3c9903	common_voice_sr_38509102.mp3	e7b3fd312cb6e1dcd70b71f2b3fa2afd59f2bb286db2154622b0486795d3a311	Они ће затим вијећати о пресуди у том предмету.		2	0	twenties	male_masculine			sr	
e5e878317f52e7681b0132a2322e0ff8a495e188484ff22bb3cd3dc4c5654235147d8de4d00a529d4206c3908608c95ec3b1f0719bf31725b3a3fa3ead3c9903	common_voice_sr_38509103.mp3	67c806adb228b532ea1790c752958da3d2ddc2557680f2ff89ca648664c05a04	Знате како је то?		2	0	twenties	male_masculine			sr	
e5e878317f52e7681b0132a2322e0ff8a495e188484ff22bb3cd3dc4c5654235147d8de4d00a529d4206c3908608c95ec3b1f0719bf31725b3a3fa3ead3c9903	common_voice_sr_38509110.mp3	208043aad31ffe6888735f7430d71cfa425a8d5cbdac5a9c1c15b65232d5e4aa	Нужно је убрзано редуцирати ове вриједности.		2	0	twenties	male_masculine			sr	
e5e878317f52e7681b0132a2322e0ff8a495e188484ff22bb3cd3dc4c5654235147d8de4d00a529d4206c3908608c95ec3b1f0719bf31725b3a3fa3ead3c9903	common_voice_sr_38509111.mp3	5d7610c845651ec7b7f7e7b418de5a5864783629de949f2b3d9602237d62a861	Не и овде!		2	0	twenties	male_masculine			sr	
e5e878317f52e7681b0132a2322e0ff8a495e188484ff22bb3cd3dc4c5654235147d8de4d00a529d4206c3908608c95ec3b1f0719bf31725b3a3fa3ead3c9903	common_voice_sr_38509115.mp3	dd7fb9b594ca0b9ad5460a148ef177d4d85c87d59105d1158b0caa0fd6623115	Власти су брзо схватиле да нас је лако подијелити.		2	0	twenties	male_masculine			sr	
e5e878317f52e7681b0132a2322e0ff8a495e188484ff22bb3cd3dc4c5654235147d8de4d00a529d4206c3908608c95ec3b1f0719bf31725b3a3fa3ead3c9903	common_voice_sr_38509119.mp3	831d1fd98fc1e4f9254c94ee7a304521dbdcaa7ad86e4ac79d428bd64c3a4d3a	Мере безбедности.		2	0	twenties	male_masculine			sr	
e5e878317f52e7681b0132a2322e0ff8a495e188484ff22bb3cd3dc4c5654235147d8de4d00a529d4206c3908608c95ec3b1f0719bf31725b3a3fa3ead3c9903	common_voice_sr_38509120.mp3	0a8df4c93fa635ca15f0c8d5cdf4fa7ff224ec1ed42d0d199c5c83abbb981887	Желимо бити активна чланица демократског свијета.		2	0	twenties	male_masculine			sr	
e5e878317f52e7681b0132a2322e0ff8a495e188484ff22bb3cd3dc4c5654235147d8de4d00a529d4206c3908608c95ec3b1f0719bf31725b3a3fa3ead3c9903	common_voice_sr_38509132.mp3	00a3258783feee6972a2a61340cb29ac9991bb05206067ae5e93fd51f57791a5	Изрицање казне очекује се у новембру.		2	0	twenties	male_masculine			sr	
e5e878317f52e7681b0132a2322e0ff8a495e188484ff22bb3cd3dc4c5654235147d8de4d00a529d4206c3908608c95ec3b1f0719bf31725b3a3fa3ead3c9903	common_voice_sr_38509134.mp3	2a5234d39e59c22ebf011f69f4243a5d6b4d081091dc3e680f1e416198508577	То питање је потцењено.		2	0	twenties	male_masculine			sr	
e5e878317f52e7681b0132a2322e0ff8a495e188484ff22bb3cd3dc4c5654235147d8de4d00a529d4206c3908608c95ec3b1f0719bf31725b3a3fa3ead3c9903	common_voice_sr_38509135.mp3	fbbede988ceace75897d426332cac44283f370d6c3bcf90675080cc23721e6bb	"Глас" и "глас" су иста ријеч на хрватском језику.		2	0	twenties	male_masculine			sr	
e5e878317f52e7681b0132a2322e0ff8a495e188484ff22bb3cd3dc4c5654235147d8de4d00a529d4206c3908608c95ec3b1f0719bf31725b3a3fa3ead3c9903	common_voice_sr_38509137.mp3	cd623b66279ebe39ffe7df0c7938181b12b8357e767aef95b30ab90df470eb9a	Бивши румунски премијер формира нову владу		2	0	twenties	male_masculine			sr	
e5e878317f52e7681b0132a2322e0ff8a495e188484ff22bb3cd3dc4c5654235147d8de4d00a529d4206c3908608c95ec3b1f0719bf31725b3a3fa3ead3c9903	common_voice_sr_38509141.mp3	66fdb7f4dd8737133bd85e1bc0e826a063f3988368a62eb1e781c798a0c0ceff	Раст других цијена приписује се свјетском тржишту.		2	0	twenties	male_masculine			sr	
e5e878317f52e7681b0132a2322e0ff8a495e188484ff22bb3cd3dc4c5654235147d8de4d00a529d4206c3908608c95ec3b1f0719bf31725b3a3fa3ead3c9903	common_voice_sr_38509142.mp3	78d3a784441b459d1cacda830e4bbfe55cfaa992b378a91aad7f5da9f525e490	Да ли је тај аспект узет у обзир?		2	0	twenties	male_masculine			sr	
e5e878317f52e7681b0132a2322e0ff8a495e188484ff22bb3cd3dc4c5654235147d8de4d00a529d4206c3908608c95ec3b1f0719bf31725b3a3fa3ead3c9903	common_voice_sr_38509143.mp3	5153839604c2d9ffe9e76d69a0038ed317da6f116661745f70a0ce83577d421a	А знате шта?		2	0	twenties	male_masculine			sr	
e5e878317f52e7681b0132a2322e0ff8a495e188484ff22bb3cd3dc4c5654235147d8de4d00a529d4206c3908608c95ec3b1f0719bf31725b3a3fa3ead3c9903	common_voice_sr_38509144.mp3	5ba7daf2336561d7f285708ed99b16bb7626825e2bfd65a64725487f738c345c	Ми ћемо побиједити с један према нула.		2	0	twenties	male_masculine			sr	
e5e878317f52e7681b0132a2322e0ff8a495e188484ff22bb3cd3dc4c5654235147d8de4d00a529d4206c3908608c95ec3b1f0719bf31725b3a3fa3ead3c9903	common_voice_sr_38509145.mp3	5b799bf4ff29953b754f94726e5bd1286ebb383c8fa0bbfab690d28552ea5c19	Они су ми!		2	0	twenties	male_masculine			sr	
e5e878317f52e7681b0132a2322e0ff8a495e188484ff22bb3cd3dc4c5654235147d8de4d00a529d4206c3908608c95ec3b1f0719bf31725b3a3fa3ead3c9903	common_voice_sr_38509146.mp3	78cbd2c5001bdba7fd1d91eec78eb768c8ccb7d3cdb74de642562a7787f420f7	Освести се пријатељу.		2	0	twenties	male_masculine			sr	
e5e878317f52e7681b0132a2322e0ff8a495e188484ff22bb3cd3dc4c5654235147d8de4d00a529d4206c3908608c95ec3b1f0719bf31725b3a3fa3ead3c9903	common_voice_sr_38509153.mp3	4182e3a0efee319a85ab14c10d29d6d962295062b1cef1ed11a63ccb18639380	У исто вријеме, он је похвалио "ефикасност процеса".		2	0	twenties	male_masculine			sr	
e5e878317f52e7681b0132a2322e0ff8a495e188484ff22bb3cd3dc4c5654235147d8de4d00a529d4206c3908608c95ec3b1f0719bf31725b3a3fa3ead3c9903	common_voice_sr_38509154.mp3	778b3274faf8969334af1f4b041ac25877a46a45d4ae4ba33665be70831401e1	А и он.		2	0	twenties	male_masculine			sr	
e5e878317f52e7681b0132a2322e0ff8a495e188484ff22bb3cd3dc4c5654235147d8de4d00a529d4206c3908608c95ec3b1f0719bf31725b3a3fa3ead3c9903	common_voice_sr_38509155.mp3	61e9f61df2a442aa46f6a8665fb8d7a703c1442cac702431910f09385bd7ee3a	Током времена, та област се промијенила.		2	0	twenties	male_masculine			sr	
e5e878317f52e7681b0132a2322e0ff8a495e188484ff22bb3cd3dc4c5654235147d8de4d00a529d4206c3908608c95ec3b1f0719bf31725b3a3fa3ead3c9903	common_voice_sr_38509156.mp3	877259752d9f158841f80ad7c03ee1047e54437376e9fa4fe6f5591b4b7cee88	Ја не умем?		2	0	twenties	male_masculine			sr	
e5e878317f52e7681b0132a2322e0ff8a495e188484ff22bb3cd3dc4c5654235147d8de4d00a529d4206c3908608c95ec3b1f0719bf31725b3a3fa3ead3c9903	common_voice_sr_38509157.mp3	475729d0f67e040bd9a31cb59d42a9722f30e13882aa4d8fe069b47aae2b4d60	Позивам све да се успротиве тероризму.		2	0	twenties	male_masculine			sr	
e5e878317f52e7681b0132a2322e0ff8a495e188484ff22bb3cd3dc4c5654235147d8de4d00a529d4206c3908608c95ec3b1f0719bf31725b3a3fa3ead3c9903	common_voice_sr_38509205.mp3	4e6416139abd01d5f2b7133bae7297de1448d74997b575af726df61b77162011	И ја ћу!		2	0	twenties	male_masculine			sr	
e5e878317f52e7681b0132a2322e0ff8a495e188484ff22bb3cd3dc4c5654235147d8de4d00a529d4206c3908608c95ec3b1f0719bf31725b3a3fa3ead3c9903	common_voice_sr_38509211.mp3	cdb13236f8dc7b4d46727099970d377defede0663ba4f73d0eaea9b8e4476076	Обје стране претходно су одбациле тај приједлог.		2	0	twenties	male_masculine			sr	
e5e878317f52e7681b0132a2322e0ff8a495e188484ff22bb3cd3dc4c5654235147d8de4d00a529d4206c3908608c95ec3b1f0719bf31725b3a3fa3ead3c9903	common_voice_sr_38509214.mp3	7a46d5a8e5a6af3040c7b07b65cc6f1b9fcd5a1376cd1f113fcd9d545a6b04bb	Многи су наводно поставили питање квалитета конструкције зграде.		2	0	twenties	male_masculine			sr	
e5e878317f52e7681b0132a2322e0ff8a495e188484ff22bb3cd3dc4c5654235147d8de4d00a529d4206c3908608c95ec3b1f0719bf31725b3a3fa3ead3c9903	common_voice_sr_38509217.mp3	eee68c3d76d345198fd69377d4ef10eeed332bbce511d78e14539887376c03aa	Сала за скоро сваки концерт је распродата.		2	0	twenties	male_masculine			sr	
e5e878317f52e7681b0132a2322e0ff8a495e188484ff22bb3cd3dc4c5654235147d8de4d00a529d4206c3908608c95ec3b1f0719bf31725b3a3fa3ead3c9903	common_voice_sr_38509218.mp3	80a48f3777e528e366d2cd3a7e07c574018093dcfaa7c7ecb972e632977c71bc	Молим вас, реците нам.		2	0	twenties	male_masculine			sr	
e5e878317f52e7681b0132a2322e0ff8a495e188484ff22bb3cd3dc4c5654235147d8de4d00a529d4206c3908608c95ec3b1f0719bf31725b3a3fa3ead3c9903	common_voice_sr_38509219.mp3	e1da4d6fc31388309350f308f3e8fa2082f2a8592b108c327c2a70df193ca401	Додајте врелу агду у брашно и брзо мијешајте.		2	0	twenties	male_masculine			sr	
e5e878317f52e7681b0132a2322e0ff8a495e188484ff22bb3cd3dc4c5654235147d8de4d00a529d4206c3908608c95ec3b1f0719bf31725b3a3fa3ead3c9903	common_voice_sr_38509220.mp3	86e185700436ca9e5eb9853368b7cd34c4dd8b3784d638b089caf204ed21e7ec	Љекари су забринути због учинка лијека "Видатоx".		2	0	twenties	male_masculine			sr	
e5e878317f52e7681b0132a2322e0ff8a495e188484ff22bb3cd3dc4c5654235147d8de4d00a529d4206c3908608c95ec3b1f0719bf31725b3a3fa3ead3c9903	common_voice_sr_38509221.mp3	7699858b92b8f02012024a99f8595b22299097328205596b594e499e1db6a377	Нешто да вам кажем.		2	0	twenties	male_masculine			sr	
e5e878317f52e7681b0132a2322e0ff8a495e188484ff22bb3cd3dc4c5654235147d8de4d00a529d4206c3908608c95ec3b1f0719bf31725b3a3fa3ead3c9903	common_voice_sr_38509222.mp3	3cb68b44882100dde14dd43b1f5fdebffbfaecae4cc7c0996d15a061955f7784	Вријеме кризе представља и вријеме могућности.		2	0	twenties	male_masculine			sr	
e5e878317f52e7681b0132a2322e0ff8a495e188484ff22bb3cd3dc4c5654235147d8de4d00a529d4206c3908608c95ec3b1f0719bf31725b3a3fa3ead3c9903	common_voice_sr_38509226.mp3	6d55eafa2b2d1b8fc6c9d013176c9eb1202684a5f339f9e1673ee8208f2a8622	А шта нема?		2	0	twenties	male_masculine			sr	
e5e878317f52e7681b0132a2322e0ff8a495e188484ff22bb3cd3dc4c5654235147d8de4d00a529d4206c3908608c95ec3b1f0719bf31725b3a3fa3ead3c9903	common_voice_sr_38509229.mp3	63ed4bceadf3ab59e768b1c3ea55a623a1e7ddadb878eaf3000b58bba8190bb9	Британски полицајац, који је возио аутомобил, није повређен.		2	0	twenties	male_masculine			sr	
e5e878317f52e7681b0132a2322e0ff8a495e188484ff22bb3cd3dc4c5654235147d8de4d00a529d4206c3908608c95ec3b1f0719bf31725b3a3fa3ead3c9903	common_voice_sr_38509230.mp3	0407f13535f6e3971f189bc348153c22c5810907a942a68871a832009c7cb173	Светског универзитетског првенства у рвању.		2	0	twenties	male_masculine			sr	
e5e878317f52e7681b0132a2322e0ff8a495e188484ff22bb3cd3dc4c5654235147d8de4d00a529d4206c3908608c95ec3b1f0719bf31725b3a3fa3ead3c9903	common_voice_sr_38509232.mp3	858f1d9854759d97363abf3fe09a30269e2ce1d63b4f7bf2995976bdfdab529c	Зашто то радиш?		2	0	twenties	male_masculine			sr	
e5e878317f52e7681b0132a2322e0ff8a495e188484ff22bb3cd3dc4c5654235147d8de4d00a529d4206c3908608c95ec3b1f0719bf31725b3a3fa3ead3c9903	common_voice_sr_38509233.mp3	742a7b1c7e5be567610464b1df41325db380e27f3cff6ddfac98c2ded6eb2d8c	Нека му буде.		2	0	twenties	male_masculine			sr	
e5e878317f52e7681b0132a2322e0ff8a495e188484ff22bb3cd3dc4c5654235147d8de4d00a529d4206c3908608c95ec3b1f0719bf31725b3a3fa3ead3c9903	common_voice_sr_38509234.mp3	a5b94de54e43c99a47ab8d8c9f402feb7d2f52b0c3c4757e8cdccca6b41a5845	Такође желимо да направимо инвестиционе планове за рехабилитацију.		2	0	twenties	male_masculine			sr	
e5e878317f52e7681b0132a2322e0ff8a495e188484ff22bb3cd3dc4c5654235147d8de4d00a529d4206c3908608c95ec3b1f0719bf31725b3a3fa3ead3c9903	common_voice_sr_38509236.mp3	d213f21140685760968a160cdb7dd892b7daa3a1d3c06da502a2e59573818639	Прошле године није освојила ниједан турнир.		2	0	twenties	male_masculine			sr	
e5e878317f52e7681b0132a2322e0ff8a495e188484ff22bb3cd3dc4c5654235147d8de4d00a529d4206c3908608c95ec3b1f0719bf31725b3a3fa3ead3c9903	common_voice_sr_38509239.mp3	f2f6da15c66900c2ffd47c782c32df38997ce28eecf51e6149d3fe5267302cd4	Њима се може упутити пријетња у свако доба.		2	0	twenties	male_masculine			sr	
e5e878317f52e7681b0132a2322e0ff8a495e188484ff22bb3cd3dc4c5654235147d8de4d00a529d4206c3908608c95ec3b1f0719bf31725b3a3fa3ead3c9903	common_voice_sr_38509240.mp3	393719848c827b448ffdaf432ca23773fb065e10ea34b336994464961757126d	Друге странке изнијеле су своје кандидате.		2	0	twenties	male_masculine			sr	
e5e878317f52e7681b0132a2322e0ff8a495e188484ff22bb3cd3dc4c5654235147d8de4d00a529d4206c3908608c95ec3b1f0719bf31725b3a3fa3ead3c9903	common_voice_sr_38509241.mp3	7d218c8522093331519a5550c52992a7d10d262f52ddbaa6e0b9fc620e9c79e2	Ох, то није ништа		2	0	twenties	male_masculine			sr	
e5e878317f52e7681b0132a2322e0ff8a495e188484ff22bb3cd3dc4c5654235147d8de4d00a529d4206c3908608c95ec3b1f0719bf31725b3a3fa3ead3c9903	common_voice_sr_38509243.mp3	5091446b3d407f04bbbc724692b625578ac62de57c330afe0cb5c1ec6dae795f	Е, да, то!		2	0	twenties	male_masculine			sr	
e5e878317f52e7681b0132a2322e0ff8a495e188484ff22bb3cd3dc4c5654235147d8de4d00a529d4206c3908608c95ec3b1f0719bf31725b3a3fa3ead3c9903	common_voice_sr_38509246.mp3	2113c0e46a7cbe9065ddd27d5e63408d385bc759e0c3397f5140feefe2a5eae3	Слиједимо те осумњиченике још од марта.		2	0	twenties	male_masculine			sr	
e5e878317f52e7681b0132a2322e0ff8a495e188484ff22bb3cd3dc4c5654235147d8de4d00a529d4206c3908608c95ec3b1f0719bf31725b3a3fa3ead3c9903	common_voice_sr_38509249.mp3	867761621bd4df4c56df5a417a0aa808346e4bb5191aa4c1aec882fa2cb55952	Али страх ме је.		2	0	twenties	male_masculine			sr	
e5e878317f52e7681b0132a2322e0ff8a495e188484ff22bb3cd3dc4c5654235147d8de4d00a529d4206c3908608c95ec3b1f0719bf31725b3a3fa3ead3c9903	common_voice_sr_38509252.mp3	49673dcbdd890a6d395186af0e4c19d92206ebf1839a1990cb0fd87c9217c109	Те промјене нису прошле непримијећене.		2	0	twenties	male_masculine			sr	
e5e878317f52e7681b0132a2322e0ff8a495e188484ff22bb3cd3dc4c5654235147d8de4d00a529d4206c3908608c95ec3b1f0719bf31725b3a3fa3ead3c9903	common_voice_sr_38509255.mp3	bf7d34a94a1cd0342a9413d6d682ffefb554529bd2268d8a9968e89f216d1130	Првих неколико дана увијек је најтеже.		2	0	twenties	male_masculine			sr	
e5e878317f52e7681b0132a2322e0ff8a495e188484ff22bb3cd3dc4c5654235147d8de4d00a529d4206c3908608c95ec3b1f0719bf31725b3a3fa3ead3c9903	common_voice_sr_38509256.mp3	fad657f4b949d750beecb7fdc3ce3d6a00aa7df4a88b0e2de4157d0b90b86de5	Пријећено ми је и проглашен сам за мету.		2	0	twenties	male_masculine			sr	
e5e878317f52e7681b0132a2322e0ff8a495e188484ff22bb3cd3dc4c5654235147d8de4d00a529d4206c3908608c95ec3b1f0719bf31725b3a3fa3ead3c9903	common_voice_sr_38509257.mp3	5135c9c022ce37eb595315f0a197a6ba161dae017f5f0798974a6264a333aae6	Сво то вријеме, посредници су тражили купце.		2	0	twenties	male_masculine			sr	
e5e878317f52e7681b0132a2322e0ff8a495e188484ff22bb3cd3dc4c5654235147d8de4d00a529d4206c3908608c95ec3b1f0719bf31725b3a3fa3ead3c9903	common_voice_sr_38511351.mp3	f3a826f3daf0eebb5f3a63f7f216becc58bf30a1290e3cd65be513d053205bf8	Мисија је подијељена у четири одјељка или стуба.		2	0	twenties	male_masculine			sr	
e5e878317f52e7681b0132a2322e0ff8a495e188484ff22bb3cd3dc4c5654235147d8de4d00a529d4206c3908608c95ec3b1f0719bf31725b3a3fa3ead3c9903	common_voice_sr_38511353.mp3	3eca4b5283d8f04744557dc58b9dcc59cb0355b4e697163d5a1c92a145751431	Прошлог понедјељка јако је падало цијели дан.		2	0	twenties	male_masculine			sr	
e5e878317f52e7681b0132a2322e0ff8a495e188484ff22bb3cd3dc4c5654235147d8de4d00a529d4206c3908608c95ec3b1f0719bf31725b3a3fa3ead3c9903	common_voice_sr_38511354.mp3	6268284f69f4538ee1e41e038f6ec535c72fff53ec8b204345062a856ddf22de	Више од једног?		2	0	twenties	male_masculine			sr	
e5e878317f52e7681b0132a2322e0ff8a495e188484ff22bb3cd3dc4c5654235147d8de4d00a529d4206c3908608c95ec3b1f0719bf31725b3a3fa3ead3c9903	common_voice_sr_38511356.mp3	8769c9a3278a234fb4cf8af3182069f5bca17781a07b4dd4dc14e979454f25a4	Прави навијачи су таоци насиља...		2	0	twenties	male_masculine			sr	
e5e878317f52e7681b0132a2322e0ff8a495e188484ff22bb3cd3dc4c5654235147d8de4d00a529d4206c3908608c95ec3b1f0719bf31725b3a3fa3ead3c9903	common_voice_sr_38511357.mp3	0539cba2e20c2a1348b1d4bff14bb42a259d9a4c508af9e59cce7c18df69c2e7	Наш трећи циљ је да повећамо оперативни приход.		2	0	twenties	male_masculine			sr	
e5e878317f52e7681b0132a2322e0ff8a495e188484ff22bb3cd3dc4c5654235147d8de4d00a529d4206c3908608c95ec3b1f0719bf31725b3a3fa3ead3c9903	common_voice_sr_38511358.mp3	88a0eba4b89dacfd7bf0c8380c354b47878a7f88a7c6169cb8b8a89a26d9f323	Циљ фестивала је унапређивање културне сарадње две земље.		2	0	twenties	male_masculine			sr	
e5e878317f52e7681b0132a2322e0ff8a495e188484ff22bb3cd3dc4c5654235147d8de4d00a529d4206c3908608c95ec3b1f0719bf31725b3a3fa3ead3c9903	common_voice_sr_38511359.mp3	80e7e699bbd66a845d8116ba2b130be1961fde67491d77221b50f62c6594de77	И положи је.		2	0	twenties	male_masculine			sr	
e5e878317f52e7681b0132a2322e0ff8a495e188484ff22bb3cd3dc4c5654235147d8de4d00a529d4206c3908608c95ec3b1f0719bf31725b3a3fa3ead3c9903	common_voice_sr_38511366.mp3	49604015e455d6480d90e234e07f05d6fb417c890906d70864bb8885dc67eb4c	У петак, бивши премијер обратио се парламенту.		2	0	twenties	male_masculine			sr	
e5e878317f52e7681b0132a2322e0ff8a495e188484ff22bb3cd3dc4c5654235147d8de4d00a529d4206c3908608c95ec3b1f0719bf31725b3a3fa3ead3c9903	common_voice_sr_38511367.mp3	57f81a8adea025566452bb5cc0c9014db8ea77d65c63a6b07beeb482b4bca04b	Тако је било јучер, данас и заувијек.		2	0	twenties	male_masculine			sr	
e5e878317f52e7681b0132a2322e0ff8a495e188484ff22bb3cd3dc4c5654235147d8de4d00a529d4206c3908608c95ec3b1f0719bf31725b3a3fa3ead3c9903	common_voice_sr_38511370.mp3	4caf18f54845081d38c240425760c45a2a5ce604425c07267f80028264032f56	Али састанак је у том аспекту био неуспешан.		2	0	twenties	male_masculine			sr	
e5e878317f52e7681b0132a2322e0ff8a495e188484ff22bb3cd3dc4c5654235147d8de4d00a529d4206c3908608c95ec3b1f0719bf31725b3a3fa3ead3c9903	common_voice_sr_38511373.mp3	868f9392659f5b2d12e4205d38953b518afc3bcd33db1a939dd76c59e674d105	Па каква је?		2	0	twenties	male_masculine			sr	
e5e878317f52e7681b0132a2322e0ff8a495e188484ff22bb3cd3dc4c5654235147d8de4d00a529d4206c3908608c95ec3b1f0719bf31725b3a3fa3ead3c9903	common_voice_sr_38511376.mp3	800f1857d74ca3d765d171b5b2d0b22ed1da35fa41480ef5f5fc6ed15349afde	И је ли?		2	0	twenties	male_masculine			sr	
e5e878317f52e7681b0132a2322e0ff8a495e188484ff22bb3cd3dc4c5654235147d8de4d00a529d4206c3908608c95ec3b1f0719bf31725b3a3fa3ead3c9903	common_voice_sr_38511379.mp3	741d2d8ceb5be27365af34688b60b6177928f116d0e6b268b49aab78772e5d37	Многи су скептични.		2	0	twenties	male_masculine			sr	
e5e878317f52e7681b0132a2322e0ff8a495e188484ff22bb3cd3dc4c5654235147d8de4d00a529d4206c3908608c95ec3b1f0719bf31725b3a3fa3ead3c9903	common_voice_sr_38511389.mp3	801c2c24e566fff358b5614a1072618cb4d6b0d23a6e365a7ae542c3748c3977	Што није дошао?		2	0	twenties	male_masculine			sr	
e5e878317f52e7681b0132a2322e0ff8a495e188484ff22bb3cd3dc4c5654235147d8de4d00a529d4206c3908608c95ec3b1f0719bf31725b3a3fa3ead3c9903	common_voice_sr_38511392.mp3	54df5c50afbb19cf6a751c88a6bd4752c9c29c246e7d286c35f2360cbf96a9a8	Нилски коњ		2	0	twenties	male_masculine			sr	
e5e878317f52e7681b0132a2322e0ff8a495e188484ff22bb3cd3dc4c5654235147d8de4d00a529d4206c3908608c95ec3b1f0719bf31725b3a3fa3ead3c9903	common_voice_sr_38511394.mp3	b7fd2d2e927cd3ebed4f3a674f19be9c21f3e337cd47707f6169f8fe7f896231	Грчка окончава "затвореност" у пријевозничком сектору		2	0	twenties	male_masculine			sr	
e5e878317f52e7681b0132a2322e0ff8a495e188484ff22bb3cd3dc4c5654235147d8de4d00a529d4206c3908608c95ec3b1f0719bf31725b3a3fa3ead3c9903	common_voice_sr_38511411.mp3	84fd5b1dfa7ad5183c23befd3b0fc28bf9a517aaccc42051bdd60ca039ff6bec	Ми... још увијек размишљамо о овој иницијативи.		2	0	twenties	male_masculine			sr	
e5e878317f52e7681b0132a2322e0ff8a495e188484ff22bb3cd3dc4c5654235147d8de4d00a529d4206c3908608c95ec3b1f0719bf31725b3a3fa3ead3c9903	common_voice_sr_38511414.mp3	7f8b14adc39f74231adc65070ba4c0b6608f89bd28a2b126074d3fff06464892	Са тридесет година, он је најмлађи македонски амбасадор.		2	0	twenties	male_masculine			sr	
e5e878317f52e7681b0132a2322e0ff8a495e188484ff22bb3cd3dc4c5654235147d8de4d00a529d4206c3908608c95ec3b1f0719bf31725b3a3fa3ead3c9903	common_voice_sr_38511417.mp3	6f7f2e6d04d30016324e32d9e4882ba074fa5ec6133cea4c264b67225436d0e9	Цијеле заједнице и даље су правно невидљиве.		2	0	twenties	male_masculine			sr	
e5e878317f52e7681b0132a2322e0ff8a495e188484ff22bb3cd3dc4c5654235147d8de4d00a529d4206c3908608c95ec3b1f0719bf31725b3a3fa3ead3c9903	common_voice_sr_38511419.mp3	2addb3f8addbb78104cd4bbe21a3078bc0f51887bf88ee977e627469c105688b	Њихове пријаве за чланство одобрене су у сриједу.		2	0	twenties	male_masculine			sr	
e5e878317f52e7681b0132a2322e0ff8a495e188484ff22bb3cd3dc4c5654235147d8de4d00a529d4206c3908608c95ec3b1f0719bf31725b3a3fa3ead3c9903	common_voice_sr_38511420.mp3	88d36c9791ca616365a2d9b26ed30e4b30f26c4a4b53ad40b6f60661d6293ba4	Све те циљеве је можда могуће остварити.		2	0	twenties	male_masculine			sr	
e5e878317f52e7681b0132a2322e0ff8a495e188484ff22bb3cd3dc4c5654235147d8de4d00a529d4206c3908608c95ec3b1f0719bf31725b3a3fa3ead3c9903	common_voice_sr_38511421.mp3	552c88956ef78e7be8a6db51f14cfdf5d4b8b75b22b4b5e3c481ae2134d1aa07	Међутим, то је лакше рећи него урадити.		2	0	twenties	male_masculine			sr	
e5e878317f52e7681b0132a2322e0ff8a495e188484ff22bb3cd3dc4c5654235147d8de4d00a529d4206c3908608c95ec3b1f0719bf31725b3a3fa3ead3c9903	common_voice_sr_38511424.mp3	84c5fb39c2c8921a8fa909831a71d5b4ac76d8ae7d7dbcc24562c1dcb3f759fd	Е па сад.		2	0	twenties	male_masculine			sr	
e5e878317f52e7681b0132a2322e0ff8a495e188484ff22bb3cd3dc4c5654235147d8de4d00a529d4206c3908608c95ec3b1f0719bf31725b3a3fa3ead3c9903	common_voice_sr_38511426.mp3	c1af6161c38f82e5ebf9aaaa0724a65615472fc1cca03345441829af28f7ca51	Мени је драго рећи да се то сад мијења.		2	0	twenties	male_masculine			sr	
e5e878317f52e7681b0132a2322e0ff8a495e188484ff22bb3cd3dc4c5654235147d8de4d00a529d4206c3908608c95ec3b1f0719bf31725b3a3fa3ead3c9903	common_voice_sr_38511428.mp3	86c11dc45f7d73513955dfa6b7291cc4ca40d799c794e4f130d539b86726b2ef	Земља се тресла!		2	0	twenties	male_masculine			sr	
e5e878317f52e7681b0132a2322e0ff8a495e188484ff22bb3cd3dc4c5654235147d8de4d00a529d4206c3908608c95ec3b1f0719bf31725b3a3fa3ead3c9903	common_voice_sr_38511429.mp3	00843b3217f2e3af1054adc01caf43d03a3dbb6c985e128d371a347db6131863	једанаест		2	0	twenties	male_masculine			sr	
e5e878317f52e7681b0132a2322e0ff8a495e188484ff22bb3cd3dc4c5654235147d8de4d00a529d4206c3908608c95ec3b1f0719bf31725b3a3fa3ead3c9903	common_voice_sr_38511432.mp3	46a01f37ffedc3769a41881887f9f39c321c20a9861852985f1d491f4d4e2e2c	Изгубили смо битку, али не и цијели рат.		2	0	twenties	male_masculine			sr	
e5e878317f52e7681b0132a2322e0ff8a495e188484ff22bb3cd3dc4c5654235147d8de4d00a529d4206c3908608c95ec3b1f0719bf31725b3a3fa3ead3c9903	common_voice_sr_38511435.mp3	8a21ba61c31eecbff0f004ca3f7e2b1aaeb61d8d2e66dc2fe8c7e64b4d998ff3	А у граду?		2	0	twenties	male_masculine			sr	
e5e878317f52e7681b0132a2322e0ff8a495e188484ff22bb3cd3dc4c5654235147d8de4d00a529d4206c3908608c95ec3b1f0719bf31725b3a3fa3ead3c9903	common_voice_sr_38511438.mp3	8b21402f2b3da4d23f3692caa56e7f3683043b93ddec9b7c8b41305570c687d5	Нешто мора да се уради.		2	0	twenties	male_masculine			sr	
e5e878317f52e7681b0132a2322e0ff8a495e188484ff22bb3cd3dc4c5654235147d8de4d00a529d4206c3908608c95ec3b1f0719bf31725b3a3fa3ead3c9903	common_voice_sr_38511439.mp3	88be4084dc4097372c69458e885c74ac157d99715ddfa92ed0c207f7b0ff329c	Заборавио си то.		2	0	twenties	male_masculine			sr	
e5e878317f52e7681b0132a2322e0ff8a495e188484ff22bb3cd3dc4c5654235147d8de4d00a529d4206c3908608c95ec3b1f0719bf31725b3a3fa3ead3c9903	common_voice_sr_38511440.mp3	87b7c0c39c97e0795603a9f499b83edab028cd1d12ff5cb604109d0f612c60f0	Шта ћете ви овде?		2	0	twenties	male_masculine			sr	
e5e878317f52e7681b0132a2322e0ff8a495e188484ff22bb3cd3dc4c5654235147d8de4d00a529d4206c3908608c95ec3b1f0719bf31725b3a3fa3ead3c9903	common_voice_sr_38515492.mp3	09d0cd8bf7c9ca097c3af2a886593aab55377d1ce605bfa2ddd3af0f32a6fa91	Визе су проблем број један.		2	0	twenties	male_masculine			sr	
e5e878317f52e7681b0132a2322e0ff8a495e188484ff22bb3cd3dc4c5654235147d8de4d00a529d4206c3908608c95ec3b1f0719bf31725b3a3fa3ead3c9903	common_voice_sr_38515494.mp3	06999da27d17b80922509f39b3cc7139c13cba7e3723c7f59861592bc967e5d9	Разумем да је ово питање времена.		2	0	twenties	male_masculine			sr	
e5e878317f52e7681b0132a2322e0ff8a495e188484ff22bb3cd3dc4c5654235147d8de4d00a529d4206c3908608c95ec3b1f0719bf31725b3a3fa3ead3c9903	common_voice_sr_38515497.mp3	8833b7d21f628a3b07a6d19f4178c1a42632f3df7f681eb4eccbdab304fbdca3	Како да кажем то?		2	0	twenties	male_masculine			sr	
e5e878317f52e7681b0132a2322e0ff8a495e188484ff22bb3cd3dc4c5654235147d8de4d00a529d4206c3908608c95ec3b1f0719bf31725b3a3fa3ead3c9903	common_voice_sr_38515500.mp3	885c7f28ed00eecca74c7e59cf916c1e9ea86f8bdcebee621200b3a7e16251fb	Е па, немој.		2	0	twenties	male_masculine			sr	
e5e878317f52e7681b0132a2322e0ff8a495e188484ff22bb3cd3dc4c5654235147d8de4d00a529d4206c3908608c95ec3b1f0719bf31725b3a3fa3ead3c9903	common_voice_sr_38515501.mp3	7fa8ecf681c91d03c839d9e6aba702608a4630a2516f543e90a34331e017a86c	То је тежак задатак.		2	0	twenties	male_masculine			sr	
e5e878317f52e7681b0132a2322e0ff8a495e188484ff22bb3cd3dc4c5654235147d8de4d00a529d4206c3908608c95ec3b1f0719bf31725b3a3fa3ead3c9903	common_voice_sr_38515502.mp3	84604ea290cd6b159dc7b296f5d7cfaab0468b924f252ac21a64484aacf17110	До сада, обећања су остала само обећања.		2	0	twenties	male_masculine			sr	
e5e878317f52e7681b0132a2322e0ff8a495e188484ff22bb3cd3dc4c5654235147d8de4d00a529d4206c3908608c95ec3b1f0719bf31725b3a3fa3ead3c9903	common_voice_sr_38515504.mp3	85073ee3ae39c4f03b96a94fedbb4481ed7bc65a97215653ee5c395f4d67df15	О, доста је!		2	0	twenties	male_masculine			sr	
e5e878317f52e7681b0132a2322e0ff8a495e188484ff22bb3cd3dc4c5654235147d8de4d00a529d4206c3908608c95ec3b1f0719bf31725b3a3fa3ead3c9903	common_voice_sr_38515505.mp3	7fc32408b09eb0cb66896fc1dd4160b53a0d8cc15ad959a59a55a86e159d74f6	Добро нам дошли!		2	0	twenties	male_masculine			sr	
e5e878317f52e7681b0132a2322e0ff8a495e188484ff22bb3cd3dc4c5654235147d8de4d00a529d4206c3908608c95ec3b1f0719bf31725b3a3fa3ead3c9903	common_voice_sr_38515507.mp3	852faea25e4fa17509f417324ee6c2a6ecb7467f2257e0dca745cc9da7a9805f	Не разумем то.		2	0	twenties	male_masculine			sr	
e5e878317f52e7681b0132a2322e0ff8a495e188484ff22bb3cd3dc4c5654235147d8de4d00a529d4206c3908608c95ec3b1f0719bf31725b3a3fa3ead3c9903	common_voice_sr_38515510.mp3	c16b3b7250e179de95db73f8d59ec69e9b0b1fdbbf0ae8a88eaae6a88daba2b0	"Заиста је тешко рећи ко ће побиједити.		2	1	twenties	male_masculine			sr	
e5e878317f52e7681b0132a2322e0ff8a495e188484ff22bb3cd3dc4c5654235147d8de4d00a529d4206c3908608c95ec3b1f0719bf31725b3a3fa3ead3c9903	common_voice_sr_38515516.mp3	6ca1c7802e720414cb1a51ade9e28e51fa4a57317df501897783737c8c6f63c0	Ко не може?		2	0	twenties	male_masculine			sr	
e5e878317f52e7681b0132a2322e0ff8a495e188484ff22bb3cd3dc4c5654235147d8de4d00a529d4206c3908608c95ec3b1f0719bf31725b3a3fa3ead3c9903	common_voice_sr_38515518.mp3	8ee271af66cffc398589dd3186e25411ea10ffac04586e91f8fe25d7cba7c346	Нема нових приједлога по питању назива.		2	0	twenties	male_masculine			sr	
e5e878317f52e7681b0132a2322e0ff8a495e188484ff22bb3cd3dc4c5654235147d8de4d00a529d4206c3908608c95ec3b1f0719bf31725b3a3fa3ead3c9903	common_voice_sr_38515520.mp3	7eafc09f13afc75c2d72c23b5fa091abf6de7516de092218156c05f5be015e8d	И теби треба.		2	0	twenties	male_masculine			sr	
e5e878317f52e7681b0132a2322e0ff8a495e188484ff22bb3cd3dc4c5654235147d8de4d00a529d4206c3908608c95ec3b1f0719bf31725b3a3fa3ead3c9903	common_voice_sr_38515522.mp3	9af07b70e818105eebe548d3eaae1146232e505ece1a51c589d3730b31335696	Наравно да нисам још увијек хтјела отићи.		2	0	twenties	male_masculine			sr	
e5e878317f52e7681b0132a2322e0ff8a495e188484ff22bb3cd3dc4c5654235147d8de4d00a529d4206c3908608c95ec3b1f0719bf31725b3a3fa3ead3c9903	common_voice_sr_38515524.mp3	85e62b954b93be85732166355407b2626d26653b2ba320ffbd5b7e0b33756608	Кад је већ реч о моме оцу		2	0	twenties	male_masculine			sr	
e5e878317f52e7681b0132a2322e0ff8a495e188484ff22bb3cd3dc4c5654235147d8de4d00a529d4206c3908608c95ec3b1f0719bf31725b3a3fa3ead3c9903	common_voice_sr_38515525.mp3	3039b533d0e26dedca96dbe1772a9379add6a73098c557b6787fff2bfad8c9ff	Имамо врло добру сарадњу, посебно са албанским колегама.		2	0	twenties	male_masculine			sr	
e5e878317f52e7681b0132a2322e0ff8a495e188484ff22bb3cd3dc4c5654235147d8de4d00a529d4206c3908608c95ec3b1f0719bf31725b3a3fa3ead3c9903	common_voice_sr_38515529.mp3	89a14584656d3ab4747d33f854bc999dc2857875ea6fac4ed0a7ce9bb59b9691	И то баш.		2	0	twenties	male_masculine			sr	
e5e878317f52e7681b0132a2322e0ff8a495e188484ff22bb3cd3dc4c5654235147d8de4d00a529d4206c3908608c95ec3b1f0719bf31725b3a3fa3ead3c9903	common_voice_sr_38515531.mp3	0c84ab7aa544c9f39d69add65b4086e7da603bc48bcf50c027fedd365200f496	Сарајевском филмском фестивалу.		2	0	twenties	male_masculine			sr	
e5e878317f52e7681b0132a2322e0ff8a495e188484ff22bb3cd3dc4c5654235147d8de4d00a529d4206c3908608c95ec3b1f0719bf31725b3a3fa3ead3c9903	common_voice_sr_38515533.mp3	88cdfafb79f57317f63e7c046d54e7556462e5f0e3e4e0ac8bd722470582f74a	С нама је!		2	0	twenties	male_masculine			sr	
e5e878317f52e7681b0132a2322e0ff8a495e188484ff22bb3cd3dc4c5654235147d8de4d00a529d4206c3908608c95ec3b1f0719bf31725b3a3fa3ead3c9903	common_voice_sr_38515539.mp3	4487fff61ce7d15f6de6f65775e707876b3de7c4056184f84fab0295c3c62229	Где ми је глава?		2	0	twenties	male_masculine			sr	
e5e878317f52e7681b0132a2322e0ff8a495e188484ff22bb3cd3dc4c5654235147d8de4d00a529d4206c3908608c95ec3b1f0719bf31725b3a3fa3ead3c9903	common_voice_sr_38515540.mp3	86acfec2ecb4ca14860716b4f7a1dc9761eb77a70c39eea71e33d3ef7522daf7	Апсолутно не.		2	0	twenties	male_masculine			sr	
e5e878317f52e7681b0132a2322e0ff8a495e188484ff22bb3cd3dc4c5654235147d8de4d00a529d4206c3908608c95ec3b1f0719bf31725b3a3fa3ead3c9903	common_voice_sr_38515543.mp3	5d8048fb69f621093f63a6b61ca0371482852d0e39354be6f5994a330687945b	Да, само једна!		2	0	twenties	male_masculine			sr	
e5e878317f52e7681b0132a2322e0ff8a495e188484ff22bb3cd3dc4c5654235147d8de4d00a529d4206c3908608c95ec3b1f0719bf31725b3a3fa3ead3c9903	common_voice_sr_38515544.mp3	8679875e3b370f4a55e314fc766b4467a1244680c0717b8f7ba43a36da3ebc6f	А не разумем зашто.		2	0	twenties	male_masculine			sr	
e5e878317f52e7681b0132a2322e0ff8a495e188484ff22bb3cd3dc4c5654235147d8de4d00a529d4206c3908608c95ec3b1f0719bf31725b3a3fa3ead3c9903	common_voice_sr_38521543.mp3	839eea1552b225c10c209e70b5c3385f83323b04b6bbbcdf8f1f10d3f2fc0207	Зар није боље?		2	0	twenties	male_masculine			sr	
e5e878317f52e7681b0132a2322e0ff8a495e188484ff22bb3cd3dc4c5654235147d8de4d00a529d4206c3908608c95ec3b1f0719bf31725b3a3fa3ead3c9903	common_voice_sr_38521544.mp3	8dbd6bc8996db4aec6276c3e671de2aed26589db1c03d03eb7003bc429623d43	Није ме хтео.		2	0	twenties	male_masculine			sr	
e5e878317f52e7681b0132a2322e0ff8a495e188484ff22bb3cd3dc4c5654235147d8de4d00a529d4206c3908608c95ec3b1f0719bf31725b3a3fa3ead3c9903	common_voice_sr_38521549.mp3	8ce1b0ef7baacb722d657b21aecb87408dfd821bcb10202ae11d5ab733b7b918	Видим и сама.		2	0	twenties	male_masculine			sr	
e5e878317f52e7681b0132a2322e0ff8a495e188484ff22bb3cd3dc4c5654235147d8de4d00a529d4206c3908608c95ec3b1f0719bf31725b3a3fa3ead3c9903	common_voice_sr_38521555.mp3	37b8471341120dc1626feb050450d1e954abf7da8a364797e0b2c8d1bb1665fe	Поновит ћу: све је то било због снијега.		2	0	twenties	male_masculine			sr	
e5e878317f52e7681b0132a2322e0ff8a495e188484ff22bb3cd3dc4c5654235147d8de4d00a529d4206c3908608c95ec3b1f0719bf31725b3a3fa3ead3c9903	common_voice_sr_38521557.mp3	88e5f13651f0ae5a71ec894e17f79c641bb51bc94b46f020cd856359228295d9	А после тога.		2	0	twenties	male_masculine			sr	
e5e878317f52e7681b0132a2322e0ff8a495e188484ff22bb3cd3dc4c5654235147d8de4d00a529d4206c3908608c95ec3b1f0719bf31725b3a3fa3ead3c9903	common_voice_sr_38521559.mp3	8b61a14688468682e864796ad8d180de5d3735583eab86587f6c16584f50b243	Ипак, ти поени су на дипломатској сцени јалови.		2	0	twenties	male_masculine			sr	
e5e878317f52e7681b0132a2322e0ff8a495e188484ff22bb3cd3dc4c5654235147d8de4d00a529d4206c3908608c95ec3b1f0719bf31725b3a3fa3ead3c9903	common_voice_sr_38521560.mp3	5664762991bfff279ac7cd4a933faade16b850b8a7050232d87866f0309b225a	То је питање квалитета.		2	0	twenties	male_masculine			sr	
e5e878317f52e7681b0132a2322e0ff8a495e188484ff22bb3cd3dc4c5654235147d8de4d00a529d4206c3908608c95ec3b1f0719bf31725b3a3fa3ead3c9903	common_voice_sr_38521565.mp3	866ae5e5063d80aa8dda2a676a4983b7323bf8ae2cdeb518c8fbd5386fb2491f	То сам хтео да кажем.		2	0	twenties	male_masculine			sr	
e5e878317f52e7681b0132a2322e0ff8a495e188484ff22bb3cd3dc4c5654235147d8de4d00a529d4206c3908608c95ec3b1f0719bf31725b3a3fa3ead3c9903	common_voice_sr_38521569.mp3	843682d52fc4c91d0d5fe015ca8469b9a80bbeb069dc49d40644bb60b594bd37	Помоћи ћу вам.		2	0	twenties	male_masculine			sr	
e5e878317f52e7681b0132a2322e0ff8a495e188484ff22bb3cd3dc4c5654235147d8de4d00a529d4206c3908608c95ec3b1f0719bf31725b3a3fa3ead3c9903	common_voice_sr_38521571.mp3	80795908cec976cd7d876a79a0a4456e70b1332fc27254a4c4761208a014d7cd	Он је, пријатељ.		2	1	twenties	male_masculine			sr	
e5e878317f52e7681b0132a2322e0ff8a495e188484ff22bb3cd3dc4c5654235147d8de4d00a529d4206c3908608c95ec3b1f0719bf31725b3a3fa3ead3c9903	common_voice_sr_38521573.mp3	35372245f12cb3892045238b697b7de4dc7cc7113f16d0833151d6640c559771	Он подржава одлуку о сазивању пријевремених избора.		2	0	twenties	male_masculine			sr	
e5e878317f52e7681b0132a2322e0ff8a495e188484ff22bb3cd3dc4c5654235147d8de4d00a529d4206c3908608c95ec3b1f0719bf31725b3a3fa3ead3c9903	common_voice_sr_38521579.mp3	7a992c4c9572f1863cfaffeb6e1a92f9e505c3b64b2121b69b219bd05efbb315	Две публикације дале су значајан допринос летњем туризму.		2	0	twenties	male_masculine			sr	
e5e878317f52e7681b0132a2322e0ff8a495e188484ff22bb3cd3dc4c5654235147d8de4d00a529d4206c3908608c95ec3b1f0719bf31725b3a3fa3ead3c9903	common_voice_sr_38521582.mp3	79961d083de1f4d55d7a652dda18545ea6d5f6a063d1c3337d4ed3a606a7ac43	Борит ћемо се за своја права и побиједит ћемо.		2	0	twenties	male_masculine			sr	
e5e878317f52e7681b0132a2322e0ff8a495e188484ff22bb3cd3dc4c5654235147d8de4d00a529d4206c3908608c95ec3b1f0719bf31725b3a3fa3ead3c9903	common_voice_sr_38521585.mp3	8b1c0e3987b828e9ada807bac31574ad3abe0e0addcf38411adb30459c542a93	То сам урадио.		2	0	twenties	male_masculine			sr	
e5e878317f52e7681b0132a2322e0ff8a495e188484ff22bb3cd3dc4c5654235147d8de4d00a529d4206c3908608c95ec3b1f0719bf31725b3a3fa3ead3c9903	common_voice_sr_38521594.mp3	86728a482f89c5966a3aaa24603747eb6edaefa35ded0c52b82631630106e351	Имате људе који почињу мијењати ствари.		2	0	twenties	male_masculine			sr	
e5e878317f52e7681b0132a2322e0ff8a495e188484ff22bb3cd3dc4c5654235147d8de4d00a529d4206c3908608c95ec3b1f0719bf31725b3a3fa3ead3c9903	common_voice_sr_38521599.mp3	8fdd5119345a67d6f5188edeb798df70840410f32e91a45c4d44f5473f0ffdc7	Сан који се испунио.		2	0	twenties	male_masculine			sr	
e5e878317f52e7681b0132a2322e0ff8a495e188484ff22bb3cd3dc4c5654235147d8de4d00a529d4206c3908608c95ec3b1f0719bf31725b3a3fa3ead3c9903	common_voice_sr_38521602.mp3	9114c2a4311316b8cd893775e9d4244b9a7428d29b5b7667146e6d099469dbea	Шта је ово!		2	0	twenties	male_masculine			sr	
e5e878317f52e7681b0132a2322e0ff8a495e188484ff22bb3cd3dc4c5654235147d8de4d00a529d4206c3908608c95ec3b1f0719bf31725b3a3fa3ead3c9903	common_voice_sr_38521603.mp3	8a1886a5a86c1d1f8ab41fd04dee7368833dc329784ddbc32734cd73e2ec4726	У њему се не спомиње ријеч независност.		2	0	twenties	male_masculine			sr	
e5e878317f52e7681b0132a2322e0ff8a495e188484ff22bb3cd3dc4c5654235147d8de4d00a529d4206c3908608c95ec3b1f0719bf31725b3a3fa3ead3c9903	common_voice_sr_38521605.mp3	86b15e9a31da7b661238b52e7eb095e9c420b22607fce6f52548bf0cceb4e630	Још нека друга?		2	0	twenties	male_masculine			sr	
e5e878317f52e7681b0132a2322e0ff8a495e188484ff22bb3cd3dc4c5654235147d8de4d00a529d4206c3908608c95ec3b1f0719bf31725b3a3fa3ead3c9903	common_voice_sr_38521606.mp3	90e5cde5e2ae3e8249266fe218be59da801947cb7da6f54ea063016be0025177	Како не бих!		2	0	twenties	male_masculine			sr	
e5e878317f52e7681b0132a2322e0ff8a495e188484ff22bb3cd3dc4c5654235147d8de4d00a529d4206c3908608c95ec3b1f0719bf31725b3a3fa3ead3c9903	common_voice_sr_38521607.mp3	8a649a1314d499d97534841c5690589fe3c10ca4670620d05d8d0aa50ff65677	И да знаш!		2	0	twenties	male_masculine			sr	
e5e878317f52e7681b0132a2322e0ff8a495e188484ff22bb3cd3dc4c5654235147d8de4d00a529d4206c3908608c95ec3b1f0719bf31725b3a3fa3ead3c9903	common_voice_sr_38521608.mp3	85dbce06ce0c3d16eea08943901f0986d52d613a67a898ca319e9814ab9acf01	Станите, молим вас!		2	0	twenties	male_masculine			sr	
e5e878317f52e7681b0132a2322e0ff8a495e188484ff22bb3cd3dc4c5654235147d8de4d00a529d4206c3908608c95ec3b1f0719bf31725b3a3fa3ead3c9903	common_voice_sr_38523426.mp3	89c3322d0acd53c65f4d37cc47ffa0eba4ae3d52d0b68b6f865f1325a6ad8a56	То вам кажем.		2	0	twenties	male_masculine			sr	
e5e878317f52e7681b0132a2322e0ff8a495e188484ff22bb3cd3dc4c5654235147d8de4d00a529d4206c3908608c95ec3b1f0719bf31725b3a3fa3ead3c9903	common_voice_sr_38523427.mp3	89977955d8b6f0d08f1c6136ac60b0da782d824a375c222bc29dacd4d8187cce	Истрага је у току.		2	0	twenties	male_masculine			sr	
e5e878317f52e7681b0132a2322e0ff8a495e188484ff22bb3cd3dc4c5654235147d8de4d00a529d4206c3908608c95ec3b1f0719bf31725b3a3fa3ead3c9903	common_voice_sr_38523430.mp3	903df80afb417bb50aeccaef0ead6fc227f3400370c00c1c246ae78e06cfb0ac	То је то!		2	0	twenties	male_masculine			sr	
e5e878317f52e7681b0132a2322e0ff8a495e188484ff22bb3cd3dc4c5654235147d8de4d00a529d4206c3908608c95ec3b1f0719bf31725b3a3fa3ead3c9903	common_voice_sr_38523431.mp3	926248111647affa2387882c5db3637e79cac1d70a283a364598ff2a12abf6e1	Одселили су се.		2	0	twenties	male_masculine			sr	
e5e878317f52e7681b0132a2322e0ff8a495e188484ff22bb3cd3dc4c5654235147d8de4d00a529d4206c3908608c95ec3b1f0719bf31725b3a3fa3ead3c9903	common_voice_sr_38523432.mp3	16c0a5ad4d1c1c9750257d8a0e8412c26a72d8d7022b6730512a1477dacc8de8	Прва је била да се распрода цијели стадион.		2	0	twenties	male_masculine			sr	
e5e878317f52e7681b0132a2322e0ff8a495e188484ff22bb3cd3dc4c5654235147d8de4d00a529d4206c3908608c95ec3b1f0719bf31725b3a3fa3ead3c9903	common_voice_sr_38523434.mp3	8cd5910e572b67f938796525ae6546afc11c7c088bd296b63ee2497d7037f72b	Не разумем, шта?		2	0	twenties	male_masculine			sr	
e5e878317f52e7681b0132a2322e0ff8a495e188484ff22bb3cd3dc4c5654235147d8de4d00a529d4206c3908608c95ec3b1f0719bf31725b3a3fa3ead3c9903	common_voice_sr_38523438.mp3	66526888f2be8adf7727a2d5f6564aeb594346071625e3f66f7b1ae4d57dc953	О, не то.		2	0	twenties	male_masculine			sr	
e5e878317f52e7681b0132a2322e0ff8a495e188484ff22bb3cd3dc4c5654235147d8de4d00a529d4206c3908608c95ec3b1f0719bf31725b3a3fa3ead3c9903	common_voice_sr_38523450.mp3	84e32505633d79d8dba914a6f649a5694643f14088ae46d29a733108a5e0b0ce	Сад не могу.		2	0	twenties	male_masculine			sr	
e5e878317f52e7681b0132a2322e0ff8a495e188484ff22bb3cd3dc4c5654235147d8de4d00a529d4206c3908608c95ec3b1f0719bf31725b3a3fa3ead3c9903	common_voice_sr_38523455.mp3	f64f79df43d736af6d51b85fe5d1663b158c7d43231bdf881ed5df93c701a9e2	Има смијешних људи који се воле зезати, до њих је.		2	1	twenties	male_masculine			sr	
e5e878317f52e7681b0132a2322e0ff8a495e188484ff22bb3cd3dc4c5654235147d8de4d00a529d4206c3908608c95ec3b1f0719bf31725b3a3fa3ead3c9903	common_voice_sr_38523459.mp3	870141a63c7a665b9ee113ff3bd4d8671dd3ce68b1a209349d01975a71f88817	Више не види.		2	0	twenties	male_masculine			sr	
e5e878317f52e7681b0132a2322e0ff8a495e188484ff22bb3cd3dc4c5654235147d8de4d00a529d4206c3908608c95ec3b1f0719bf31725b3a3fa3ead3c9903	common_voice_sr_38523464.mp3	2e03ffa01d33a0f94da285bbd1dc26fa8d0a2c0b0258a0ef0ecaa1676d14608d	Русија је подржава у том свјетском тијелу.		2	0	twenties	male_masculine			sr	
e5e878317f52e7681b0132a2322e0ff8a495e188484ff22bb3cd3dc4c5654235147d8de4d00a529d4206c3908608c95ec3b1f0719bf31725b3a3fa3ead3c9903	common_voice_sr_38523467.mp3	8f612fe6ca94295b1f19aca50e248433cf7bad3c890bd336aab12e03c57bc556	Да, не можете.		2	0	twenties	male_masculine			sr	
e5e878317f52e7681b0132a2322e0ff8a495e188484ff22bb3cd3dc4c5654235147d8de4d00a529d4206c3908608c95ec3b1f0719bf31725b3a3fa3ead3c9903	common_voice_sr_38523469.mp3	8567166dd31e80f26462d5693cd0cccf1f5d1a4a334c88dc9231a283a7be0c3f	Ово је велики.		2	0	twenties	male_masculine			sr	
e5e878317f52e7681b0132a2322e0ff8a495e188484ff22bb3cd3dc4c5654235147d8de4d00a529d4206c3908608c95ec3b1f0719bf31725b3a3fa3ead3c9903	common_voice_sr_38523475.mp3	92b2ad8f4886ea07796493f3af165fcc79bd17c79bd0b5a0041699ff3201ed86	Време истиче.		2	0	twenties	male_masculine			sr	
e5e878317f52e7681b0132a2322e0ff8a495e188484ff22bb3cd3dc4c5654235147d8de4d00a529d4206c3908608c95ec3b1f0719bf31725b3a3fa3ead3c9903	common_voice_sr_38523476.mp3	8f77e01eb5d0c4dafc4cf3f739bd18bc9d43d44dde036f7790d7605c81db1b24	И то ја.		2	1	twenties	male_masculine			sr	
e5e878317f52e7681b0132a2322e0ff8a495e188484ff22bb3cd3dc4c5654235147d8de4d00a529d4206c3908608c95ec3b1f0719bf31725b3a3fa3ead3c9903	common_voice_sr_38523477.mp3	d87720949548940f6c9b678b76744d8dade48b70695ae34e29e979a742284a7c	Само ћу примијетити да имамо врло различит укус.		2	0	twenties	male_masculine			sr	
e5e878317f52e7681b0132a2322e0ff8a495e188484ff22bb3cd3dc4c5654235147d8de4d00a529d4206c3908608c95ec3b1f0719bf31725b3a3fa3ead3c9903	common_voice_sr_38523479.mp3	8f197f3d8492449ffe7d510a7c100880b5e6d7510a4fa3e18c26888c90640bb7	Ох ох ох!		2	0	twenties	male_masculine			sr	
e5e878317f52e7681b0132a2322e0ff8a495e188484ff22bb3cd3dc4c5654235147d8de4d00a529d4206c3908608c95ec3b1f0719bf31725b3a3fa3ead3c9903	common_voice_sr_38523480.mp3	86e1d8cd118a82b4fd16f8574f27f7f416a849baa1b553f970db5d08edb16668	Знаш шта је то!		2	0	twenties	male_masculine			sr	
e5e878317f52e7681b0132a2322e0ff8a495e188484ff22bb3cd3dc4c5654235147d8de4d00a529d4206c3908608c95ec3b1f0719bf31725b3a3fa3ead3c9903	common_voice_sr_38523490.mp3	7e5a9ccab5b9f4b75b5a66248c9da00079a9a6a705dd7852b0fd608e93d1d077	Исто вриједи и за дружење током школских одмора.		2	0	twenties	male_masculine			sr	
e5e878317f52e7681b0132a2322e0ff8a495e188484ff22bb3cd3dc4c5654235147d8de4d00a529d4206c3908608c95ec3b1f0719bf31725b3a3fa3ead3c9903	common_voice_sr_38523500.mp3	1e3f8427278b64bd4e53eed77e5cffd8042996d8ee94a75b3e0b084fb84fe8df	Могућност је услиједила у сектору енергетике.		2	0	twenties	male_masculine			sr	
e5e878317f52e7681b0132a2322e0ff8a495e188484ff22bb3cd3dc4c5654235147d8de4d00a529d4206c3908608c95ec3b1f0719bf31725b3a3fa3ead3c9903	common_voice_sr_38523502.mp3	8318d68923ba9b378be66726e46dffbd04a153071cf0d64ae41537747fa5842d	На пример ја?		2	0	twenties	male_masculine			sr	
e5e878317f52e7681b0132a2322e0ff8a495e188484ff22bb3cd3dc4c5654235147d8de4d00a529d4206c3908608c95ec3b1f0719bf31725b3a3fa3ead3c9903	common_voice_sr_38523504.mp3	915a5de367ba72dcbd4a96f994edd6bed80ac5392a7a7701104a66664380c8cb	Међутим, званичници су непопустљиви.		3	0	twenties	male_masculine			sr	
e5e878317f52e7681b0132a2322e0ff8a495e188484ff22bb3cd3dc4c5654235147d8de4d00a529d4206c3908608c95ec3b1f0719bf31725b3a3fa3ead3c9903	common_voice_sr_38523506.mp3	8a330916f7cf2bc78340ca36f5f8220714ef7548ffc05e05b846dc0e94a4e5dd	Е, ја не.		2	0	twenties	male_masculine			sr	
e5e878317f52e7681b0132a2322e0ff8a495e188484ff22bb3cd3dc4c5654235147d8de4d00a529d4206c3908608c95ec3b1f0719bf31725b3a3fa3ead3c9903	common_voice_sr_38523507.mp3	9404991da6c983bef8bf9168c4e9969a5d2248424e2592edc731b6be82b0773f	Само моја жена.		2	0	twenties	male_masculine			sr	
e5e878317f52e7681b0132a2322e0ff8a495e188484ff22bb3cd3dc4c5654235147d8de4d00a529d4206c3908608c95ec3b1f0719bf31725b3a3fa3ead3c9903	common_voice_sr_38523508.mp3	91bb991bd35fc21733a289bdfb768b1147f8d80cfb22098b73914ee825648de5	Али, не могу.		2	0	twenties	male_masculine			sr	
e5e878317f52e7681b0132a2322e0ff8a495e188484ff22bb3cd3dc4c5654235147d8de4d00a529d4206c3908608c95ec3b1f0719bf31725b3a3fa3ead3c9903	common_voice_sr_38523509.mp3	889dac2cbdcbc41ef066533bb3bc07c75250bd5f054c90c2dacef2d094eae967	Хвала, на питању.		2	0	twenties	male_masculine			sr	
e5e878317f52e7681b0132a2322e0ff8a495e188484ff22bb3cd3dc4c5654235147d8de4d00a529d4206c3908608c95ec3b1f0719bf31725b3a3fa3ead3c9903	common_voice_sr_38525962.mp3	8caf5aa4b8fba780bbacdcb56131d8d2ff1d7332ca0a40407cc25f6cd5885eb2	Не, не, хвала!		2	0	twenties	male_masculine			sr	
e5e878317f52e7681b0132a2322e0ff8a495e188484ff22bb3cd3dc4c5654235147d8de4d00a529d4206c3908608c95ec3b1f0719bf31725b3a3fa3ead3c9903	common_voice_sr_38525966.mp3	8668727f4a3e6e5f50aef0259514a342f0ee9b7a133a7a50e1f5d25679d8a087	Смрт фашизму, слобода народу!		2	0	twenties	male_masculine			sr	
e5e878317f52e7681b0132a2322e0ff8a495e188484ff22bb3cd3dc4c5654235147d8de4d00a529d4206c3908608c95ec3b1f0719bf31725b3a3fa3ead3c9903	common_voice_sr_38525967.mp3	926c64bcef2b03988a9f2735e5e222001e439ceaacbc75f0f79f45eacbc23d1d	Све даље и даље.		2	0	twenties	male_masculine			sr	
e5e878317f52e7681b0132a2322e0ff8a495e188484ff22bb3cd3dc4c5654235147d8de4d00a529d4206c3908608c95ec3b1f0719bf31725b3a3fa3ead3c9903	common_voice_sr_38525969.mp3	8729b42e05db4f12dcd5645c348e7c6ca9c4e0f84df90b4d9ec57280dd113553	А где је било?		2	0	twenties	male_masculine			sr	
e5e878317f52e7681b0132a2322e0ff8a495e188484ff22bb3cd3dc4c5654235147d8de4d00a529d4206c3908608c95ec3b1f0719bf31725b3a3fa3ead3c9903	common_voice_sr_38525971.mp3	786da72a0eb469d08b0c949352dd4fa16715083815930d76973ed27ae5289ca3	Самирова породица се помирила са стањем ствари.		2	0	twenties	male_masculine			sr	
e5e878317f52e7681b0132a2322e0ff8a495e188484ff22bb3cd3dc4c5654235147d8de4d00a529d4206c3908608c95ec3b1f0719bf31725b3a3fa3ead3c9903	common_voice_sr_38525973.mp3	7c071f06adba986913d8cdff18f0c120d4b63ce67545259ea2d7835a12fbe7e8	О, и јест.		2	0	twenties	male_masculine			sr	
e5e878317f52e7681b0132a2322e0ff8a495e188484ff22bb3cd3dc4c5654235147d8de4d00a529d4206c3908608c95ec3b1f0719bf31725b3a3fa3ead3c9903	common_voice_sr_38525974.mp3	88fa36e7187d7a7b1eafc286ae6723bc9a8b8cca6c460f679314afdf0ea11c0d	Да, од данас.		2	0	twenties	male_masculine			sr	
e5e878317f52e7681b0132a2322e0ff8a495e188484ff22bb3cd3dc4c5654235147d8de4d00a529d4206c3908608c95ec3b1f0719bf31725b3a3fa3ead3c9903	common_voice_sr_38525977.mp3	856a0fc612490bfddbc39deb90614eae7b234de536cc9b8103deaab73f411af2	И да, ти.		2	0	twenties	male_masculine			sr	
e5e878317f52e7681b0132a2322e0ff8a495e188484ff22bb3cd3dc4c5654235147d8de4d00a529d4206c3908608c95ec3b1f0719bf31725b3a3fa3ead3c9903	common_voice_sr_38525980.mp3	686b63d0dc573923f3be6dc4cab2e4f9d533c5d345da2d38ab36ac9fde96b942	Ја никад нисам слиједила ниједан примјер.		2	0	twenties	male_masculine			sr	
e5e878317f52e7681b0132a2322e0ff8a495e188484ff22bb3cd3dc4c5654235147d8de4d00a529d4206c3908608c95ec3b1f0719bf31725b3a3fa3ead3c9903	common_voice_sr_38525981.mp3	88e3d96041ee865403eea83b19ac41cc4283b992ba072c58e1f074ad977d580a	Наставници планирају часове да би помогли ђацима да разумеју ново градиво.		2	0	twenties	male_masculine			sr	
e5e878317f52e7681b0132a2322e0ff8a495e188484ff22bb3cd3dc4c5654235147d8de4d00a529d4206c3908608c95ec3b1f0719bf31725b3a3fa3ead3c9903	common_voice_sr_38525985.mp3	7ba015c1048dfaf115b6622d516a4aeb1043820b847f80137a60c7f8eb34eb3c	Имате прави приступ.		2	0	twenties	male_masculine			sr	
e5e878317f52e7681b0132a2322e0ff8a495e188484ff22bb3cd3dc4c5654235147d8de4d00a529d4206c3908608c95ec3b1f0719bf31725b3a3fa3ead3c9903	common_voice_sr_38525986.mp3	8f4c7a16433fc06d6b03eaddc88c03b2871ef3f6d0817a1abdfcff28da38cc54	У којој је?		2	0	twenties	male_masculine			sr	
e5e878317f52e7681b0132a2322e0ff8a495e188484ff22bb3cd3dc4c5654235147d8de4d00a529d4206c3908608c95ec3b1f0719bf31725b3a3fa3ead3c9903	common_voice_sr_38525988.mp3	92d192a5ffe5674c83b5ce293a9ae4890c43db7cf2240e9a5ab7bbbb324e6c05	Стога ће ситуација бити неизмијењена.		2	0	twenties	male_masculine			sr	
e5e878317f52e7681b0132a2322e0ff8a495e188484ff22bb3cd3dc4c5654235147d8de4d00a529d4206c3908608c95ec3b1f0719bf31725b3a3fa3ead3c9903	common_voice_sr_38525989.mp3	9582a233cf5ba543610ba4abdacf58bb5041a0d4625d5d519ec6e463af61892e	Јесте, ви сте!		2	0	twenties	male_masculine			sr	
e5e878317f52e7681b0132a2322e0ff8a495e188484ff22bb3cd3dc4c5654235147d8de4d00a529d4206c3908608c95ec3b1f0719bf31725b3a3fa3ead3c9903	common_voice_sr_38525991.mp3	8af9609f742b5b9369876ca00fcf9bc7939daaa6b8cfe9abfedbd43be0ff1cb3	Сама унутрашњост је у комбинацији беж и црне боје, и делује веома квалитетно урађено.		2	0	twenties	male_masculine			sr	
e5e878317f52e7681b0132a2322e0ff8a495e188484ff22bb3cd3dc4c5654235147d8de4d00a529d4206c3908608c95ec3b1f0719bf31725b3a3fa3ead3c9903	common_voice_sr_38525992.mp3	79a200aa99396269743cb295493c6c409740ec8616bcfd57a48338501f4baa77	Шта му је?		2	0	twenties	male_masculine			sr	
e5e878317f52e7681b0132a2322e0ff8a495e188484ff22bb3cd3dc4c5654235147d8de4d00a529d4206c3908608c95ec3b1f0719bf31725b3a3fa3ead3c9903	common_voice_sr_38525993.mp3	900409106415acbdc785c895826535e57dff6b0f789aad2ca6157b8d925bf441	Зар не би било боље?		2	0	twenties	male_masculine			sr	
e5e878317f52e7681b0132a2322e0ff8a495e188484ff22bb3cd3dc4c5654235147d8de4d00a529d4206c3908608c95ec3b1f0719bf31725b3a3fa3ead3c9903	common_voice_sr_38526000.mp3	8004b06a39e09f99e933700293c1d00ecda3489da12a376946bb488ce2a08ba3	За један минут.		2	0	twenties	male_masculine			sr	
e5e878317f52e7681b0132a2322e0ff8a495e188484ff22bb3cd3dc4c5654235147d8de4d00a529d4206c3908608c95ec3b1f0719bf31725b3a3fa3ead3c9903	common_voice_sr_38526001.mp3	92cd2741a7103270aea932269cb3a894e33203f7c68361113b536d5731134770	У оба домена, регион има још пуно резерви.		2	0	twenties	male_masculine			sr	
e5e878317f52e7681b0132a2322e0ff8a495e188484ff22bb3cd3dc4c5654235147d8de4d00a529d4206c3908608c95ec3b1f0719bf31725b3a3fa3ead3c9903	common_voice_sr_38526003.mp3	88979a35a75b392ff35d0c661d71ba1eea44311e223a14d98d29567787bdfa4f	А у овој?		2	0	twenties	male_masculine			sr	
e5e878317f52e7681b0132a2322e0ff8a495e188484ff22bb3cd3dc4c5654235147d8de4d00a529d4206c3908608c95ec3b1f0719bf31725b3a3fa3ead3c9903	common_voice_sr_38526006.mp3	141b98fc24107edf03596d413f3bfb426d6aaae2dd9ef18b30b701b3dbb821a1	Изјавили сте да имате контакте са њима.		2	0	twenties	male_masculine			sr	
e5e878317f52e7681b0132a2322e0ff8a495e188484ff22bb3cd3dc4c5654235147d8de4d00a529d4206c3908608c95ec3b1f0719bf31725b3a3fa3ead3c9903	common_voice_sr_38526008.mp3	739863ff375ac4b925dadfcadddb9ee1a6e832d0de3d5097f0ca5c6b056ccb6e	Један од његових телохранитеља је погинуо.		2	0	twenties	male_masculine			sr	
e5e878317f52e7681b0132a2322e0ff8a495e188484ff22bb3cd3dc4c5654235147d8de4d00a529d4206c3908608c95ec3b1f0719bf31725b3a3fa3ead3c9903	common_voice_sr_38526010.mp3	8db6a5127ceb1bd7a145441a029da36259f1eb9ab23f6d1a07bcab688629e145	Улози су велики.		2	0	twenties	male_masculine			sr	
e5e878317f52e7681b0132a2322e0ff8a495e188484ff22bb3cd3dc4c5654235147d8de4d00a529d4206c3908608c95ec3b1f0719bf31725b3a3fa3ead3c9903	common_voice_sr_38526012.mp3	8b8a68973139753e801e0a46cbdef5a860ba53bfad9285e9ce363880e798b1a5	Нека не буде.		2	0	twenties	male_masculine			sr	
e5e878317f52e7681b0132a2322e0ff8a495e188484ff22bb3cd3dc4c5654235147d8de4d00a529d4206c3908608c95ec3b1f0719bf31725b3a3fa3ead3c9903	common_voice_sr_38526018.mp3	96ae91454fc8e2f761dae8a01ca4f258b78ec976c312f461ee25e7d9b935c730	Ниједно није тачно.		2	0	twenties	male_masculine			sr	
e5e878317f52e7681b0132a2322e0ff8a495e188484ff22bb3cd3dc4c5654235147d8de4d00a529d4206c3908608c95ec3b1f0719bf31725b3a3fa3ead3c9903	common_voice_sr_38526020.mp3	8ae862c5ec233a53912245d512478683cd624d51183b679477e431990f8fbb68	Бога ти, то.		2	0	twenties	male_masculine			sr	
e5e878317f52e7681b0132a2322e0ff8a495e188484ff22bb3cd3dc4c5654235147d8de4d00a529d4206c3908608c95ec3b1f0719bf31725b3a3fa3ead3c9903	common_voice_sr_38526023.mp3	86ad98bf3b6f133060b72ede7c491f572e0b562178c8cae31e2540b6eeb607bf	Који не би могао?		2	0	twenties	male_masculine			sr	
e5e878317f52e7681b0132a2322e0ff8a495e188484ff22bb3cd3dc4c5654235147d8de4d00a529d4206c3908608c95ec3b1f0719bf31725b3a3fa3ead3c9903	common_voice_sr_38526024.mp3	956e173459691a469459ac6650ba1af88797684b30f81c1e31599b4e4f4daa60	Не, ти не.		2	0	twenties	male_masculine			sr	
e5e878317f52e7681b0132a2322e0ff8a495e188484ff22bb3cd3dc4c5654235147d8de4d00a529d4206c3908608c95ec3b1f0719bf31725b3a3fa3ead3c9903	common_voice_sr_38526025.mp3	96781c0953168e6f3f9d0b224099467ecf9aad4c4ca59d158c39e537b9b20796	Што су људи!		2	0	twenties	male_masculine			sr	
e5e878317f52e7681b0132a2322e0ff8a495e188484ff22bb3cd3dc4c5654235147d8de4d00a529d4206c3908608c95ec3b1f0719bf31725b3a3fa3ead3c9903	common_voice_sr_38526027.mp3	8fb96439d56e40654888a49a49f534ac846363b50a6fb3fb533a27f61c8da3f0	Не, више не.		2	0	twenties	male_masculine			sr	
e5e878317f52e7681b0132a2322e0ff8a495e188484ff22bb3cd3dc4c5654235147d8de4d00a529d4206c3908608c95ec3b1f0719bf31725b3a3fa3ead3c9903	common_voice_sr_38531799.mp3	928ecc9bc2ddcd7f6e1dfec1c8259fdc2bed112e77957f76e72c887ca2eeb526	Прах од костију?		2	0	twenties	male_masculine			sr	
e5e878317f52e7681b0132a2322e0ff8a495e188484ff22bb3cd3dc4c5654235147d8de4d00a529d4206c3908608c95ec3b1f0719bf31725b3a3fa3ead3c9903	common_voice_sr_38531810.mp3	962fb9f35377c875353336efe433e2a2c43a287f14a77d96f12b760b567e4b8f	То је тако?		2	0	twenties	male_masculine			sr	
e5e878317f52e7681b0132a2322e0ff8a495e188484ff22bb3cd3dc4c5654235147d8de4d00a529d4206c3908608c95ec3b1f0719bf31725b3a3fa3ead3c9903	common_voice_sr_38531812.mp3	93629f5d67ca6ff19793262871d8dc5426646ec774f32a94455f14bd441d5325	Један од њих!		2	0	twenties	male_masculine			sr	
e5e878317f52e7681b0132a2322e0ff8a495e188484ff22bb3cd3dc4c5654235147d8de4d00a529d4206c3908608c95ec3b1f0719bf31725b3a3fa3ead3c9903	common_voice_sr_38531814.mp3	89a7bcc7a90cd0572f0d9b594248c2f6edb9feb30e54b1ef4aefd4c126ffa832	Молим вас реците.		2	0	twenties	male_masculine			sr	
e5e878317f52e7681b0132a2322e0ff8a495e188484ff22bb3cd3dc4c5654235147d8de4d00a529d4206c3908608c95ec3b1f0719bf31725b3a3fa3ead3c9903	common_voice_sr_38531820.mp3	96d643a19f5277cafbd2364196bd76792e6670e7b4675e6b4753e7d90395529e	И сви остали!		2	1	twenties	male_masculine			sr	
e5e878317f52e7681b0132a2322e0ff8a495e188484ff22bb3cd3dc4c5654235147d8de4d00a529d4206c3908608c95ec3b1f0719bf31725b3a3fa3ead3c9903	common_voice_sr_38531823.mp3	7a7e868ae98cd34650f45228a1437ed09a54e914b476d71d3b716068433af294	Не знам шта.		2	0	twenties	male_masculine			sr	
e5e878317f52e7681b0132a2322e0ff8a495e188484ff22bb3cd3dc4c5654235147d8de4d00a529d4206c3908608c95ec3b1f0719bf31725b3a3fa3ead3c9903	common_voice_sr_38531824.mp3	959ee40d0e0a5a9ccd11641b88d2fabfd9c0df37a171c1fab253d15e5fe1575c	Мало у страну.		2	0	twenties	male_masculine			sr	
e5e878317f52e7681b0132a2322e0ff8a495e188484ff22bb3cd3dc4c5654235147d8de4d00a529d4206c3908608c95ec3b1f0719bf31725b3a3fa3ead3c9903	common_voice_sr_38531830.mp3	943680124cc66ca1d896ff4473efb458e3fafde3a0d395d0a9bf06a23fb2b3ae	Олимпијских игара.		2	0	twenties	male_masculine			sr	
e5e878317f52e7681b0132a2322e0ff8a495e188484ff22bb3cd3dc4c5654235147d8de4d00a529d4206c3908608c95ec3b1f0719bf31725b3a3fa3ead3c9903	common_voice_sr_38531833.mp3	4709311dabf3d87ddfeff91a13ab2b947fe89bc06ed87be4cc22e31b12837f3d	Имперфекат се ретко користи, док се аорист употребљава.		2	0	twenties	male_masculine			sr	
e5e878317f52e7681b0132a2322e0ff8a495e188484ff22bb3cd3dc4c5654235147d8de4d00a529d4206c3908608c95ec3b1f0719bf31725b3a3fa3ead3c9903	common_voice_sr_38531834.mp3	5f3ad66696cb71435485aad3503358bd0d99a286184054a0713a92d3fd42b706	О не, не.		2	0	twenties	male_masculine			sr	
e5e878317f52e7681b0132a2322e0ff8a495e188484ff22bb3cd3dc4c5654235147d8de4d00a529d4206c3908608c95ec3b1f0719bf31725b3a3fa3ead3c9903	common_voice_sr_38531837.mp3	7d2f7fbfbae82411194277810bbdb54ff377321a8941df41b02d3f9e00012a8c	Насмејао сам се.		2	0	twenties	male_masculine			sr	
e5e878317f52e7681b0132a2322e0ff8a495e188484ff22bb3cd3dc4c5654235147d8de4d00a529d4206c3908608c95ec3b1f0719bf31725b3a3fa3ead3c9903	common_voice_sr_38531839.mp3	83d992a13de6cb76f5a856759cb360927240499ef2d419da1304261ad98d7ad5	Е па онда.		2	0	twenties	male_masculine			sr	
e5e878317f52e7681b0132a2322e0ff8a495e188484ff22bb3cd3dc4c5654235147d8de4d00a529d4206c3908608c95ec3b1f0719bf31725b3a3fa3ead3c9903	common_voice_sr_38531849.mp3	9446a83df15a98964d683016a6d2349733faa5577cc0d7c4981f7df07b34288e	Тако ствари стоје.		2	0	twenties	male_masculine			sr	
e5e878317f52e7681b0132a2322e0ff8a495e188484ff22bb3cd3dc4c5654235147d8de4d00a529d4206c3908608c95ec3b1f0719bf31725b3a3fa3ead3c9903	common_voice_sr_38531850.mp3	90685fadf854de0396a8f5b94f6690eae77c8872f5e25e879468121fa779e62a	На левој обали.		2	0	twenties	male_masculine			sr	
e5e878317f52e7681b0132a2322e0ff8a495e188484ff22bb3cd3dc4c5654235147d8de4d00a529d4206c3908608c95ec3b1f0719bf31725b3a3fa3ead3c9903	common_voice_sr_38531851.mp3	96eac6b61fd3496d699a31854bc0d8f42914d6811b4351688f2df423c507a8d5	И сада сам сретно ожењен.		2	0	twenties	male_masculine			sr	
e5e878317f52e7681b0132a2322e0ff8a495e188484ff22bb3cd3dc4c5654235147d8de4d00a529d4206c3908608c95ec3b1f0719bf31725b3a3fa3ead3c9903	common_voice_sr_38531853.mp3	1f68f348bf25ad5cec9aed616bc8078632d1c379c3b2c3103fae55d4370ccddc	Морамо побиједити, имамо заиста јаку репрезентацију.		2	0	twenties	male_masculine			sr	
e5e878317f52e7681b0132a2322e0ff8a495e188484ff22bb3cd3dc4c5654235147d8de4d00a529d4206c3908608c95ec3b1f0719bf31725b3a3fa3ead3c9903	common_voice_sr_38531869.mp3	97080a2906e477c952a8c4924dccbb39235c28b1ac3109a07e2fd0af1c4e9be0	Које сам ја?		2	0	twenties	male_masculine			sr	
e5e878317f52e7681b0132a2322e0ff8a495e188484ff22bb3cd3dc4c5654235147d8de4d00a529d4206c3908608c95ec3b1f0719bf31725b3a3fa3ead3c9903	common_voice_sr_38531870.mp3	95579706ca6c8ce64ebb1453031e944303318774af1d2ae741d03a93fcb051bb	О, ти си?		2	0	twenties	male_masculine			sr	
e5e878317f52e7681b0132a2322e0ff8a495e188484ff22bb3cd3dc4c5654235147d8de4d00a529d4206c3908608c95ec3b1f0719bf31725b3a3fa3ead3c9903	common_voice_sr_38531871.mp3	92b8c568c4403bf28f8c424831849a5f1eb913d615846e44a18b8bac2f2f1a53	Знаш шта је то?		2	0	twenties	male_masculine			sr	
e5e878317f52e7681b0132a2322e0ff8a495e188484ff22bb3cd3dc4c5654235147d8de4d00a529d4206c3908608c95ec3b1f0719bf31725b3a3fa3ead3c9903	common_voice_sr_38531872.mp3	8b4e6e6e1526774cce08c400ad3d3d9cb109911aa3c45318b449abb72fa5dd70	Гдје још на свијету можете видјети тако нешто?		2	1	twenties	male_masculine			sr	
e5e878317f52e7681b0132a2322e0ff8a495e188484ff22bb3cd3dc4c5654235147d8de4d00a529d4206c3908608c95ec3b1f0719bf31725b3a3fa3ead3c9903	common_voice_sr_38531873.mp3	4e61d82082d872e6ea38fa11edeb418b52ba18ecf42c34ea6bc3850ce3947592	Него што је.		2	0	twenties	male_masculine			sr	
e5e878317f52e7681b0132a2322e0ff8a495e188484ff22bb3cd3dc4c5654235147d8de4d00a529d4206c3908608c95ec3b1f0719bf31725b3a3fa3ead3c9903	common_voice_sr_38531881.mp3	4a9c19912f79b24ba268f577bf5a0a35858f523b9f38f0693586ca08bcf2b9aa	Молим те не.		3	0	twenties	male_masculine			sr	
e5e878317f52e7681b0132a2322e0ff8a495e188484ff22bb3cd3dc4c5654235147d8de4d00a529d4206c3908608c95ec3b1f0719bf31725b3a3fa3ead3c9903	common_voice_sr_38531883.mp3	8d4f29821dc3b4cca1111f2a55b602d34ceec2607b2cd62ebe3f2493c94286a2	И била је!		2	0	twenties	male_masculine			sr	
e5e878317f52e7681b0132a2322e0ff8a495e188484ff22bb3cd3dc4c5654235147d8de4d00a529d4206c3908608c95ec3b1f0719bf31725b3a3fa3ead3c9903	common_voice_sr_38531889.mp3	905dff7e760390b8d6f4c92ee899d6267ad08d946f3871f1e4ea793866e6f749	Верујем у то.		2	0	twenties	male_masculine			sr	
e5e878317f52e7681b0132a2322e0ff8a495e188484ff22bb3cd3dc4c5654235147d8de4d00a529d4206c3908608c95ec3b1f0719bf31725b3a3fa3ead3c9903	common_voice_sr_38531890.mp3	0919ce712fad09663fb3e93c9600108b30a754570820c47b21d741c2e21bec16	Пословни свијет има правила пристојног понашања.		2	0	twenties	male_masculine			sr	
e5e878317f52e7681b0132a2322e0ff8a495e188484ff22bb3cd3dc4c5654235147d8de4d00a529d4206c3908608c95ec3b1f0719bf31725b3a3fa3ead3c9903	common_voice_sr_38531891.mp3	943ebffda0f39b0f1f653d459f21c350ebd8ca2823716a788789fd74840b3098	О, не знам!		2	0	twenties	male_masculine			sr	
e5e878317f52e7681b0132a2322e0ff8a495e188484ff22bb3cd3dc4c5654235147d8de4d00a529d4206c3908608c95ec3b1f0719bf31725b3a3fa3ead3c9903	common_voice_sr_38531893.mp3	93e80085f3c050435991324f6ec1c4a6066c187cc69c64321c5247bd0ec01685	Мора бити рата.		2	0	twenties	male_masculine			sr	
e5e878317f52e7681b0132a2322e0ff8a495e188484ff22bb3cd3dc4c5654235147d8de4d00a529d4206c3908608c95ec3b1f0719bf31725b3a3fa3ead3c9903	common_voice_sr_38531894.mp3	0bcb6be5426bdeef2e69408d4d9f77a1c87cbfbde0ba1bf76c72c500455db961	Разлог је већ добро познат.		2	0	twenties	male_masculine			sr	
e5e878317f52e7681b0132a2322e0ff8a495e188484ff22bb3cd3dc4c5654235147d8de4d00a529d4206c3908608c95ec3b1f0719bf31725b3a3fa3ead3c9903	common_voice_sr_38531895.mp3	d6038c380195d6351bba47773a6e239a4fe9f221238caa462d1a019c57da0a70	Он је главни предмет спорења већ неко вријеме.		2	0	twenties	male_masculine			sr	
e5e878317f52e7681b0132a2322e0ff8a495e188484ff22bb3cd3dc4c5654235147d8de4d00a529d4206c3908608c95ec3b1f0719bf31725b3a3fa3ead3c9903	common_voice_sr_38531898.mp3	97098516140e8de2240379b07874067c16a940c791a4cf4b52ad439d98eeb846	Не, могу ја то!		2	0	twenties	male_masculine			sr	
e5e878317f52e7681b0132a2322e0ff8a495e188484ff22bb3cd3dc4c5654235147d8de4d00a529d4206c3908608c95ec3b1f0719bf31725b3a3fa3ead3c9903	common_voice_sr_38531899.mp3	877925238187b9a223a7d6f3b3fd756000df9b08b897ac0f6c18af2adab87353	Тако се тврди.		2	0	twenties	male_masculine			sr	
e5e878317f52e7681b0132a2322e0ff8a495e188484ff22bb3cd3dc4c5654235147d8de4d00a529d4206c3908608c95ec3b1f0719bf31725b3a3fa3ead3c9903	common_voice_sr_38531906.mp3	8d6833ebb3bca5d800ec858f17355db149bac514283c2acdb5ecf83b2a281ad1	Не може умрети!		2	0	twenties	male_masculine			sr	
e5e878317f52e7681b0132a2322e0ff8a495e188484ff22bb3cd3dc4c5654235147d8de4d00a529d4206c3908608c95ec3b1f0719bf31725b3a3fa3ead3c9903	common_voice_sr_38531907.mp3	8455d079da1258a858d96c33e70aaa7bced74127b428d812b479c532546ab9d3	Шта да радимо?		2	0	twenties	male_masculine			sr	
e5e878317f52e7681b0132a2322e0ff8a495e188484ff22bb3cd3dc4c5654235147d8de4d00a529d4206c3908608c95ec3b1f0719bf31725b3a3fa3ead3c9903	common_voice_sr_38531910.mp3	8f0a20cd6bc92b12d82b6fcdd0a8716d1fc10e8dd028298a22b9608cba21341f	Где је отишао?		2	0	twenties	male_masculine			sr	
e5e878317f52e7681b0132a2322e0ff8a495e188484ff22bb3cd3dc4c5654235147d8de4d00a529d4206c3908608c95ec3b1f0719bf31725b3a3fa3ead3c9903	common_voice_sr_38535651.mp3	7cbe425859dd83ee4117e1a550f28344d3f2853ff837451c68fbd55b69d4f022	Пукла ми је гума.		2	0	twenties	male_masculine			sr	
e5e878317f52e7681b0132a2322e0ff8a495e188484ff22bb3cd3dc4c5654235147d8de4d00a529d4206c3908608c95ec3b1f0719bf31725b3a3fa3ead3c9903	common_voice_sr_38535652.mp3	7f1b78690d85d59719b5d050fcfc26529ac11d62762615bd8d68f7066647ce6d	Али вријеме је сазрело да се погура напријед.		2	0	twenties	male_masculine			sr	
e5e878317f52e7681b0132a2322e0ff8a495e188484ff22bb3cd3dc4c5654235147d8de4d00a529d4206c3908608c95ec3b1f0719bf31725b3a3fa3ead3c9903	common_voice_sr_38535654.mp3	540f1da58db14e8076269e0b88c4641e6aff36e246a1dd4917ad58830e7aafd0	И дошао је.		2	0	twenties	male_masculine			sr	
e5e878317f52e7681b0132a2322e0ff8a495e188484ff22bb3cd3dc4c5654235147d8de4d00a529d4206c3908608c95ec3b1f0719bf31725b3a3fa3ead3c9903	common_voice_sr_38535657.mp3	8771962c7e7b39874f2eb160328eb382adf12261b77b2f3192a7ccafa4858622	Баш као ни њен отац.		2	0	twenties	male_masculine			sr	
e5e878317f52e7681b0132a2322e0ff8a495e188484ff22bb3cd3dc4c5654235147d8de4d00a529d4206c3908608c95ec3b1f0719bf31725b3a3fa3ead3c9903	common_voice_sr_38535659.mp3	7fb61ac9ff3581ae05846183a46b1e7042cb8769d7877c0f32a8f587e0d584e2	По тој цијени, верзија мора да је пиратска.		2	0	twenties	male_masculine			sr	
e5e878317f52e7681b0132a2322e0ff8a495e188484ff22bb3cd3dc4c5654235147d8de4d00a529d4206c3908608c95ec3b1f0719bf31725b3a3fa3ead3c9903	common_voice_sr_38535661.mp3	7ed98e10a61b6f778b2af86d7265b0d5601df1f4a009801e49366415c9af8031	Ма никакве су.		2	0	twenties	male_masculine			sr	
e5e878317f52e7681b0132a2322e0ff8a495e188484ff22bb3cd3dc4c5654235147d8de4d00a529d4206c3908608c95ec3b1f0719bf31725b3a3fa3ead3c9903	common_voice_sr_38535662.mp3	972c65d24a4371c7a64a1067a26951833a11949aa3a4adff82596de6c062e92e	На овој табли?		2	0	twenties	male_masculine			sr	
e5e878317f52e7681b0132a2322e0ff8a495e188484ff22bb3cd3dc4c5654235147d8de4d00a529d4206c3908608c95ec3b1f0719bf31725b3a3fa3ead3c9903	common_voice_sr_38535664.mp3	9426314b4981185449acb42263981992b8b13fd1ad6b9a874deb6cf602f01fff	Што им је?		2	0	twenties	male_masculine			sr	
e5e878317f52e7681b0132a2322e0ff8a495e188484ff22bb3cd3dc4c5654235147d8de4d00a529d4206c3908608c95ec3b1f0719bf31725b3a3fa3ead3c9903	common_voice_sr_38535665.mp3	95aba6cf482e80b82cf3b7a5a8e10354b6ea6fde5a5fedfc0255a6b620b3f82d	И са мном?		2	0	twenties	male_masculine			sr	
e5e878317f52e7681b0132a2322e0ff8a495e188484ff22bb3cd3dc4c5654235147d8de4d00a529d4206c3908608c95ec3b1f0719bf31725b3a3fa3ead3c9903	common_voice_sr_38535667.mp3	999e8484e145cf8d42ae4c6403c7fbe3bb0c79ce3b09c63bbce92752ba083419	Било је разних препрека, бирократије...		2	0	twenties	male_masculine			sr	
e5e878317f52e7681b0132a2322e0ff8a495e188484ff22bb3cd3dc4c5654235147d8de4d00a529d4206c3908608c95ec3b1f0719bf31725b3a3fa3ead3c9903	common_voice_sr_38535668.mp3	0a25b5566f9368d13b7b838b9133e9f9c87f7eb78e5aeaca7851ea106911de16	Ми редовно остварујемо производњу на рекордном нивоу.		2	0	twenties	male_masculine			sr	
e5e878317f52e7681b0132a2322e0ff8a495e188484ff22bb3cd3dc4c5654235147d8de4d00a529d4206c3908608c95ec3b1f0719bf31725b3a3fa3ead3c9903	common_voice_sr_38535674.mp3	869e3d2d56364d4adb376147bc8378b6f8ba97978328d2fc1462bf73e956bc87	Добро, ја ћу.		2	0	twenties	male_masculine			sr	
e5e878317f52e7681b0132a2322e0ff8a495e188484ff22bb3cd3dc4c5654235147d8de4d00a529d4206c3908608c95ec3b1f0719bf31725b3a3fa3ead3c9903	common_voice_sr_38535678.mp3	8d143bdfcf0a4bd519978a253ed747a5d74c792af3eca087f96ca0c8636b6aa6	Како не би.		2	0	twenties	male_masculine			sr	
e5e878317f52e7681b0132a2322e0ff8a495e188484ff22bb3cd3dc4c5654235147d8de4d00a529d4206c3908608c95ec3b1f0719bf31725b3a3fa3ead3c9903	common_voice_sr_38535679.mp3	97a76791fd6334f11d05ea3d765624e9ece118c9450e1bafcdaace367992e30c	Како је диван!		2	0	twenties	male_masculine			sr	
e5e878317f52e7681b0132a2322e0ff8a495e188484ff22bb3cd3dc4c5654235147d8de4d00a529d4206c3908608c95ec3b1f0719bf31725b3a3fa3ead3c9903	common_voice_sr_38535680.mp3	99f4a799e229276509f2a671ff82f7fe6eed1eef0c0cd818c6a4db272244dc41	И, било је време!		2	0	twenties	male_masculine			sr	
e5e878317f52e7681b0132a2322e0ff8a495e188484ff22bb3cd3dc4c5654235147d8de4d00a529d4206c3908608c95ec3b1f0719bf31725b3a3fa3ead3c9903	common_voice_sr_38535681.mp3	964ee601db987cc254b557060f3785ced414689b650f868ec1b68dc10409c4a6	Биће такође и једна од најтежих за градњу.		2	0	twenties	male_masculine			sr	
e5e878317f52e7681b0132a2322e0ff8a495e188484ff22bb3cd3dc4c5654235147d8de4d00a529d4206c3908608c95ec3b1f0719bf31725b3a3fa3ead3c9903	common_voice_sr_38535682.mp3	92220c80cb367a799b2504749db4ccdd3a007e687396f023bf90042af0225a80	Па то је истина!		2	0	twenties	male_masculine			sr	
e5e878317f52e7681b0132a2322e0ff8a495e188484ff22bb3cd3dc4c5654235147d8de4d00a529d4206c3908608c95ec3b1f0719bf31725b3a3fa3ead3c9903	common_voice_sr_38535686.mp3	92d4038dfb2e7cfa89dd4628c022b14667519435f0c0f3233ef4fa3a413ba65e	Где је крем?		2	0	twenties	male_masculine			sr	
e5e878317f52e7681b0132a2322e0ff8a495e188484ff22bb3cd3dc4c5654235147d8de4d00a529d4206c3908608c95ec3b1f0719bf31725b3a3fa3ead3c9903	common_voice_sr_38535691.mp3	93cc6a24e8a86cfa62382889dfb6f4a7b86d75b2b79349bb3e3b0bb7bb732c28	Која је та?		2	0	twenties	male_masculine			sr	
e5e878317f52e7681b0132a2322e0ff8a495e188484ff22bb3cd3dc4c5654235147d8de4d00a529d4206c3908608c95ec3b1f0719bf31725b3a3fa3ead3c9903	common_voice_sr_38535692.mp3	76a72e3d479b0c30d38dcbf3be7e5b31a28ffdd0f72ae2ed33a64043bfc29e0d	Па и то.		2	0	twenties	male_masculine			sr	
e5e878317f52e7681b0132a2322e0ff8a495e188484ff22bb3cd3dc4c5654235147d8de4d00a529d4206c3908608c95ec3b1f0719bf31725b3a3fa3ead3c9903	common_voice_sr_38535694.mp3	7e39838fbf4dcc28e83a25bab6a491e2aa5ce094f0914efd591b27aa9dc99d4e	Господе, смилуј ми се.		2	0	twenties	male_masculine			sr	
e5e878317f52e7681b0132a2322e0ff8a495e188484ff22bb3cd3dc4c5654235147d8de4d00a529d4206c3908608c95ec3b1f0719bf31725b3a3fa3ead3c9903	common_voice_sr_38535695.mp3	9acfd26e23595e1ee3b3312ec7d96828099761a389edfcef6c1d5112d3dac282	У овој је!		2	0	twenties	male_masculine			sr	
e5e878317f52e7681b0132a2322e0ff8a495e188484ff22bb3cd3dc4c5654235147d8de4d00a529d4206c3908608c95ec3b1f0719bf31725b3a3fa3ead3c9903	common_voice_sr_38535697.mp3	4f4e916f4d76904013162bde52074153a3c043da1c65cdbe6f170ba8807a331b	Да ли је то довољно?		2	0	twenties	male_masculine			sr	
e5e878317f52e7681b0132a2322e0ff8a495e188484ff22bb3cd3dc4c5654235147d8de4d00a529d4206c3908608c95ec3b1f0719bf31725b3a3fa3ead3c9903	common_voice_sr_38535698.mp3	9729b0e4c3fa5f57ebbe49e0d8c1fbc41a1c03527a984757ea6e32cbb8bc0d22	И онда чека.		2	0	twenties	male_masculine			sr	
e5e878317f52e7681b0132a2322e0ff8a495e188484ff22bb3cd3dc4c5654235147d8de4d00a529d4206c3908608c95ec3b1f0719bf31725b3a3fa3ead3c9903	common_voice_sr_38535699.mp3	47ec87fc0e757a128272274eec1c016ced723847c856f2a6fccd53f47bc38eed	Па, тако је!		2	0	twenties	male_masculine			sr	
e5e878317f52e7681b0132a2322e0ff8a495e188484ff22bb3cd3dc4c5654235147d8de4d00a529d4206c3908608c95ec3b1f0719bf31725b3a3fa3ead3c9903	common_voice_sr_38535700.mp3	95f6677e3d52d7d75ed8810f43d6f1aa1653d5fb0259db573360a3c87eb4328c	А шта има?		2	0	twenties	male_masculine			sr	
e5e878317f52e7681b0132a2322e0ff8a495e188484ff22bb3cd3dc4c5654235147d8de4d00a529d4206c3908608c95ec3b1f0719bf31725b3a3fa3ead3c9903	common_voice_sr_38535701.mp3	87e1eb929aaab8a21ed5194aaae879203cdf05bdd5968cd29868b830e943b162	Све више и више.		2	0	twenties	male_masculine			sr	
e5e878317f52e7681b0132a2322e0ff8a495e188484ff22bb3cd3dc4c5654235147d8de4d00a529d4206c3908608c95ec3b1f0719bf31725b3a3fa3ead3c9903	common_voice_sr_38535702.mp3	7cd5c7c83d2104dea548c094e84bdbfacf757a895abdde707d5475df0b493905	Истина је, да.		2	0	twenties	male_masculine			sr	
e5e878317f52e7681b0132a2322e0ff8a495e188484ff22bb3cd3dc4c5654235147d8de4d00a529d4206c3908608c95ec3b1f0719bf31725b3a3fa3ead3c9903	common_voice_sr_38535709.mp3	3da47c31c9d7268eea0a425e11b700d8df40dc635d1552de4e3399fa56bc611c	Они још увијек иду на одморе, али не као раније.		2	0	twenties	male_masculine			sr	
e5e878317f52e7681b0132a2322e0ff8a495e188484ff22bb3cd3dc4c5654235147d8de4d00a529d4206c3908608c95ec3b1f0719bf31725b3a3fa3ead3c9903	common_voice_sr_38535710.mp3	14265accec671559922bbf08f32ab268719fd20ece51104105ce868f8c10a444	Међутим, многа кључна питања остају нерешена.		2	0	twenties	male_masculine			sr	
e5e878317f52e7681b0132a2322e0ff8a495e188484ff22bb3cd3dc4c5654235147d8de4d00a529d4206c3908608c95ec3b1f0719bf31725b3a3fa3ead3c9903	common_voice_sr_38535714.mp3	97869574282cc4e805a9ec33e021a20c8ef515b6a3494e761ac6adf1744df777	Па хајде сад.		2	0	twenties	male_masculine			sr	
e5e878317f52e7681b0132a2322e0ff8a495e188484ff22bb3cd3dc4c5654235147d8de4d00a529d4206c3908608c95ec3b1f0719bf31725b3a3fa3ead3c9903	common_voice_sr_38535715.mp3	8aa76e55cc937a6f5613db4137b7e57f0b67cab3bfa1571b747bb31d4b211fe0	Научници откривају чињенице о свету.		2	0	twenties	male_masculine			sr	
e5e878317f52e7681b0132a2322e0ff8a495e188484ff22bb3cd3dc4c5654235147d8de4d00a529d4206c3908608c95ec3b1f0719bf31725b3a3fa3ead3c9903	common_voice_sr_38535717.mp3	88cc4e8d0e99447a050ca8a43917a311774fb8d0b838a49eb20bf337e2387383	Сви би требали пажљиво вагати своје ријечи.		2	0	twenties	male_masculine			sr	
e5e878317f52e7681b0132a2322e0ff8a495e188484ff22bb3cd3dc4c5654235147d8de4d00a529d4206c3908608c95ec3b1f0719bf31725b3a3fa3ead3c9903	common_voice_sr_38537440.mp3	98451bb61706db8a99efb0a4961d2dea9e3be7cad415807f6ebe56f9885c1445	Било је стварно, стварно добро.		2	1	twenties	male_masculine			sr	
e5e878317f52e7681b0132a2322e0ff8a495e188484ff22bb3cd3dc4c5654235147d8de4d00a529d4206c3908608c95ec3b1f0719bf31725b3a3fa3ead3c9903	common_voice_sr_38537442.mp3	d10e442b722df2fa32ad90661cacc7f7282b22f1d285ce4ee319475afa81e0b5	Слабе државе никада нису биле економски развијене.		2	0	twenties	male_masculine			sr	
e5e878317f52e7681b0132a2322e0ff8a495e188484ff22bb3cd3dc4c5654235147d8de4d00a529d4206c3908608c95ec3b1f0719bf31725b3a3fa3ead3c9903	common_voice_sr_38537456.mp3	8860de25bc1c880a77762add97bf991894fc1b03f9b0575cc5e73ae160b4f5a7	Па, каква је?		2	0	twenties	male_masculine			sr	
e5e878317f52e7681b0132a2322e0ff8a495e188484ff22bb3cd3dc4c5654235147d8de4d00a529d4206c3908608c95ec3b1f0719bf31725b3a3fa3ead3c9903	common_voice_sr_38537457.mp3	98d9d91ced6b6a126d10bbef6986996c0ee911b91c90802c2a8b0ccae104dba6	А шта то.		2	0	twenties	male_masculine			sr	
e5e878317f52e7681b0132a2322e0ff8a495e188484ff22bb3cd3dc4c5654235147d8de4d00a529d4206c3908608c95ec3b1f0719bf31725b3a3fa3ead3c9903	common_voice_sr_38537460.mp3	83960b7f35de159e2e9b98b7c1d7feb0a95f5638e86ccf8cd8578508df29fa3d	Ми као пар.		2	0	twenties	male_masculine			sr	
e5e878317f52e7681b0132a2322e0ff8a495e188484ff22bb3cd3dc4c5654235147d8de4d00a529d4206c3908608c95ec3b1f0719bf31725b3a3fa3ead3c9903	common_voice_sr_38537465.mp3	8fd3b10fc0690a3de2d9810cf5ddee0ab860e24766c4e9da76719564c82406b4	А, тако је!		2	0	twenties	male_masculine			sr	
e5e878317f52e7681b0132a2322e0ff8a495e188484ff22bb3cd3dc4c5654235147d8de4d00a529d4206c3908608c95ec3b1f0719bf31725b3a3fa3ead3c9903	common_voice_sr_38537466.mp3	923783abc523ff559161e0ed908bc59a22d4f3f74722eaad9b80282310318512	Не знам што?		2	0	twenties	male_masculine			sr	
e5e878317f52e7681b0132a2322e0ff8a495e188484ff22bb3cd3dc4c5654235147d8de4d00a529d4206c3908608c95ec3b1f0719bf31725b3a3fa3ead3c9903	common_voice_sr_38537472.mp3	9932913118be9a7824dc22dfc5b6c06fa9f9d938fb7a2acdbe6bb203e2f045a6	Ма, тако је!		2	0	twenties	male_masculine			sr	
e5e878317f52e7681b0132a2322e0ff8a495e188484ff22bb3cd3dc4c5654235147d8de4d00a529d4206c3908608c95ec3b1f0719bf31725b3a3fa3ead3c9903	common_voice_sr_38537473.mp3	944f5f852506ea7b0f813deaab6b7525ad354dfa821e8b5ca035830b80f9278c	И на крају?		2	0	twenties	male_masculine			sr	
e5e878317f52e7681b0132a2322e0ff8a495e188484ff22bb3cd3dc4c5654235147d8de4d00a529d4206c3908608c95ec3b1f0719bf31725b3a3fa3ead3c9903	common_voice_sr_38537474.mp3	9975afd5f0440da73f31b0f5228bcf1efb4721bce0a305cfa094fc3305bb6d91	Ма само једно.		2	0	twenties	male_masculine			sr	
e5e878317f52e7681b0132a2322e0ff8a495e188484ff22bb3cd3dc4c5654235147d8de4d00a529d4206c3908608c95ec3b1f0719bf31725b3a3fa3ead3c9903	common_voice_sr_38537476.mp3	9bae5f469ea2db5b211efc3c49513af7c95dd58d62e83d871237b1ff2aa7b8d6	То је лепо?		2	0	twenties	male_masculine			sr	
e5e878317f52e7681b0132a2322e0ff8a495e188484ff22bb3cd3dc4c5654235147d8de4d00a529d4206c3908608c95ec3b1f0719bf31725b3a3fa3ead3c9903	common_voice_sr_38537483.mp3	cf650ebf59ebec314ec628bd23c30b622f358f95efa7e90758fdfc8d63a51b0d	За дипломатију су потребни стрпљење и вријеме.		2	0	twenties	male_masculine			sr	
e5e878317f52e7681b0132a2322e0ff8a495e188484ff22bb3cd3dc4c5654235147d8de4d00a529d4206c3908608c95ec3b1f0719bf31725b3a3fa3ead3c9903	common_voice_sr_38537485.mp3	945eb924919c794273292b7f8751412f68d76a0664897e3877d197ba7ee53219	У камено доба.		2	0	twenties	male_masculine			sr	
e5e878317f52e7681b0132a2322e0ff8a495e188484ff22bb3cd3dc4c5654235147d8de4d00a529d4206c3908608c95ec3b1f0719bf31725b3a3fa3ead3c9903	common_voice_sr_38537487.mp3	4fd594a403a4c0a4b2f8fa9e375b52f9000a00b0c1ae8e577d13ee71f4746826	Овај несретан случај ју је спријечио у томе.		2	0	twenties	male_masculine			sr	
e5e878317f52e7681b0132a2322e0ff8a495e188484ff22bb3cd3dc4c5654235147d8de4d00a529d4206c3908608c95ec3b1f0719bf31725b3a3fa3ead3c9903	common_voice_sr_38537490.mp3	9706d0288f813e071036141abc95e6986833cb040ae6d44005ecc8f880e081f1	Што се сада дешава?		2	0	twenties	male_masculine			sr	
e5e878317f52e7681b0132a2322e0ff8a495e188484ff22bb3cd3dc4c5654235147d8de4d00a529d4206c3908608c95ec3b1f0719bf31725b3a3fa3ead3c9903	common_voice_sr_38537491.mp3	88d262f7760f1c6422eb6fc7ed708e319b73201fca4d1636d87f84d107eb59e0	У мору је.		2	0	twenties	male_masculine			sr	
e5e878317f52e7681b0132a2322e0ff8a495e188484ff22bb3cd3dc4c5654235147d8de4d00a529d4206c3908608c95ec3b1f0719bf31725b3a3fa3ead3c9903	common_voice_sr_38537499.mp3	99cd9816fd18e8d01a28e8b3359cc978f173d945c317ad9db74d97d8347833e1	Неки сматрају да је то последица застареле опреме.		2	0	twenties	male_masculine			sr	
e5e878317f52e7681b0132a2322e0ff8a495e188484ff22bb3cd3dc4c5654235147d8de4d00a529d4206c3908608c95ec3b1f0719bf31725b3a3fa3ead3c9903	common_voice_sr_38537500.mp3	8880fb2cbc52d6e56a88461727a9721a079029f7cde0c92333ed10214c0cf77e	Мислим да је!		2	0	twenties	male_masculine			sr	
e5e878317f52e7681b0132a2322e0ff8a495e188484ff22bb3cd3dc4c5654235147d8de4d00a529d4206c3908608c95ec3b1f0719bf31725b3a3fa3ead3c9903	common_voice_sr_38537508.mp3	9a7198ff65dbd28aaa6915c8852e3957e6926168ca6b95eacdf804cdbdbfeadf	То не можеш.		2	0	twenties	male_masculine			sr	
e5e878317f52e7681b0132a2322e0ff8a495e188484ff22bb3cd3dc4c5654235147d8de4d00a529d4206c3908608c95ec3b1f0719bf31725b3a3fa3ead3c9903	common_voice_sr_38537512.mp3	932c1069d72ee6e9128b2845194ac71971077d5ebdaff9ff78362b96fbb01999	Мислим да то није у реду.		2	0	twenties	male_masculine			sr	
e5e878317f52e7681b0132a2322e0ff8a495e188484ff22bb3cd3dc4c5654235147d8de4d00a529d4206c3908608c95ec3b1f0719bf31725b3a3fa3ead3c9903	common_voice_sr_38537514.mp3	8c37866293b364d72b22921a84e2447834315920172cfcd45b58bc597fe5b700	О да, јест.		2	0	twenties	male_masculine			sr	
e5e878317f52e7681b0132a2322e0ff8a495e188484ff22bb3cd3dc4c5654235147d8de4d00a529d4206c3908608c95ec3b1f0719bf31725b3a3fa3ead3c9903	common_voice_sr_38537515.mp3	95c4a5fa3c5b3d33428d109281be8f49bb0c8872c9f80d9c471325bbab18da3d	Као и жена.		2	0	twenties	male_masculine			sr	
e5e878317f52e7681b0132a2322e0ff8a495e188484ff22bb3cd3dc4c5654235147d8de4d00a529d4206c3908608c95ec3b1f0719bf31725b3a3fa3ead3c9903	common_voice_sr_38537519.mp3	95a5e462a9af9eed3abe3ebb8f4d237da3a40ea5a9b00a5e601daf746213359e	Него што је!		2	0	twenties	male_masculine			sr	
e5e878317f52e7681b0132a2322e0ff8a495e188484ff22bb3cd3dc4c5654235147d8de4d00a529d4206c3908608c95ec3b1f0719bf31725b3a3fa3ead3c9903	common_voice_sr_38537521.mp3	8a85dd7450246e80c8c4ecb97f48ab886d19a1a70b7012b36d1a58f92ba9d209	То је питање?		2	0	twenties	male_masculine			sr	
e5e878317f52e7681b0132a2322e0ff8a495e188484ff22bb3cd3dc4c5654235147d8de4d00a529d4206c3908608c95ec3b1f0719bf31725b3a3fa3ead3c9903	common_voice_sr_38537527.mp3	99cba6a85a9c046bf70aa3002ecad10c6405546e6875a92212319575ed136311	Не знам што!		2	0	twenties	male_masculine			sr	
e5e878317f52e7681b0132a2322e0ff8a495e188484ff22bb3cd3dc4c5654235147d8de4d00a529d4206c3908608c95ec3b1f0719bf31725b3a3fa3ead3c9903	common_voice_sr_38537529.mp3	94e6d3f10801f1682ebb1f85831f476a48473159025cfd329f2704bed7cd6ea9	А то је истина.		2	0	twenties	male_masculine			sr	
e5e878317f52e7681b0132a2322e0ff8a495e188484ff22bb3cd3dc4c5654235147d8de4d00a529d4206c3908608c95ec3b1f0719bf31725b3a3fa3ead3c9903	common_voice_sr_38537532.mp3	63ad1dcd298efc7ad67c3e00adf1334218f527e4541c1418728ea13466d80ef3	Ти и сви.		2	0	twenties	male_masculine			sr	
e5e878317f52e7681b0132a2322e0ff8a495e188484ff22bb3cd3dc4c5654235147d8de4d00a529d4206c3908608c95ec3b1f0719bf31725b3a3fa3ead3c9903	common_voice_sr_38537539.mp3	3448e07dd07c8fed6887f667dee6545509c2a2fae5f98f32ca1297e322ff689e	Написао сам књигу прелијепим рукописом.		2	0	twenties	male_masculine			sr	
e5e878317f52e7681b0132a2322e0ff8a495e188484ff22bb3cd3dc4c5654235147d8de4d00a529d4206c3908608c95ec3b1f0719bf31725b3a3fa3ead3c9903	common_voice_sr_38537542.mp3	897c731f189c2194cd8408833d833420e65a4efa5ae5101d4bf7dc38305c37a2	А која не?		2	0	twenties	male_masculine			sr	
e5e878317f52e7681b0132a2322e0ff8a495e188484ff22bb3cd3dc4c5654235147d8de4d00a529d4206c3908608c95ec3b1f0719bf31725b3a3fa3ead3c9903	common_voice_sr_38537543.mp3	8c101406aabf666276ccd7bb128eaf9c8316b214dc4f1da3f845b09c2f1c3e8b	Нова у граду?		2	0	twenties	male_masculine			sr	
c20cb0c0edb9cd9c40b412766f5b5d9a615df054ef83c7e998ab1c7cda8439b2565e7c784a0c81bf0eb074ee766f909ff38e1389881809fcac8373069a1a0f58	common_voice_sr_27751805.mp3	9518a8f89ab3631a3340d1dd0097d4caa6d9183924d06de84ceb325f4e6628eb	У кући је.		2	0	twenties	female_feminine			sr	
c20cb0c0edb9cd9c40b412766f5b5d9a615df054ef83c7e998ab1c7cda8439b2565e7c784a0c81bf0eb074ee766f909ff38e1389881809fcac8373069a1a0f58	common_voice_sr_27751812.mp3	90664326dabf6f2d61eec20bdc299f15f4fced9fd220f7eb62545b3e5e2ebc91	То је лепо.		2	1	twenties	female_feminine			sr	
c20cb0c0edb9cd9c40b412766f5b5d9a615df054ef83c7e998ab1c7cda8439b2565e7c784a0c81bf0eb074ee766f909ff38e1389881809fcac8373069a1a0f58	common_voice_sr_27751821.mp3	906e691cff9e2fe56639518d272defa61ff362298cabc02b87fa6ae7931519b5	Е, где си?		2	0	twenties	female_feminine			sr	
c20cb0c0edb9cd9c40b412766f5b5d9a615df054ef83c7e998ab1c7cda8439b2565e7c784a0c81bf0eb074ee766f909ff38e1389881809fcac8373069a1a0f58	common_voice_sr_27751831.mp3	923c23152f80357ed42d8bdce915f1b0b937c1d96f6bb83894f4a31626fc8ed0	Као да је.		2	1	twenties	female_feminine			sr	
c20cb0c0edb9cd9c40b412766f5b5d9a615df054ef83c7e998ab1c7cda8439b2565e7c784a0c81bf0eb074ee766f909ff38e1389881809fcac8373069a1a0f58	common_voice_sr_27751838.mp3	94d470477fc6037d1b8bc3eadd245a23af0cda2a6559925afc5c21bf54da3c51	Кренуо је кући.		2	0	twenties	female_feminine			sr	
c20cb0c0edb9cd9c40b412766f5b5d9a615df054ef83c7e998ab1c7cda8439b2565e7c784a0c81bf0eb074ee766f909ff38e1389881809fcac8373069a1a0f58	common_voice_sr_27751840.mp3	723187b939c8f5cf297385e4ab6119a0c2bec2aca7402dd20f25b90deb0d03e6	А, ако не?		2	0	twenties	female_feminine			sr	
c20cb0c0edb9cd9c40b412766f5b5d9a615df054ef83c7e998ab1c7cda8439b2565e7c784a0c81bf0eb074ee766f909ff38e1389881809fcac8373069a1a0f58	common_voice_sr_27751842.mp3	89907387881414d29a4112a66b04a8008952167f4fb23409469ac49dabe96e59	Не знам о?		2	1	twenties	female_feminine			sr	
c20cb0c0edb9cd9c40b412766f5b5d9a615df054ef83c7e998ab1c7cda8439b2565e7c784a0c81bf0eb074ee766f909ff38e1389881809fcac8373069a1a0f58	common_voice_sr_27751851.mp3	9368d1f2b1f4ee9a83f8d478fe9f56c5d97846382c84e7b86c5b0c62ddc9b0db	А, не не.		2	0	twenties	female_feminine			sr	
c20cb0c0edb9cd9c40b412766f5b5d9a615df054ef83c7e998ab1c7cda8439b2565e7c784a0c81bf0eb074ee766f909ff38e1389881809fcac8373069a1a0f58	common_voice_sr_27751852.mp3	91a3d32a8d2e797c316e657b07a6022e5c7151c8497c95381afb2a45ad9ac8bf	Двадесет и три.		2	0	twenties	female_feminine			sr	
c20cb0c0edb9cd9c40b412766f5b5d9a615df054ef83c7e998ab1c7cda8439b2565e7c784a0c81bf0eb074ee766f909ff38e1389881809fcac8373069a1a0f58	common_voice_sr_27781216.mp3	911ef2d563993ec6eed768083c9e4dbee42c0eded26fef1e3681d761d7687258	И на крају!		2	0	twenties	female_feminine			sr	
c20cb0c0edb9cd9c40b412766f5b5d9a615df054ef83c7e998ab1c7cda8439b2565e7c784a0c81bf0eb074ee766f909ff38e1389881809fcac8373069a1a0f58	common_voice_sr_27781221.mp3	88545da5c1344dd1b2b4736794193e29c4ed9fcd31df02f4d7c76c2e1e9db40d	То је велики успех.		2	0	twenties	female_feminine			sr	
c20cb0c0edb9cd9c40b412766f5b5d9a615df054ef83c7e998ab1c7cda8439b2565e7c784a0c81bf0eb074ee766f909ff38e1389881809fcac8373069a1a0f58	common_voice_sr_27781223.mp3	8ef9dfa1996e0d3c665307e423b54bb4ee8e369aa8fc03bd7190e798c42df983	И не бих.		2	0	twenties	female_feminine			sr	
c20cb0c0edb9cd9c40b412766f5b5d9a615df054ef83c7e998ab1c7cda8439b2565e7c784a0c81bf0eb074ee766f909ff38e1389881809fcac8373069a1a0f58	common_voice_sr_27781226.mp3	8b4dbf6ecda9bb866f9f0fc2b340ab11cc75d7f35edbaab21ec8a177a5ceb1e3	Не умем ништа.		2	0	twenties	female_feminine			sr	
c20cb0c0edb9cd9c40b412766f5b5d9a615df054ef83c7e998ab1c7cda8439b2565e7c784a0c81bf0eb074ee766f909ff38e1389881809fcac8373069a1a0f58	common_voice_sr_27781229.mp3	93acc9d1e2ce5b43bc144c46b6e355f6e296e131ebe6715082fb3f94eefb55ff	То је могуће.		2	1	twenties	female_feminine			sr	
c20cb0c0edb9cd9c40b412766f5b5d9a615df054ef83c7e998ab1c7cda8439b2565e7c784a0c81bf0eb074ee766f909ff38e1389881809fcac8373069a1a0f58	common_voice_sr_27781231.mp3	8e4761f7050d409664e4223e407a2123ab025dea1cbd2a9c06ceff14bb693547	А, не знам.		2	0	twenties	female_feminine			sr	
c20cb0c0edb9cd9c40b412766f5b5d9a615df054ef83c7e998ab1c7cda8439b2565e7c784a0c81bf0eb074ee766f909ff38e1389881809fcac8373069a1a0f58	common_voice_sr_27781234.mp3	94b976ca365befd261faf1f628eb6ddbb6f4a1ce920e5d96f9ec79d0637f55be	Не могу да издржим.		2	0	twenties	female_feminine			sr	
c20cb0c0edb9cd9c40b412766f5b5d9a615df054ef83c7e998ab1c7cda8439b2565e7c784a0c81bf0eb074ee766f909ff38e1389881809fcac8373069a1a0f58	common_voice_sr_27781237.mp3	8744c2e4656a9beb11e58927743863f55892b31b4482ffb64f97163bb0ba0f6a	Тешки метали имају деструктиван утицај на здравље људи.		2	0	twenties	female_feminine			sr	
c20cb0c0edb9cd9c40b412766f5b5d9a615df054ef83c7e998ab1c7cda8439b2565e7c784a0c81bf0eb074ee766f909ff38e1389881809fcac8373069a1a0f58	common_voice_sr_27781238.mp3	695fcf05c1a7ebc2505fac89b28f3202ad698cfa7ea54979dc7bce19934dd588	Да, не претеруј.		2	0	twenties	female_feminine			sr	
c20cb0c0edb9cd9c40b412766f5b5d9a615df054ef83c7e998ab1c7cda8439b2565e7c784a0c81bf0eb074ee766f909ff38e1389881809fcac8373069a1a0f58	common_voice_sr_27781240.mp3	92e1adbdf57437df843c33402724b1a14649af97754d2e728d02919a6fdd1cee	И са стране.		2	0	twenties	female_feminine			sr	
c20cb0c0edb9cd9c40b412766f5b5d9a615df054ef83c7e998ab1c7cda8439b2565e7c784a0c81bf0eb074ee766f909ff38e1389881809fcac8373069a1a0f58	common_voice_sr_27781241.mp3	961a09f7de349949975dd13148a5523c01c44f1f6dbbc29a1836529b51c6f70d	Ма, молим те.		2	0	twenties	female_feminine			sr	
c20cb0c0edb9cd9c40b412766f5b5d9a615df054ef83c7e998ab1c7cda8439b2565e7c784a0c81bf0eb074ee766f909ff38e1389881809fcac8373069a1a0f58	common_voice_sr_27781247.mp3	8e01dbf1832e56bceacd4648b531f6ec0a8cad44ba7ebfb3859adc7031fd0553	Ћу се вратити.		2	0	twenties	female_feminine			sr	
c20cb0c0edb9cd9c40b412766f5b5d9a615df054ef83c7e998ab1c7cda8439b2565e7c784a0c81bf0eb074ee766f909ff38e1389881809fcac8373069a1a0f58	common_voice_sr_27781260.mp3	79de91eeb8c9c69ab43815a77a931f5f6961374588b046d3dc214225efebb9e2	А шта да ради?		2	0	twenties	female_feminine			sr	
c20cb0c0edb9cd9c40b412766f5b5d9a615df054ef83c7e998ab1c7cda8439b2565e7c784a0c81bf0eb074ee766f909ff38e1389881809fcac8373069a1a0f58	common_voice_sr_27781265.mp3	97a3d8bab2081902168dea4fb885c3dff41693fdd0544c28d7933d1f44aea146	Да је он.		2	0	twenties	female_feminine			sr	
c20cb0c0edb9cd9c40b412766f5b5d9a615df054ef83c7e998ab1c7cda8439b2565e7c784a0c81bf0eb074ee766f909ff38e1389881809fcac8373069a1a0f58	common_voice_sr_27781266.mp3	78775e0fa6836231b8468d05eeb49375c93b90036c134e86c3c7244ff9bfeddd	Што је још?		2	0	twenties	female_feminine			sr	
c20cb0c0edb9cd9c40b412766f5b5d9a615df054ef83c7e998ab1c7cda8439b2565e7c784a0c81bf0eb074ee766f909ff38e1389881809fcac8373069a1a0f58	common_voice_sr_27781268.mp3	8d255e0d174e03c6007b435f179aea45827501b7db9c81b1522ea4d698b2d7b0	А не ви.		2	0	twenties	female_feminine			sr	
c20cb0c0edb9cd9c40b412766f5b5d9a615df054ef83c7e998ab1c7cda8439b2565e7c784a0c81bf0eb074ee766f909ff38e1389881809fcac8373069a1a0f58	common_voice_sr_27781269.mp3	987da44d86da0cc0eb51bd01e29233d6c9ce9c254a33dd7368cfb47cc109cb3a	Па, како смо?		2	0	twenties	female_feminine			sr	
c20cb0c0edb9cd9c40b412766f5b5d9a615df054ef83c7e998ab1c7cda8439b2565e7c784a0c81bf0eb074ee766f909ff38e1389881809fcac8373069a1a0f58	common_voice_sr_27781271.mp3	83f73524ffe8645a28e473424b7db2d719b996ac2bba4c9fae4eff920c070b56	А то не!		2	0	twenties	female_feminine			sr	
c20cb0c0edb9cd9c40b412766f5b5d9a615df054ef83c7e998ab1c7cda8439b2565e7c784a0c81bf0eb074ee766f909ff38e1389881809fcac8373069a1a0f58	common_voice_sr_27781272.mp3	87802d8c19de20eaf6cfadfb63fa4f2391ec63a597201c7f109a318422162ad0	Нисам потпуно свестан да смо победили.		2	0	twenties	female_feminine			sr	
c20cb0c0edb9cd9c40b412766f5b5d9a615df054ef83c7e998ab1c7cda8439b2565e7c784a0c81bf0eb074ee766f909ff38e1389881809fcac8373069a1a0f58	common_voice_sr_27781278.mp3	54bd42d4e5e893ed184fe78728eb708a0e8cd1e47aaab488c520084ff31ffd9d	О, о, о.		2	0	twenties	female_feminine			sr	
c20cb0c0edb9cd9c40b412766f5b5d9a615df054ef83c7e998ab1c7cda8439b2565e7c784a0c81bf0eb074ee766f909ff38e1389881809fcac8373069a1a0f58	common_voice_sr_27781282.mp3	7a5c1a31ec43e4007a63f0dc2de0a5546ff0d4344a4a4d235ce429d2076955e3	То ли је?		2	0	twenties	female_feminine			sr	
c20cb0c0edb9cd9c40b412766f5b5d9a615df054ef83c7e998ab1c7cda8439b2565e7c784a0c81bf0eb074ee766f909ff38e1389881809fcac8373069a1a0f58	common_voice_sr_27781284.mp3	925da369821f329314330c35dced05371b971f69e7ea312ff473515ad7e49da7	Колико је стар?		2	0	twenties	female_feminine			sr	
c20cb0c0edb9cd9c40b412766f5b5d9a615df054ef83c7e998ab1c7cda8439b2565e7c784a0c81bf0eb074ee766f909ff38e1389881809fcac8373069a1a0f58	common_voice_sr_27781286.mp3	951be3510eba1ba7cb1cc0a78ef833d8ed14378480cafad6043ab90ce72cb1a4	А у мене?		2	0	twenties	female_feminine			sr	
c20cb0c0edb9cd9c40b412766f5b5d9a615df054ef83c7e998ab1c7cda8439b2565e7c784a0c81bf0eb074ee766f909ff38e1389881809fcac8373069a1a0f58	common_voice_sr_27781294.mp3	933ce17fb415058c4bccb5f5a45254a5ad929c96931e9791262360201c2c02fa	Станите молим вас!		2	0	twenties	female_feminine			sr	
c20cb0c0edb9cd9c40b412766f5b5d9a615df054ef83c7e998ab1c7cda8439b2565e7c784a0c81bf0eb074ee766f909ff38e1389881809fcac8373069a1a0f58	common_voice_sr_27781296.mp3	99771013ca1fcf259a831fdc7c6a9d21fe93faea63f79ac6eaf097c685852aa1	Не знам, ко?		2	0	twenties	female_feminine			sr	
c20cb0c0edb9cd9c40b412766f5b5d9a615df054ef83c7e998ab1c7cda8439b2565e7c784a0c81bf0eb074ee766f909ff38e1389881809fcac8373069a1a0f58	common_voice_sr_27781300.mp3	96af9012d78332a074b4f315b85d4584bab78c497fbf915c6a08a252e2cfa4a7	Он се гуши.		2	0	twenties	female_feminine			sr	
c20cb0c0edb9cd9c40b412766f5b5d9a615df054ef83c7e998ab1c7cda8439b2565e7c784a0c81bf0eb074ee766f909ff38e1389881809fcac8373069a1a0f58	common_voice_sr_27781301.mp3	71a71b93461a0b9d0dfc25fe8e7de2940e5ce59bcba0c1ca43fb3f7bf0c1badb	Не би ти.		2	0	twenties	female_feminine			sr	
c20cb0c0edb9cd9c40b412766f5b5d9a615df054ef83c7e998ab1c7cda8439b2565e7c784a0c81bf0eb074ee766f909ff38e1389881809fcac8373069a1a0f58	common_voice_sr_27781302.mp3	97a49cc4578d5c4072f67c1dae14a33bf2bbd45ba70001f787a2efd86b354b91	Овоме и ономе.		2	0	twenties	female_feminine			sr	
c20cb0c0edb9cd9c40b412766f5b5d9a615df054ef83c7e998ab1c7cda8439b2565e7c784a0c81bf0eb074ee766f909ff38e1389881809fcac8373069a1a0f58	common_voice_sr_27781303.mp3	8d635bee2c4be0b37286b6d3fcab5602c92fe948c0b9e281ef67f61ec580d49c	Имамо само два.		2	0	twenties	female_feminine			sr	
c20cb0c0edb9cd9c40b412766f5b5d9a615df054ef83c7e998ab1c7cda8439b2565e7c784a0c81bf0eb074ee766f909ff38e1389881809fcac8373069a1a0f58	common_voice_sr_27781308.mp3	8d7b58a54db705df59eef8c3615ff711ff8f320d23fa5264bd1936883ff95f50	Па кажи ми.		2	0	twenties	female_feminine			sr	
c20cb0c0edb9cd9c40b412766f5b5d9a615df054ef83c7e998ab1c7cda8439b2565e7c784a0c81bf0eb074ee766f909ff38e1389881809fcac8373069a1a0f58	common_voice_sr_27781312.mp3	7e465605e8c814e627644921301a6d730a96ab7383f9838ec40e9be3471c5622	А зашто би?		2	1	twenties	female_feminine			sr	
c20cb0c0edb9cd9c40b412766f5b5d9a615df054ef83c7e998ab1c7cda8439b2565e7c784a0c81bf0eb074ee766f909ff38e1389881809fcac8373069a1a0f58	common_voice_sr_27781314.mp3	7d4af0e01d06ca8cff51f7536a66691f14b5fb9cf410f63f2bee80166bcacd6e	Све је добро.		2	0	twenties	female_feminine			sr	
c20cb0c0edb9cd9c40b412766f5b5d9a615df054ef83c7e998ab1c7cda8439b2565e7c784a0c81bf0eb074ee766f909ff38e1389881809fcac8373069a1a0f58	common_voice_sr_27781315.mp3	8188fb5eff6f7b8a4d97d36dfa431c9042a68741fc63567ed47243e97ba5a1bc	Да, овамо, овамо.		2	0	twenties	female_feminine			sr	
c20cb0c0edb9cd9c40b412766f5b5d9a615df054ef83c7e998ab1c7cda8439b2565e7c784a0c81bf0eb074ee766f909ff38e1389881809fcac8373069a1a0f58	common_voice_sr_27781317.mp3	996c8a6bd73a333d2e8e2eb8853adbde9da21b2921e5f3940cd1e0012a94835c	Удаљени једни од других.		2	0	twenties	female_feminine			sr	
c20cb0c0edb9cd9c40b412766f5b5d9a615df054ef83c7e998ab1c7cda8439b2565e7c784a0c81bf0eb074ee766f909ff38e1389881809fcac8373069a1a0f58	common_voice_sr_27781322.mp3	91158e08a1e7461b9e639296b4c16f21fc48e34e51a94d723bfa30e1d0e05604	А тај је?		2	0	twenties	female_feminine			sr	
c20cb0c0edb9cd9c40b412766f5b5d9a615df054ef83c7e998ab1c7cda8439b2565e7c784a0c81bf0eb074ee766f909ff38e1389881809fcac8373069a1a0f58	common_voice_sr_27781323.mp3	7a4429b6b2039dc8929d1c675d14ecc740de9e4f4598881b5e3a5b59a9bf7064	А не, не.		2	0	twenties	female_feminine			sr	
c20cb0c0edb9cd9c40b412766f5b5d9a615df054ef83c7e998ab1c7cda8439b2565e7c784a0c81bf0eb074ee766f909ff38e1389881809fcac8373069a1a0f58	common_voice_sr_27781327.mp3	734707f5e756823695c5ed1af4c24e21d4e6e2ccd111e8f79d3b64c91cb1a716	Како одговарате на то?		2	0	twenties	female_feminine			sr	
c20cb0c0edb9cd9c40b412766f5b5d9a615df054ef83c7e998ab1c7cda8439b2565e7c784a0c81bf0eb074ee766f909ff38e1389881809fcac8373069a1a0f58	common_voice_sr_27781328.mp3	8e6833c6a6d2752e4df207d0523692e69491637d1812fa15a2fccddedefc3610	Шта то зна?		2	0	twenties	female_feminine			sr	
c20cb0c0edb9cd9c40b412766f5b5d9a615df054ef83c7e998ab1c7cda8439b2565e7c784a0c81bf0eb074ee766f909ff38e1389881809fcac8373069a1a0f58	common_voice_sr_27781339.mp3	999eaf17a0549a134e2f4fe34e8f9bc9db8a93368357ea17a0ee28daa24b6ab6	Она повећава глобалне здравствене ризике.		2	0	twenties	female_feminine			sr	
c20cb0c0edb9cd9c40b412766f5b5d9a615df054ef83c7e998ab1c7cda8439b2565e7c784a0c81bf0eb074ee766f909ff38e1389881809fcac8373069a1a0f58	common_voice_sr_27781340.mp3	71ddc314fddad14233c0eda5701d2ab20801c9f0cd26d70be4f146ea133d9b6e	Лепо јој стоји.		2	0	twenties	female_feminine			sr	
c20cb0c0edb9cd9c40b412766f5b5d9a615df054ef83c7e998ab1c7cda8439b2565e7c784a0c81bf0eb074ee766f909ff38e1389881809fcac8373069a1a0f58	common_voice_sr_27781343.mp3	9974f6bf024f4da0a51894405704d8803d8fc1e3a1063e9c6b3185ff86a0abff	Ти си та?		2	0	twenties	female_feminine			sr	
c20cb0c0edb9cd9c40b412766f5b5d9a615df054ef83c7e998ab1c7cda8439b2565e7c784a0c81bf0eb074ee766f909ff38e1389881809fcac8373069a1a0f58	common_voice_sr_27781344.mp3	90e4a133294589d041104919aef0bccda732f0b731b4f18d49679a86d4386cb9	Пре неколико година?		2	0	twenties	female_feminine			sr	
c20cb0c0edb9cd9c40b412766f5b5d9a615df054ef83c7e998ab1c7cda8439b2565e7c784a0c81bf0eb074ee766f909ff38e1389881809fcac8373069a1a0f58	common_voice_sr_27781346.mp3	97b0e0dac0b1f79676c2ddf9739fdafc75b0e77ae00230477d25db11c875ece9	Је ли тако!		2	0	twenties	female_feminine			sr	
c20cb0c0edb9cd9c40b412766f5b5d9a615df054ef83c7e998ab1c7cda8439b2565e7c784a0c81bf0eb074ee766f909ff38e1389881809fcac8373069a1a0f58	common_voice_sr_27781347.mp3	9a3e21e55609a92d7c9d858864fa71cf5af6b05aebe6ef687d1224e696b6ff26	А има још.		2	0	twenties	female_feminine			sr	
c20cb0c0edb9cd9c40b412766f5b5d9a615df054ef83c7e998ab1c7cda8439b2565e7c784a0c81bf0eb074ee766f909ff38e1389881809fcac8373069a1a0f58	common_voice_sr_27781348.mp3	91b0b5f56063f4a83ba439c7ca8255c18394669d2f5d2004edd8c1f24b593958	У мојој кући?		2	0	twenties	female_feminine			sr	
c20cb0c0edb9cd9c40b412766f5b5d9a615df054ef83c7e998ab1c7cda8439b2565e7c784a0c81bf0eb074ee766f909ff38e1389881809fcac8373069a1a0f58	common_voice_sr_27781351.mp3	6ff852a26363e3b82c89b727441655e4b4b6dc91eeb5ac02e72e6f05dced05a4	Ипак, није увек било тако.		2	0	twenties	female_feminine			sr	
c20cb0c0edb9cd9c40b412766f5b5d9a615df054ef83c7e998ab1c7cda8439b2565e7c784a0c81bf0eb074ee766f909ff38e1389881809fcac8373069a1a0f58	common_voice_sr_27781355.mp3	902ebd4f9b928aff44c8f22295458ad0ffbfca7126e08d33066b4ce1880f2f57	Из разних крајева.		2	0	twenties	female_feminine			sr	
c20cb0c0edb9cd9c40b412766f5b5d9a615df054ef83c7e998ab1c7cda8439b2565e7c784a0c81bf0eb074ee766f909ff38e1389881809fcac8373069a1a0f58	common_voice_sr_27781357.mp3	97f371adfbf0cd864d3f1d2b4de354f7402a63431edcc6d0574ef9e14368f798	И за мене?		2	0	twenties	female_feminine			sr	
c20cb0c0edb9cd9c40b412766f5b5d9a615df054ef83c7e998ab1c7cda8439b2565e7c784a0c81bf0eb074ee766f909ff38e1389881809fcac8373069a1a0f58	common_voice_sr_27781360.mp3	8fd462404aaaa810027ca01d0815c01ca3ad8e8680f17058eb0d0a2894a2dff2	То је боље?		2	0	twenties	female_feminine			sr	
c20cb0c0edb9cd9c40b412766f5b5d9a615df054ef83c7e998ab1c7cda8439b2565e7c784a0c81bf0eb074ee766f909ff38e1389881809fcac8373069a1a0f58	common_voice_sr_27781361.mp3	9bc36c02d26669f2f622c328f5b975723fbafd872480c75c5b06426f2144d663	Не разумем то?		2	0	twenties	female_feminine			sr	
c20cb0c0edb9cd9c40b412766f5b5d9a615df054ef83c7e998ab1c7cda8439b2565e7c784a0c81bf0eb074ee766f909ff38e1389881809fcac8373069a1a0f58	common_voice_sr_27781365.mp3	8335f7fef3550c6092a2fc48fe4b4a4b2dade680d62d055e693b828437d56392	Велика вам хвала.		2	0	twenties	female_feminine			sr	
c20cb0c0edb9cd9c40b412766f5b5d9a615df054ef83c7e998ab1c7cda8439b2565e7c784a0c81bf0eb074ee766f909ff38e1389881809fcac8373069a1a0f58	common_voice_sr_27781371.mp3	92586e60ed0c7622d860d8562c04d56e5527a73cc6408b65397359b078c71d26	Вучитрн је јединствен пример.		2	0	twenties	female_feminine			sr	
c20cb0c0edb9cd9c40b412766f5b5d9a615df054ef83c7e998ab1c7cda8439b2565e7c784a0c81bf0eb074ee766f909ff38e1389881809fcac8373069a1a0f58	common_voice_sr_27781372.mp3	805cd2e70314e57df5bbd7c96af4038c439e84309ae28babaa4cd82556ccf977	Врт на фарми.		2	0	twenties	female_feminine			sr	
c20cb0c0edb9cd9c40b412766f5b5d9a615df054ef83c7e998ab1c7cda8439b2565e7c784a0c81bf0eb074ee766f909ff38e1389881809fcac8373069a1a0f58	common_voice_sr_27781373.mp3	9bc66c0c9add9bd4df9944d6a221029efbecc8d07eff43436f797930ff3e0d36	Биће то њено друго појављивање на том такмичењу.		2	0	twenties	female_feminine			sr	
c20cb0c0edb9cd9c40b412766f5b5d9a615df054ef83c7e998ab1c7cda8439b2565e7c784a0c81bf0eb074ee766f909ff38e1389881809fcac8373069a1a0f58	common_voice_sr_27781374.mp3	92f2e8d17c1944127186d1f5b203a12543a74a35a2f89515d26329a935769d40	О, ти си!		2	0	twenties	female_feminine			sr	
c20cb0c0edb9cd9c40b412766f5b5d9a615df054ef83c7e998ab1c7cda8439b2565e7c784a0c81bf0eb074ee766f909ff38e1389881809fcac8373069a1a0f58	common_voice_sr_27781375.mp3	99142387d4d083398a1cfde2a9e48276c60ff3966b91da738ce92f1be2bc739f	Не могу тако.		2	0	twenties	female_feminine			sr	
c20cb0c0edb9cd9c40b412766f5b5d9a615df054ef83c7e998ab1c7cda8439b2565e7c784a0c81bf0eb074ee766f909ff38e1389881809fcac8373069a1a0f58	common_voice_sr_27781376.mp3	95a6288b301255f30fd75bb82a491eded3429ad6da3d68438fa8027a464a74a3	Лакше ми је!		2	0	twenties	female_feminine			sr	
c20cb0c0edb9cd9c40b412766f5b5d9a615df054ef83c7e998ab1c7cda8439b2565e7c784a0c81bf0eb074ee766f909ff38e1389881809fcac8373069a1a0f58	common_voice_sr_27781381.mp3	98bfe5c9e00b1170eb8c19234ecf226c7cb2486b9f04c693f5eb6f2ab706f8da	Да, како год!		2	0	twenties	female_feminine			sr	
c20cb0c0edb9cd9c40b412766f5b5d9a615df054ef83c7e998ab1c7cda8439b2565e7c784a0c81bf0eb074ee766f909ff38e1389881809fcac8373069a1a0f58	common_voice_sr_27781383.mp3	6d943e7d759a44e5019706b173e995b90b0d808681e0bfabb2007e61933657d3	Да, има још.		2	0	twenties	female_feminine			sr	
c20cb0c0edb9cd9c40b412766f5b5d9a615df054ef83c7e998ab1c7cda8439b2565e7c784a0c81bf0eb074ee766f909ff38e1389881809fcac8373069a1a0f58	common_voice_sr_27781391.mp3	972a1e57c12633dd55f441902af9eb3e8ea05e000be611c743c053bb620e3946	Помозите ми да је пренесемо до фотеље.		2	0	twenties	female_feminine			sr	
c20cb0c0edb9cd9c40b412766f5b5d9a615df054ef83c7e998ab1c7cda8439b2565e7c784a0c81bf0eb074ee766f909ff38e1389881809fcac8373069a1a0f58	common_voice_sr_27781392.mp3	8010d2177301efd1391ee7ac15fb3371e3cb62666bf38defcbde2e4a4e6a5e1c	Не више, не.		2	0	twenties	female_feminine			sr	
c20cb0c0edb9cd9c40b412766f5b5d9a615df054ef83c7e998ab1c7cda8439b2565e7c784a0c81bf0eb074ee766f909ff38e1389881809fcac8373069a1a0f58	common_voice_sr_27781394.mp3	8e083ea4e78cf45768c2a359ce7bfe6333e2f381a15910633eef4df1f559b389	То је код?		2	0	twenties	female_feminine			sr	
c20cb0c0edb9cd9c40b412766f5b5d9a615df054ef83c7e998ab1c7cda8439b2565e7c784a0c81bf0eb074ee766f909ff38e1389881809fcac8373069a1a0f58	common_voice_sr_27781395.mp3	81f7f83fdb87b7133956aa7061d3ea73a9fc3ae5a3668cfbc5a6a9a01667027c	То не иде тако!		2	0	twenties	female_feminine			sr	
c20cb0c0edb9cd9c40b412766f5b5d9a615df054ef83c7e998ab1c7cda8439b2565e7c784a0c81bf0eb074ee766f909ff38e1389881809fcac8373069a1a0f58	common_voice_sr_27781396.mp3	5e3269cfa43b42791f12ff37579e40b29e48a6f304231eccbe477e2bd8e6ea81	Пећине су празне или су више или мање испуњене.		2	0	twenties	female_feminine			sr	
c20cb0c0edb9cd9c40b412766f5b5d9a615df054ef83c7e998ab1c7cda8439b2565e7c784a0c81bf0eb074ee766f909ff38e1389881809fcac8373069a1a0f58	common_voice_sr_27781397.mp3	9b349fd20f28b716779985cd3837929c6f95d90a9c3d30cbcf0ffd3c329071f8	Био сам збуњен.		2	0	twenties	female_feminine			sr	
c20cb0c0edb9cd9c40b412766f5b5d9a615df054ef83c7e998ab1c7cda8439b2565e7c784a0c81bf0eb074ee766f909ff38e1389881809fcac8373069a1a0f58	common_voice_sr_27781399.mp3	8571dd3c6cea4ed99ce1f1f91869f8bd5e731eda9637339ab2c03a6eebb7f475	И не знаш колико.		2	0	twenties	female_feminine			sr	
c20cb0c0edb9cd9c40b412766f5b5d9a615df054ef83c7e998ab1c7cda8439b2565e7c784a0c81bf0eb074ee766f909ff38e1389881809fcac8373069a1a0f58	common_voice_sr_27781401.mp3	86e8b41562ef0e4c2cd080b182bbb84ba52ea60580b0c4a32bfde4b09f05c356	Али ми је жао.		2	0	twenties	female_feminine			sr	
c20cb0c0edb9cd9c40b412766f5b5d9a615df054ef83c7e998ab1c7cda8439b2565e7c784a0c81bf0eb074ee766f909ff38e1389881809fcac8373069a1a0f58	common_voice_sr_27781402.mp3	95b791e0ec3bf2e03d5948fc78dfbe2e0daeda138b87e9cc37dfc3c33a5a1018	Наш став је јасан.		2	0	twenties	female_feminine			sr	
c20cb0c0edb9cd9c40b412766f5b5d9a615df054ef83c7e998ab1c7cda8439b2565e7c784a0c81bf0eb074ee766f909ff38e1389881809fcac8373069a1a0f58	common_voice_sr_27781404.mp3	993fe649f6d44084f3ef4226b61237bdad9a4cd3b63c5ddcf5b3f1a4e26ae932	Јој, не могу!		2	0	twenties	female_feminine			sr	
c20cb0c0edb9cd9c40b412766f5b5d9a615df054ef83c7e998ab1c7cda8439b2565e7c784a0c81bf0eb074ee766f909ff38e1389881809fcac8373069a1a0f58	common_voice_sr_27781405.mp3	9610c19495526fdc9b3597482b7fa2c81df6edce38414c248b6c976f5cacef8f	Зашто, шта је?		2	0	twenties	female_feminine			sr	
c20cb0c0edb9cd9c40b412766f5b5d9a615df054ef83c7e998ab1c7cda8439b2565e7c784a0c81bf0eb074ee766f909ff38e1389881809fcac8373069a1a0f58	common_voice_sr_27781406.mp3	99c3532f35fb93759f2ac7197b01e621acae1f33ad29b1cb762b959d36762a31	Је то све?		2	0	twenties	female_feminine			sr	
c20cb0c0edb9cd9c40b412766f5b5d9a615df054ef83c7e998ab1c7cda8439b2565e7c784a0c81bf0eb074ee766f909ff38e1389881809fcac8373069a1a0f58	common_voice_sr_27781412.mp3	7711fab66768041bc14e241414e26f28877622e8d3e8b360f6987d2d2ac5d35f	Ти не можеш.		2	0	twenties	female_feminine			sr	
c20cb0c0edb9cd9c40b412766f5b5d9a615df054ef83c7e998ab1c7cda8439b2565e7c784a0c81bf0eb074ee766f909ff38e1389881809fcac8373069a1a0f58	common_voice_sr_27781413.mp3	76814c8172507c1b4b5bf363aa56023ad3dbec457605b5716083278eca246f8d	Не а ти.		2	0	twenties	female_feminine			sr	
c20cb0c0edb9cd9c40b412766f5b5d9a615df054ef83c7e998ab1c7cda8439b2565e7c784a0c81bf0eb074ee766f909ff38e1389881809fcac8373069a1a0f58	common_voice_sr_27781415.mp3	9c7b387df7bc93a3937d266fddfe6c70292c18256748c94ab09a3fa89b03bb70	То је, наравно, претеривање.		2	0	twenties	female_feminine			sr	
c20cb0c0edb9cd9c40b412766f5b5d9a615df054ef83c7e998ab1c7cda8439b2565e7c784a0c81bf0eb074ee766f909ff38e1389881809fcac8373069a1a0f58	common_voice_sr_27781418.mp3	97e6895ff8772734396fd83636faad03e8b11fc96fe2e6e8e88875bfaae81508	Било је тако јасно.		2	1	twenties	female_feminine			sr	
c20cb0c0edb9cd9c40b412766f5b5d9a615df054ef83c7e998ab1c7cda8439b2565e7c784a0c81bf0eb074ee766f909ff38e1389881809fcac8373069a1a0f58	common_voice_sr_27781422.mp3	9af195d7b67ee9bcbf967e4a3f9898efea00325f5b1c16f2782da67c0e0ecc26	Волео је локалне житеље и имао пуно пријатеља.		2	0	twenties	female_feminine			sr	
c20cb0c0edb9cd9c40b412766f5b5d9a615df054ef83c7e998ab1c7cda8439b2565e7c784a0c81bf0eb074ee766f909ff38e1389881809fcac8373069a1a0f58	common_voice_sr_27781425.mp3	97de85f3f1175a2a51415b32ecd48d3fb77cb05fe24540951c008c07eea44653	То је наука!		2	0	twenties	female_feminine			sr	
c20cb0c0edb9cd9c40b412766f5b5d9a615df054ef83c7e998ab1c7cda8439b2565e7c784a0c81bf0eb074ee766f909ff38e1389881809fcac8373069a1a0f58	common_voice_sr_27781428.mp3	98a2248654ba95616c3b2e8c0239b9174a140f6ce95499dcce60f4b812a166da	Видим и сам!		2	0	twenties	female_feminine			sr	
c20cb0c0edb9cd9c40b412766f5b5d9a615df054ef83c7e998ab1c7cda8439b2565e7c784a0c81bf0eb074ee766f909ff38e1389881809fcac8373069a1a0f58	common_voice_sr_27781429.mp3	9626998642919e97613a531ce91aca9366d6780896371199bd1b704e6ba387b0	А ко си ти.		2	0	twenties	female_feminine			sr	
c20cb0c0edb9cd9c40b412766f5b5d9a615df054ef83c7e998ab1c7cda8439b2565e7c784a0c81bf0eb074ee766f909ff38e1389881809fcac8373069a1a0f58	common_voice_sr_27781431.mp3	8f39a70b2792d2b9fab8a8dc6f61fbc5fa21a836f5c8da4da3c8920eca6a4bf3	Шта смо ми?		2	0	twenties	female_feminine			sr	
c20cb0c0edb9cd9c40b412766f5b5d9a615df054ef83c7e998ab1c7cda8439b2565e7c784a0c81bf0eb074ee766f909ff38e1389881809fcac8373069a1a0f58	common_voice_sr_27781432.mp3	9d4e5a128fc25e33e77c28ea2d53171af61593f1a84e8c1cb60a5856ef0d2b0d	Не морамо ништа.		2	0	twenties	female_feminine			sr	
c20cb0c0edb9cd9c40b412766f5b5d9a615df054ef83c7e998ab1c7cda8439b2565e7c784a0c81bf0eb074ee766f909ff38e1389881809fcac8373069a1a0f58	common_voice_sr_27781435.mp3	9af0ed27499da9c176dd4d91c1bfa5e229120f013310fa7ea25ed2fd62a60685	У неко доба.		2	0	twenties	female_feminine			sr	
c20cb0c0edb9cd9c40b412766f5b5d9a615df054ef83c7e998ab1c7cda8439b2565e7c784a0c81bf0eb074ee766f909ff38e1389881809fcac8373069a1a0f58	common_voice_sr_27781437.mp3	975c8468780f291bbae31baf56047fb7ff08c19179b9cae81838b47122ed401a	Ма ко је?		2	0	twenties	female_feminine			sr	
c20cb0c0edb9cd9c40b412766f5b5d9a615df054ef83c7e998ab1c7cda8439b2565e7c784a0c81bf0eb074ee766f909ff38e1389881809fcac8373069a1a0f58	common_voice_sr_27781438.mp3	93f9f90e210bee1102c39caf019bb0740d63bbf7d8ebf430b56f5dc895721e3f	И не говоримо.		2	1	twenties	female_feminine			sr	
c20cb0c0edb9cd9c40b412766f5b5d9a615df054ef83c7e998ab1c7cda8439b2565e7c784a0c81bf0eb074ee766f909ff38e1389881809fcac8373069a1a0f58	common_voice_sr_27781439.mp3	9ae55c5ade9564b2a07f50f8b7d9f1a7aae035d8bad3b949357cf9e1ea2b6f53	Није лако опстати.		2	0	twenties	female_feminine			sr	
c20cb0c0edb9cd9c40b412766f5b5d9a615df054ef83c7e998ab1c7cda8439b2565e7c784a0c81bf0eb074ee766f909ff38e1389881809fcac8373069a1a0f58	common_voice_sr_27781440.mp3	87750aefe2a262ee7a58880c38391984d534358e8dd4138134e799d990e7f029	Молим вас седите.		2	0	twenties	female_feminine			sr	
c20cb0c0edb9cd9c40b412766f5b5d9a615df054ef83c7e998ab1c7cda8439b2565e7c784a0c81bf0eb074ee766f909ff38e1389881809fcac8373069a1a0f58	common_voice_sr_27781442.mp3	954e459b35465f1969d145ad491cb704ab77ab5aa1f4acadcf8d4fc8e837261d	Како не бих.		2	0	twenties	female_feminine			sr	
c20cb0c0edb9cd9c40b412766f5b5d9a615df054ef83c7e998ab1c7cda8439b2565e7c784a0c81bf0eb074ee766f909ff38e1389881809fcac8373069a1a0f58	common_voice_sr_27781443.mp3	9520bc529494f82dd7ccf1bf71f8b5cff9204ccd000414d3609eaa333afdb4cb	Позвао их је да заједно иду на утакмицу.		2	0	twenties	female_feminine			sr	
c20cb0c0edb9cd9c40b412766f5b5d9a615df054ef83c7e998ab1c7cda8439b2565e7c784a0c81bf0eb074ee766f909ff38e1389881809fcac8373069a1a0f58	common_voice_sr_27781445.mp3	8c6cd4a1bbb64784a00750fdd3a566fc21a6f6b762c0c76853e8551aff594520	А то и јесте.		2	0	twenties	female_feminine			sr	
c20cb0c0edb9cd9c40b412766f5b5d9a615df054ef83c7e998ab1c7cda8439b2565e7c784a0c81bf0eb074ee766f909ff38e1389881809fcac8373069a1a0f58	common_voice_sr_27781446.mp3	9e0e2d500f986de2672148ff7aa5fba28d8d1a12fa9e19e078ffc117ca67ccb9	Ја вас љубим.		2	0	twenties	female_feminine			sr	
c20cb0c0edb9cd9c40b412766f5b5d9a615df054ef83c7e998ab1c7cda8439b2565e7c784a0c81bf0eb074ee766f909ff38e1389881809fcac8373069a1a0f58	common_voice_sr_27781452.mp3	99c7f138f9ef77ccf06cf339e7b7aa3780c8d55765fe2181cd12806df9309c7b	И још више!		2	0	twenties	female_feminine			sr	
c20cb0c0edb9cd9c40b412766f5b5d9a615df054ef83c7e998ab1c7cda8439b2565e7c784a0c81bf0eb074ee766f909ff38e1389881809fcac8373069a1a0f58	common_voice_sr_27781453.mp3	9c805f67a356630d354eb96135297023dcd32301e01594d3ff2d524436a0b691	Не знам, колико?		2	0	twenties	female_feminine			sr	
c20cb0c0edb9cd9c40b412766f5b5d9a615df054ef83c7e998ab1c7cda8439b2565e7c784a0c81bf0eb074ee766f909ff38e1389881809fcac8373069a1a0f58	common_voice_sr_27781454.mp3	96a92311728a5eb5831d3eed19a524ff0240c70d73a9e8b56e42e4c48866c6dc	Ти мали враже!		2	0	twenties	female_feminine			sr	
c20cb0c0edb9cd9c40b412766f5b5d9a615df054ef83c7e998ab1c7cda8439b2565e7c784a0c81bf0eb074ee766f909ff38e1389881809fcac8373069a1a0f58	common_voice_sr_27781459.mp3	7216d0f9cfe980e07cb217b1efa03ffe38e3a776c872925a081612a67a04338a	Не бих могла!		2	0	twenties	female_feminine			sr	
c20cb0c0edb9cd9c40b412766f5b5d9a615df054ef83c7e998ab1c7cda8439b2565e7c784a0c81bf0eb074ee766f909ff38e1389881809fcac8373069a1a0f58	common_voice_sr_27781460.mp3	9ea5e8a70dfb50d3eab70f5e324290184eb59ad3b5e46f2baa0c69d4b967c57a	И, што је?		2	0	twenties	female_feminine			sr	
c20cb0c0edb9cd9c40b412766f5b5d9a615df054ef83c7e998ab1c7cda8439b2565e7c784a0c81bf0eb074ee766f909ff38e1389881809fcac8373069a1a0f58	common_voice_sr_27781464.mp3	9c077bc63dc3ec154d1a280f14d80eccdaae1275eac7d6f71f4054a9258358a0	Какво разочарење!		2	0	twenties	female_feminine			sr	
c20cb0c0edb9cd9c40b412766f5b5d9a615df054ef83c7e998ab1c7cda8439b2565e7c784a0c81bf0eb074ee766f909ff38e1389881809fcac8373069a1a0f58	common_voice_sr_27781465.mp3	9b63838510b7b7daee7a62f331393ece69ef0766061be750fd9a65a7ee7dc9ec	Пусти ме, пусти ме.		2	0	twenties	female_feminine			sr	
c20cb0c0edb9cd9c40b412766f5b5d9a615df054ef83c7e998ab1c7cda8439b2565e7c784a0c81bf0eb074ee766f909ff38e1389881809fcac8373069a1a0f58	common_voice_sr_27781466.mp3	9d82e5a29046a8a3cdad704c28bdf718923a7bfdbd9bd291bfe089011061f345	А који је?		2	0	twenties	female_feminine			sr	
c20cb0c0edb9cd9c40b412766f5b5d9a615df054ef83c7e998ab1c7cda8439b2565e7c784a0c81bf0eb074ee766f909ff38e1389881809fcac8373069a1a0f58	common_voice_sr_27781470.mp3	76b172c26f90682ca95f67ea1f4c1004457549dc8840124c4064e5cad4404699	Не, а ти?		2	0	twenties	female_feminine			sr	
c20cb0c0edb9cd9c40b412766f5b5d9a615df054ef83c7e998ab1c7cda8439b2565e7c784a0c81bf0eb074ee766f909ff38e1389881809fcac8373069a1a0f58	common_voice_sr_27781471.mp3	6e776e8572ad1a5cb4808e86189a96fb28fcd8cb40c807a29963d04084bd4f8f	А ко то каже?		2	1	twenties	female_feminine			sr	
c20cb0c0edb9cd9c40b412766f5b5d9a615df054ef83c7e998ab1c7cda8439b2565e7c784a0c81bf0eb074ee766f909ff38e1389881809fcac8373069a1a0f58	common_voice_sr_27781475.mp3	9af79e4b3fd9244185e43cef35cd75d8499afa76770318dd22fa6bbaf08246c1	Ја нисам била.		2	0	twenties	female_feminine			sr	
c20cb0c0edb9cd9c40b412766f5b5d9a615df054ef83c7e998ab1c7cda8439b2565e7c784a0c81bf0eb074ee766f909ff38e1389881809fcac8373069a1a0f58	common_voice_sr_27781477.mp3	8f0c96c9f3423623113dee5d7779b849373d9549104ec7592682aaddbd490fc9	А то није мало.		2	0	twenties	female_feminine			sr	
c20cb0c0edb9cd9c40b412766f5b5d9a615df054ef83c7e998ab1c7cda8439b2565e7c784a0c81bf0eb074ee766f909ff38e1389881809fcac8373069a1a0f58	common_voice_sr_27794958.mp3	a10a7dd01155f37737e41df3baa438f88024861a0e1cfd888301ac120b2263b8	А и сад.		2	0	twenties	female_feminine			sr	
c20cb0c0edb9cd9c40b412766f5b5d9a615df054ef83c7e998ab1c7cda8439b2565e7c784a0c81bf0eb074ee766f909ff38e1389881809fcac8373069a1a0f58	common_voice_sr_27794961.mp3	7a43e7f5bb5ddb16f0d66251b5cd52afe04f8217c18872400f6676890442343e	И ви нас.		2	0	twenties	female_feminine			sr	
c20cb0c0edb9cd9c40b412766f5b5d9a615df054ef83c7e998ab1c7cda8439b2565e7c784a0c81bf0eb074ee766f909ff38e1389881809fcac8373069a1a0f58	common_voice_sr_27794963.mp3	9f273af72ca874e0d43a8d2626070cc673549e3ab8c452eddaf52c46e09360c8	Макар и тако?		2	0	twenties	female_feminine			sr	
c20cb0c0edb9cd9c40b412766f5b5d9a615df054ef83c7e998ab1c7cda8439b2565e7c784a0c81bf0eb074ee766f909ff38e1389881809fcac8373069a1a0f58	common_voice_sr_27794965.mp3	99628f1e3f2dc8051c9f02e6abefb36304cabf39a2f4f930f425c8486432342c	То је ваша будућност.		2	0	twenties	female_feminine			sr	
c20cb0c0edb9cd9c40b412766f5b5d9a615df054ef83c7e998ab1c7cda8439b2565e7c784a0c81bf0eb074ee766f909ff38e1389881809fcac8373069a1a0f58	common_voice_sr_27794967.mp3	a1d3267fc444f955ee251b9f855a7ddc80fe932c2e5a83fd31c1ff5493912c5e	Не, не хвала.		2	1	twenties	female_feminine			sr	
c20cb0c0edb9cd9c40b412766f5b5d9a615df054ef83c7e998ab1c7cda8439b2565e7c784a0c81bf0eb074ee766f909ff38e1389881809fcac8373069a1a0f58	common_voice_sr_27794968.mp3	9d9d05c27a5c2efa5d494f65dd244db85662ebd2335c7e4ad0d75c8bb1e73b8d	Нас више нема.		2	0	twenties	female_feminine			sr	
c20cb0c0edb9cd9c40b412766f5b5d9a615df054ef83c7e998ab1c7cda8439b2565e7c784a0c81bf0eb074ee766f909ff38e1389881809fcac8373069a1a0f58	common_voice_sr_27794970.mp3	96c0f1e313b9037fa1a265cbb592658467cf03a2c6970d8f238558001b808e49	С њом је?		2	0	twenties	female_feminine			sr	
c20cb0c0edb9cd9c40b412766f5b5d9a615df054ef83c7e998ab1c7cda8439b2565e7c784a0c81bf0eb074ee766f909ff38e1389881809fcac8373069a1a0f58	common_voice_sr_27808253.mp3	9db0d6459a9abb9e580da1235c405b6c420ef9c879082e9760834c4a9e4c6e43	О да, јесте.		2	0	twenties	female_feminine			sr	
c20cb0c0edb9cd9c40b412766f5b5d9a615df054ef83c7e998ab1c7cda8439b2565e7c784a0c81bf0eb074ee766f909ff38e1389881809fcac8373069a1a0f58	common_voice_sr_27808255.mp3	9f4f3eace2156273b4813fcf824607464fa33e1dab56bea87cecb2970bd4cb3f	И, ко зна?		2	0	twenties	female_feminine			sr	
c20cb0c0edb9cd9c40b412766f5b5d9a615df054ef83c7e998ab1c7cda8439b2565e7c784a0c81bf0eb074ee766f909ff38e1389881809fcac8373069a1a0f58	common_voice_sr_27808256.mp3	9636d3463ca357e6580586227b60c05be7df9cf5530d8055e641baa7e04c0b41	Добар дан, душо.		2	0	twenties	female_feminine			sr	
c20cb0c0edb9cd9c40b412766f5b5d9a615df054ef83c7e998ab1c7cda8439b2565e7c784a0c81bf0eb074ee766f909ff38e1389881809fcac8373069a1a0f58	common_voice_sr_27808285.mp3	a333babd80188cdc7c5994aec6b673efa188c83708e11b3465f0625932f377dd	и поред тога		2	0	twenties	female_feminine			sr	
c20cb0c0edb9cd9c40b412766f5b5d9a615df054ef83c7e998ab1c7cda8439b2565e7c784a0c81bf0eb074ee766f909ff38e1389881809fcac8373069a1a0f58	common_voice_sr_27808288.mp3	7067c0151beaf5f494cb5b2990627c76f4d4f86999de44c70c927319f6bc2505	Ово је наш.		2	0	twenties	female_feminine			sr	
c20cb0c0edb9cd9c40b412766f5b5d9a615df054ef83c7e998ab1c7cda8439b2565e7c784a0c81bf0eb074ee766f909ff38e1389881809fcac8373069a1a0f58	common_voice_sr_27886334.mp3	9d6e83a61d2f2d7fc918db42aef5028c0a2d6976d56022b9e04d3b9813142ab0	Позориште постоји због своје публике.		2	0	twenties	female_feminine			sr	
c20cb0c0edb9cd9c40b412766f5b5d9a615df054ef83c7e998ab1c7cda8439b2565e7c784a0c81bf0eb074ee766f909ff38e1389881809fcac8373069a1a0f58	common_voice_sr_27886335.mp3	9eaff90ce7b0891e8e3573bf729539c1d68ab322c15b5921b90b3a0b7092b2bb	Молим вас, реците ми!		2	0	twenties	female_feminine			sr	
c20cb0c0edb9cd9c40b412766f5b5d9a615df054ef83c7e998ab1c7cda8439b2565e7c784a0c81bf0eb074ee766f909ff38e1389881809fcac8373069a1a0f58	common_voice_sr_27886336.mp3	5690a9ddbc616032102436c10b588b21578ce3e6c13716ec0d5ffabf0c096c4c	Што је у овом?		2	0	twenties	female_feminine			sr	
c20cb0c0edb9cd9c40b412766f5b5d9a615df054ef83c7e998ab1c7cda8439b2565e7c784a0c81bf0eb074ee766f909ff38e1389881809fcac8373069a1a0f58	common_voice_sr_27886337.mp3	9e3608d2544a4f5a0ed5369e06464b0e4220b1a92551c0237e01611378cd5bf1	Међутим, тај процес је одлаган због политичких промена.		2	0	twenties	female_feminine			sr	
c20cb0c0edb9cd9c40b412766f5b5d9a615df054ef83c7e998ab1c7cda8439b2565e7c784a0c81bf0eb074ee766f909ff38e1389881809fcac8373069a1a0f58	common_voice_sr_28153941.mp3	a22209656cc2c2945e06c92fcedd643d041816165680f2eadc1d4fb6e3cf7ea9	То си ти урадио.		2	0	twenties	female_feminine			sr	
c20cb0c0edb9cd9c40b412766f5b5d9a615df054ef83c7e998ab1c7cda8439b2565e7c784a0c81bf0eb074ee766f909ff38e1389881809fcac8373069a1a0f58	common_voice_sr_28153942.mp3	a43fe566a1fb222cb96fc86a31eeb679a143d0fbcd9b0fa604b065bccb27337f	То су наши циљеви.		2	0	twenties	female_feminine			sr	
c20cb0c0edb9cd9c40b412766f5b5d9a615df054ef83c7e998ab1c7cda8439b2565e7c784a0c81bf0eb074ee766f909ff38e1389881809fcac8373069a1a0f58	common_voice_sr_28153946.mp3	9fa1b0d1bb279891f09a6b4dbaa8b0a928fa154509bb435804093b610461bea4	На мојим грудима.		2	0	twenties	female_feminine			sr	
c20cb0c0edb9cd9c40b412766f5b5d9a615df054ef83c7e998ab1c7cda8439b2565e7c784a0c81bf0eb074ee766f909ff38e1389881809fcac8373069a1a0f58	common_voice_sr_28153947.mp3	9384155332340a20d5bcd869192db4ca9ca6d936fff55939dc23790f551940b1	Не, а ти.		2	0	twenties	female_feminine			sr	
c20cb0c0edb9cd9c40b412766f5b5d9a615df054ef83c7e998ab1c7cda8439b2565e7c784a0c81bf0eb074ee766f909ff38e1389881809fcac8373069a1a0f58	common_voice_sr_28153948.mp3	6cfd364743dd738e75fb77a9919ed9d39e400c062baf851bb542c151e1d4391b	С једне стране.		2	0	twenties	female_feminine			sr	
c20cb0c0edb9cd9c40b412766f5b5d9a615df054ef83c7e998ab1c7cda8439b2565e7c784a0c81bf0eb074ee766f909ff38e1389881809fcac8373069a1a0f58	common_voice_sr_28153949.mp3	a17f9b4edc9aee524fc1c3975032cef76ad1194af296eec9b2e3ff9d07f33d3b	Тај рок је шест месеци.		2	0	twenties	female_feminine			sr	
c20cb0c0edb9cd9c40b412766f5b5d9a615df054ef83c7e998ab1c7cda8439b2565e7c784a0c81bf0eb074ee766f909ff38e1389881809fcac8373069a1a0f58	common_voice_sr_28153950.mp3	9d2c2b1f1d3d770b9d5bb87b6ad6b1eeae0dd1b263738c8ea4bca2b4089b81f0	Ти, молим те.		2	0	twenties	female_feminine			sr	
c20cb0c0edb9cd9c40b412766f5b5d9a615df054ef83c7e998ab1c7cda8439b2565e7c784a0c81bf0eb074ee766f909ff38e1389881809fcac8373069a1a0f58	common_voice_sr_28153951.mp3	942a8a371dc73ca233082b3cd74dfcaaff0f7ba539fc317b26b5efcffc7e1f7a	Зар ти не видиш?		2	1	twenties	female_feminine			sr	
c20cb0c0edb9cd9c40b412766f5b5d9a615df054ef83c7e998ab1c7cda8439b2565e7c784a0c81bf0eb074ee766f909ff38e1389881809fcac8373069a1a0f58	common_voice_sr_28153959.mp3	8e0af11ba6cb61a73a8307793b78df09a268fc144a6626eac575d2884686322c	И то мени.		2	0	twenties	female_feminine			sr	
c20cb0c0edb9cd9c40b412766f5b5d9a615df054ef83c7e998ab1c7cda8439b2565e7c784a0c81bf0eb074ee766f909ff38e1389881809fcac8373069a1a0f58	common_voice_sr_28153961.mp3	9c56142cd4b3eb872a48180a3ce6fed25b720af688a6412beb97353ecdef1a25	А шта говори?		2	1	twenties	female_feminine			sr	
c20cb0c0edb9cd9c40b412766f5b5d9a615df054ef83c7e998ab1c7cda8439b2565e7c784a0c81bf0eb074ee766f909ff38e1389881809fcac8373069a1a0f58	common_voice_sr_28153963.mp3	a341b49896d1aa2cda748ae032c20bb542ffab775f1db1cdebecdd1fdd67a94a	А, ево овде.		2	0	twenties	female_feminine			sr	
c20cb0c0edb9cd9c40b412766f5b5d9a615df054ef83c7e998ab1c7cda8439b2565e7c784a0c81bf0eb074ee766f909ff38e1389881809fcac8373069a1a0f58	common_voice_sr_28438333.mp3	a8856db75d7fac567e31c4eaf37bce067118d250710c4bb466b251beb98215cf	Неке ће то тумачење збунити.		2	0	twenties	female_feminine			sr	
c20cb0c0edb9cd9c40b412766f5b5d9a615df054ef83c7e998ab1c7cda8439b2565e7c784a0c81bf0eb074ee766f909ff38e1389881809fcac8373069a1a0f58	common_voice_sr_28438334.mp3	a103506ea19a5da4c9cb3cab6bec08b519d3ac1ed79ae5497e54798bab046e8a	И после тога?		2	0	twenties	female_feminine			sr	
c20cb0c0edb9cd9c40b412766f5b5d9a615df054ef83c7e998ab1c7cda8439b2565e7c784a0c81bf0eb074ee766f909ff38e1389881809fcac8373069a1a0f58	common_voice_sr_28438385.mp3	a9593e31faefb6ce49530bf910cef33bc8a086fcf59365acaac2aaf7d3ca1bea	И која је то?		2	0	twenties	female_feminine			sr	
c20cb0c0edb9cd9c40b412766f5b5d9a615df054ef83c7e998ab1c7cda8439b2565e7c784a0c81bf0eb074ee766f909ff38e1389881809fcac8373069a1a0f58	common_voice_sr_28438387.mp3	940ca9be0adef0df59d0dce5d1f30f78b3003df01e7b75489b11ccf8ed4028fe	Оно што си.		2	1	twenties	female_feminine			sr	
c20cb0c0edb9cd9c40b412766f5b5d9a615df054ef83c7e998ab1c7cda8439b2565e7c784a0c81bf0eb074ee766f909ff38e1389881809fcac8373069a1a0f58	common_voice_sr_28438388.mp3	9dbf914f9cf307137ac71c1283e031b650d4442fbbcb98dfb4196ec314d41040	Саветујем да пожурите.		2	1	twenties	female_feminine			sr	
c20cb0c0edb9cd9c40b412766f5b5d9a615df054ef83c7e998ab1c7cda8439b2565e7c784a0c81bf0eb074ee766f909ff38e1389881809fcac8373069a1a0f58	common_voice_sr_28438440.mp3	9968c2a6703c6471022e1941245dc6aca072cd0d23f7f06881fee37cb2995977	Од чега је?		2	0	twenties	female_feminine			sr	
c20cb0c0edb9cd9c40b412766f5b5d9a615df054ef83c7e998ab1c7cda8439b2565e7c784a0c81bf0eb074ee766f909ff38e1389881809fcac8373069a1a0f58	common_voice_sr_28438442.mp3	a80b55c08cb775268490e61711769165fcefcbac2c51e7ecaa2bb8e1b192a22b	Веома сам задовољна оценом коју је он изнео.		2	0	twenties	female_feminine			sr	
c20cb0c0edb9cd9c40b412766f5b5d9a615df054ef83c7e998ab1c7cda8439b2565e7c784a0c81bf0eb074ee766f909ff38e1389881809fcac8373069a1a0f58	common_voice_sr_28438446.mp3	9eef03b9f886c9418dbbd3cd5e77e9bec44e3097986b69e1ffc616b0b78234bd	То су богови.		2	0	twenties	female_feminine			sr	
c20cb0c0edb9cd9c40b412766f5b5d9a615df054ef83c7e998ab1c7cda8439b2565e7c784a0c81bf0eb074ee766f909ff38e1389881809fcac8373069a1a0f58	common_voice_sr_28438488.mp3	8c6c6347bb2d8d8d162ee6ea1c4bd2ea82f91103d51d89e8357e7b9949b6b9fd	Заслужује похвале.		2	0	twenties	female_feminine			sr	
c20cb0c0edb9cd9c40b412766f5b5d9a615df054ef83c7e998ab1c7cda8439b2565e7c784a0c81bf0eb074ee766f909ff38e1389881809fcac8373069a1a0f58	common_voice_sr_28438489.mp3	a0147c6b6c4bfbe7afe42f6856d73e17e7e9162daa5e6b19acaa5d7da7cf4cb3	И још нешто!		2	1	twenties	female_feminine			sr	
c20cb0c0edb9cd9c40b412766f5b5d9a615df054ef83c7e998ab1c7cda8439b2565e7c784a0c81bf0eb074ee766f909ff38e1389881809fcac8373069a1a0f58	common_voice_sr_28438490.mp3	a748a0d420f3dd9a4af9fbd0bee3576bb52391ace3761ab6e945c58907a4c062	Међународни фестивал класичне гитаре.		2	0	twenties	female_feminine			sr	
c20cb0c0edb9cd9c40b412766f5b5d9a615df054ef83c7e998ab1c7cda8439b2565e7c784a0c81bf0eb074ee766f909ff38e1389881809fcac8373069a1a0f58	common_voice_sr_28438491.mp3	a1661c57ba9d3a0c777af35950289a0f917614d2e84d2adda2145f4270aaecf1	А, шта мислиш?		2	0	twenties	female_feminine			sr	
c20cb0c0edb9cd9c40b412766f5b5d9a615df054ef83c7e998ab1c7cda8439b2565e7c784a0c81bf0eb074ee766f909ff38e1389881809fcac8373069a1a0f58	common_voice_sr_28438492.mp3	9df4e0471ef02b2d10b91130ecee02c71a967d08533ec170b8c9d89cd4bda056	Не знам, шта је то.		2	0	twenties	female_feminine			sr	
c20cb0c0edb9cd9c40b412766f5b5d9a615df054ef83c7e998ab1c7cda8439b2565e7c784a0c81bf0eb074ee766f909ff38e1389881809fcac8373069a1a0f58	common_voice_sr_28438519.mp3	9bc3759c8c2cc72d381fdd3a823b44135e3acc9cbbc02a4cd7159ddf45bab6e3	Шта је теби!		2	0	twenties	female_feminine			sr	
c20cb0c0edb9cd9c40b412766f5b5d9a615df054ef83c7e998ab1c7cda8439b2565e7c784a0c81bf0eb074ee766f909ff38e1389881809fcac8373069a1a0f58	common_voice_sr_28438522.mp3	97a548b36901b9dbd4100a4dad0884a27792403fe0f20c778104db5b6ea66bdf	Где ћемо све да их сместимо?		2	0	twenties	female_feminine			sr	
c20cb0c0edb9cd9c40b412766f5b5d9a615df054ef83c7e998ab1c7cda8439b2565e7c784a0c81bf0eb074ee766f909ff38e1389881809fcac8373069a1a0f58	common_voice_sr_28438523.mp3	a84639ffc9bd648af5a919b841d49c5cbb9eb196d93691d949a8586a504495fe	Ево овде је!		2	0	twenties	female_feminine			sr	
c20cb0c0edb9cd9c40b412766f5b5d9a615df054ef83c7e998ab1c7cda8439b2565e7c784a0c81bf0eb074ee766f909ff38e1389881809fcac8373069a1a0f58	common_voice_sr_28441154.mp3	9b70f4b391ee9f9f109f376e872f54ac4c884064f8d01a5aa673fd352e723dc3	Ово је други део текста на ту тему.		2	0	twenties	female_feminine			sr	
c20cb0c0edb9cd9c40b412766f5b5d9a615df054ef83c7e998ab1c7cda8439b2565e7c784a0c81bf0eb074ee766f909ff38e1389881809fcac8373069a1a0f58	common_voice_sr_28441155.mp3	a9ef79fdcdf854fe7ea55baea7749ba5df69bdde7b735c8726b6b890fabd7b0c	О, знам ја.		2	0	twenties	female_feminine			sr	
c20cb0c0edb9cd9c40b412766f5b5d9a615df054ef83c7e998ab1c7cda8439b2565e7c784a0c81bf0eb074ee766f909ff38e1389881809fcac8373069a1a0f58	common_voice_sr_28441161.mp3	a2c7e9613efcf25b44293b23a86c33ae69365c61091a5980cc4a0904a28ec066	Е било је!		2	0	twenties	female_feminine			sr	
c20cb0c0edb9cd9c40b412766f5b5d9a615df054ef83c7e998ab1c7cda8439b2565e7c784a0c81bf0eb074ee766f909ff38e1389881809fcac8373069a1a0f58	common_voice_sr_28441165.mp3	a7ad4101fbd50ce79e4eff193937e899ea2ec5c9dab2838767f37dddcf5faae2	Ма где су?		2	0	twenties	female_feminine			sr	
c20cb0c0edb9cd9c40b412766f5b5d9a615df054ef83c7e998ab1c7cda8439b2565e7c784a0c81bf0eb074ee766f909ff38e1389881809fcac8373069a1a0f58	common_voice_sr_28441171.mp3	9e7ac5a90e784565c788404763913fbc09c83dc5d33dd014378a3f84d4223d56	Знам ја то.		2	0	twenties	female_feminine			sr	
c20cb0c0edb9cd9c40b412766f5b5d9a615df054ef83c7e998ab1c7cda8439b2565e7c784a0c81bf0eb074ee766f909ff38e1389881809fcac8373069a1a0f58	common_voice_sr_28441174.mp3	a04bf665ac8bc24b1991793c0a2b70a7191cdf5ed85210db77397e8b22af3bdf	Иста правила важе и за помоћнике министара.		2	0	twenties	female_feminine			sr	
c20cb0c0edb9cd9c40b412766f5b5d9a615df054ef83c7e998ab1c7cda8439b2565e7c784a0c81bf0eb074ee766f909ff38e1389881809fcac8373069a1a0f58	common_voice_sr_28441176.mp3	a840a0802963dafb36163d9f1f64e6271d79127a7e8d4ad5e1bc24b66abb81d8	Е па, сад.		2	0	twenties	female_feminine			sr	
c20cb0c0edb9cd9c40b412766f5b5d9a615df054ef83c7e998ab1c7cda8439b2565e7c784a0c81bf0eb074ee766f909ff38e1389881809fcac8373069a1a0f58	common_voice_sr_28441177.mp3	a742a6e4f23e662f55fb14ae3a303a1e48ffb963a010aa8ae437f4fd87c158fe	Нећемо стати.		2	0	twenties	female_feminine			sr	
c20cb0c0edb9cd9c40b412766f5b5d9a615df054ef83c7e998ab1c7cda8439b2565e7c784a0c81bf0eb074ee766f909ff38e1389881809fcac8373069a1a0f58	common_voice_sr_28441179.mp3	88d7c897fdcb82778c9c7c4dc439b467800f07497f531414c5ee736ceab18a0d	Грађани то заслужују.		2	0	twenties	female_feminine			sr	
c20cb0c0edb9cd9c40b412766f5b5d9a615df054ef83c7e998ab1c7cda8439b2565e7c784a0c81bf0eb074ee766f909ff38e1389881809fcac8373069a1a0f58	common_voice_sr_28441190.mp3	9f68c3b11523f5305dba6ecf9f73d974605f788d87df60ec380b2befdb44115b	Да, тај исти.		2	0	twenties	female_feminine			sr	
c20cb0c0edb9cd9c40b412766f5b5d9a615df054ef83c7e998ab1c7cda8439b2565e7c784a0c81bf0eb074ee766f909ff38e1389881809fcac8373069a1a0f58	common_voice_sr_28441192.mp3	8f8b4723716c740a9cf31d1d44cc186d50fb5ebff73cb1fb2ce2d7b66f0531f8	То не може бити.		2	0	twenties	female_feminine			sr	
c20cb0c0edb9cd9c40b412766f5b5d9a615df054ef83c7e998ab1c7cda8439b2565e7c784a0c81bf0eb074ee766f909ff38e1389881809fcac8373069a1a0f58	common_voice_sr_28441193.mp3	9aad1634ccda5b743cb41caf9fcd22bbd6d12511c20af7347bf6568174c61551	Могло би се.		2	0	twenties	female_feminine			sr	
c20cb0c0edb9cd9c40b412766f5b5d9a615df054ef83c7e998ab1c7cda8439b2565e7c784a0c81bf0eb074ee766f909ff38e1389881809fcac8373069a1a0f58	common_voice_sr_28441194.mp3	a9bb1cdeb017d981efdd1f889bce25bc78b9259b649ea136569fabb6d814de77	То је желе?		2	0	twenties	female_feminine			sr	
c20cb0c0edb9cd9c40b412766f5b5d9a615df054ef83c7e998ab1c7cda8439b2565e7c784a0c81bf0eb074ee766f909ff38e1389881809fcac8373069a1a0f58	common_voice_sr_28441195.mp3	9db72bc6fcf40d2236848ff2f782bbd80bd3204cc5fbffa372b0274b2199c5d5	И још мало.		2	0	twenties	female_feminine			sr	
c20cb0c0edb9cd9c40b412766f5b5d9a615df054ef83c7e998ab1c7cda8439b2565e7c784a0c81bf0eb074ee766f909ff38e1389881809fcac8373069a1a0f58	common_voice_sr_28441202.mp3	a60de7106f8d04c938c24e3ad01d96c5b41bdc86a5029426e0aca81650c0bad2	Шта је то!		2	0	twenties	female_feminine			sr	
c20cb0c0edb9cd9c40b412766f5b5d9a615df054ef83c7e998ab1c7cda8439b2565e7c784a0c81bf0eb074ee766f909ff38e1389881809fcac8373069a1a0f58	common_voice_sr_28441203.mp3	ab0b2aec9b604c6784754196979f979e39c10de1c8428cf9b38f33ff6797a840	То су те?		2	0	twenties	female_feminine			sr	
c20cb0c0edb9cd9c40b412766f5b5d9a615df054ef83c7e998ab1c7cda8439b2565e7c784a0c81bf0eb074ee766f909ff38e1389881809fcac8373069a1a0f58	common_voice_sr_28441204.mp3	7e03da66a4edbd2806d7a56b035807c184d94948cd46d34ba1d9b422b241ed40	Што не иде?		2	0	twenties	female_feminine			sr	
c20cb0c0edb9cd9c40b412766f5b5d9a615df054ef83c7e998ab1c7cda8439b2565e7c784a0c81bf0eb074ee766f909ff38e1389881809fcac8373069a1a0f58	common_voice_sr_28441205.mp3	a4732114230dc8d0a24a4356c261c89ea93204fb37db85839b5538e5791bbf30	То се десило.		2	0	twenties	female_feminine			sr	
c20cb0c0edb9cd9c40b412766f5b5d9a615df054ef83c7e998ab1c7cda8439b2565e7c784a0c81bf0eb074ee766f909ff38e1389881809fcac8373069a1a0f58	common_voice_sr_28441206.mp3	9ea1bc8f082e2428052dc1d23bcfa9212b688567447d8989d378810fa7c712fd	Била је велика!		2	0	twenties	female_feminine			sr	
c20cb0c0edb9cd9c40b412766f5b5d9a615df054ef83c7e998ab1c7cda8439b2565e7c784a0c81bf0eb074ee766f909ff38e1389881809fcac8373069a1a0f58	common_voice_sr_28441207.mp3	a32c328936c3a0d9d07c4b6956179e404c22c18331fdfa6d29f1115833c7ed0c	Али ко си ти?		2	0	twenties	female_feminine			sr	
c20cb0c0edb9cd9c40b412766f5b5d9a615df054ef83c7e998ab1c7cda8439b2565e7c784a0c81bf0eb074ee766f909ff38e1389881809fcac8373069a1a0f58	common_voice_sr_28441208.mp3	9e0a49f018fd953c5a18ec14c4b1526f2dd46d6bf70e1b7117271da9718c53ef	Да, је лепо.		2	0	twenties	female_feminine			sr	
c20cb0c0edb9cd9c40b412766f5b5d9a615df054ef83c7e998ab1c7cda8439b2565e7c784a0c81bf0eb074ee766f909ff38e1389881809fcac8373069a1a0f58	common_voice_sr_28441216.mp3	8feaacc511ef6ee2a47cca7c3294f7efe9e4ddc6daace8c8c1540df55ce10d81	Па и не може.		2	0	twenties	female_feminine			sr	
c20cb0c0edb9cd9c40b412766f5b5d9a615df054ef83c7e998ab1c7cda8439b2565e7c784a0c81bf0eb074ee766f909ff38e1389881809fcac8373069a1a0f58	common_voice_sr_28441218.mp3	aa8d959198c39f8481c7ec5c0460b3623fb3fcb8f8b0bdc6c762f31e6a5dc69d	Тако је било.		2	0	twenties	female_feminine			sr	
c20cb0c0edb9cd9c40b412766f5b5d9a615df054ef83c7e998ab1c7cda8439b2565e7c784a0c81bf0eb074ee766f909ff38e1389881809fcac8373069a1a0f58	common_voice_sr_28441220.mp3	7f1b350eeabcc9caa2a41238a7ff0b41e6bb928d859df9b0ac847875ce96fccc	А шта ја?		2	0	twenties	female_feminine			sr	
c20cb0c0edb9cd9c40b412766f5b5d9a615df054ef83c7e998ab1c7cda8439b2565e7c784a0c81bf0eb074ee766f909ff38e1389881809fcac8373069a1a0f58	common_voice_sr_28441226.mp3	ab63696623ded7c6d0c63c28725207bcb3800caa26087deddbc0cda622dd784a	Шта ви то.		2	0	twenties	female_feminine			sr	
c20cb0c0edb9cd9c40b412766f5b5d9a615df054ef83c7e998ab1c7cda8439b2565e7c784a0c81bf0eb074ee766f909ff38e1389881809fcac8373069a1a0f58	common_voice_sr_28441227.mp3	a9059d9b391d40b8fb24717d01b4ee16e28746c743c1da4589f3337336d28841	Ма што и?		2	0	twenties	female_feminine			sr	
c20cb0c0edb9cd9c40b412766f5b5d9a615df054ef83c7e998ab1c7cda8439b2565e7c784a0c81bf0eb074ee766f909ff38e1389881809fcac8373069a1a0f58	common_voice_sr_28441228.mp3	96d1899abbfa29a89955a8720799ab21230db7058053c4daa021517b00ff7caf	Ја то знам!		2	0	twenties	female_feminine			sr	
c20cb0c0edb9cd9c40b412766f5b5d9a615df054ef83c7e998ab1c7cda8439b2565e7c784a0c81bf0eb074ee766f909ff38e1389881809fcac8373069a1a0f58	common_voice_sr_28441229.mp3	a3f371c5a8a18b3b36e4c7e6ef272342fa8bf9195a6a5719b18f2d5d36af1f07	Не, волим те!		2	0	twenties	female_feminine			sr	
c20cb0c0edb9cd9c40b412766f5b5d9a615df054ef83c7e998ab1c7cda8439b2565e7c784a0c81bf0eb074ee766f909ff38e1389881809fcac8373069a1a0f58	common_voice_sr_28441230.mp3	a72e2e91a08323a6fe49e8cf576e02711e81e596bf0bbfcb85b5fa3487685313	А како не би?		2	0	twenties	female_feminine			sr	
c20cb0c0edb9cd9c40b412766f5b5d9a615df054ef83c7e998ab1c7cda8439b2565e7c784a0c81bf0eb074ee766f909ff38e1389881809fcac8373069a1a0f58	common_voice_sr_28441232.mp3	9a094ba4015c2c7ad2adb7e796500b481ad5f7214e01ef2d73849972724b9c58	Али много мање.		2	0	twenties	female_feminine			sr	
c20cb0c0edb9cd9c40b412766f5b5d9a615df054ef83c7e998ab1c7cda8439b2565e7c784a0c81bf0eb074ee766f909ff38e1389881809fcac8373069a1a0f58	common_voice_sr_28441233.mp3	a693b00889201a6bfb2b774b5696a42633d4e95686831d97650b7618c452b6a8	О, а сад?		2	0	twenties	female_feminine			sr	
c20cb0c0edb9cd9c40b412766f5b5d9a615df054ef83c7e998ab1c7cda8439b2565e7c784a0c81bf0eb074ee766f909ff38e1389881809fcac8373069a1a0f58	common_voice_sr_28441234.mp3	a6d033747e9b6fc7e2d11ac7366d11903567c56c5a897be579c1b50903880138	Јесам, господине!		2	0	twenties	female_feminine			sr	
c20cb0c0edb9cd9c40b412766f5b5d9a615df054ef83c7e998ab1c7cda8439b2565e7c784a0c81bf0eb074ee766f909ff38e1389881809fcac8373069a1a0f58	common_voice_sr_28441235.mp3	a705860012e2a92ce1593c624c3017f306c7360921e54d712a4302a2ce204f6a	Нама је потребан мир.		2	0	twenties	female_feminine			sr	
c20cb0c0edb9cd9c40b412766f5b5d9a615df054ef83c7e998ab1c7cda8439b2565e7c784a0c81bf0eb074ee766f909ff38e1389881809fcac8373069a1a0f58	common_voice_sr_28441236.mp3	6f951d1820488ab7b4c14476793d5dd8e564ce841b303cf88668898fbc69b7d3	Био је он?		2	0	twenties	female_feminine			sr	
c20cb0c0edb9cd9c40b412766f5b5d9a615df054ef83c7e998ab1c7cda8439b2565e7c784a0c81bf0eb074ee766f909ff38e1389881809fcac8373069a1a0f58	common_voice_sr_28441237.mp3	ad813e5461afede7922a496f735d5de2f81602c0dae5732596f9299ee6d5d9cb	Не иде то.		2	0	twenties	female_feminine			sr	
c20cb0c0edb9cd9c40b412766f5b5d9a615df054ef83c7e998ab1c7cda8439b2565e7c784a0c81bf0eb074ee766f909ff38e1389881809fcac8373069a1a0f58	common_voice_sr_28441238.mp3	9bd987d96db49df1d4613dc5aeabdcbc2e58aea65f34ecb50cddc63d5e358b24	Са друге стране.		2	0	twenties	female_feminine			sr	
c20cb0c0edb9cd9c40b412766f5b5d9a615df054ef83c7e998ab1c7cda8439b2565e7c784a0c81bf0eb074ee766f909ff38e1389881809fcac8373069a1a0f58	common_voice_sr_28441251.mp3	999c17e388b57e3ef6a93e87e129475268756e65fabed5e5747ad7171fe1b349	Наравно, још увек предстоје економски изазови.		2	0	twenties	female_feminine			sr	
c20cb0c0edb9cd9c40b412766f5b5d9a615df054ef83c7e998ab1c7cda8439b2565e7c784a0c81bf0eb074ee766f909ff38e1389881809fcac8373069a1a0f58	common_voice_sr_28441253.mp3	ac666b276e318bd31efeef9c7a2e5fe81604df5c5edee6de57e227aa300ce7d7	Да ми кажеш?		2	0	twenties	female_feminine			sr	
c20cb0c0edb9cd9c40b412766f5b5d9a615df054ef83c7e998ab1c7cda8439b2565e7c784a0c81bf0eb074ee766f909ff38e1389881809fcac8373069a1a0f58	common_voice_sr_28441255.mp3	a41534acc87efc3515fa1e8e67423eccf99fba64a6812798b5850bef14dc1eb9	О, не говори.		2	0	twenties	female_feminine			sr	
c20cb0c0edb9cd9c40b412766f5b5d9a615df054ef83c7e998ab1c7cda8439b2565e7c784a0c81bf0eb074ee766f909ff38e1389881809fcac8373069a1a0f58	common_voice_sr_28441256.mp3	8250b3f1b02d5205a34f12eab996e0a8f87263419e59593b32f764fab440de85	То што јесте.		2	0	twenties	female_feminine			sr	
c20cb0c0edb9cd9c40b412766f5b5d9a615df054ef83c7e998ab1c7cda8439b2565e7c784a0c81bf0eb074ee766f909ff38e1389881809fcac8373069a1a0f58	common_voice_sr_28441258.mp3	9b451204c79bde3b8ed37722b988210416e39f90e8132a5bdeb773decdca4972	А из овог?		2	0	twenties	female_feminine			sr	
c20cb0c0edb9cd9c40b412766f5b5d9a615df054ef83c7e998ab1c7cda8439b2565e7c784a0c81bf0eb074ee766f909ff38e1389881809fcac8373069a1a0f58	common_voice_sr_28441259.mp3	aca522dc0bad51a59ddb4a2beb069cc87deb0c2b66ee77ced35955cc55aed824	Писмо је уследило после два чланка тог новинара.		2	0	twenties	female_feminine			sr	
c20cb0c0edb9cd9c40b412766f5b5d9a615df054ef83c7e998ab1c7cda8439b2565e7c784a0c81bf0eb074ee766f909ff38e1389881809fcac8373069a1a0f58	common_voice_sr_28441266.mp3	a0ff012f3235cf534e8a587ac92c7889a615e2f1ea80e23fb96fe6ec6ad5cff1	Пореска конкуренција има и своје предности и ризике.		2	0	twenties	female_feminine			sr	
c20cb0c0edb9cd9c40b412766f5b5d9a615df054ef83c7e998ab1c7cda8439b2565e7c784a0c81bf0eb074ee766f909ff38e1389881809fcac8373069a1a0f58	common_voice_sr_28441267.mp3	971c084277176cfcaa38625d1cb5d6691b3cdae9d4b92908b64547918a44b029	Морало је бити.		2	1	twenties	female_feminine			sr	
c20cb0c0edb9cd9c40b412766f5b5d9a615df054ef83c7e998ab1c7cda8439b2565e7c784a0c81bf0eb074ee766f909ff38e1389881809fcac8373069a1a0f58	common_voice_sr_28441269.mp3	979fb330f1984c236cf4d9d9badc08972d86337af695f83f966871f837129d33	А није тако!		2	0	twenties	female_feminine			sr	
c20cb0c0edb9cd9c40b412766f5b5d9a615df054ef83c7e998ab1c7cda8439b2565e7c784a0c81bf0eb074ee766f909ff38e1389881809fcac8373069a1a0f58	common_voice_sr_28441270.mp3	a29325b53fa5ece0f6c0d3647964e9ccc8e0a8f367baa2e2e9a1796e76479b7c	Ако јесте, колико њих?		2	0	twenties	female_feminine			sr	
c20cb0c0edb9cd9c40b412766f5b5d9a615df054ef83c7e998ab1c7cda8439b2565e7c784a0c81bf0eb074ee766f909ff38e1389881809fcac8373069a1a0f58	common_voice_sr_28441276.mp3	8df38b9c82eea30f291baf8efab590a7106e68272c1cd58407f26dd6f274223d	То није доста!		2	0	twenties	female_feminine			sr	
c20cb0c0edb9cd9c40b412766f5b5d9a615df054ef83c7e998ab1c7cda8439b2565e7c784a0c81bf0eb074ee766f909ff38e1389881809fcac8373069a1a0f58	common_voice_sr_28441277.mp3	a24731cb73f470a715a5b9958cf30ed9b1abb8fd79b972b0569f918e3f237408	Писао сам му.		2	0	twenties	female_feminine			sr	
c20cb0c0edb9cd9c40b412766f5b5d9a615df054ef83c7e998ab1c7cda8439b2565e7c784a0c81bf0eb074ee766f909ff38e1389881809fcac8373069a1a0f58	common_voice_sr_28441278.mp3	ad4adfe29021314fa277680bee7bf263a67ba3e6f2061a4ca5ec60e389e1f0f0	И ја нисам.		2	0	twenties	female_feminine			sr	
c20cb0c0edb9cd9c40b412766f5b5d9a615df054ef83c7e998ab1c7cda8439b2565e7c784a0c81bf0eb074ee766f909ff38e1389881809fcac8373069a1a0f58	common_voice_sr_28441286.mp3	a40a58e55af2bc53441fe2ebd04a051b0b82bacaf134fbaf25cfd3aaa1f40f8b	А шта каже?		2	0	twenties	female_feminine			sr	
c20cb0c0edb9cd9c40b412766f5b5d9a615df054ef83c7e998ab1c7cda8439b2565e7c784a0c81bf0eb074ee766f909ff38e1389881809fcac8373069a1a0f58	common_voice_sr_28441287.mp3	abe3ed82df36b56e08af56ad1e31e920947a236400aca58c5c7985cf730d9445	На своје место.		2	0	twenties	female_feminine			sr	
c20cb0c0edb9cd9c40b412766f5b5d9a615df054ef83c7e998ab1c7cda8439b2565e7c784a0c81bf0eb074ee766f909ff38e1389881809fcac8373069a1a0f58	common_voice_sr_28441288.mp3	abe450b8a9ea47927bb573a544a6ce296067ae6385044918f17ce7f96450acb5	А, а, а!		2	1	twenties	female_feminine			sr	
c20cb0c0edb9cd9c40b412766f5b5d9a615df054ef83c7e998ab1c7cda8439b2565e7c784a0c81bf0eb074ee766f909ff38e1389881809fcac8373069a1a0f58	common_voice_sr_28441289.mp3	a9086316682436043012bf7aae18cf5f70030a3cff7360c679fba058172f39c5	Ватра и вода су добре слуге, али зли господари.		2	0	twenties	female_feminine			sr	
c20cb0c0edb9cd9c40b412766f5b5d9a615df054ef83c7e998ab1c7cda8439b2565e7c784a0c81bf0eb074ee766f909ff38e1389881809fcac8373069a1a0f58	common_voice_sr_28441290.mp3	a865ebb9644ec8d191021cd926aaec0bba1e8e04c31f44ff69b18fc4c7355055	Ако си ти.		2	0	twenties	female_feminine			sr	
c20cb0c0edb9cd9c40b412766f5b5d9a615df054ef83c7e998ab1c7cda8439b2565e7c784a0c81bf0eb074ee766f909ff38e1389881809fcac8373069a1a0f58	common_voice_sr_28441293.mp3	9eb009b7cf6218dd67f768b75dd75ac403eeb5896b1dde34d2ef8901b9d117e5	Зар ме не знате?		2	0	twenties	female_feminine			sr	
c20cb0c0edb9cd9c40b412766f5b5d9a615df054ef83c7e998ab1c7cda8439b2565e7c784a0c81bf0eb074ee766f909ff38e1389881809fcac8373069a1a0f58	common_voice_sr_28441295.mp3	97373191045f8c7d5de18fad2ac006307504ebfaf648ad23543e060a1bdee178	На земљи је.		2	0	twenties	female_feminine			sr	
c20cb0c0edb9cd9c40b412766f5b5d9a615df054ef83c7e998ab1c7cda8439b2565e7c784a0c81bf0eb074ee766f909ff38e1389881809fcac8373069a1a0f58	common_voice_sr_28441298.mp3	a74f52511ad887272ae97e5d946afd655a057f3ed243614923dfecc9f62a48a9	Да ми кажеш.		2	0	twenties	female_feminine			sr	
c20cb0c0edb9cd9c40b412766f5b5d9a615df054ef83c7e998ab1c7cda8439b2565e7c784a0c81bf0eb074ee766f909ff38e1389881809fcac8373069a1a0f58	common_voice_sr_28441305.mp3	abef00b67de4bd9424d1d11f4fbc006638edd4204b6b68003f90ba553d8644f7	А шта мислиш?		2	0	twenties	female_feminine			sr	
c20cb0c0edb9cd9c40b412766f5b5d9a615df054ef83c7e998ab1c7cda8439b2565e7c784a0c81bf0eb074ee766f909ff38e1389881809fcac8373069a1a0f58	common_voice_sr_28441306.mp3	a4d88aded153f2753ec5766fa737c804bb2415e439c50ebc67f5584cf9ab3d7c	Да како год.		2	1	twenties	female_feminine			sr	
c20cb0c0edb9cd9c40b412766f5b5d9a615df054ef83c7e998ab1c7cda8439b2565e7c784a0c81bf0eb074ee766f909ff38e1389881809fcac8373069a1a0f58	common_voice_sr_28441308.mp3	9052607382c12aaae4301f4092d0a5833b2479b7b86ed95752919307049ec426	И много лепши.		2	0	twenties	female_feminine			sr	
c20cb0c0edb9cd9c40b412766f5b5d9a615df054ef83c7e998ab1c7cda8439b2565e7c784a0c81bf0eb074ee766f909ff38e1389881809fcac8373069a1a0f58	common_voice_sr_28441309.mp3	a87073a709f16fdde97ebc0357c171f74f929b4529999d9aa464b0dcd6da7804	Не, не узима.		2	0	twenties	female_feminine			sr	
c20cb0c0edb9cd9c40b412766f5b5d9a615df054ef83c7e998ab1c7cda8439b2565e7c784a0c81bf0eb074ee766f909ff38e1389881809fcac8373069a1a0f58	common_voice_sr_28441315.mp3	ac974f9391b7acf8bf3df46637342e216055542f068ccec4d0a184b9a3992083	И, наравно, бакшиш.		2	0	twenties	female_feminine			sr	
c20cb0c0edb9cd9c40b412766f5b5d9a615df054ef83c7e998ab1c7cda8439b2565e7c784a0c81bf0eb074ee766f909ff38e1389881809fcac8373069a1a0f58	common_voice_sr_28441316.mp3	a8f02a4e556ebd813bd967080f68c54f051b93c9602fa161ab27a8528ba780aa	Молим те. не!		2	0	twenties	female_feminine			sr	
c20cb0c0edb9cd9c40b412766f5b5d9a615df054ef83c7e998ab1c7cda8439b2565e7c784a0c81bf0eb074ee766f909ff38e1389881809fcac8373069a1a0f58	common_voice_sr_28441317.mp3	a521e1c35a216e942fa8f915d0f39c44b8b3c42ad50e8607ed05c564739c6c8d	Овако је боље?		2	0	twenties	female_feminine			sr	
c20cb0c0edb9cd9c40b412766f5b5d9a615df054ef83c7e998ab1c7cda8439b2565e7c784a0c81bf0eb074ee766f909ff38e1389881809fcac8373069a1a0f58	common_voice_sr_28441319.mp3	a6b564e3ee38a3fd4620c058a9387da56c2c3bfaf30e149eb0bb33eeb3fc67e5	Ајде, спреми се.		2	0	twenties	female_feminine			sr	
c20cb0c0edb9cd9c40b412766f5b5d9a615df054ef83c7e998ab1c7cda8439b2565e7c784a0c81bf0eb074ee766f909ff38e1389881809fcac8373069a1a0f58	common_voice_sr_28441330.mp3	910de06ec51182c976d62e896d23c58d79495ffe582798ea22c066816d19a1ce	Не може то.		2	0	twenties	female_feminine			sr	
c20cb0c0edb9cd9c40b412766f5b5d9a615df054ef83c7e998ab1c7cda8439b2565e7c784a0c81bf0eb074ee766f909ff38e1389881809fcac8373069a1a0f58	common_voice_sr_28441331.mp3	7fbf9fceb8c2b8ebdbdd9df00febbce60a2f17805261aa0fd304d4caaedaf50a	А то је твој посао.		2	0	twenties	female_feminine			sr	
c20cb0c0edb9cd9c40b412766f5b5d9a615df054ef83c7e998ab1c7cda8439b2565e7c784a0c81bf0eb074ee766f909ff38e1389881809fcac8373069a1a0f58	common_voice_sr_28441332.mp3	adf33cf3d70c9886481d6cee4d9c8806da34f047e05da150db6ddf9a77f31ace	Чеку је говорио у сличном, позитивном тону.		2	0	twenties	female_feminine			sr	
c20cb0c0edb9cd9c40b412766f5b5d9a615df054ef83c7e998ab1c7cda8439b2565e7c784a0c81bf0eb074ee766f909ff38e1389881809fcac8373069a1a0f58	common_voice_sr_28441333.mp3	a72ce0251de1f02c6da971b57085f4c01a78f98d80e5f5b8f3aab3b5086d1959	Реформе морају да се заврше.		2	0	twenties	female_feminine			sr	
c20cb0c0edb9cd9c40b412766f5b5d9a615df054ef83c7e998ab1c7cda8439b2565e7c784a0c81bf0eb074ee766f909ff38e1389881809fcac8373069a1a0f58	common_voice_sr_28441334.mp3	a57e6e3b0fc9e49a1de3a44d89816342e9591583fbeeb20be95fb159f6811aec	У тим годинама!		2	0	twenties	female_feminine			sr	
c20cb0c0edb9cd9c40b412766f5b5d9a615df054ef83c7e998ab1c7cda8439b2565e7c784a0c81bf0eb074ee766f909ff38e1389881809fcac8373069a1a0f58	common_voice_sr_28441340.mp3	a6276116a9fe3fa60562b5cef32e3cfb652e5fe542d988d16013a9839b60a567	Стани у ред као и сви!		2	0	twenties	female_feminine			sr	
c20cb0c0edb9cd9c40b412766f5b5d9a615df054ef83c7e998ab1c7cda8439b2565e7c784a0c81bf0eb074ee766f909ff38e1389881809fcac8373069a1a0f58	common_voice_sr_28441341.mp3	ab1ce5796858151ed9320c11af4efd68fe8e6609df7e871755db44720ae55565	Има га много.		2	0	twenties	female_feminine			sr	
c20cb0c0edb9cd9c40b412766f5b5d9a615df054ef83c7e998ab1c7cda8439b2565e7c784a0c81bf0eb074ee766f909ff38e1389881809fcac8373069a1a0f58	common_voice_sr_28441342.mp3	9f8b0d38c7e6c8d7a76045d2a747ab97be545c628920294bf735599f11858f62	Шта је видела?		2	1	twenties	female_feminine			sr	
c20cb0c0edb9cd9c40b412766f5b5d9a615df054ef83c7e998ab1c7cda8439b2565e7c784a0c81bf0eb074ee766f909ff38e1389881809fcac8373069a1a0f58	common_voice_sr_28441344.mp3	9e55b21dd79157550c7f78c0aa97d72530d256ce68a5113b2815144ac50c61ec	Али не ми.		2	0	twenties	female_feminine			sr	
c20cb0c0edb9cd9c40b412766f5b5d9a615df054ef83c7e998ab1c7cda8439b2565e7c784a0c81bf0eb074ee766f909ff38e1389881809fcac8373069a1a0f58	common_voice_sr_28441361.mp3	9f70e2a9328e56f3da177e71b634bf4deca99b6cd1eb9e525408675814229d83	Укупан поглед, бачен на Србију, казује јасно		2	0	twenties	female_feminine			sr	
c20cb0c0edb9cd9c40b412766f5b5d9a615df054ef83c7e998ab1c7cda8439b2565e7c784a0c81bf0eb074ee766f909ff38e1389881809fcac8373069a1a0f58	common_voice_sr_28441362.mp3	a7dae7c770ee0eaed1674bab1b1da9442d5fb72a4846b282bb6ecc6b3992d079	А и мајка.		2	0	twenties	female_feminine			sr	
c20cb0c0edb9cd9c40b412766f5b5d9a615df054ef83c7e998ab1c7cda8439b2565e7c784a0c81bf0eb074ee766f909ff38e1389881809fcac8373069a1a0f58	common_voice_sr_28441364.mp3	ab181b2780959e69f83e649ce51f9c110bc866ea820f3f646da478fb9bd0a6ab	Тренутно апсолутно нема места.		2	0	twenties	female_feminine			sr	
c20cb0c0edb9cd9c40b412766f5b5d9a615df054ef83c7e998ab1c7cda8439b2565e7c784a0c81bf0eb074ee766f909ff38e1389881809fcac8373069a1a0f58	common_voice_sr_28441370.mp3	6159de8147389c4e922460ff88edea7ca486be2694548d08015daeda8a98b274	Седи, молим те.		2	0	twenties	female_feminine			sr	
c20cb0c0edb9cd9c40b412766f5b5d9a615df054ef83c7e998ab1c7cda8439b2565e7c784a0c81bf0eb074ee766f909ff38e1389881809fcac8373069a1a0f58	common_voice_sr_28441371.mp3	aa56bc45d118ddd21e01ff86ef44c0914d720a5a37f76ff2585aa909639080bb	Колико је дуг?		2	0	twenties	female_feminine			sr	
c20cb0c0edb9cd9c40b412766f5b5d9a615df054ef83c7e998ab1c7cda8439b2565e7c784a0c81bf0eb074ee766f909ff38e1389881809fcac8373069a1a0f58	common_voice_sr_28441372.mp3	a1df962f607d5b4ad546e40cd7772138e871cc34dedd7145e8041d5c9cfe308b	Само један тренутак?		2	0	twenties	female_feminine			sr	
c20cb0c0edb9cd9c40b412766f5b5d9a615df054ef83c7e998ab1c7cda8439b2565e7c784a0c81bf0eb074ee766f909ff38e1389881809fcac8373069a1a0f58	common_voice_sr_28441373.mp3	aeb0698d53c3aab8635449d7ab321c41f4ed976a75534579e3ecf06902d726ab	Где си ти!		2	0	twenties	female_feminine			sr	
c20cb0c0edb9cd9c40b412766f5b5d9a615df054ef83c7e998ab1c7cda8439b2565e7c784a0c81bf0eb074ee766f909ff38e1389881809fcac8373069a1a0f58	common_voice_sr_28441384.mp3	a311116f34dee9e1b32cdfdcdd07ed68350494f80d4d7c8a5606bdc3da07e188	У томе је разлика.		2	0	twenties	female_feminine			sr	
c20cb0c0edb9cd9c40b412766f5b5d9a615df054ef83c7e998ab1c7cda8439b2565e7c784a0c81bf0eb074ee766f909ff38e1389881809fcac8373069a1a0f58	common_voice_sr_28441385.mp3	ae99fb3f00a65b7afa9b7b9f8904bdc7a20ddbed4fa5bf75a2c3e143ba780923	И ово је.		2	0	twenties	female_feminine			sr	
c20cb0c0edb9cd9c40b412766f5b5d9a615df054ef83c7e998ab1c7cda8439b2565e7c784a0c81bf0eb074ee766f909ff38e1389881809fcac8373069a1a0f58	common_voice_sr_28441386.mp3	a5ca96edee5a145a7c399317a5b2aa9113357ae6439b84aee2aff1d9cc268013	Морам и ја!		2	0	twenties	female_feminine			sr	
c20cb0c0edb9cd9c40b412766f5b5d9a615df054ef83c7e998ab1c7cda8439b2565e7c784a0c81bf0eb074ee766f909ff38e1389881809fcac8373069a1a0f58	common_voice_sr_28441398.mp3	a93ec251b958216b7c7d5274bbf4dc412d8b0a1c95f9f792269d4791815998ab	Све што могу!		2	0	twenties	female_feminine			sr	
c20cb0c0edb9cd9c40b412766f5b5d9a615df054ef83c7e998ab1c7cda8439b2565e7c784a0c81bf0eb074ee766f909ff38e1389881809fcac8373069a1a0f58	common_voice_sr_28441400.mp3	ae0eed3332908ff467425a3dfd19228a31fa54229f702311abc3dbb0cf6ff73b	А и није.		2	0	twenties	female_feminine			sr	
c20cb0c0edb9cd9c40b412766f5b5d9a615df054ef83c7e998ab1c7cda8439b2565e7c784a0c81bf0eb074ee766f909ff38e1389881809fcac8373069a1a0f58	common_voice_sr_28441402.mp3	b015b3cd81a0d82ae9977763f495e7c1ddb6f54029f35851d6d9a4ab1450c543	Да вас видим.		2	0	twenties	female_feminine			sr	
c20cb0c0edb9cd9c40b412766f5b5d9a615df054ef83c7e998ab1c7cda8439b2565e7c784a0c81bf0eb074ee766f909ff38e1389881809fcac8373069a1a0f58	common_voice_sr_28441408.mp3	a401ca9bc32688c3262205892edf2d9b3097a37b7249f9377a10daddd35edf9d	А зашто то?		2	0	twenties	female_feminine			sr	
c20cb0c0edb9cd9c40b412766f5b5d9a615df054ef83c7e998ab1c7cda8439b2565e7c784a0c81bf0eb074ee766f909ff38e1389881809fcac8373069a1a0f58	common_voice_sr_28441409.mp3	a31ccc667e9d45ac511f465f7ed5a545d9f8dcdd7c35fcaed52f7a6e1bb09c69	Не знам мајко.		2	0	twenties	female_feminine			sr	
c20cb0c0edb9cd9c40b412766f5b5d9a615df054ef83c7e998ab1c7cda8439b2565e7c784a0c81bf0eb074ee766f909ff38e1389881809fcac8373069a1a0f58	common_voice_sr_28441410.mp3	ae9763d18d8c9c7b6e14543bf2c53fbc723a5c832cebe731de59c65f33383645	Пуне руке посла!		2	0	twenties	female_feminine			sr	
c20cb0c0edb9cd9c40b412766f5b5d9a615df054ef83c7e998ab1c7cda8439b2565e7c784a0c81bf0eb074ee766f909ff38e1389881809fcac8373069a1a0f58	common_voice_sr_28441411.mp3	b01e40f201f752a841c2881858a5998c6b7bda5e47a636500e815bcc9c219f1e	Он и она.		2	0	twenties	female_feminine			sr	
c20cb0c0edb9cd9c40b412766f5b5d9a615df054ef83c7e998ab1c7cda8439b2565e7c784a0c81bf0eb074ee766f909ff38e1389881809fcac8373069a1a0f58	common_voice_sr_28441412.mp3	aeaa537c5c5a58892c5b2ff7f7e7bd15994a7b3b7ac17fb939ef3dbffdf42e28	Србија је дакле права континентална држава		2	0	twenties	female_feminine			sr	
c20cb0c0edb9cd9c40b412766f5b5d9a615df054ef83c7e998ab1c7cda8439b2565e7c784a0c81bf0eb074ee766f909ff38e1389881809fcac8373069a1a0f58	common_voice_sr_28441419.mp3	a9f092bf8f809a5ddb4384ea089d2174fcb1b86d4901df948a643d1b9db28da5	Али, не могу!		2	0	twenties	female_feminine			sr	
c20cb0c0edb9cd9c40b412766f5b5d9a615df054ef83c7e998ab1c7cda8439b2565e7c784a0c81bf0eb074ee766f909ff38e1389881809fcac8373069a1a0f58	common_voice_sr_28441420.mp3	9dd2019fd7e4c18280c2484f3c80bdadd3c0db98c82cfc7f7a75270342fdeab5	Док сам жив.		2	0	twenties	female_feminine			sr	
c20cb0c0edb9cd9c40b412766f5b5d9a615df054ef83c7e998ab1c7cda8439b2565e7c784a0c81bf0eb074ee766f909ff38e1389881809fcac8373069a1a0f58	common_voice_sr_28441421.mp3	77d6543c725211dd99cb716e3306f47cdb3a06cb76bd65cc55119c0b004d1eae	Ирци су изгубили тај случај.		2	0	twenties	female_feminine			sr	
c20cb0c0edb9cd9c40b412766f5b5d9a615df054ef83c7e998ab1c7cda8439b2565e7c784a0c81bf0eb074ee766f909ff38e1389881809fcac8373069a1a0f58	common_voice_sr_28441422.mp3	9b9f0e7077aecdeb2b3181fe2bcb7d07c3cd4fabbab772ce7782401739a1a47a	За тај посао је потребна снага.		2	0	twenties	female_feminine			sr	
c20cb0c0edb9cd9c40b412766f5b5d9a615df054ef83c7e998ab1c7cda8439b2565e7c784a0c81bf0eb074ee766f909ff38e1389881809fcac8373069a1a0f58	common_voice_sr_28441428.mp3	a6c438297d6acd0eb203f7c0c6d78ccb4a6f74ae746ee86404ba2b25c56b7d2f	Све дугине боје.		2	0	twenties	female_feminine			sr	
c20cb0c0edb9cd9c40b412766f5b5d9a615df054ef83c7e998ab1c7cda8439b2565e7c784a0c81bf0eb074ee766f909ff38e1389881809fcac8373069a1a0f58	common_voice_sr_28441429.mp3	a739846bcbe4630c26e62cc9bf89a7d3a91d68506f8238fbc986611e4849b6b8	Оба решења имају и мане и предности.		2	0	twenties	female_feminine			sr	
c20cb0c0edb9cd9c40b412766f5b5d9a615df054ef83c7e998ab1c7cda8439b2565e7c784a0c81bf0eb074ee766f909ff38e1389881809fcac8373069a1a0f58	common_voice_sr_28441430.mp3	af843ce1137875e868b16353d047dc743edab1109b90b802e5ad53577bc2c94c	Јесте ли чули?		2	0	twenties	female_feminine			sr	
c20cb0c0edb9cd9c40b412766f5b5d9a615df054ef83c7e998ab1c7cda8439b2565e7c784a0c81bf0eb074ee766f909ff38e1389881809fcac8373069a1a0f58	common_voice_sr_28441431.mp3	a7865de82908cfa77ca5da57f6e2c33fb9f193f082348de152b586b184bfa6c8	На дну је!		2	0	twenties	female_feminine			sr	
c20cb0c0edb9cd9c40b412766f5b5d9a615df054ef83c7e998ab1c7cda8439b2565e7c784a0c81bf0eb074ee766f909ff38e1389881809fcac8373069a1a0f58	common_voice_sr_28452672.mp3	b08bd0968978344b906ef1540d669e4fade3a8f835cc383d3984e90621ad305a	Кажи ми шта је ово?		2	0	twenties	female_feminine			sr	
c20cb0c0edb9cd9c40b412766f5b5d9a615df054ef83c7e998ab1c7cda8439b2565e7c784a0c81bf0eb074ee766f909ff38e1389881809fcac8373069a1a0f58	common_voice_sr_28452673.mp3	a406324ae19d536aff3efac6ddc2aa4ff665c39a33e209757f24a12edb76d95d	Не губите наду!		2	0	twenties	female_feminine			sr	
c20cb0c0edb9cd9c40b412766f5b5d9a615df054ef83c7e998ab1c7cda8439b2565e7c784a0c81bf0eb074ee766f909ff38e1389881809fcac8373069a1a0f58	common_voice_sr_28452674.mp3	90cbd491a46f9c4010e700111837ffb9fe0574ed7afafd3c1fb91a2934ad127b	То се види.		2	0	twenties	female_feminine			sr	
c20cb0c0edb9cd9c40b412766f5b5d9a615df054ef83c7e998ab1c7cda8439b2565e7c784a0c81bf0eb074ee766f909ff38e1389881809fcac8373069a1a0f58	common_voice_sr_28452676.mp3	9f26ed77e9e9590055dd9eda02426d914807268e7346f1d77f0fc4616d2d7586	Неки од ових?		2	0	twenties	female_feminine			sr	
c20cb0c0edb9cd9c40b412766f5b5d9a615df054ef83c7e998ab1c7cda8439b2565e7c784a0c81bf0eb074ee766f909ff38e1389881809fcac8373069a1a0f58	common_voice_sr_28452677.mp3	b08b6adfe7c8e0471592b17dbb143d91205ffa4dbe0320d4d699f8991e75c731	Ко сам била.		2	0	twenties	female_feminine			sr	
c20cb0c0edb9cd9c40b412766f5b5d9a615df054ef83c7e998ab1c7cda8439b2565e7c784a0c81bf0eb074ee766f909ff38e1389881809fcac8373069a1a0f58	common_voice_sr_28452678.mp3	a33ea58286939895c073950bf12b4f1ba7d019e475f885442c0664a2b86ee536	То је њихово право.		2	0	twenties	female_feminine			sr	
c20cb0c0edb9cd9c40b412766f5b5d9a615df054ef83c7e998ab1c7cda8439b2565e7c784a0c81bf0eb074ee766f909ff38e1389881809fcac8373069a1a0f58	common_voice_sr_28452679.mp3	b1694a28106826cae15abc4ef7b3b3a9f841be2bd9170129994c36f7e728de6c	Не знам ко!		2	0	twenties	female_feminine			sr	
c20cb0c0edb9cd9c40b412766f5b5d9a615df054ef83c7e998ab1c7cda8439b2565e7c784a0c81bf0eb074ee766f909ff38e1389881809fcac8373069a1a0f58	common_voice_sr_28452680.mp3	a8b08d9041cdba0353e6c37432d9df77778de1654f1945905f4d66999fd69277	Е, па добро!		2	0	twenties	female_feminine			sr	
c20cb0c0edb9cd9c40b412766f5b5d9a615df054ef83c7e998ab1c7cda8439b2565e7c784a0c81bf0eb074ee766f909ff38e1389881809fcac8373069a1a0f58	common_voice_sr_28452682.mp3	a2d5d2ac0f401877a970adf29bded6bbf79ffab436c72957f1535abfa69d126a	То, шта је то?		2	0	twenties	female_feminine			sr	
c20cb0c0edb9cd9c40b412766f5b5d9a615df054ef83c7e998ab1c7cda8439b2565e7c784a0c81bf0eb074ee766f909ff38e1389881809fcac8373069a1a0f58	common_voice_sr_28452683.mp3	aab749626769410d8695ba27f633171a25442e5ec9e6e608adbba6ba6cb13212	И ја вас.		2	0	twenties	female_feminine			sr	
c20cb0c0edb9cd9c40b412766f5b5d9a615df054ef83c7e998ab1c7cda8439b2565e7c784a0c81bf0eb074ee766f909ff38e1389881809fcac8373069a1a0f58	common_voice_sr_28452684.mp3	a8420baf036f86b3a7e2809d3e2a689eadaa896d8e4a93f6aeb0612a09935b36	Па, шта је то?		2	0	twenties	female_feminine			sr	
c20cb0c0edb9cd9c40b412766f5b5d9a615df054ef83c7e998ab1c7cda8439b2565e7c784a0c81bf0eb074ee766f909ff38e1389881809fcac8373069a1a0f58	common_voice_sr_28452685.mp3	a290d0f674449c45075a418f652e66c7b612cc5f5a37038b7294b0fbc55c184c	Све по реду!		2	0	twenties	female_feminine			sr	
c20cb0c0edb9cd9c40b412766f5b5d9a615df054ef83c7e998ab1c7cda8439b2565e7c784a0c81bf0eb074ee766f909ff38e1389881809fcac8373069a1a0f58	common_voice_sr_28452687.mp3	8c7d46186b2e386440453545088a7345088ea9c589d4ffd1489e816a6d1183f6	Ни трага, ни гласа.		2	1	twenties	female_feminine			sr	
c20cb0c0edb9cd9c40b412766f5b5d9a615df054ef83c7e998ab1c7cda8439b2565e7c784a0c81bf0eb074ee766f909ff38e1389881809fcac8373069a1a0f58	common_voice_sr_28452690.mp3	9c915dbe556469d078dda985e088a7eb5701d6a4e4d9d4003ef9bd9dd4b3145f	Не, то не.		2	0	twenties	female_feminine			sr	
c20cb0c0edb9cd9c40b412766f5b5d9a615df054ef83c7e998ab1c7cda8439b2565e7c784a0c81bf0eb074ee766f909ff38e1389881809fcac8373069a1a0f58	common_voice_sr_28452691.mp3	9fda7844b421034455112d2022a7ae41604d90689063dc44cedf78fb89f3c1c3	То је оно?		2	0	twenties	female_feminine			sr	
c20cb0c0edb9cd9c40b412766f5b5d9a615df054ef83c7e998ab1c7cda8439b2565e7c784a0c81bf0eb074ee766f909ff38e1389881809fcac8373069a1a0f58	common_voice_sr_28517826.mp3	98127fa58c1a57581994c285fc087e3b15ee8dd0b5a2fa79a9e14d09213624e7	А ви сте.		2	0	twenties	female_feminine			sr	
c20cb0c0edb9cd9c40b412766f5b5d9a615df054ef83c7e998ab1c7cda8439b2565e7c784a0c81bf0eb074ee766f909ff38e1389881809fcac8373069a1a0f58	common_voice_sr_28517828.mp3	b0b709139db80bd5221942dd56a1a36f503225d7b03725dd12be973286c9cf86	А, ја сам!		2	0	twenties	female_feminine			sr	
c20cb0c0edb9cd9c40b412766f5b5d9a615df054ef83c7e998ab1c7cda8439b2565e7c784a0c81bf0eb074ee766f909ff38e1389881809fcac8373069a1a0f58	common_voice_sr_28517833.mp3	9cf78b3ce502422c2e693a193d6608360d3f7f930c9867409434c3a52014d48f	А шта знаш!		2	0	twenties	female_feminine			sr	
c20cb0c0edb9cd9c40b412766f5b5d9a615df054ef83c7e998ab1c7cda8439b2565e7c784a0c81bf0eb074ee766f909ff38e1389881809fcac8373069a1a0f58	common_voice_sr_28517834.mp3	a083247721aa49bb60eef422c155d8e475733aee30682744c69df632f1217636	А ко си ти?		2	0	twenties	female_feminine			sr	
c20cb0c0edb9cd9c40b412766f5b5d9a615df054ef83c7e998ab1c7cda8439b2565e7c784a0c81bf0eb074ee766f909ff38e1389881809fcac8373069a1a0f58	common_voice_sr_28517836.mp3	b0ad95d11eff4e9ed727e3a195c6069741d7dd274734c17e94a29d310c945c52	Да се женим?		2	0	twenties	female_feminine			sr	
c20cb0c0edb9cd9c40b412766f5b5d9a615df054ef83c7e998ab1c7cda8439b2565e7c784a0c81bf0eb074ee766f909ff38e1389881809fcac8373069a1a0f58	common_voice_sr_28517837.mp3	b129c9587a432c85c531309eb978a96892e691f45d01c9f873a06f6a8140ee61	Ха ха ха.		2	0	twenties	female_feminine			sr	
c20cb0c0edb9cd9c40b412766f5b5d9a615df054ef83c7e998ab1c7cda8439b2565e7c784a0c81bf0eb074ee766f909ff38e1389881809fcac8373069a1a0f58	common_voice_sr_28517841.mp3	a26c74611591f9f3dc335aedaf56cc142c24b2d962d1ba4e204a1946356d89ac	Молим вас, у?		2	0	twenties	female_feminine			sr	
c20cb0c0edb9cd9c40b412766f5b5d9a615df054ef83c7e998ab1c7cda8439b2565e7c784a0c81bf0eb074ee766f909ff38e1389881809fcac8373069a1a0f58	common_voice_sr_28517842.mp3	a6a78ac5412a8999900ca0da003b440ba7bca14f0765b2e53f47a2ec3c643e37	Ко то каже?		2	0	twenties	female_feminine			sr	
c20cb0c0edb9cd9c40b412766f5b5d9a615df054ef83c7e998ab1c7cda8439b2565e7c784a0c81bf0eb074ee766f909ff38e1389881809fcac8373069a1a0f58	common_voice_sr_28517843.mp3	b16967e775257bbcf40a9f960e085be30cf95f11488d0ec21fbaee3a6ae9e79f	То не каже.		2	0	twenties	female_feminine			sr	
c20cb0c0edb9cd9c40b412766f5b5d9a615df054ef83c7e998ab1c7cda8439b2565e7c784a0c81bf0eb074ee766f909ff38e1389881809fcac8373069a1a0f58	common_voice_sr_28517844.mp3	ac383441c0c548f6a2d3585ee1e845ec0c311c80da3b2ed8f3fb25c0afb2afc7	Поред многих острва у већим граничним рекама		2	0	twenties	female_feminine			sr	
c20cb0c0edb9cd9c40b412766f5b5d9a615df054ef83c7e998ab1c7cda8439b2565e7c784a0c81bf0eb074ee766f909ff38e1389881809fcac8373069a1a0f58	common_voice_sr_28517845.mp3	a50c66ee1b9d03aded78e22fd5026bc0871faa185b60da4fe41f793618b05874	Рекла сам ти.		2	0	twenties	female_feminine			sr	
c20cb0c0edb9cd9c40b412766f5b5d9a615df054ef83c7e998ab1c7cda8439b2565e7c784a0c81bf0eb074ee766f909ff38e1389881809fcac8373069a1a0f58	common_voice_sr_28517856.mp3	a7a9b77851459feb4c791144ab5db73e5d593745d9cadeae67e974684afaaf72	Што не би?		2	0	twenties	female_feminine			sr	
c20cb0c0edb9cd9c40b412766f5b5d9a615df054ef83c7e998ab1c7cda8439b2565e7c784a0c81bf0eb074ee766f909ff38e1389881809fcac8373069a1a0f58	common_voice_sr_28517857.mp3	9c14175ab286f8d9309889dc9cd3b1467c16eb9298760146fb08a4bfd1ae52db	Представници мањина захтевају промене закона.		2	0	twenties	female_feminine			sr	
c20cb0c0edb9cd9c40b412766f5b5d9a615df054ef83c7e998ab1c7cda8439b2565e7c784a0c81bf0eb074ee766f909ff38e1389881809fcac8373069a1a0f58	common_voice_sr_28517859.mp3	8cf21fd0793abc881d47079210c3e2a686819a15b8c9a24c47a48a1804a7dc33	О, и још нешто.		2	0	twenties	female_feminine			sr	
c20cb0c0edb9cd9c40b412766f5b5d9a615df054ef83c7e998ab1c7cda8439b2565e7c784a0c81bf0eb074ee766f909ff38e1389881809fcac8373069a1a0f58	common_voice_sr_28517860.mp3	a430156c088ab1dc996988c0b7163944bee3035ad02586db05db58cb63a367dd	Они су ми.		2	0	twenties	female_feminine			sr	
c20cb0c0edb9cd9c40b412766f5b5d9a615df054ef83c7e998ab1c7cda8439b2565e7c784a0c81bf0eb074ee766f909ff38e1389881809fcac8373069a1a0f58	common_voice_sr_28517861.mp3	adfc2f1fcdde8df4dd01a76481f02792b6cbc1ceb9b407c207cb0ef07272f53c	Не а ти?		2	0	twenties	female_feminine			sr	
c20cb0c0edb9cd9c40b412766f5b5d9a615df054ef83c7e998ab1c7cda8439b2565e7c784a0c81bf0eb074ee766f909ff38e1389881809fcac8373069a1a0f58	common_voice_sr_28517877.mp3	aec21f0c56ec987247c8b545ddab786ae530574ef4e6ac25b3265c9d60a69515	И то смо.		2	0	twenties	female_feminine			sr	
c20cb0c0edb9cd9c40b412766f5b5d9a615df054ef83c7e998ab1c7cda8439b2565e7c784a0c81bf0eb074ee766f909ff38e1389881809fcac8373069a1a0f58	common_voice_sr_28517878.mp3	adb911014942f6f27aa664aaca3313c7b8dde3c78c64ecbe1d910bd629fde7ec	Батина има два краја.		2	1	twenties	female_feminine			sr	
c20cb0c0edb9cd9c40b412766f5b5d9a615df054ef83c7e998ab1c7cda8439b2565e7c784a0c81bf0eb074ee766f909ff38e1389881809fcac8373069a1a0f58	common_voice_sr_28517879.mp3	a3272e30f6da7f46205cc5d3eca0efcb844a4d6d89708b28a4e215802dc9e774	О, то си ти.		2	0	twenties	female_feminine			sr	
c20cb0c0edb9cd9c40b412766f5b5d9a615df054ef83c7e998ab1c7cda8439b2565e7c784a0c81bf0eb074ee766f909ff38e1389881809fcac8373069a1a0f58	common_voice_sr_28517880.mp3	b3c51182b74a7859ef3166e8ab165bcc5fd90015bcf78260229bc53de2d4c3f1	То је ви?		2	0	twenties	female_feminine			sr	
c20cb0c0edb9cd9c40b412766f5b5d9a615df054ef83c7e998ab1c7cda8439b2565e7c784a0c81bf0eb074ee766f909ff38e1389881809fcac8373069a1a0f58	common_voice_sr_28517887.mp3	a8cdbcd88473211940dacb342458c3999f4138341d2cad4a111cb86400cfea00	Не знате како је!		2	0	twenties	female_feminine			sr	
c20cb0c0edb9cd9c40b412766f5b5d9a615df054ef83c7e998ab1c7cda8439b2565e7c784a0c81bf0eb074ee766f909ff38e1389881809fcac8373069a1a0f58	common_voice_sr_28517888.mp3	b1416a9b64501ef4f80db467cc6b252599ff2c6cab640192dfe4a416120a9819	А ако не?		2	0	twenties	female_feminine			sr	
c20cb0c0edb9cd9c40b412766f5b5d9a615df054ef83c7e998ab1c7cda8439b2565e7c784a0c81bf0eb074ee766f909ff38e1389881809fcac8373069a1a0f58	common_voice_sr_28517889.mp3	9d804d92e0c77ee7172846c9a5a77caf65ef93452302c7edb9256ef97d3b304e	Волео бих, да.		2	0	twenties	female_feminine			sr	
c20cb0c0edb9cd9c40b412766f5b5d9a615df054ef83c7e998ab1c7cda8439b2565e7c784a0c81bf0eb074ee766f909ff38e1389881809fcac8373069a1a0f58	common_voice_sr_28517890.mp3	8e90404276f07d5ed425dbe92bb71989c2cfee27a65e14d4c48c572e4dd25408	Ја за њом.		2	0	twenties	female_feminine			sr	
c20cb0c0edb9cd9c40b412766f5b5d9a615df054ef83c7e998ab1c7cda8439b2565e7c784a0c81bf0eb074ee766f909ff38e1389881809fcac8373069a1a0f58	common_voice_sr_28517891.mp3	a44662577a07d6e5997f01da1184f23b26f1146b81439f72cf1f6bba7385a4ec	Па ја сам.		2	0	twenties	female_feminine			sr	
c20cb0c0edb9cd9c40b412766f5b5d9a615df054ef83c7e998ab1c7cda8439b2565e7c784a0c81bf0eb074ee766f909ff38e1389881809fcac8373069a1a0f58	common_voice_sr_28517896.mp3	aaa0014f68a5ed056fc0796b11283f5c3d462310d7e9be06feaf37b3e13f3d0a	Па, које је?		2	0	twenties	female_feminine			sr	
c20cb0c0edb9cd9c40b412766f5b5d9a615df054ef83c7e998ab1c7cda8439b2565e7c784a0c81bf0eb074ee766f909ff38e1389881809fcac8373069a1a0f58	common_voice_sr_28517899.mp3	a5a96b608f1cf29aaa3bb524d451b870b709f31f5945c2f4dc78c51b79b1b58f	Ко су ти?		2	0	twenties	female_feminine			sr	
c20cb0c0edb9cd9c40b412766f5b5d9a615df054ef83c7e998ab1c7cda8439b2565e7c784a0c81bf0eb074ee766f909ff38e1389881809fcac8373069a1a0f58	common_voice_sr_28517900.mp3	9980761987ff544f8e074f4940fce37d59df02c236ec743b0a08f58a8c5ff385	Четвртог јуна бакља креће на своје путовање светом.		2	0	twenties	female_feminine			sr	
c20cb0c0edb9cd9c40b412766f5b5d9a615df054ef83c7e998ab1c7cda8439b2565e7c784a0c81bf0eb074ee766f909ff38e1389881809fcac8373069a1a0f58	common_voice_sr_28517918.mp3	9edf19759afe62c8143444421a8d9e5250d4a1b0fe0d5a8be521d4f5a88438e7	Било их је још.		2	0	twenties	female_feminine			sr	
c20cb0c0edb9cd9c40b412766f5b5d9a615df054ef83c7e998ab1c7cda8439b2565e7c784a0c81bf0eb074ee766f909ff38e1389881809fcac8373069a1a0f58	common_voice_sr_28517919.mp3	a621dc91f9a8bb3036acbd25bb5771636fb0861df006fc39deb7e3625e752700	Што ја нисам.		2	0	twenties	female_feminine			sr	
c20cb0c0edb9cd9c40b412766f5b5d9a615df054ef83c7e998ab1c7cda8439b2565e7c784a0c81bf0eb074ee766f909ff38e1389881809fcac8373069a1a0f58	common_voice_sr_28517920.mp3	b3f495315e186ed3b96e59b1611514ef91caf2f927f0abb99d3afbf249636a28	По цели дан.		2	0	twenties	female_feminine			sr	
c20cb0c0edb9cd9c40b412766f5b5d9a615df054ef83c7e998ab1c7cda8439b2565e7c784a0c81bf0eb074ee766f909ff38e1389881809fcac8373069a1a0f58	common_voice_sr_28517932.mp3	b1c64f7527b812068bb9ebd10d95058346ca5b83ac96b6b89f47ff0cbe5bba38	Треба да будеш.		2	0	twenties	female_feminine			sr	
c20cb0c0edb9cd9c40b412766f5b5d9a615df054ef83c7e998ab1c7cda8439b2565e7c784a0c81bf0eb074ee766f909ff38e1389881809fcac8373069a1a0f58	common_voice_sr_28517933.mp3	af2c843c5a0f81f1fab97f2dd240d4667ad4f94ad420cf7e5fd3c39d046d474f	Да се љутим?		2	0	twenties	female_feminine			sr	
c20cb0c0edb9cd9c40b412766f5b5d9a615df054ef83c7e998ab1c7cda8439b2565e7c784a0c81bf0eb074ee766f909ff38e1389881809fcac8373069a1a0f58	common_voice_sr_28517934.mp3	a75a3dd89d4a12b414ccfaa7bd6677172af8a6d7e3a89b8c8819145ef2a15bb4	Ко сам ја!		2	0	twenties	female_feminine			sr	
c20cb0c0edb9cd9c40b412766f5b5d9a615df054ef83c7e998ab1c7cda8439b2565e7c784a0c81bf0eb074ee766f909ff38e1389881809fcac8373069a1a0f58	common_voice_sr_28526237.mp3	aef57b51e7dd3e19f24de8079ce123aec2071bbf7634831c732de04205ccf8e9	Не само то!		2	0	twenties	female_feminine			sr	
c20cb0c0edb9cd9c40b412766f5b5d9a615df054ef83c7e998ab1c7cda8439b2565e7c784a0c81bf0eb074ee766f909ff38e1389881809fcac8373069a1a0f58	common_voice_sr_28526238.mp3	a3184f187cd8c3321f24e0178ab8cc656c1d02ae53b8687630d0419ea1ba105e	Можда је то?		2	0	twenties	female_feminine			sr	
c20cb0c0edb9cd9c40b412766f5b5d9a615df054ef83c7e998ab1c7cda8439b2565e7c784a0c81bf0eb074ee766f909ff38e1389881809fcac8373069a1a0f58	common_voice_sr_28526239.mp3	9cd73dc14a11da787f7514686446b43c68623b53a31fc9f771db75603886ae1e	Знаш шта је.		2	0	twenties	female_feminine			sr	
c20cb0c0edb9cd9c40b412766f5b5d9a615df054ef83c7e998ab1c7cda8439b2565e7c784a0c81bf0eb074ee766f909ff38e1389881809fcac8373069a1a0f58	common_voice_sr_28526240.mp3	aabe89ea06df9eb3077371679040b31c17d60186a8f0ecb6d153b9f312ac68fb	За мене је то неприхватљиво.		2	0	twenties	female_feminine			sr	
c20cb0c0edb9cd9c40b412766f5b5d9a615df054ef83c7e998ab1c7cda8439b2565e7c784a0c81bf0eb074ee766f909ff38e1389881809fcac8373069a1a0f58	common_voice_sr_28526241.mp3	9a007de984f69ba879cbb9e7d19425d3c4e7507292a7331638243c2a93547bf7	Па, разуме се.		2	0	twenties	female_feminine			sr	
c20cb0c0edb9cd9c40b412766f5b5d9a615df054ef83c7e998ab1c7cda8439b2565e7c784a0c81bf0eb074ee766f909ff38e1389881809fcac8373069a1a0f58	common_voice_sr_28526242.mp3	b35de8fa4451d718c21c60c3c96e3b445795386cc0f8ab40fd0a455a0cedf211	О, овде је.		2	0	twenties	female_feminine			sr	
c20cb0c0edb9cd9c40b412766f5b5d9a615df054ef83c7e998ab1c7cda8439b2565e7c784a0c81bf0eb074ee766f909ff38e1389881809fcac8373069a1a0f58	common_voice_sr_28526243.mp3	bc03773cb4295fc58aacc2a9fd61893df0171efdcea45777075f1b0c38b50fad	Не знам, а?		2	0	twenties	female_feminine			sr	
c20cb0c0edb9cd9c40b412766f5b5d9a615df054ef83c7e998ab1c7cda8439b2565e7c784a0c81bf0eb074ee766f909ff38e1389881809fcac8373069a1a0f58	common_voice_sr_28526244.mp3	b879f963d77a838200f45a286455e7b82351d11aecf1a3fc211f988998faf388	Како је то лепо.		2	0	twenties	female_feminine			sr	
c20cb0c0edb9cd9c40b412766f5b5d9a615df054ef83c7e998ab1c7cda8439b2565e7c784a0c81bf0eb074ee766f909ff38e1389881809fcac8373069a1a0f58	common_voice_sr_28526245.mp3	b5196429dd1d176d9f73bc9cbd05ab946e1a9dc16166644f4363d62967ea510e	Он је заљубљен у њу.		2	0	twenties	female_feminine			sr	
c20cb0c0edb9cd9c40b412766f5b5d9a615df054ef83c7e998ab1c7cda8439b2565e7c784a0c81bf0eb074ee766f909ff38e1389881809fcac8373069a1a0f58	common_voice_sr_28526249.mp3	a34b35fa5f57a0c1b10abf836051a45ef4f3871bd6eddefbdeb32b56e00bb777	Молим те. не.		2	0	twenties	female_feminine			sr	
c20cb0c0edb9cd9c40b412766f5b5d9a615df054ef83c7e998ab1c7cda8439b2565e7c784a0c81bf0eb074ee766f909ff38e1389881809fcac8373069a1a0f58	common_voice_sr_28526252.mp3	b71c247163d0800c18f29b4194ca887e0737db488e30f5ca0fd53a9515a77285	То је по?		2	0	twenties	female_feminine			sr	
c20cb0c0edb9cd9c40b412766f5b5d9a615df054ef83c7e998ab1c7cda8439b2565e7c784a0c81bf0eb074ee766f909ff38e1389881809fcac8373069a1a0f58	common_voice_sr_28526287.mp3	b13af68e3ff61cc2301aee59a379fd91f1dd12365268bc9b8e063443d6cd5699	А ја знам?		2	0	twenties	female_feminine			sr	
c20cb0c0edb9cd9c40b412766f5b5d9a615df054ef83c7e998ab1c7cda8439b2565e7c784a0c81bf0eb074ee766f909ff38e1389881809fcac8373069a1a0f58	common_voice_sr_28526288.mp3	b9de0b2f4ce51e812512160f25ae33b49cb4066684b53911ca142df7791cd1d5	Ја кажем, да!		2	0	twenties	female_feminine			sr	
c20cb0c0edb9cd9c40b412766f5b5d9a615df054ef83c7e998ab1c7cda8439b2565e7c784a0c81bf0eb074ee766f909ff38e1389881809fcac8373069a1a0f58	common_voice_sr_28526289.mp3	bc15a48f438db8cc904376ebc7469fd892c158b02a04abf3d4ef048258dc3d48	И то је много.		2	0	twenties	female_feminine			sr	
c20cb0c0edb9cd9c40b412766f5b5d9a615df054ef83c7e998ab1c7cda8439b2565e7c784a0c81bf0eb074ee766f909ff38e1389881809fcac8373069a1a0f58	common_voice_sr_28526290.mp3	a1c07548ffbd08e73426257d038a58baf78eed3c7f8d98e367e74fed0f2bbf7b	Нећемо се одрицати правде и демократије.		2	0	twenties	female_feminine			sr	
c20cb0c0edb9cd9c40b412766f5b5d9a615df054ef83c7e998ab1c7cda8439b2565e7c784a0c81bf0eb074ee766f909ff38e1389881809fcac8373069a1a0f58	common_voice_sr_28526291.mp3	b23ef40a8ff17dd5163cc068dcf080dba7d91c8d9150ed76edd660b62cac866d	То не могу.!		2	0	twenties	female_feminine			sr	
c20cb0c0edb9cd9c40b412766f5b5d9a615df054ef83c7e998ab1c7cda8439b2565e7c784a0c81bf0eb074ee766f909ff38e1389881809fcac8373069a1a0f58	common_voice_sr_28526299.mp3	a2437358f1afe4a6544e4a4733bee51bd42aaf5d546adcb442703645bd47888a	У оно време.		2	0	twenties	female_feminine			sr	
c20cb0c0edb9cd9c40b412766f5b5d9a615df054ef83c7e998ab1c7cda8439b2565e7c784a0c81bf0eb074ee766f909ff38e1389881809fcac8373069a1a0f58	common_voice_sr_28526300.mp3	9880e96794a9f4bab5d5bdb8c0c4d7e678b3e8eb82b57a8cf321a8e5793a0adb	То је не.		2	0	twenties	female_feminine			sr	
c20cb0c0edb9cd9c40b412766f5b5d9a615df054ef83c7e998ab1c7cda8439b2565e7c784a0c81bf0eb074ee766f909ff38e1389881809fcac8373069a1a0f58	common_voice_sr_28526301.mp3	b833a445f0c48a3daaedc59e26dd169850e4c842f8d2e78783a99333c7be258d	Где ми је?		2	0	twenties	female_feminine			sr	
c20cb0c0edb9cd9c40b412766f5b5d9a615df054ef83c7e998ab1c7cda8439b2565e7c784a0c81bf0eb074ee766f909ff38e1389881809fcac8373069a1a0f58	common_voice_sr_28526302.mp3	b5fc89525c5c8b054028da2d995c6848cbc417ff5a5e91e2d68ea84883b88891	Када су првобитни људи прилазили пећинама		2	0	twenties	female_feminine			sr	
c20cb0c0edb9cd9c40b412766f5b5d9a615df054ef83c7e998ab1c7cda8439b2565e7c784a0c81bf0eb074ee766f909ff38e1389881809fcac8373069a1a0f58	common_voice_sr_28526303.mp3	ba46f29f0522137a3ea4da272e63886a07c76c140f70ff01a9f3547c440be921	У два дана?		2	0	twenties	female_feminine			sr	
c20cb0c0edb9cd9c40b412766f5b5d9a615df054ef83c7e998ab1c7cda8439b2565e7c784a0c81bf0eb074ee766f909ff38e1389881809fcac8373069a1a0f58	common_voice_sr_28526304.mp3	ad120a138cb147202f1bd8ce4236cfef679b2e9bbb3f54da473cbcba6e4d0f55	Ено тамо је.		2	0	twenties	female_feminine			sr	
c20cb0c0edb9cd9c40b412766f5b5d9a615df054ef83c7e998ab1c7cda8439b2565e7c784a0c81bf0eb074ee766f909ff38e1389881809fcac8373069a1a0f58	common_voice_sr_28526305.mp3	a1d6906a24afdab5093b5334c331be0fce5139d1b242794a5352f6f1abee5bbf	Ти и ко!		2	0	twenties	female_feminine			sr	
c20cb0c0edb9cd9c40b412766f5b5d9a615df054ef83c7e998ab1c7cda8439b2565e7c784a0c81bf0eb074ee766f909ff38e1389881809fcac8373069a1a0f58	common_voice_sr_28526306.mp3	987100d11966186f1fde01e45b0ce5e8dd64e6c43e80b2128c4e895754bed053	Шта сам урадио!		2	0	twenties	female_feminine			sr	
c20cb0c0edb9cd9c40b412766f5b5d9a615df054ef83c7e998ab1c7cda8439b2565e7c784a0c81bf0eb074ee766f909ff38e1389881809fcac8373069a1a0f58	common_voice_sr_28526307.mp3	b5f2796fbce0402c00798e13f918799825da600aecdb49ae320bc27835e58614	Иди и ти тамо.		2	1	twenties	female_feminine			sr	
c20cb0c0edb9cd9c40b412766f5b5d9a615df054ef83c7e998ab1c7cda8439b2565e7c784a0c81bf0eb074ee766f909ff38e1389881809fcac8373069a1a0f58	common_voice_sr_28526317.mp3	b4bdcc2736c0c4e62d5cc87bbd1c76e3104b9b86e0e6e3f16bb4f879e2988fc8	Срамота ме је.		2	0	twenties	female_feminine			sr	
c20cb0c0edb9cd9c40b412766f5b5d9a615df054ef83c7e998ab1c7cda8439b2565e7c784a0c81bf0eb074ee766f909ff38e1389881809fcac8373069a1a0f58	common_voice_sr_28526318.mp3	a2e9a5e3cb8321583fa4c8a4aee77cb160e038d33b0645178a2ff58fbcf4eb28	Ето, сад знате.		2	0	twenties	female_feminine			sr	
c20cb0c0edb9cd9c40b412766f5b5d9a615df054ef83c7e998ab1c7cda8439b2565e7c784a0c81bf0eb074ee766f909ff38e1389881809fcac8373069a1a0f58	common_voice_sr_28526319.mp3	997b4a17274da8af8128fafd1659f337f00dbbe5a80e51a8eec8b7078cace0ad	То би могло да буде опасно.		2	0	twenties	female_feminine			sr	
c20cb0c0edb9cd9c40b412766f5b5d9a615df054ef83c7e998ab1c7cda8439b2565e7c784a0c81bf0eb074ee766f909ff38e1389881809fcac8373069a1a0f58	common_voice_sr_28526321.mp3	8dc772efb6d53b2dafc41e293deee62b9b91d6493caa2ee6ea8e9b928672203f	И не зна.		2	0	twenties	female_feminine			sr	
c20cb0c0edb9cd9c40b412766f5b5d9a615df054ef83c7e998ab1c7cda8439b2565e7c784a0c81bf0eb074ee766f909ff38e1389881809fcac8373069a1a0f58	common_voice_sr_28526327.mp3	b07d8e0650fcf5f4cc2f828643381fa9d85df0c05cba64eef9454a2418ce7e26	Где они иду када летња врућина постане неподношљива?		2	0	twenties	female_feminine			sr	
c20cb0c0edb9cd9c40b412766f5b5d9a615df054ef83c7e998ab1c7cda8439b2565e7c784a0c81bf0eb074ee766f909ff38e1389881809fcac8373069a1a0f58	common_voice_sr_28526328.mp3	bc951ea23bf06b79f529199fddd763cff266a088fc2171107c5c7f04ccb48cbd	То је код!		2	0	twenties	female_feminine			sr	
c20cb0c0edb9cd9c40b412766f5b5d9a615df054ef83c7e998ab1c7cda8439b2565e7c784a0c81bf0eb074ee766f909ff38e1389881809fcac8373069a1a0f58	common_voice_sr_28526329.mp3	bac1e0cea720c81dd8416143e1afb27f1858f9578bd8b169a9bdc57c0aa28b0f	Ми смо своје урадили.		2	0	twenties	female_feminine			sr	
c20cb0c0edb9cd9c40b412766f5b5d9a615df054ef83c7e998ab1c7cda8439b2565e7c784a0c81bf0eb074ee766f909ff38e1389881809fcac8373069a1a0f58	common_voice_sr_28526330.mp3	bb167b46e4fef2da692f18bf4305eec9befcadb9d75df2d0f7e480f08f913415	О, не можеш?		2	0	twenties	female_feminine			sr	
c20cb0c0edb9cd9c40b412766f5b5d9a615df054ef83c7e998ab1c7cda8439b2565e7c784a0c81bf0eb074ee766f909ff38e1389881809fcac8373069a1a0f58	common_voice_sr_28526333.mp3	bcf070bc29b36caf8faf0881b0399b969caef087070ca711b682ef784d3cb2c5	О тако да.		2	0	twenties	female_feminine			sr	
c20cb0c0edb9cd9c40b412766f5b5d9a615df054ef83c7e998ab1c7cda8439b2565e7c784a0c81bf0eb074ee766f909ff38e1389881809fcac8373069a1a0f58	common_voice_sr_28526336.mp3	79beda22acd2008cbdc71eba61394d65f9c09fd36dabfb827067281cca88d943	Све по реду.		2	0	twenties	female_feminine			sr	
c20cb0c0edb9cd9c40b412766f5b5d9a615df054ef83c7e998ab1c7cda8439b2565e7c784a0c81bf0eb074ee766f909ff38e1389881809fcac8373069a1a0f58	common_voice_sr_28526338.mp3	af265edc4a25943e509d305e81ceaf9b1ae3a4701649882d45297ccd956487ca	Ви сте самац?		2	0	twenties	female_feminine			sr	
c20cb0c0edb9cd9c40b412766f5b5d9a615df054ef83c7e998ab1c7cda8439b2565e7c784a0c81bf0eb074ee766f909ff38e1389881809fcac8373069a1a0f58	common_voice_sr_28526339.mp3	b80144c50ddc9c232451e92ba3b0c16c3dd357e7867c4580f729320c3190a75b	Бог нека вас благослови.		2	0	twenties	female_feminine			sr	
c20cb0c0edb9cd9c40b412766f5b5d9a615df054ef83c7e998ab1c7cda8439b2565e7c784a0c81bf0eb074ee766f909ff38e1389881809fcac8373069a1a0f58	common_voice_sr_28526342.mp3	b3039bae208a7a55765dd8acbebe9b70e43377d1eaba919cc539ee3f1e024907	Да сам будала?		2	0	twenties	female_feminine			sr	
c20cb0c0edb9cd9c40b412766f5b5d9a615df054ef83c7e998ab1c7cda8439b2565e7c784a0c81bf0eb074ee766f909ff38e1389881809fcac8373069a1a0f58	common_voice_sr_28526343.mp3	a6c3871a24407c7513f77ec42394fc7ef9875330f616492be47904c3e5bd05cc	Колико је сати?		2	0	twenties	female_feminine			sr	
c20cb0c0edb9cd9c40b412766f5b5d9a615df054ef83c7e998ab1c7cda8439b2565e7c784a0c81bf0eb074ee766f909ff38e1389881809fcac8373069a1a0f58	common_voice_sr_28526344.mp3	a9966953d6fa1c46ea9e5553462553ed9a01e1177f3e5f4e8cf0bcf8ca6d1578	тешио ме је мој кућни лекар		2	0	twenties	female_feminine			sr	
c20cb0c0edb9cd9c40b412766f5b5d9a615df054ef83c7e998ab1c7cda8439b2565e7c784a0c81bf0eb074ee766f909ff38e1389881809fcac8373069a1a0f58	common_voice_sr_28526345.mp3	96126a9cee5eba5bf7b6c5d56cdb3eaa2075dc5206d493d01fccc23acc0ea1ce	Не знаш колико.		2	0	twenties	female_feminine			sr	
c20cb0c0edb9cd9c40b412766f5b5d9a615df054ef83c7e998ab1c7cda8439b2565e7c784a0c81bf0eb074ee766f909ff38e1389881809fcac8373069a1a0f58	common_voice_sr_28526346.mp3	b91dcd094f974c4cc78615aedce1dae7ff246508fd6e30d6562147e74bdcd06d	Знам како је то!		2	0	twenties	female_feminine			sr	
c20cb0c0edb9cd9c40b412766f5b5d9a615df054ef83c7e998ab1c7cda8439b2565e7c784a0c81bf0eb074ee766f909ff38e1389881809fcac8373069a1a0f58	common_voice_sr_28526347.mp3	b0cb1bfd9105448aef7dcb54baa6d08a80f2ebe0fc7b1c25402091c0e4ee9137	Нека се зна!		2	0	twenties	female_feminine			sr	
c20cb0c0edb9cd9c40b412766f5b5d9a615df054ef83c7e998ab1c7cda8439b2565e7c784a0c81bf0eb074ee766f909ff38e1389881809fcac8373069a1a0f58	common_voice_sr_28526349.mp3	aa776d196f86bb47bd87a788eab973ab561ea6d6145d3c7e9ffdf0365368f07d	А после смрти?		2	0	twenties	female_feminine			sr	
c20cb0c0edb9cd9c40b412766f5b5d9a615df054ef83c7e998ab1c7cda8439b2565e7c784a0c81bf0eb074ee766f909ff38e1389881809fcac8373069a1a0f58	common_voice_sr_28526350.mp3	99db6f122878ccec00c3451722798ba04510f3d36e92ffdae18ba43625556fb0	Он је све.		2	0	twenties	female_feminine			sr	
c20cb0c0edb9cd9c40b412766f5b5d9a615df054ef83c7e998ab1c7cda8439b2565e7c784a0c81bf0eb074ee766f909ff38e1389881809fcac8373069a1a0f58	common_voice_sr_28526369.mp3	9a6ffc7676665c428fa22e1394863477da7eea589ae32829c6b6df96ba1b10ea	Ти је то.		2	0	twenties	female_feminine			sr	
c20cb0c0edb9cd9c40b412766f5b5d9a615df054ef83c7e998ab1c7cda8439b2565e7c784a0c81bf0eb074ee766f909ff38e1389881809fcac8373069a1a0f58	common_voice_sr_28526372.mp3	a855080d869ae1df594bd0b034ff4ed72f29e75b2c4bd2757b18e30d386029fe	Како су људи?		2	0	twenties	female_feminine			sr	
c20cb0c0edb9cd9c40b412766f5b5d9a615df054ef83c7e998ab1c7cda8439b2565e7c784a0c81bf0eb074ee766f909ff38e1389881809fcac8373069a1a0f58	common_voice_sr_28526373.mp3	b7918644f014309d70e10a88afc817973bcb14dc1610253b5d310067a2d50b05	То је код.		2	0	twenties	female_feminine			sr	
c20cb0c0edb9cd9c40b412766f5b5d9a615df054ef83c7e998ab1c7cda8439b2565e7c784a0c81bf0eb074ee766f909ff38e1389881809fcac8373069a1a0f58	common_voice_sr_28526376.mp3	b5f216ba4300b794238838a5034d0955f68a662667b4b1f5247c6d6a1745ab45	Када се врати.		2	0	twenties	female_feminine			sr	
c20cb0c0edb9cd9c40b412766f5b5d9a615df054ef83c7e998ab1c7cda8439b2565e7c784a0c81bf0eb074ee766f909ff38e1389881809fcac8373069a1a0f58	common_voice_sr_28526377.mp3	982c2d0776eb8c39223ab99ff233c34b4548f34b1dedee35f2c5e23146422579	Да си ти?		2	0	twenties	female_feminine			sr	
c20cb0c0edb9cd9c40b412766f5b5d9a615df054ef83c7e998ab1c7cda8439b2565e7c784a0c81bf0eb074ee766f909ff38e1389881809fcac8373069a1a0f58	common_voice_sr_28526378.mp3	ba1bc9b4835298bf81b443f8faf283f8effcec2a7b1aee768854229dc6ff3637	Сасвим сте добро.		2	0	twenties	female_feminine			sr	
c20cb0c0edb9cd9c40b412766f5b5d9a615df054ef83c7e998ab1c7cda8439b2565e7c784a0c81bf0eb074ee766f909ff38e1389881809fcac8373069a1a0f58	common_voice_sr_28526380.mp3	9f287df98c60ad94477565a8d501a7e8bea2f93af5ccb098df23bdfbce3c722d	О мојој жени.		2	0	twenties	female_feminine			sr	
c20cb0c0edb9cd9c40b412766f5b5d9a615df054ef83c7e998ab1c7cda8439b2565e7c784a0c81bf0eb074ee766f909ff38e1389881809fcac8373069a1a0f58	common_voice_sr_28526386.mp3	a507bf963956585ee26e7e183d84e72a6ac0bc8475e74ada23b4a18e5f871b6d	Спасао си је.		2	0	twenties	female_feminine			sr	
c20cb0c0edb9cd9c40b412766f5b5d9a615df054ef83c7e998ab1c7cda8439b2565e7c784a0c81bf0eb074ee766f909ff38e1389881809fcac8373069a1a0f58	common_voice_sr_28526387.mp3	add691674b41676650245e52802560dba271abd89aeba57eaea2048d73b49727	Макар и тако.		2	0	twenties	female_feminine			sr	
c20cb0c0edb9cd9c40b412766f5b5d9a615df054ef83c7e998ab1c7cda8439b2565e7c784a0c81bf0eb074ee766f909ff38e1389881809fcac8373069a1a0f58	common_voice_sr_28526388.mp3	a3c54d5082e975900fa45a4b7e0cff06921de0d1cb9604e00c839bda6c4ead1a	Не смеш тако.		2	0	twenties	female_feminine			sr	
c20cb0c0edb9cd9c40b412766f5b5d9a615df054ef83c7e998ab1c7cda8439b2565e7c784a0c81bf0eb074ee766f909ff38e1389881809fcac8373069a1a0f58	common_voice_sr_28526390.mp3	b354c466db153e8b6ccefe2dde062af6d64a9f1bcbdb6d1b49b3003e796648a0	И ја шта?		2	0	twenties	female_feminine			sr	
c20cb0c0edb9cd9c40b412766f5b5d9a615df054ef83c7e998ab1c7cda8439b2565e7c784a0c81bf0eb074ee766f909ff38e1389881809fcac8373069a1a0f58	common_voice_sr_28526391.mp3	a0702ebc4b9a35e327602c89746ae1e05cad740a2a2ea7263bc86b59f8841341	Петнаест и по.		2	0	twenties	female_feminine			sr	
c20cb0c0edb9cd9c40b412766f5b5d9a615df054ef83c7e998ab1c7cda8439b2565e7c784a0c81bf0eb074ee766f909ff38e1389881809fcac8373069a1a0f58	common_voice_sr_28526392.mp3	a956cd83917e24b66e1432aa1d2565b582770342391a88fc531a34f6f73e07ce	Ко је он.		2	0	twenties	female_feminine			sr	
c20cb0c0edb9cd9c40b412766f5b5d9a615df054ef83c7e998ab1c7cda8439b2565e7c784a0c81bf0eb074ee766f909ff38e1389881809fcac8373069a1a0f58	common_voice_sr_28526393.mp3	b857f199d98524b7d2f1a60e22093dafced3743f65c6bbeb1e4c4eac3a0d47ea	Шта је с тобом?		2	0	twenties	female_feminine			sr	
c20cb0c0edb9cd9c40b412766f5b5d9a615df054ef83c7e998ab1c7cda8439b2565e7c784a0c81bf0eb074ee766f909ff38e1389881809fcac8373069a1a0f58	common_voice_sr_28526394.mp3	9eabc077bdc36ba2103416f687c93182051a9fb0d5ac336b29eea49cbd348591	Моје дете, не!		2	0	twenties	female_feminine			sr	
c20cb0c0edb9cd9c40b412766f5b5d9a615df054ef83c7e998ab1c7cda8439b2565e7c784a0c81bf0eb074ee766f909ff38e1389881809fcac8373069a1a0f58	common_voice_sr_28526395.mp3	ab5da7a6bf723373d5e94f5bc39b74b5949dc1593e1c4efb874edecb21062747	Шта је, да је.		2	0	twenties	female_feminine			sr	
c20cb0c0edb9cd9c40b412766f5b5d9a615df054ef83c7e998ab1c7cda8439b2565e7c784a0c81bf0eb074ee766f909ff38e1389881809fcac8373069a1a0f58	common_voice_sr_28526401.mp3	98bae7faf10500387aa0bb6de1f2283be4701e0140d15ef1e4db7e62be4911f4	Овако или онако!		2	0	twenties	female_feminine			sr	
c20cb0c0edb9cd9c40b412766f5b5d9a615df054ef83c7e998ab1c7cda8439b2565e7c784a0c81bf0eb074ee766f909ff38e1389881809fcac8373069a1a0f58	common_voice_sr_28526402.mp3	aa582d214660cafe690316e8dc6d6fb3e40d6894c28d76e290456a649f2c4894	Ово је љубав?		2	0	twenties	female_feminine			sr	
c20cb0c0edb9cd9c40b412766f5b5d9a615df054ef83c7e998ab1c7cda8439b2565e7c784a0c81bf0eb074ee766f909ff38e1389881809fcac8373069a1a0f58	common_voice_sr_28526403.mp3	9e606146a92293f360a03bf5d84a3fb939cd6ddc0e4c45b783df714e549df45c	Једна од њих.		2	0	twenties	female_feminine			sr	
c20cb0c0edb9cd9c40b412766f5b5d9a615df054ef83c7e998ab1c7cda8439b2565e7c784a0c81bf0eb074ee766f909ff38e1389881809fcac8373069a1a0f58	common_voice_sr_28526404.mp3	b4cafad2983d7c6e1f7fb2741d6bdead42f3bc28d41f50897cf80410677d0c1c	Ако је видим.		2	0	twenties	female_feminine			sr	
c20cb0c0edb9cd9c40b412766f5b5d9a615df054ef83c7e998ab1c7cda8439b2565e7c784a0c81bf0eb074ee766f909ff38e1389881809fcac8373069a1a0f58	common_voice_sr_28526405.mp3	ab881099df1df8c592bb0cacc13cfa25505079e217bf4aace057285c0807d0fd	Ма је л?		2	0	twenties	female_feminine			sr	
c20cb0c0edb9cd9c40b412766f5b5d9a615df054ef83c7e998ab1c7cda8439b2565e7c784a0c81bf0eb074ee766f909ff38e1389881809fcac8373069a1a0f58	common_voice_sr_28526406.mp3	b3235e60537306d7c8f555008c9e9a6e6284c2a0b317406a5ea87b34398f2d03	Било је то, са сваког аспекта, веома успешно.		2	0	twenties	female_feminine			sr	
c20cb0c0edb9cd9c40b412766f5b5d9a615df054ef83c7e998ab1c7cda8439b2565e7c784a0c81bf0eb074ee766f909ff38e1389881809fcac8373069a1a0f58	common_voice_sr_28526407.mp3	b8729629b9f42eedd4b072aa2f935e7f58b75f7c54b2b734758a5b952d1cb44d	Или си ти?		2	0	twenties	female_feminine			sr	
c20cb0c0edb9cd9c40b412766f5b5d9a615df054ef83c7e998ab1c7cda8439b2565e7c784a0c81bf0eb074ee766f909ff38e1389881809fcac8373069a1a0f58	common_voice_sr_28526408.mp3	b7bad01fe68ab56221b1b8d9804491faa10d53f1ab803bb4bb42db610edaefe4	Шта да каже?		2	0	twenties	female_feminine			sr	
c20cb0c0edb9cd9c40b412766f5b5d9a615df054ef83c7e998ab1c7cda8439b2565e7c784a0c81bf0eb074ee766f909ff38e1389881809fcac8373069a1a0f58	common_voice_sr_28526409.mp3	81e2bbd7ef7e6f50f5b654a4279408c8c5d40befbfbe4d0caa5d19cf7b53c331	Не би био.		2	0	twenties	female_feminine			sr	
c20cb0c0edb9cd9c40b412766f5b5d9a615df054ef83c7e998ab1c7cda8439b2565e7c784a0c81bf0eb074ee766f909ff38e1389881809fcac8373069a1a0f58	common_voice_sr_28526410.mp3	b4e00768d2ade084c318c5e7ce8f9a0291c2562dade44fc8f7505dcfb9708730	То смо решили.		2	0	twenties	female_feminine			sr	
c20cb0c0edb9cd9c40b412766f5b5d9a615df054ef83c7e998ab1c7cda8439b2565e7c784a0c81bf0eb074ee766f909ff38e1389881809fcac8373069a1a0f58	common_voice_sr_28526426.mp3	b82ec6b3704684bd2183eceac5033be6f7c136a3730b00930adb475044b140ea	Средства ће бити употребљена за подршку реформама.		2	0	twenties	female_feminine			sr	
c20cb0c0edb9cd9c40b412766f5b5d9a615df054ef83c7e998ab1c7cda8439b2565e7c784a0c81bf0eb074ee766f909ff38e1389881809fcac8373069a1a0f58	common_voice_sr_28526427.mp3	b40b9a6e621be1d38289670f18909874e5013fcf4d267f9022b08439752fdad2	А како би?		2	0	twenties	female_feminine			sr	
c20cb0c0edb9cd9c40b412766f5b5d9a615df054ef83c7e998ab1c7cda8439b2565e7c784a0c81bf0eb074ee766f909ff38e1389881809fcac8373069a1a0f58	common_voice_sr_28526435.mp3	9d07bccc6fb096c8c14459f810171e977fe5fef3ab194e44e2f1a89441adaebd	На колико дуго?		2	0	twenties	female_feminine			sr	
c20cb0c0edb9cd9c40b412766f5b5d9a615df054ef83c7e998ab1c7cda8439b2565e7c784a0c81bf0eb074ee766f909ff38e1389881809fcac8373069a1a0f58	common_voice_sr_28526436.mp3	b8a7c8409c0c4872a8f65942794922208f06ce9409ebb862ffce90a1e3943d88	Без друштва нема јунаштва.		2	0	twenties	female_feminine			sr	
c20cb0c0edb9cd9c40b412766f5b5d9a615df054ef83c7e998ab1c7cda8439b2565e7c784a0c81bf0eb074ee766f909ff38e1389881809fcac8373069a1a0f58	common_voice_sr_28526437.mp3	bba4578ee455dad395b54e922908fa440423acb4b53bbeb9fb78314e94e86122	Ти и он.		2	0	twenties	female_feminine			sr	
c20cb0c0edb9cd9c40b412766f5b5d9a615df054ef83c7e998ab1c7cda8439b2565e7c784a0c81bf0eb074ee766f909ff38e1389881809fcac8373069a1a0f58	common_voice_sr_28526449.mp3	b14ce882fc17bca3b3e546ff3d0fbedacd3e89db0c3c3ba10666bf23e426831c	Али то не.		2	0	twenties	female_feminine			sr	
c20cb0c0edb9cd9c40b412766f5b5d9a615df054ef83c7e998ab1c7cda8439b2565e7c784a0c81bf0eb074ee766f909ff38e1389881809fcac8373069a1a0f58	common_voice_sr_28526450.mp3	a908a265ed9401554149bfede56a33013b6adf381e360612d2d1772213c121cc	Али у њима.		2	0	twenties	female_feminine			sr	
c20cb0c0edb9cd9c40b412766f5b5d9a615df054ef83c7e998ab1c7cda8439b2565e7c784a0c81bf0eb074ee766f909ff38e1389881809fcac8373069a1a0f58	common_voice_sr_28526451.mp3	a475a9f17449fa01c5f4541c3577ab3a89f6488ca58af028acadb38096b2373c	Али, молим вас.		2	0	twenties	female_feminine			sr	
c20cb0c0edb9cd9c40b412766f5b5d9a615df054ef83c7e998ab1c7cda8439b2565e7c784a0c81bf0eb074ee766f909ff38e1389881809fcac8373069a1a0f58	common_voice_sr_28526452.mp3	8f70b38f91977d7ff8564c174c0ddb995f5fe95a9dc9b9d6db90a5babf09321a	Знам за то.		2	0	twenties	female_feminine			sr	
c20cb0c0edb9cd9c40b412766f5b5d9a615df054ef83c7e998ab1c7cda8439b2565e7c784a0c81bf0eb074ee766f909ff38e1389881809fcac8373069a1a0f58	common_voice_sr_28526453.mp3	b38bce728a0dec1d99d797f318d07830aa6e227733b15e83f50243e07dc90329	Било је још.		2	0	twenties	female_feminine			sr	
c20cb0c0edb9cd9c40b412766f5b5d9a615df054ef83c7e998ab1c7cda8439b2565e7c784a0c81bf0eb074ee766f909ff38e1389881809fcac8373069a1a0f58	common_voice_sr_28526454.mp3	b2da08fe9417b9b42f2c29b719f0dd4638cfd2ee61a6f825bce23a48c4b75662	У своју судбину.		2	0	twenties	female_feminine			sr	
c20cb0c0edb9cd9c40b412766f5b5d9a615df054ef83c7e998ab1c7cda8439b2565e7c784a0c81bf0eb074ee766f909ff38e1389881809fcac8373069a1a0f58	common_voice_sr_28526455.mp3	b56af04c7f711b510dbdc52e8b17985c5bbed0f2708de6639754991f14de28fa	Још мало лево!		2	0	twenties	female_feminine			sr	
c20cb0c0edb9cd9c40b412766f5b5d9a615df054ef83c7e998ab1c7cda8439b2565e7c784a0c81bf0eb074ee766f909ff38e1389881809fcac8373069a1a0f58	common_voice_sr_28526456.mp3	b5cbebb48ae5f900a1097b5510e5706f5cbe448b0181444500673508fbfe99d5	Где си ти до сада?		2	0	twenties	female_feminine			sr	
c20cb0c0edb9cd9c40b412766f5b5d9a615df054ef83c7e998ab1c7cda8439b2565e7c784a0c81bf0eb074ee766f909ff38e1389881809fcac8373069a1a0f58	common_voice_sr_28526457.mp3	a97c4116fca51c299fa71e1c1c3f619d9b6d5536d76a486e38e2daaa1003456b	То је ред.		2	0	twenties	female_feminine			sr	
c20cb0c0edb9cd9c40b412766f5b5d9a615df054ef83c7e998ab1c7cda8439b2565e7c784a0c81bf0eb074ee766f909ff38e1389881809fcac8373069a1a0f58	common_voice_sr_28526458.mp3	ae272bc23c7c56afa4ae5c2fe50b03c9a69bf626e0febb8798b4a98b4b4f696f	Он је твој вереник.		2	0	twenties	female_feminine			sr	
c20cb0c0edb9cd9c40b412766f5b5d9a615df054ef83c7e998ab1c7cda8439b2565e7c784a0c81bf0eb074ee766f909ff38e1389881809fcac8373069a1a0f58	common_voice_sr_28526464.mp3	ba60a30db89d9c011303bcb5cd4797e6bd6ed78c4407509c3ef3d4321e173dd4	Он је сада добио мандат као независни кандидат.		2	0	twenties	female_feminine			sr	
c20cb0c0edb9cd9c40b412766f5b5d9a615df054ef83c7e998ab1c7cda8439b2565e7c784a0c81bf0eb074ee766f909ff38e1389881809fcac8373069a1a0f58	common_voice_sr_28526465.mp3	bbf3f65ce2cae27f34856d7bbc8281bbea124b136476120a34ea96a1c3c5c231	Ђубре је свуда.		2	0	twenties	female_feminine			sr	
c20cb0c0edb9cd9c40b412766f5b5d9a615df054ef83c7e998ab1c7cda8439b2565e7c784a0c81bf0eb074ee766f909ff38e1389881809fcac8373069a1a0f58	common_voice_sr_28526466.mp3	b667b77341aa7b4aa2f69eeff66bfc5b2acbb7f8c3f460552cd1213b70185a7e	Могу ли они то урадити?		2	0	twenties	female_feminine			sr	
c20cb0c0edb9cd9c40b412766f5b5d9a615df054ef83c7e998ab1c7cda8439b2565e7c784a0c81bf0eb074ee766f909ff38e1389881809fcac8373069a1a0f58	common_voice_sr_28526468.mp3	a26b32cf0561656f588995a32106336f9a771a985053f5b36a8de3ecfcd891e6	Шта је све ово?		2	0	twenties	female_feminine			sr	
c20cb0c0edb9cd9c40b412766f5b5d9a615df054ef83c7e998ab1c7cda8439b2565e7c784a0c81bf0eb074ee766f909ff38e1389881809fcac8373069a1a0f58	common_voice_sr_28526469.mp3	9c58ea43a1a15d5a60b45ffe908880153c3259bf16bcfdb60c74af1e59b7c18f	Може да постане.		2	0	twenties	female_feminine			sr	
c20cb0c0edb9cd9c40b412766f5b5d9a615df054ef83c7e998ab1c7cda8439b2565e7c784a0c81bf0eb074ee766f909ff38e1389881809fcac8373069a1a0f58	common_voice_sr_28526480.mp3	c0a7fd4b1e33c354e908628cf2d5a0a34baddc8e5716405e8a19f7c2f0f60c3d	Него због тебе.		2	0	twenties	female_feminine			sr	
c20cb0c0edb9cd9c40b412766f5b5d9a615df054ef83c7e998ab1c7cda8439b2565e7c784a0c81bf0eb074ee766f909ff38e1389881809fcac8373069a1a0f58	common_voice_sr_28526481.mp3	c05372e0e232d8b11b89573d2f5d22e943d96ba81405175c81fc5ffb16111be0	То сам хтео?		2	0	twenties	female_feminine			sr	
c20cb0c0edb9cd9c40b412766f5b5d9a615df054ef83c7e998ab1c7cda8439b2565e7c784a0c81bf0eb074ee766f909ff38e1389881809fcac8373069a1a0f58	common_voice_sr_28526482.mp3	bfdf9cd06b170415663725163f2fc91a8a9518769120a8fc0f5ed22d56f6fa58	Па, ја не знам!		2	0	twenties	female_feminine			sr	
c20cb0c0edb9cd9c40b412766f5b5d9a615df054ef83c7e998ab1c7cda8439b2565e7c784a0c81bf0eb074ee766f909ff38e1389881809fcac8373069a1a0f58	common_voice_sr_28526483.mp3	b064eedca3a46939625b8ba82c5b7138b2df514a293abfb19f782bd5353ab3c4	Јесте ли га?		2	0	twenties	female_feminine			sr	
c20cb0c0edb9cd9c40b412766f5b5d9a615df054ef83c7e998ab1c7cda8439b2565e7c784a0c81bf0eb074ee766f909ff38e1389881809fcac8373069a1a0f58	common_voice_sr_28526494.mp3	be5d4720e0177f7da973d0b7298634949ea950ab3806d92146b6c5ec70d395b1	О мени говорите?		2	0	twenties	female_feminine			sr	
c20cb0c0edb9cd9c40b412766f5b5d9a615df054ef83c7e998ab1c7cda8439b2565e7c784a0c81bf0eb074ee766f909ff38e1389881809fcac8373069a1a0f58	common_voice_sr_28526495.mp3	bbbe8a99511783eccf2e95426befbcb2d4414f1aa50b0696eca9ac6c744fe3da	О, да, јесте.		2	0	twenties	female_feminine			sr	
c20cb0c0edb9cd9c40b412766f5b5d9a615df054ef83c7e998ab1c7cda8439b2565e7c784a0c81bf0eb074ee766f909ff38e1389881809fcac8373069a1a0f58	common_voice_sr_28526496.mp3	a8f557a0048577c068070f935b8e2575dd67fd2311100da3cc4acd61bcc09d95	Оно није добро.		2	0	twenties	female_feminine			sr	
c20cb0c0edb9cd9c40b412766f5b5d9a615df054ef83c7e998ab1c7cda8439b2565e7c784a0c81bf0eb074ee766f909ff38e1389881809fcac8373069a1a0f58	common_voice_sr_28526497.mp3	b5952c4b0e236075015bf2840f63e423826b8d69a57b01d4923c7095ab806a49	Ах, да, да.		2	0	twenties	female_feminine			sr	
c20cb0c0edb9cd9c40b412766f5b5d9a615df054ef83c7e998ab1c7cda8439b2565e7c784a0c81bf0eb074ee766f909ff38e1389881809fcac8373069a1a0f58	common_voice_sr_28526498.mp3	b2e692709522e731bf0c4102fc087c23620c70b3d84a47475fdadc6baff1a3d4	То је правио.		2	0	twenties	female_feminine			sr	
c20cb0c0edb9cd9c40b412766f5b5d9a615df054ef83c7e998ab1c7cda8439b2565e7c784a0c81bf0eb074ee766f909ff38e1389881809fcac8373069a1a0f58	common_voice_sr_28526509.mp3	87e03dcdec69be423504262d49850c48721cc1873c4c53f1c862c8e5d580b8d3	Ко је за.		2	0	twenties	female_feminine			sr	
c20cb0c0edb9cd9c40b412766f5b5d9a615df054ef83c7e998ab1c7cda8439b2565e7c784a0c81bf0eb074ee766f909ff38e1389881809fcac8373069a1a0f58	common_voice_sr_28526510.mp3	b98d6b6ea204369255ebb8538a5aae45a929f52c1fdfd8b780fe5fe370fc6ac8	И где је.		2	0	twenties	female_feminine			sr	
c20cb0c0edb9cd9c40b412766f5b5d9a615df054ef83c7e998ab1c7cda8439b2565e7c784a0c81bf0eb074ee766f909ff38e1389881809fcac8373069a1a0f58	common_voice_sr_28526512.mp3	bc292b0fa876c84b371e3e4ab81dce65ff239ba4e4b6e1f82717727265943b61	Видео сам својим очима.		2	0	twenties	female_feminine			sr	
c20cb0c0edb9cd9c40b412766f5b5d9a615df054ef83c7e998ab1c7cda8439b2565e7c784a0c81bf0eb074ee766f909ff38e1389881809fcac8373069a1a0f58	common_voice_sr_28526523.mp3	b91318324ad4007039be8627f8850d8bef196532b0e5b8482adb76b88e44c200	Где је много приче мало је рада.		2	0	twenties	female_feminine			sr	
c20cb0c0edb9cd9c40b412766f5b5d9a615df054ef83c7e998ab1c7cda8439b2565e7c784a0c81bf0eb074ee766f909ff38e1389881809fcac8373069a1a0f58	common_voice_sr_28526524.mp3	be6eb2b16170e3ca0bbde5fd96951e6eb5d1e1305ccfd095e73596ff74a376be	Ако бога знаш.		2	0	twenties	female_feminine			sr	
c20cb0c0edb9cd9c40b412766f5b5d9a615df054ef83c7e998ab1c7cda8439b2565e7c784a0c81bf0eb074ee766f909ff38e1389881809fcac8373069a1a0f58	common_voice_sr_28526525.mp3	9ddbc4884d1c6da0439772975e817dffd313dd531224d98c6892845dd252263a	Заљубљен у њу?		2	0	twenties	female_feminine			sr	
c20cb0c0edb9cd9c40b412766f5b5d9a615df054ef83c7e998ab1c7cda8439b2565e7c784a0c81bf0eb074ee766f909ff38e1389881809fcac8373069a1a0f58	common_voice_sr_28526526.mp3	a769acd6e4060ad65b6a1932fc4fdd4d06df6af3f99d3b150262b48958d23648	Много горе ствари.		2	0	twenties	female_feminine			sr	
c20cb0c0edb9cd9c40b412766f5b5d9a615df054ef83c7e998ab1c7cda8439b2565e7c784a0c81bf0eb074ee766f909ff38e1389881809fcac8373069a1a0f58	common_voice_sr_28526527.mp3	bffa8330b27d22433126cc1939c8b0c8385d7c292f7dba83610ee4c3f456bfc3	Ето ти сад.		2	0	twenties	female_feminine			sr	
c20cb0c0edb9cd9c40b412766f5b5d9a615df054ef83c7e998ab1c7cda8439b2565e7c784a0c81bf0eb074ee766f909ff38e1389881809fcac8373069a1a0f58	common_voice_sr_28526538.mp3	bf8bbf3a8606863600ba236459fe0af679e950cc035200b7a1ede2b4418b0c4f	У лажи су кратке ноге.		2	0	twenties	female_feminine			sr	
c20cb0c0edb9cd9c40b412766f5b5d9a615df054ef83c7e998ab1c7cda8439b2565e7c784a0c81bf0eb074ee766f909ff38e1389881809fcac8373069a1a0f58	common_voice_sr_28526539.mp3	b29031233e0bfe71a1458044567a74f14c659975be73ec8081a064ec3400b797	Не љутиш се.		2	0	twenties	female_feminine			sr	
c20cb0c0edb9cd9c40b412766f5b5d9a615df054ef83c7e998ab1c7cda8439b2565e7c784a0c81bf0eb074ee766f909ff38e1389881809fcac8373069a1a0f58	common_voice_sr_28526540.mp3	ba3b4cab75616340256e1eccc0f861e3aa77d44530d708925a6e0cab6ed3dd9f	Не, још нису!		2	0	twenties	female_feminine			sr	
c20cb0c0edb9cd9c40b412766f5b5d9a615df054ef83c7e998ab1c7cda8439b2565e7c784a0c81bf0eb074ee766f909ff38e1389881809fcac8373069a1a0f58	common_voice_sr_28526541.mp3	b2727608df2077844d07696fcd31581572937796ff4f5878483de85286c42bb5	А у њој?		2	0	twenties	female_feminine			sr	
c20cb0c0edb9cd9c40b412766f5b5d9a615df054ef83c7e998ab1c7cda8439b2565e7c784a0c81bf0eb074ee766f909ff38e1389881809fcac8373069a1a0f58	common_voice_sr_28526542.mp3	b01ae406e25cfeca7751a417344849a7a2d7d9798ef9044c80df1b3dd43a3b82	А него шта?		2	0	twenties	female_feminine			sr	
c20cb0c0edb9cd9c40b412766f5b5d9a615df054ef83c7e998ab1c7cda8439b2565e7c784a0c81bf0eb074ee766f909ff38e1389881809fcac8373069a1a0f58	common_voice_sr_28526558.mp3	b1cb2bb22156d5048ee6b894dd8ecd0bed0cc60bb8d419968252980dedbca84a	Можда је то!		2	0	twenties	female_feminine			sr	
c20cb0c0edb9cd9c40b412766f5b5d9a615df054ef83c7e998ab1c7cda8439b2565e7c784a0c81bf0eb074ee766f909ff38e1389881809fcac8373069a1a0f58	common_voice_sr_28526559.mp3	b7b17f550960be9c62238eb2337fd5b1d975b220245561ae169ee92573ecd0c1	А ми да?		2	0	twenties	female_feminine			sr	
c20cb0c0edb9cd9c40b412766f5b5d9a615df054ef83c7e998ab1c7cda8439b2565e7c784a0c81bf0eb074ee766f909ff38e1389881809fcac8373069a1a0f58	common_voice_sr_28526560.mp3	b337ef7bca26b8d82504a405b51736bec9276a4f5484b32b182bab264b4bef57	Није због нас.		2	0	twenties	female_feminine			sr	
c20cb0c0edb9cd9c40b412766f5b5d9a615df054ef83c7e998ab1c7cda8439b2565e7c784a0c81bf0eb074ee766f909ff38e1389881809fcac8373069a1a0f58	common_voice_sr_28526561.mp3	ab36398db2753bd8ed316764ac9a43374081d9b67591b671f6f50cb5595a5677	А желим то.		2	0	twenties	female_feminine			sr	
c20cb0c0edb9cd9c40b412766f5b5d9a615df054ef83c7e998ab1c7cda8439b2565e7c784a0c81bf0eb074ee766f909ff38e1389881809fcac8373069a1a0f58	common_voice_sr_28526562.mp3	b6884c05b28d20cc5ba3ae0fecbf8f131408c9cd325bd2a16a5166b8f74b696d	А, то је он?		2	0	twenties	female_feminine			sr	
c20cb0c0edb9cd9c40b412766f5b5d9a615df054ef83c7e998ab1c7cda8439b2565e7c784a0c81bf0eb074ee766f909ff38e1389881809fcac8373069a1a0f58	common_voice_sr_28623154.mp3	bdc36cefc921eda0f192525268e1b5f2f7dcd178962760f96a0298d5e486e4ef	Неће бити потребно.		2	0	twenties	female_feminine			sr	
c20cb0c0edb9cd9c40b412766f5b5d9a615df054ef83c7e998ab1c7cda8439b2565e7c784a0c81bf0eb074ee766f909ff38e1389881809fcac8373069a1a0f58	common_voice_sr_28623155.mp3	a826e65dd3556ccdfbc62461951527db1971e5edb38cb378627a07cd83b77333	Није се могло.		2	0	twenties	female_feminine			sr	
c20cb0c0edb9cd9c40b412766f5b5d9a615df054ef83c7e998ab1c7cda8439b2565e7c784a0c81bf0eb074ee766f909ff38e1389881809fcac8373069a1a0f58	common_voice_sr_28623157.mp3	b28176732cbb5b65661e5afdce00755a87bb617c3ba4184197e6ab905bd08e92	Ова прва два културна ступња остварили су нарочито лепо		2	0	twenties	female_feminine			sr	
c20cb0c0edb9cd9c40b412766f5b5d9a615df054ef83c7e998ab1c7cda8439b2565e7c784a0c81bf0eb074ee766f909ff38e1389881809fcac8373069a1a0f58	common_voice_sr_28623158.mp3	b2b6de86ffec80e29f6830e2ed77af751b7b3cbcd20baca0c691bc7003e7da0e	Ја и он.		2	0	twenties	female_feminine			sr	
c20cb0c0edb9cd9c40b412766f5b5d9a615df054ef83c7e998ab1c7cda8439b2565e7c784a0c81bf0eb074ee766f909ff38e1389881809fcac8373069a1a0f58	common_voice_sr_28623159.mp3	b93dbd3c5bd169977ad92d1ce33854f31b970b678694e1a60de1558ff988b5c3	Камена оруђа из старог каменог доба израђена су највише		2	0	twenties	female_feminine			sr	
c20cb0c0edb9cd9c40b412766f5b5d9a615df054ef83c7e998ab1c7cda8439b2565e7c784a0c81bf0eb074ee766f909ff38e1389881809fcac8373069a1a0f58	common_voice_sr_28623172.mp3	bb22f9755d071e4fa2fae8f7ee494af72c4e24b662ee3adc1978b625b83295a8	Ја сам све!		2	0	twenties	female_feminine			sr	
c20cb0c0edb9cd9c40b412766f5b5d9a615df054ef83c7e998ab1c7cda8439b2565e7c784a0c81bf0eb074ee766f909ff38e1389881809fcac8373069a1a0f58	common_voice_sr_28623173.mp3	b2ca9779e833036ace803201d48adc35089bae6975bee07340079840eec50450	Он зна све!		2	1	twenties	female_feminine			sr	
c20cb0c0edb9cd9c40b412766f5b5d9a615df054ef83c7e998ab1c7cda8439b2565e7c784a0c81bf0eb074ee766f909ff38e1389881809fcac8373069a1a0f58	common_voice_sr_28623174.mp3	b01a8a51b88de8831581e038f6f1802b2d81ea95f7c86bf8bee419a6e6cae9b1	Возило је уништено, а једна оближња кућа оштећена.		2	0	twenties	female_feminine			sr	
c20cb0c0edb9cd9c40b412766f5b5d9a615df054ef83c7e998ab1c7cda8439b2565e7c784a0c81bf0eb074ee766f909ff38e1389881809fcac8373069a1a0f58	common_voice_sr_28623175.mp3	bda6c39fef9b885961e502fa02437e386c4f2345488060087a512971241f3e3d	И још нешто.		2	0	twenties	female_feminine			sr	
c20cb0c0edb9cd9c40b412766f5b5d9a615df054ef83c7e998ab1c7cda8439b2565e7c784a0c81bf0eb074ee766f909ff38e1389881809fcac8373069a1a0f58	common_voice_sr_28623176.mp3	a3c9368b84d971dec0491765137eda5e99d4ad47977f437c9ef358d7c41408fa	У овој расправи житељи се супротстављају инвеститорима.		2	0	twenties	female_feminine			sr	
c20cb0c0edb9cd9c40b412766f5b5d9a615df054ef83c7e998ab1c7cda8439b2565e7c784a0c81bf0eb074ee766f909ff38e1389881809fcac8373069a1a0f58	common_voice_sr_28623189.mp3	be7acc2f2b347009705b028db666a5c1b4976955068f13603733d3bad645ecdc	Као и овде.		2	0	twenties	female_feminine			sr	
c20cb0c0edb9cd9c40b412766f5b5d9a615df054ef83c7e998ab1c7cda8439b2565e7c784a0c81bf0eb074ee766f909ff38e1389881809fcac8373069a1a0f58	common_voice_sr_28623190.mp3	a66f4fe04cb016a7e46d247fc77e3bb721ece3c5663f97916b6b71c94900c331	То је он?		2	0	twenties	female_feminine			sr	
c20cb0c0edb9cd9c40b412766f5b5d9a615df054ef83c7e998ab1c7cda8439b2565e7c784a0c81bf0eb074ee766f909ff38e1389881809fcac8373069a1a0f58	common_voice_sr_28623191.mp3	9917394656c5f2dc9d7d8bbfb85157d635a03c75b2a658a9232c8830270fd322	Као што си ти урадио.		2	0	twenties	female_feminine			sr	
c20cb0c0edb9cd9c40b412766f5b5d9a615df054ef83c7e998ab1c7cda8439b2565e7c784a0c81bf0eb074ee766f909ff38e1389881809fcac8373069a1a0f58	common_voice_sr_28623192.mp3	b3da677446809f24d25716eb62a920de2580ce9a8f5d4b44fc837b0e1cf23979	Ма дај ми.		2	0	twenties	female_feminine			sr	
c20cb0c0edb9cd9c40b412766f5b5d9a615df054ef83c7e998ab1c7cda8439b2565e7c784a0c81bf0eb074ee766f909ff38e1389881809fcac8373069a1a0f58	common_voice_sr_28623193.mp3	bf3b9c09c83091d54aef5eec92e4c00fdafad54d41a75c80ed09799e031b50dd	Болест је ђаво.		2	1	twenties	female_feminine			sr	
c20cb0c0edb9cd9c40b412766f5b5d9a615df054ef83c7e998ab1c7cda8439b2565e7c784a0c81bf0eb074ee766f909ff38e1389881809fcac8373069a1a0f58	common_voice_sr_28623203.mp3	bc99b004a804a4e7ac353831167526ee00c92b0f63cab1b2520174fda61dfddf	Па ти види.		2	0	twenties	female_feminine			sr	
c20cb0c0edb9cd9c40b412766f5b5d9a615df054ef83c7e998ab1c7cda8439b2565e7c784a0c81bf0eb074ee766f909ff38e1389881809fcac8373069a1a0f58	common_voice_sr_28623204.mp3	b269e28b2688d8a2a15136e0643ed24c1d1a6a7d44c658ed677e831df1c6896e	Ко си ти!		2	0	twenties	female_feminine			sr	
c20cb0c0edb9cd9c40b412766f5b5d9a615df054ef83c7e998ab1c7cda8439b2565e7c784a0c81bf0eb074ee766f909ff38e1389881809fcac8373069a1a0f58	common_voice_sr_28623205.mp3	af592501ee72d0d28eb721cf74579ab5f994a7e1d4d3edafe776a354ac097dda	Говорио сам јој, али није хтела да слуша.		2	0	twenties	female_feminine			sr	
c20cb0c0edb9cd9c40b412766f5b5d9a615df054ef83c7e998ab1c7cda8439b2565e7c784a0c81bf0eb074ee766f909ff38e1389881809fcac8373069a1a0f58	common_voice_sr_28623206.mp3	bbb9405a2d8e1ea1b8602a93d0761ca8d96c90bb137ce50211c1b201c80679dc	А не, не!		2	0	twenties	female_feminine			sr	
c20cb0c0edb9cd9c40b412766f5b5d9a615df054ef83c7e998ab1c7cda8439b2565e7c784a0c81bf0eb074ee766f909ff38e1389881809fcac8373069a1a0f58	common_voice_sr_28623207.mp3	ab761d956f34095cbf48983b0c2405f79b6c137fd8a44354f93ba96507360a29	За њу је.		2	0	twenties	female_feminine			sr	
c20cb0c0edb9cd9c40b412766f5b5d9a615df054ef83c7e998ab1c7cda8439b2565e7c784a0c81bf0eb074ee766f909ff38e1389881809fcac8373069a1a0f58	common_voice_sr_28623210.mp3	bd064968aeba92be569fc7fc6a2f7435ecb88c1b0dda0786819510399fe4cb21	Е, да не би!		2	0	twenties	female_feminine			sr	
c20cb0c0edb9cd9c40b412766f5b5d9a615df054ef83c7e998ab1c7cda8439b2565e7c784a0c81bf0eb074ee766f909ff38e1389881809fcac8373069a1a0f58	common_voice_sr_28623211.mp3	ad83f4532ef150b04248a92f8ba44796efc986af8d7625bf9d3ad6ff16ab593a	Није могао знати.		2	0	twenties	female_feminine			sr	
c20cb0c0edb9cd9c40b412766f5b5d9a615df054ef83c7e998ab1c7cda8439b2565e7c784a0c81bf0eb074ee766f909ff38e1389881809fcac8373069a1a0f58	common_voice_sr_28623213.mp3	b66411d07671d176b620efa33e3b3c9d74c89b6cb57c7b21e91ab5b5d166e9f5	И ја желим то.		2	0	twenties	female_feminine			sr	
c20cb0c0edb9cd9c40b412766f5b5d9a615df054ef83c7e998ab1c7cda8439b2565e7c784a0c81bf0eb074ee766f909ff38e1389881809fcac8373069a1a0f58	common_voice_sr_28623216.mp3	95fd48da9d7e8fcb3e3d3bdaf9623b6d6e66bede70cf7b355952e2a5090314c9	Да, мора бити.		2	0	twenties	female_feminine			sr	
c20cb0c0edb9cd9c40b412766f5b5d9a615df054ef83c7e998ab1c7cda8439b2565e7c784a0c81bf0eb074ee766f909ff38e1389881809fcac8373069a1a0f58	common_voice_sr_28623217.mp3	b7eb499a469cb50cebd22c5c36c0541fca905ddf2dac43ae2e47de53ac488d47	Нека буде плава!		2	0	twenties	female_feminine			sr	
c20cb0c0edb9cd9c40b412766f5b5d9a615df054ef83c7e998ab1c7cda8439b2565e7c784a0c81bf0eb074ee766f909ff38e1389881809fcac8373069a1a0f58	common_voice_sr_28623229.mp3	bf80d43c4b706b9accc50f5be3844485000812ff810c1513e573f7d064053ee2	Па шта мислиш.		2	0	twenties	female_feminine			sr	
c20cb0c0edb9cd9c40b412766f5b5d9a615df054ef83c7e998ab1c7cda8439b2565e7c784a0c81bf0eb074ee766f909ff38e1389881809fcac8373069a1a0f58	common_voice_sr_28623231.mp3	b34928e9a67ec9b7c4c5073c78b1226c56693024ad0c33ae0580aa06678bfa50	И ја верујем у то.		2	0	twenties	female_feminine			sr	
c20cb0c0edb9cd9c40b412766f5b5d9a615df054ef83c7e998ab1c7cda8439b2565e7c784a0c81bf0eb074ee766f909ff38e1389881809fcac8373069a1a0f58	common_voice_sr_28623233.mp3	c06395ef0a656179a1ec92abd3d47b66685e0dd1c512e15372ce83b57f022be9	Она је потом прекинула четворогодишње једнострано примирје.		2	0	twenties	female_feminine			sr	
c20cb0c0edb9cd9c40b412766f5b5d9a615df054ef83c7e998ab1c7cda8439b2565e7c784a0c81bf0eb074ee766f909ff38e1389881809fcac8373069a1a0f58	common_voice_sr_28623234.mp3	b91f0f770ef4f239f340d7b9aca590f36e6bfe732d517f3f1f242a84ddd62a3f	Која је она?		2	0	twenties	female_feminine			sr	
c20cb0c0edb9cd9c40b412766f5b5d9a615df054ef83c7e998ab1c7cda8439b2565e7c784a0c81bf0eb074ee766f909ff38e1389881809fcac8373069a1a0f58	common_voice_sr_28623236.mp3	abb0755388eba676c05f8c53135c59422eb2ed1fc6009109d9b667fd8c65479b	Сат откуцава.		2	0	twenties	female_feminine			sr	
c20cb0c0edb9cd9c40b412766f5b5d9a615df054ef83c7e998ab1c7cda8439b2565e7c784a0c81bf0eb074ee766f909ff38e1389881809fcac8373069a1a0f58	common_voice_sr_28663208.mp3	9f456995c053445a9042957db438ff3a859da598022cbd491648500b9a3ebd37	Не, не, хвала.		2	0	twenties	female_feminine			sr	
c20cb0c0edb9cd9c40b412766f5b5d9a615df054ef83c7e998ab1c7cda8439b2565e7c784a0c81bf0eb074ee766f909ff38e1389881809fcac8373069a1a0f58	common_voice_sr_28663209.mp3	b0b2207448259deb9ebb1ef0352ed5a4a6e3cd78e0a0000594347cdec62ee697	И знате то.		2	0	twenties	female_feminine			sr	
c20cb0c0edb9cd9c40b412766f5b5d9a615df054ef83c7e998ab1c7cda8439b2565e7c784a0c81bf0eb074ee766f909ff38e1389881809fcac8373069a1a0f58	common_voice_sr_28663210.mp3	bf377c6b34eab2c5eb99ec3ee8901ed4426bde78554a5b4992f3380b5b6a0643	Када је то?		2	0	twenties	female_feminine			sr	
c20cb0c0edb9cd9c40b412766f5b5d9a615df054ef83c7e998ab1c7cda8439b2565e7c784a0c81bf0eb074ee766f909ff38e1389881809fcac8373069a1a0f58	common_voice_sr_28663211.mp3	b4a4925360205b0fed163fd61823c1986b4c5efcc0e90d2196aa3bafefc4683e	Данас смо ушли у историјску фазу.		2	0	twenties	female_feminine			sr	
c20cb0c0edb9cd9c40b412766f5b5d9a615df054ef83c7e998ab1c7cda8439b2565e7c784a0c81bf0eb074ee766f909ff38e1389881809fcac8373069a1a0f58	common_voice_sr_28663212.mp3	c3658cd66e2dc319232a8118b52ae17cbf8b6cf53b2157707699d4382dac6c05	Не волим те ствари.		2	0	twenties	female_feminine			sr	
c20cb0c0edb9cd9c40b412766f5b5d9a615df054ef83c7e998ab1c7cda8439b2565e7c784a0c81bf0eb074ee766f909ff38e1389881809fcac8373069a1a0f58	common_voice_sr_28663213.mp3	af34e573d51c23361495a9de9645b407c1735cf7bf5c0c473b1b77042b889350	А не пре.		2	0	twenties	female_feminine			sr	
c20cb0c0edb9cd9c40b412766f5b5d9a615df054ef83c7e998ab1c7cda8439b2565e7c784a0c81bf0eb074ee766f909ff38e1389881809fcac8373069a1a0f58	common_voice_sr_28663214.mp3	b93525a4abd54f15e3c42f3441bca5054e630ffb932f6ee9db160aad305a52c9	Види како је.		2	0	twenties	female_feminine			sr	
c20cb0c0edb9cd9c40b412766f5b5d9a615df054ef83c7e998ab1c7cda8439b2565e7c784a0c81bf0eb074ee766f909ff38e1389881809fcac8373069a1a0f58	common_voice_sr_28663215.mp3	b50ec062ecda0fea745f9fe5dd5525e8838879a4fd4006935c2362d92eb183d2	Зашто је то тако?		2	0	twenties	female_feminine			sr	
c20cb0c0edb9cd9c40b412766f5b5d9a615df054ef83c7e998ab1c7cda8439b2565e7c784a0c81bf0eb074ee766f909ff38e1389881809fcac8373069a1a0f58	common_voice_sr_28663216.mp3	b7e44f8e286632c409b199dc67636f891cffcabc25521f3462babd69981619db	Могло је бити.		2	0	twenties	female_feminine			sr	
c20cb0c0edb9cd9c40b412766f5b5d9a615df054ef83c7e998ab1c7cda8439b2565e7c784a0c81bf0eb074ee766f909ff38e1389881809fcac8373069a1a0f58	common_voice_sr_28663217.mp3	bc83146564577b2d43ee0551b1c97997714e47e53866b281405eba507217ba90	Немојте ме питати.		2	0	twenties	female_feminine			sr	
c20cb0c0edb9cd9c40b412766f5b5d9a615df054ef83c7e998ab1c7cda8439b2565e7c784a0c81bf0eb074ee766f909ff38e1389881809fcac8373069a1a0f58	common_voice_sr_28663228.mp3	b69d2d0020b12492f5c87a8d0ed380da24ebbab7969f957527bd6cd7771a7ad3	За све то.		2	0	twenties	female_feminine			sr	
c20cb0c0edb9cd9c40b412766f5b5d9a615df054ef83c7e998ab1c7cda8439b2565e7c784a0c81bf0eb074ee766f909ff38e1389881809fcac8373069a1a0f58	common_voice_sr_28663229.mp3	848beea5508c090cae6b23ea4397aa2e278b68743b75debb5c7d9b07f9f86663	Уздужни профил пода Преконошке Пећине		2	0	twenties	female_feminine			sr	
c20cb0c0edb9cd9c40b412766f5b5d9a615df054ef83c7e998ab1c7cda8439b2565e7c784a0c81bf0eb074ee766f909ff38e1389881809fcac8373069a1a0f58	common_voice_sr_28663230.mp3	ad9671a4bf325527d98bf2e5143721914213dd59231c4eb94a29f2d889c0a15c	То је истина, да.		2	0	twenties	female_feminine			sr	
c20cb0c0edb9cd9c40b412766f5b5d9a615df054ef83c7e998ab1c7cda8439b2565e7c784a0c81bf0eb074ee766f909ff38e1389881809fcac8373069a1a0f58	common_voice_sr_28663238.mp3	be3dd7062db00847408dc6e17b559d58a67d11126822600baecfeacb0e585b3e	Па које је?		2	0	twenties	female_feminine			sr	
c20cb0c0edb9cd9c40b412766f5b5d9a615df054ef83c7e998ab1c7cda8439b2565e7c784a0c81bf0eb074ee766f909ff38e1389881809fcac8373069a1a0f58	common_voice_sr_28663239.mp3	bf628ad9b13ad614cc0f69272aa1379d613ba6d025c858948196527b4f2fb6ec	Да ти кажем нешто!		2	0	twenties	female_feminine			sr	
c20cb0c0edb9cd9c40b412766f5b5d9a615df054ef83c7e998ab1c7cda8439b2565e7c784a0c81bf0eb074ee766f909ff38e1389881809fcac8373069a1a0f58	common_voice_sr_28663240.mp3	bc6a90796732e54333ba0eb1d7c3fa6967b802055dc9bb6b044670243b453cef	Од кога су?		2	0	twenties	female_feminine			sr	
c20cb0c0edb9cd9c40b412766f5b5d9a615df054ef83c7e998ab1c7cda8439b2565e7c784a0c81bf0eb074ee766f909ff38e1389881809fcac8373069a1a0f58	common_voice_sr_28663241.mp3	bbbcf35566baefb3a9cbf0a1528bfdad801db41d1fc6699fe058d7285aa90ab4	А ти, душо?		2	0	twenties	female_feminine			sr	
c20cb0c0edb9cd9c40b412766f5b5d9a615df054ef83c7e998ab1c7cda8439b2565e7c784a0c81bf0eb074ee766f909ff38e1389881809fcac8373069a1a0f58	common_voice_sr_28663242.mp3	c166bb78f883278ceef7b92e24c4de52f9790faf18fcff82f8f8818a48ebc0b2	Ко је вереник?		2	0	twenties	female_feminine			sr	
c20cb0c0edb9cd9c40b412766f5b5d9a615df054ef83c7e998ab1c7cda8439b2565e7c784a0c81bf0eb074ee766f909ff38e1389881809fcac8373069a1a0f58	common_voice_sr_28663251.mp3	b9d7c0a00119c1cff74436f5ae49a54b812b934b22315cfc2c43991cad3a57b6	Лимитиране измене извештаја су могуће.		2	0	twenties	female_feminine			sr	
c20cb0c0edb9cd9c40b412766f5b5d9a615df054ef83c7e998ab1c7cda8439b2565e7c784a0c81bf0eb074ee766f909ff38e1389881809fcac8373069a1a0f58	common_voice_sr_28663255.mp3	b9de1d601b4bb3c141de26877c6d9447acd01d8211585769e5a44069c0903c39	Не знаш како?		2	0	twenties	female_feminine			sr	
c20cb0c0edb9cd9c40b412766f5b5d9a615df054ef83c7e998ab1c7cda8439b2565e7c784a0c81bf0eb074ee766f909ff38e1389881809fcac8373069a1a0f58	common_voice_sr_28859054.mp3	c2a98d95b858fda8f5390f8335ec3d1bbc16efc39b84689b66c62642cabdfc5e	Шта ће бити са сиромашним земљама?		2	0	twenties	female_feminine			sr	
c20cb0c0edb9cd9c40b412766f5b5d9a615df054ef83c7e998ab1c7cda8439b2565e7c784a0c81bf0eb074ee766f909ff38e1389881809fcac8373069a1a0f58	common_voice_sr_28859055.mp3	b3b99c27067ed71d823649a57f81f8a85d9fbe3c49692e71aadf7754eafd9b8c	То је желео.		2	0	twenties	female_feminine			sr	
c20cb0c0edb9cd9c40b412766f5b5d9a615df054ef83c7e998ab1c7cda8439b2565e7c784a0c81bf0eb074ee766f909ff38e1389881809fcac8373069a1a0f58	common_voice_sr_28859056.mp3	c20d1a883eaf7b349a3b2918b920c458066a8b5ad34f3da618a6c625ad768904	Што си био?		2	0	twenties	female_feminine			sr	
c20cb0c0edb9cd9c40b412766f5b5d9a615df054ef83c7e998ab1c7cda8439b2565e7c784a0c81bf0eb074ee766f909ff38e1389881809fcac8373069a1a0f58	common_voice_sr_28859057.mp3	c0da0048affa63eeedb88308035f0b55ff5b06660b4cddacbda3ed299737f044	Што ја нисам!		2	0	twenties	female_feminine			sr	
c20cb0c0edb9cd9c40b412766f5b5d9a615df054ef83c7e998ab1c7cda8439b2565e7c784a0c81bf0eb074ee766f909ff38e1389881809fcac8373069a1a0f58	common_voice_sr_28859064.mp3	ad286bcdbc50e8803bebbac9920368853b9f916cc2e84a7cb69fab4dc96fc9da	И од себе.		2	0	twenties	female_feminine			sr	
c20cb0c0edb9cd9c40b412766f5b5d9a615df054ef83c7e998ab1c7cda8439b2565e7c784a0c81bf0eb074ee766f909ff38e1389881809fcac8373069a1a0f58	common_voice_sr_28859065.mp3	c4c348e1b3ee79898f69ea016d9e5fbd431e15be554bb34d117e2f53577b6bec	Не знам. зашто?		2	0	twenties	female_feminine			sr	
c20cb0c0edb9cd9c40b412766f5b5d9a615df054ef83c7e998ab1c7cda8439b2565e7c784a0c81bf0eb074ee766f909ff38e1389881809fcac8373069a1a0f58	common_voice_sr_28859066.mp3	a0514df2d12d6517a0ff2ed3f248302adfb1b4226340e6d2a4ecf235bcb1f5de	Јасно и гласно.		2	0	twenties	female_feminine			sr	
c20cb0c0edb9cd9c40b412766f5b5d9a615df054ef83c7e998ab1c7cda8439b2565e7c784a0c81bf0eb074ee766f909ff38e1389881809fcac8373069a1a0f58	common_voice_sr_28859067.mp3	bc619bee2edd7110e690b304dcbf7ff4066451b2f7de84c5b38d5b10f0f74c33	О, хајде, хајде.		2	0	twenties	female_feminine			sr	
c20cb0c0edb9cd9c40b412766f5b5d9a615df054ef83c7e998ab1c7cda8439b2565e7c784a0c81bf0eb074ee766f909ff38e1389881809fcac8373069a1a0f58	common_voice_sr_28859068.mp3	b92c7b32298b2e0724b7dd3a7702c25d62f61d5a4306dfd8bc970a2576d9e6cb	Једно уз друго.		2	0	twenties	female_feminine			sr	
c20cb0c0edb9cd9c40b412766f5b5d9a615df054ef83c7e998ab1c7cda8439b2565e7c784a0c81bf0eb074ee766f909ff38e1389881809fcac8373069a1a0f58	common_voice_sr_28859069.mp3	b859928c75c88e45284846557e21dc7457b1bafca8f1139b9d4c61b70eca54c6	Југославија представља анахронизам!		2	0	twenties	female_feminine			sr	
c20cb0c0edb9cd9c40b412766f5b5d9a615df054ef83c7e998ab1c7cda8439b2565e7c784a0c81bf0eb074ee766f909ff38e1389881809fcac8373069a1a0f58	common_voice_sr_28859071.mp3	bfa6270c1800e3f46682a2f100ef29ebd2c9d9c332fca6a7c6ce8c2c1f6e16c5	Волим те ствари.		2	0	twenties	female_feminine			sr	
c20cb0c0edb9cd9c40b412766f5b5d9a615df054ef83c7e998ab1c7cda8439b2565e7c784a0c81bf0eb074ee766f909ff38e1389881809fcac8373069a1a0f58	common_voice_sr_28859072.mp3	c08422abd7599d9e5c3cf7d37a10fbdf32486d8df6bc6681f330dc56daeb4481	Колико до сада?		2	0	twenties	female_feminine			sr	
c20cb0c0edb9cd9c40b412766f5b5d9a615df054ef83c7e998ab1c7cda8439b2565e7c784a0c81bf0eb074ee766f909ff38e1389881809fcac8373069a1a0f58	common_voice_sr_28859073.mp3	a9fc0ef6a94622fa36344f91065f959aadf6da6e5ccb2aeaa735d8f78393a635	Не знаш шта је то.		2	1	twenties	female_feminine			sr	
c20cb0c0edb9cd9c40b412766f5b5d9a615df054ef83c7e998ab1c7cda8439b2565e7c784a0c81bf0eb074ee766f909ff38e1389881809fcac8373069a1a0f58	common_voice_sr_28859074.mp3	b894bd37602661e9eba26e6ff478d3c604dfd256f985d39f426e539227d3990a	Не иде то тако?		2	0	twenties	female_feminine			sr	
c20cb0c0edb9cd9c40b412766f5b5d9a615df054ef83c7e998ab1c7cda8439b2565e7c784a0c81bf0eb074ee766f909ff38e1389881809fcac8373069a1a0f58	common_voice_sr_28859075.mp3	ae6fa9a95c10c9d3a8d983e4164188f3ccf2e4a2ae0e6088c9351dd1fead5476	На ивици сам!		2	0	twenties	female_feminine			sr	
c20cb0c0edb9cd9c40b412766f5b5d9a615df054ef83c7e998ab1c7cda8439b2565e7c784a0c81bf0eb074ee766f909ff38e1389881809fcac8373069a1a0f58	common_voice_sr_28859076.mp3	bd4ababfab34aeaf154cb3a4a1f51b23b56e9369d269f80217e6bc4be03a7f6b	Само од себе?		2	0	twenties	female_feminine			sr	
c20cb0c0edb9cd9c40b412766f5b5d9a615df054ef83c7e998ab1c7cda8439b2565e7c784a0c81bf0eb074ee766f909ff38e1389881809fcac8373069a1a0f58	common_voice_sr_28859077.mp3	baa9dd197cdecf0c38ff69364283efd7e98a7a13ccf551d65c9062117c12ff41	Сад ћу ја.		2	0	twenties	female_feminine			sr	
c20cb0c0edb9cd9c40b412766f5b5d9a615df054ef83c7e998ab1c7cda8439b2565e7c784a0c81bf0eb074ee766f909ff38e1389881809fcac8373069a1a0f58	common_voice_sr_28859079.mp3	b6f04201403aa882b7aa5a6b54a9cee5651c7cc67de732f9c9ddc9a64d8dab6d	Да, и у томе.		2	0	twenties	female_feminine			sr	
c20cb0c0edb9cd9c40b412766f5b5d9a615df054ef83c7e998ab1c7cda8439b2565e7c784a0c81bf0eb074ee766f909ff38e1389881809fcac8373069a1a0f58	common_voice_sr_28859081.mp3	b619c04205a1f3b967f7a1fb5e7416968277516de85207493c2c763cc70c6bce	А и она.		2	0	twenties	female_feminine			sr	
c20cb0c0edb9cd9c40b412766f5b5d9a615df054ef83c7e998ab1c7cda8439b2565e7c784a0c81bf0eb074ee766f909ff38e1389881809fcac8373069a1a0f58	common_voice_sr_28859083.mp3	b3b7f210b9e73cdb2ec61a08d828e5158e4274bbc11f669fa2c2d5feb9b2b1e7	Било је тако.		2	0	twenties	female_feminine			sr	
c20cb0c0edb9cd9c40b412766f5b5d9a615df054ef83c7e998ab1c7cda8439b2565e7c784a0c81bf0eb074ee766f909ff38e1389881809fcac8373069a1a0f58	common_voice_sr_28859085.mp3	c35b5f06f141b0d8a67128ae4f10f23a939b17c8f53495f5a878bf561301eef2	О, не могу више!		2	0	twenties	female_feminine			sr	
c20cb0c0edb9cd9c40b412766f5b5d9a615df054ef83c7e998ab1c7cda8439b2565e7c784a0c81bf0eb074ee766f909ff38e1389881809fcac8373069a1a0f58	common_voice_sr_28859087.mp3	c1f61a2c5902854144d4452cc3172273602514944d309d577dd457c9a69dd47a	Америчка амбасада је саопштила да су оптужбе неосноване.		2	0	twenties	female_feminine			sr	
c20cb0c0edb9cd9c40b412766f5b5d9a615df054ef83c7e998ab1c7cda8439b2565e7c784a0c81bf0eb074ee766f909ff38e1389881809fcac8373069a1a0f58	common_voice_sr_28859088.mp3	9cbea579896e9d978976b8c78c56700b9312e1af0b92535557518ab8297d3062	Да се жени?		2	0	twenties	female_feminine			sr	
c20cb0c0edb9cd9c40b412766f5b5d9a615df054ef83c7e998ab1c7cda8439b2565e7c784a0c81bf0eb074ee766f909ff38e1389881809fcac8373069a1a0f58	common_voice_sr_28859094.mp3	b41783935f70e9a5957ba557768d0d8fdf516a690e3865434b113265b791bc78	Не, знам шта је то.		2	0	twenties	female_feminine			sr	
c20cb0c0edb9cd9c40b412766f5b5d9a615df054ef83c7e998ab1c7cda8439b2565e7c784a0c81bf0eb074ee766f909ff38e1389881809fcac8373069a1a0f58	common_voice_sr_28859095.mp3	c0d7924b5bad1b5c4b1dcf84cd3e2c3c2456fa40d2867c08383d3ded7636fa22	Како си ми.		2	0	twenties	female_feminine			sr	
c20cb0c0edb9cd9c40b412766f5b5d9a615df054ef83c7e998ab1c7cda8439b2565e7c784a0c81bf0eb074ee766f909ff38e1389881809fcac8373069a1a0f58	common_voice_sr_28859096.mp3	be0893316204ccf0da36879f59d618e215fd7012e4cae8458fd338e886a6157e	А и ти?		2	0	twenties	female_feminine			sr	
c20cb0c0edb9cd9c40b412766f5b5d9a615df054ef83c7e998ab1c7cda8439b2565e7c784a0c81bf0eb074ee766f909ff38e1389881809fcac8373069a1a0f58	common_voice_sr_28859097.mp3	a12cf2ef68764a8b6a1810b7ff2fda4d60f7e76daa1993be2752137f769d0fb5	И ја то кажем.		2	0	twenties	female_feminine			sr	
c20cb0c0edb9cd9c40b412766f5b5d9a615df054ef83c7e998ab1c7cda8439b2565e7c784a0c81bf0eb074ee766f909ff38e1389881809fcac8373069a1a0f58	common_voice_sr_28859098.mp3	c36bd36302bdc4ba22e4729a992f32ff0d6f8f24f10be9cc9f2dec9a9d3cdb43	Станите, молим вас.		2	0	twenties	female_feminine			sr	
c20cb0c0edb9cd9c40b412766f5b5d9a615df054ef83c7e998ab1c7cda8439b2565e7c784a0c81bf0eb074ee766f909ff38e1389881809fcac8373069a1a0f58	common_voice_sr_33192055.mp3	baeca5ac157842589e962829536b5761ac92464cfcabefee1b4723afcc7339fd	Суспендовање државних безбедносних службеника неће решити ништа.		2	0	twenties	female_feminine			sr	
c20cb0c0edb9cd9c40b412766f5b5d9a615df054ef83c7e998ab1c7cda8439b2565e7c784a0c81bf0eb074ee766f909ff38e1389881809fcac8373069a1a0f58	common_voice_sr_33192056.mp3	98c29a141053698ab512cae1c9b6460c89dc72e6e158dbf406004464e6da18de	Али још не.		2	0	twenties	female_feminine			sr	
c20cb0c0edb9cd9c40b412766f5b5d9a615df054ef83c7e998ab1c7cda8439b2565e7c784a0c81bf0eb074ee766f909ff38e1389881809fcac8373069a1a0f58	common_voice_sr_33192057.mp3	a37cc0d90aefed140c28bdeffd7966a268b1a7b606d74f254cd23f886db1aa87	Генерално гледано процес није завршен.		2	0	twenties	female_feminine			sr	
c20cb0c0edb9cd9c40b412766f5b5d9a615df054ef83c7e998ab1c7cda8439b2565e7c784a0c81bf0eb074ee766f909ff38e1389881809fcac8373069a1a0f58	common_voice_sr_33192058.mp3	a8bb84ef1dfc99917c43933ad5c2d726c36d018b9b8e1f523138d5aadab98c0f	Што је било!		2	0	twenties	female_feminine			sr	
c20cb0c0edb9cd9c40b412766f5b5d9a615df054ef83c7e998ab1c7cda8439b2565e7c784a0c81bf0eb074ee766f909ff38e1389881809fcac8373069a1a0f58	common_voice_sr_33192064.mp3	ac34e8457a4c8649df119cc27f03d3908a9d151743431cdd72fd160b7e4face2	О, то си ти?		2	0	twenties	female_feminine			sr	
c20cb0c0edb9cd9c40b412766f5b5d9a615df054ef83c7e998ab1c7cda8439b2565e7c784a0c81bf0eb074ee766f909ff38e1389881809fcac8373069a1a0f58	common_voice_sr_33192065.mp3	bddd2dc63c71f0f274cc08857ac419b5a4fc3aa1fb22015ce6591363a45779c2	Тешко је студирати медицину.		2	0	twenties	female_feminine			sr	
c20cb0c0edb9cd9c40b412766f5b5d9a615df054ef83c7e998ab1c7cda8439b2565e7c784a0c81bf0eb074ee766f909ff38e1389881809fcac8373069a1a0f58	common_voice_sr_33192066.mp3	bda285fb8b87b0d51efa959348e7db347e58ef5546dd197159f2a17451df065d	Они су затражили помоћ међународних финансијских институција.		2	0	twenties	female_feminine			sr	
c20cb0c0edb9cd9c40b412766f5b5d9a615df054ef83c7e998ab1c7cda8439b2565e7c784a0c81bf0eb074ee766f909ff38e1389881809fcac8373069a1a0f58	common_voice_sr_33192067.mp3	bbb8ee9735b88623d82139a1e5fb3fa050897f0ad85f67bb8c04bcb717c44258	Ма, одакле су?		2	0	twenties	female_feminine			sr	
c20cb0c0edb9cd9c40b412766f5b5d9a615df054ef83c7e998ab1c7cda8439b2565e7c784a0c81bf0eb074ee766f909ff38e1389881809fcac8373069a1a0f58	common_voice_sr_33192068.mp3	c9872811cb67e63a5f01fe459da0c6aae051f883fabca3307a603efac0bfa2a3	То не можеш!		2	0	twenties	female_feminine			sr	
c20cb0c0edb9cd9c40b412766f5b5d9a615df054ef83c7e998ab1c7cda8439b2565e7c784a0c81bf0eb074ee766f909ff38e1389881809fcac8373069a1a0f58	common_voice_sr_33192069.mp3	c4f6dc1f8a20378e965383ee1439a11fd4b1392139071daef34983f7eaf9a50a	Опоравак је почео.		2	0	twenties	female_feminine			sr	
c20cb0c0edb9cd9c40b412766f5b5d9a615df054ef83c7e998ab1c7cda8439b2565e7c784a0c81bf0eb074ee766f909ff38e1389881809fcac8373069a1a0f58	common_voice_sr_33192070.mp3	c80e9f8507d05008b09e1f446a08a758c1fb0bfbe6042fd1cfa1fc0b8640e23a	А знаш како?		2	0	twenties	female_feminine			sr	
c20cb0c0edb9cd9c40b412766f5b5d9a615df054ef83c7e998ab1c7cda8439b2565e7c784a0c81bf0eb074ee766f909ff38e1389881809fcac8373069a1a0f58	common_voice_sr_33192071.mp3	a045fe5d6360bf7ab83ca487c01e90505d86794b29120c243692098b7cfd7d8d	Он је леп.		2	0	twenties	female_feminine			sr	
c20cb0c0edb9cd9c40b412766f5b5d9a615df054ef83c7e998ab1c7cda8439b2565e7c784a0c81bf0eb074ee766f909ff38e1389881809fcac8373069a1a0f58	common_voice_sr_33192072.mp3	c38ab13cba368b576f9e436676f5ff349ad549fb35bec618dd4d921d9f0330d5	Не знам, мајко.		2	0	twenties	female_feminine			sr	
c20cb0c0edb9cd9c40b412766f5b5d9a615df054ef83c7e998ab1c7cda8439b2565e7c784a0c81bf0eb074ee766f909ff38e1389881809fcac8373069a1a0f58	common_voice_sr_33192073.mp3	b1ff931f6a404466acd6f07c57599afc5f49efdbeb917625f84e931ac6e379f5	И зашто то?		2	0	twenties	female_feminine			sr	
c20cb0c0edb9cd9c40b412766f5b5d9a615df054ef83c7e998ab1c7cda8439b2565e7c784a0c81bf0eb074ee766f909ff38e1389881809fcac8373069a1a0f58	common_voice_sr_33192074.mp3	bab56c75ce5babe1ff949a01275102e90eee8f1227f600afeed81dac4b668936	А ти, шта то радиш?		2	0	twenties	female_feminine			sr	
c20cb0c0edb9cd9c40b412766f5b5d9a615df054ef83c7e998ab1c7cda8439b2565e7c784a0c81bf0eb074ee766f909ff38e1389881809fcac8373069a1a0f58	common_voice_sr_33192075.mp3	bd1a1b66535d4cfe460801d1dd152fe0bcc06b1ccd6172c9c90ad6937eda5455	О, истина је.		2	0	twenties	female_feminine			sr	
c20cb0c0edb9cd9c40b412766f5b5d9a615df054ef83c7e998ab1c7cda8439b2565e7c784a0c81bf0eb074ee766f909ff38e1389881809fcac8373069a1a0f58	common_voice_sr_33192077.mp3	a917c02eb4b56a9e06f2e020b393a8deb85b7c77381350a5cc6077ea19b1c3cf	Да, не може.		2	0	twenties	female_feminine			sr	
c20cb0c0edb9cd9c40b412766f5b5d9a615df054ef83c7e998ab1c7cda8439b2565e7c784a0c81bf0eb074ee766f909ff38e1389881809fcac8373069a1a0f58	common_voice_sr_33192078.mp3	c9d4578210ea19427a6c562fc75124995f492ef35befa90d47a9c4abe5348930	У води сам.		2	0	twenties	female_feminine			sr	
c20cb0c0edb9cd9c40b412766f5b5d9a615df054ef83c7e998ab1c7cda8439b2565e7c784a0c81bf0eb074ee766f909ff38e1389881809fcac8373069a1a0f58	common_voice_sr_33192084.mp3	abb4fc23c2cc0433924908a68bea2e4441ff7c554adb2d29690428a2b4c099d8	То је у обостраном интересу.		2	0	twenties	female_feminine			sr	
c20cb0c0edb9cd9c40b412766f5b5d9a615df054ef83c7e998ab1c7cda8439b2565e7c784a0c81bf0eb074ee766f909ff38e1389881809fcac8373069a1a0f58	common_voice_sr_33192085.mp3	c55000bfa75ab4df125ae7ad05831e4e3a776b2ce57de60b4ae21862a9fe0198	Било их је још?		2	0	twenties	female_feminine			sr	
c20cb0c0edb9cd9c40b412766f5b5d9a615df054ef83c7e998ab1c7cda8439b2565e7c784a0c81bf0eb074ee766f909ff38e1389881809fcac8373069a1a0f58	common_voice_sr_33192086.mp3	ba36f6ed29b96dfce6b786c6224e904fa057bedd9d607ec2760f1f0e4fb0e218	А шта је с тобом?		2	1	twenties	female_feminine			sr	
c20cb0c0edb9cd9c40b412766f5b5d9a615df054ef83c7e998ab1c7cda8439b2565e7c784a0c81bf0eb074ee766f909ff38e1389881809fcac8373069a1a0f58	common_voice_sr_33192094.mp3	97eb495000dafddc20fd002d08a8e7be0814204e23465b65ecfcc4894676433d	Не знам, зашто.		2	0	twenties	female_feminine			sr	
c20cb0c0edb9cd9c40b412766f5b5d9a615df054ef83c7e998ab1c7cda8439b2565e7c784a0c81bf0eb074ee766f909ff38e1389881809fcac8373069a1a0f58	common_voice_sr_33192095.mp3	c8d96e36457b05190076136d7f6e17b915ec751477363c88e5ecfa90f64e1b72	Немам шта да изгубим.		2	0	twenties	female_feminine			sr	
c20cb0c0edb9cd9c40b412766f5b5d9a615df054ef83c7e998ab1c7cda8439b2565e7c784a0c81bf0eb074ee766f909ff38e1389881809fcac8373069a1a0f58	common_voice_sr_33192096.mp3	c4526b941f45457e896676a01874e5e3e41f17be4f4989b486cd1f9a4db7979a	Не јављају се!		2	0	twenties	female_feminine			sr	
c20cb0c0edb9cd9c40b412766f5b5d9a615df054ef83c7e998ab1c7cda8439b2565e7c784a0c81bf0eb074ee766f909ff38e1389881809fcac8373069a1a0f58	common_voice_sr_33192097.mp3	bf4ccad7463d658d273d2627828f746de0e926875fa04e1b11136bca1b218ffc	Па реци ми!		2	0	twenties	female_feminine			sr	
c20cb0c0edb9cd9c40b412766f5b5d9a615df054ef83c7e998ab1c7cda8439b2565e7c784a0c81bf0eb074ee766f909ff38e1389881809fcac8373069a1a0f58	common_voice_sr_33192098.mp3	a4eefe11599f937a3b98304e1161e6b74555d3bd3ca825ef569ed705fcfd3cff	Шта треба да радимо?		2	0	twenties	female_feminine			sr	
c20cb0c0edb9cd9c40b412766f5b5d9a615df054ef83c7e998ab1c7cda8439b2565e7c784a0c81bf0eb074ee766f909ff38e1389881809fcac8373069a1a0f58	common_voice_sr_37206881.mp3	5fdbcb231374b3b82599d9fe8bfa625783860a8ebe2ed33fd30b5a6fcdbb36c8	Ти то мислиш.		2	0	twenties	female_feminine			sr	
c20cb0c0edb9cd9c40b412766f5b5d9a615df054ef83c7e998ab1c7cda8439b2565e7c784a0c81bf0eb074ee766f909ff38e1389881809fcac8373069a1a0f58	common_voice_sr_37206883.mp3	3570f41c0925a21b0d02c13ef4b788b932d4fcc357d5ac9c260b790d5ab51f8d	Како је слатко?		2	0	twenties	female_feminine			sr	
c20cb0c0edb9cd9c40b412766f5b5d9a615df054ef83c7e998ab1c7cda8439b2565e7c784a0c81bf0eb074ee766f909ff38e1389881809fcac8373069a1a0f58	common_voice_sr_37206884.mp3	444627a3170431bd0930bbbcc5fa72e02ee02504ddce4ceed025b323fa555a08	Ако не могу?		2	0	twenties	female_feminine			sr	
c20cb0c0edb9cd9c40b412766f5b5d9a615df054ef83c7e998ab1c7cda8439b2565e7c784a0c81bf0eb074ee766f909ff38e1389881809fcac8373069a1a0f58	common_voice_sr_37206888.mp3	590f628f52bdd2d5b0864952ca90c1200e1e148ab6a791e671bb7f4f03e970e3	Да ли су албански закони део проблема?		2	0	twenties	female_feminine			sr	
c20cb0c0edb9cd9c40b412766f5b5d9a615df054ef83c7e998ab1c7cda8439b2565e7c784a0c81bf0eb074ee766f909ff38e1389881809fcac8373069a1a0f58	common_voice_sr_37206890.mp3	3294f158bcb7c5e68fd0e8f0e2319efa90ad230e60ce54f6d4b8c39f1f324503	Ништа не стаје.		2	0	twenties	female_feminine			sr	
c20cb0c0edb9cd9c40b412766f5b5d9a615df054ef83c7e998ab1c7cda8439b2565e7c784a0c81bf0eb074ee766f909ff38e1389881809fcac8373069a1a0f58	common_voice_sr_37206891.mp3	3aaa9b1ac1d3da94c53810637bde46a23bde2a6a59203665864c5bb5e7189b24	Кажи ми шта је.		2	0	twenties	female_feminine			sr	
c20cb0c0edb9cd9c40b412766f5b5d9a615df054ef83c7e998ab1c7cda8439b2565e7c784a0c81bf0eb074ee766f909ff38e1389881809fcac8373069a1a0f58	common_voice_sr_37206893.mp3	56245dc3e756f296afed92b4c627d255508c52c378537156390cd15fede40f38	Да јој кажем?		2	0	twenties	female_feminine			sr	
c20cb0c0edb9cd9c40b412766f5b5d9a615df054ef83c7e998ab1c7cda8439b2565e7c784a0c81bf0eb074ee766f909ff38e1389881809fcac8373069a1a0f58	common_voice_sr_37206894.mp3	f8e3a3bd3712d05ac40f6ed9e431d15db542572c0cb33255e267660e5add46eb	То би наравно изазвало неуспех избора у целини.		2	0	twenties	female_feminine			sr	
c20cb0c0edb9cd9c40b412766f5b5d9a615df054ef83c7e998ab1c7cda8439b2565e7c784a0c81bf0eb074ee766f909ff38e1389881809fcac8373069a1a0f58	common_voice_sr_37315293.mp3	4fb54c6921fbc3aa4a9e5a2e3145ccc16daefc5f8fc3fb33fac5b1b12db30d86	Ако сте мушко, пар вицева ће пробити лед.		2	0	twenties	female_feminine			sr	
c20cb0c0edb9cd9c40b412766f5b5d9a615df054ef83c7e998ab1c7cda8439b2565e7c784a0c81bf0eb074ee766f909ff38e1389881809fcac8373069a1a0f58	common_voice_sr_37315295.mp3	43bfd160e3e58294b328a2cc3b74ae3a7bf78e2279c6be0c8769b8d288e27d30	Она тврди да није умијешана у тај случај.		2	0	twenties	female_feminine			sr	
c20cb0c0edb9cd9c40b412766f5b5d9a615df054ef83c7e998ab1c7cda8439b2565e7c784a0c81bf0eb074ee766f909ff38e1389881809fcac8373069a1a0f58	common_voice_sr_37315304.mp3	640395c480970eb59a9188a7f6670eaf7ef589599eb6165bd85cff4be9db27da	Ми знамо шта значи увијек бити на опрезу.		2	0	twenties	female_feminine			sr	
c20cb0c0edb9cd9c40b412766f5b5d9a615df054ef83c7e998ab1c7cda8439b2565e7c784a0c81bf0eb074ee766f909ff38e1389881809fcac8373069a1a0f58	common_voice_sr_37315305.mp3	5fb945532dbabde277db4ace440ff5c230cb2873240b9c5bc658e88abd06e962	Је л тако.		2	0	twenties	female_feminine			sr	
c20cb0c0edb9cd9c40b412766f5b5d9a615df054ef83c7e998ab1c7cda8439b2565e7c784a0c81bf0eb074ee766f909ff38e1389881809fcac8373069a1a0f58	common_voice_sr_37315307.mp3	6cf4dc2594dcf3b81c3d904bacc6d39c069540122dbe889a3cb6c1284c1b964c	Још увек нисмо ту.		2	0	twenties	female_feminine			sr	
c20cb0c0edb9cd9c40b412766f5b5d9a615df054ef83c7e998ab1c7cda8439b2565e7c784a0c81bf0eb074ee766f909ff38e1389881809fcac8373069a1a0f58	common_voice_sr_37315309.mp3	573c8c1cfe77cafccdaead00e337b0220b052a9a74b0c2adf040209e6a55a47e	Нисам хтела да убацим дневну политику.		2	0	twenties	female_feminine			sr	
c20cb0c0edb9cd9c40b412766f5b5d9a615df054ef83c7e998ab1c7cda8439b2565e7c784a0c81bf0eb074ee766f909ff38e1389881809fcac8373069a1a0f58	common_voice_sr_37315310.mp3	d83737dec5f55a4d60e8ec86c573ec0593b263757984d53293fca69590e212bf	Тај портал састоји се од седам дијелова.		2	0	twenties	female_feminine			sr	
c20cb0c0edb9cd9c40b412766f5b5d9a615df054ef83c7e998ab1c7cda8439b2565e7c784a0c81bf0eb074ee766f909ff38e1389881809fcac8373069a1a0f58	common_voice_sr_37315312.mp3	723c2d7aaeab7efca4eb03333ace3966fbae5b38871af57da192d80d49e77b85	Србијански парламент тијесно одобрио нову владу		2	0	twenties	female_feminine			sr	
c20cb0c0edb9cd9c40b412766f5b5d9a615df054ef83c7e998ab1c7cda8439b2565e7c784a0c81bf0eb074ee766f909ff38e1389881809fcac8373069a1a0f58	common_voice_sr_37315325.mp3	6d83720cb4d50b697c037e2f5bd365918ada9510996d097b5a7d9623c1f0e77b	То је твој посао.		2	0	twenties	female_feminine			sr	
c20cb0c0edb9cd9c40b412766f5b5d9a615df054ef83c7e998ab1c7cda8439b2565e7c784a0c81bf0eb074ee766f909ff38e1389881809fcac8373069a1a0f58	common_voice_sr_37315326.mp3	5cc28bf8c9192df8f19cab2b3c99cca92bac176f3fef2e011ca986ab94057fae	Али ти не!		2	0	twenties	female_feminine			sr	
c20cb0c0edb9cd9c40b412766f5b5d9a615df054ef83c7e998ab1c7cda8439b2565e7c784a0c81bf0eb074ee766f909ff38e1389881809fcac8373069a1a0f58	common_voice_sr_37315332.mp3	23f8559955877f9546bb85a636ffa3a9b36d0c76bc97c09928d0bd45695b6106	То важи за било које вријеме и било које мјесто.		2	0	twenties	female_feminine			sr	
c20cb0c0edb9cd9c40b412766f5b5d9a615df054ef83c7e998ab1c7cda8439b2565e7c784a0c81bf0eb074ee766f909ff38e1389881809fcac8373069a1a0f58	common_voice_sr_37315335.mp3	443bdfd4249a96b32303f0e3fd3c86c2af3fe59a18619a24b6e8f2b895cf1287	заснованих на проучавању оне грађе		2	0	twenties	female_feminine			sr	
c20cb0c0edb9cd9c40b412766f5b5d9a615df054ef83c7e998ab1c7cda8439b2565e7c784a0c81bf0eb074ee766f909ff38e1389881809fcac8373069a1a0f58	common_voice_sr_37315337.mp3	3a78512f17f3aa3cd554cc2def28bbb34ac58e45fb7fc93070c08c866956836d	Оштре стијене украшавају јужну обалу острва.		2	0	twenties	female_feminine			sr	
c20cb0c0edb9cd9c40b412766f5b5d9a615df054ef83c7e998ab1c7cda8439b2565e7c784a0c81bf0eb074ee766f909ff38e1389881809fcac8373069a1a0f58	common_voice_sr_37315338.mp3	5fa3857f4c1802d315871ff2326d562899deb6d91a51cbb69b301a132eae5d78	Тата каже да је теби изветрио мозак.		2	0	twenties	female_feminine			sr	
c20cb0c0edb9cd9c40b412766f5b5d9a615df054ef83c7e998ab1c7cda8439b2565e7c784a0c81bf0eb074ee766f909ff38e1389881809fcac8373069a1a0f58	common_voice_sr_37315339.mp3	d72e0dcc12abaca5da44a602f2a8255df5e01883798502bcf277952a4d1b6482	Након ове афере ће се нешто морати мијењати.		2	0	twenties	female_feminine			sr	
c20cb0c0edb9cd9c40b412766f5b5d9a615df054ef83c7e998ab1c7cda8439b2565e7c784a0c81bf0eb074ee766f909ff38e1389881809fcac8373069a1a0f58	common_voice_sr_37315340.mp3	6fd75a184e1a41df8a346fe6e1290e261a5081e5ec1a68355388304b34af94a2	Не, могу ја то.		2	0	twenties	female_feminine			sr	
c20cb0c0edb9cd9c40b412766f5b5d9a615df054ef83c7e998ab1c7cda8439b2565e7c784a0c81bf0eb074ee766f909ff38e1389881809fcac8373069a1a0f58	common_voice_sr_37315344.mp3	b8be91b6d055e461f8a2dbe51bb40974487f2ff3d91f8d2d33ebe798ae20e17b	Углавном добре вијести за румунску економију		2	0	twenties	female_feminine			sr	
c20cb0c0edb9cd9c40b412766f5b5d9a615df054ef83c7e998ab1c7cda8439b2565e7c784a0c81bf0eb074ee766f909ff38e1389881809fcac8373069a1a0f58	common_voice_sr_37315345.mp3	6ae7c806b97583ee6f612d7d839be802160823b3cf161757a1525f8552282068	Хвала на питању, добро.		2	0	twenties	female_feminine			sr	
c20cb0c0edb9cd9c40b412766f5b5d9a615df054ef83c7e998ab1c7cda8439b2565e7c784a0c81bf0eb074ee766f909ff38e1389881809fcac8373069a1a0f58	common_voice_sr_37315346.mp3	58f8267ac7bc24276520ef2105ee05b1dddf4280290af68025b01da6ae4f5d86	Јако дуго.		2	0	twenties	female_feminine			sr	
c20cb0c0edb9cd9c40b412766f5b5d9a615df054ef83c7e998ab1c7cda8439b2565e7c784a0c81bf0eb074ee766f909ff38e1389881809fcac8373069a1a0f58	common_voice_sr_37315348.mp3	2bdb9692189bb99055596718e5a5c3d4589ad1ff75fa3ddeb2d7a6a88db3402e	Путеви су лоши, што омета спасилачке напоре.		2	0	twenties	female_feminine			sr	
c20cb0c0edb9cd9c40b412766f5b5d9a615df054ef83c7e998ab1c7cda8439b2565e7c784a0c81bf0eb074ee766f909ff38e1389881809fcac8373069a1a0f58	common_voice_sr_37315349.mp3	157a3dd6f7dbc69e6882199d36ae365b857dd759b60eaa0854ae7b71e40d51ed	Вријеме је од пресудне важности, назначио је он.		2	0	twenties	female_feminine			sr	
c20cb0c0edb9cd9c40b412766f5b5d9a615df054ef83c7e998ab1c7cda8439b2565e7c784a0c81bf0eb074ee766f909ff38e1389881809fcac8373069a1a0f58	common_voice_sr_37315351.mp3	5590fd63c2246b4cae7acb264d02a7c0384d2d17ba1686549a1b76766bb5d71a	Ти то говориш.		2	0	twenties	female_feminine			sr	
c20cb0c0edb9cd9c40b412766f5b5d9a615df054ef83c7e998ab1c7cda8439b2565e7c784a0c81bf0eb074ee766f909ff38e1389881809fcac8373069a1a0f58	common_voice_sr_37315353.mp3	988cd6fac3b42cc297cd1b5cfc1a60ade3af0baf724d8fb023a9c2ec1515127a	Споразум су потписали председници седам водећих политичких партија.		2	0	twenties	female_feminine			sr	
c20cb0c0edb9cd9c40b412766f5b5d9a615df054ef83c7e998ab1c7cda8439b2565e7c784a0c81bf0eb074ee766f909ff38e1389881809fcac8373069a1a0f58	common_voice_sr_37315355.mp3	f4a5eac1df56cb40e100ebb34534cd3f3097fe97dc048dfcf4c8d7968d2f6742	Али знамо и то да се те ствари могу промијенити.		2	0	twenties	female_feminine			sr	
c20cb0c0edb9cd9c40b412766f5b5d9a615df054ef83c7e998ab1c7cda8439b2565e7c784a0c81bf0eb074ee766f909ff38e1389881809fcac8373069a1a0f58	common_voice_sr_37315363.mp3	f3d9fc534c6f359a0a39ff55f588e14af12083319448a2619155d0e08b0686d6	Отац отвара врата и дочекује цијелу породицу.		3	0	twenties	female_feminine			sr	
c20cb0c0edb9cd9c40b412766f5b5d9a615df054ef83c7e998ab1c7cda8439b2565e7c784a0c81bf0eb074ee766f909ff38e1389881809fcac8373069a1a0f58	common_voice_sr_37315366.mp3	5aa8c9b5613631f4daa88cefd443ed7910a20870652942cd3c38aec6b324e5c8	Горанци још увијек одржавају старе обичаје		2	0	twenties	female_feminine			sr	
c20cb0c0edb9cd9c40b412766f5b5d9a615df054ef83c7e998ab1c7cda8439b2565e7c784a0c81bf0eb074ee766f909ff38e1389881809fcac8373069a1a0f58	common_voice_sr_37315367.mp3	4bd1c580ee7a8578ca20069f1cfd12c84b37f233379a431d8222ef0a71156b09	Како год ви кажете.		2	0	twenties	female_feminine			sr	
c20cb0c0edb9cd9c40b412766f5b5d9a615df054ef83c7e998ab1c7cda8439b2565e7c784a0c81bf0eb074ee766f909ff38e1389881809fcac8373069a1a0f58	common_voice_sr_37315368.mp3	f8ac5d602f3768c61ffe3b9f98b1a1b1474a01335f744095f76c9b5d87a3320f	Лоша вијест је финансирање од стране владе.		2	0	twenties	female_feminine			sr	
c20cb0c0edb9cd9c40b412766f5b5d9a615df054ef83c7e998ab1c7cda8439b2565e7c784a0c81bf0eb074ee766f909ff38e1389881809fcac8373069a1a0f58	common_voice_sr_37315370.mp3	5fd9ce2d92bde41ca1421f93ed55759870489e059cb4730b7bb99c97ea30f926	Уверен сам да ће резултати створити нервозу.		2	0	twenties	female_feminine			sr	
c20cb0c0edb9cd9c40b412766f5b5d9a615df054ef83c7e998ab1c7cda8439b2565e7c784a0c81bf0eb074ee766f909ff38e1389881809fcac8373069a1a0f58	common_voice_sr_37315372.mp3	469f09bba3f5a76bd47203779b603f666e1625d47c35b366960169a9a62b5aeb	Не, поломљене су.		2	0	twenties	female_feminine			sr	
c20cb0c0edb9cd9c40b412766f5b5d9a615df054ef83c7e998ab1c7cda8439b2565e7c784a0c81bf0eb074ee766f909ff38e1389881809fcac8373069a1a0f58	common_voice_sr_37329745.mp3	f3a8f826b5fb369e11ef2868f2dead099d11b891dedabb5df974313fefd96c89	Настава се врши у цијелости на енглеском језику.		2	0	twenties	female_feminine			sr	
c20cb0c0edb9cd9c40b412766f5b5d9a615df054ef83c7e998ab1c7cda8439b2565e7c784a0c81bf0eb074ee766f909ff38e1389881809fcac8373069a1a0f58	common_voice_sr_37329747.mp3	5179e9d81c732838af27210db13968d808a8e667667591e75cd3408b2decee35	Логика није продати по било којој цијени.		2	0	twenties	female_feminine			sr	
c20cb0c0edb9cd9c40b412766f5b5d9a615df054ef83c7e998ab1c7cda8439b2565e7c784a0c81bf0eb074ee766f909ff38e1389881809fcac8373069a1a0f58	common_voice_sr_37329748.mp3	610280b80bf81b7cf6c97a6a8eef085da98fa61a36904ede203f4620b099422b	Овако је боље.		2	0	twenties	female_feminine			sr	
c20cb0c0edb9cd9c40b412766f5b5d9a615df054ef83c7e998ab1c7cda8439b2565e7c784a0c81bf0eb074ee766f909ff38e1389881809fcac8373069a1a0f58	common_voice_sr_38833125.mp3	93b8e29b867427559818c3c6df45af85983b8d986606a74ec5385848e4d3e141	Ма не би!		2	0	twenties	female_feminine			sr	
c20cb0c0edb9cd9c40b412766f5b5d9a615df054ef83c7e998ab1c7cda8439b2565e7c784a0c81bf0eb074ee766f909ff38e1389881809fcac8373069a1a0f58	common_voice_sr_38833127.mp3	3855586c4045036ec5237d7ed9b25342fc897d8b4ce64e28e5d3acb7c17685bf	Миро је побиједио у номинацији добивши десет гласова.		2	0	twenties	female_feminine			sr	
c20cb0c0edb9cd9c40b412766f5b5d9a615df054ef83c7e998ab1c7cda8439b2565e7c784a0c81bf0eb074ee766f909ff38e1389881809fcac8373069a1a0f58	common_voice_sr_38833136.mp3	77268222fa8dce3e160fc3ca5ede527492f598adeb018412774fa84dfc5a4238	Хвала вам, госпо.		2	0	twenties	female_feminine			sr	
c20cb0c0edb9cd9c40b412766f5b5d9a615df054ef83c7e998ab1c7cda8439b2565e7c784a0c81bf0eb074ee766f909ff38e1389881809fcac8373069a1a0f58	common_voice_sr_38833153.mp3	f6a9a6478ee563a9f8ede3f45daada326e87e9a0bcfb17a44ed46c6fb8d31ab5	Да ли ти значи да смо потпуно без те пријетње?		2	0	twenties	female_feminine			sr	
c20cb0c0edb9cd9c40b412766f5b5d9a615df054ef83c7e998ab1c7cda8439b2565e7c784a0c81bf0eb074ee766f909ff38e1389881809fcac8373069a1a0f58	common_voice_sr_38833156.mp3	3710798fe5f612f3ae887d510982397e50cc6859264fc66718c684c87d6553d7	"Била бих најсретнија особа на свијету," рекла је.		2	1	twenties	female_feminine			sr	
c20cb0c0edb9cd9c40b412766f5b5d9a615df054ef83c7e998ab1c7cda8439b2565e7c784a0c81bf0eb074ee766f909ff38e1389881809fcac8373069a1a0f58	common_voice_sr_38833197.mp3	f0f651062d40e2c1958567b7adf4708c9640a922f74149ff5619492f5a316d9c	Српски тренер предводи афричке "Звијезде"		2	0	twenties	female_feminine			sr	
c20cb0c0edb9cd9c40b412766f5b5d9a615df054ef83c7e998ab1c7cda8439b2565e7c784a0c81bf0eb074ee766f909ff38e1389881809fcac8373069a1a0f58	common_voice_sr_38833322.mp3	a166cc8e48503e1214e0c62042710fd297ed1549028a3ac3eaccd371cbf62068	Слоган је "Свако ромско дијете у школу".		2	0	twenties	female_feminine			sr	
c20cb0c0edb9cd9c40b412766f5b5d9a615df054ef83c7e998ab1c7cda8439b2565e7c784a0c81bf0eb074ee766f909ff38e1389881809fcac8373069a1a0f58	common_voice_sr_38833323.mp3	acf973e943256cc1b6457230d604a92cc90fe0569885c9f1f59d81e9358f2701	А, не, не!		2	0	twenties	female_feminine			sr	
c20cb0c0edb9cd9c40b412766f5b5d9a615df054ef83c7e998ab1c7cda8439b2565e7c784a0c81bf0eb074ee766f909ff38e1389881809fcac8373069a1a0f58	common_voice_sr_38833326.mp3	7ba2d85dd3e8c193dec7796822533199c8ac1f5fdababd23aacbef8803b728f8	Ко је видео?		2	0	twenties	female_feminine			sr	
c20cb0c0edb9cd9c40b412766f5b5d9a615df054ef83c7e998ab1c7cda8439b2565e7c784a0c81bf0eb074ee766f909ff38e1389881809fcac8373069a1a0f58	common_voice_sr_38844860.mp3	23036b45839da318f1a77033a75b5aefe013d2c01cbec422ab84550ebb353a3b	Пројекат је први пут представљен у априлу.		2	0	twenties	female_feminine			sr	
c20cb0c0edb9cd9c40b412766f5b5d9a615df054ef83c7e998ab1c7cda8439b2565e7c784a0c81bf0eb074ee766f909ff38e1389881809fcac8373069a1a0f58	common_voice_sr_38844862.mp3	31ebd27aef9203d89be25d7b0a3f82f3dc09094a53bbbea674a4a153db37215f	Највећи фактор за разматрање је цијена.		2	0	twenties	female_feminine			sr	
c20cb0c0edb9cd9c40b412766f5b5d9a615df054ef83c7e998ab1c7cda8439b2565e7c784a0c81bf0eb074ee766f909ff38e1389881809fcac8373069a1a0f58	common_voice_sr_38844863.mp3	1e353d5f00b4f73ab817f697d048117b24df50647d0afe3b88b61fa26a36a44e	Суочавамо се са проблемом производње хлеба.		2	0	twenties	female_feminine			sr	
c20cb0c0edb9cd9c40b412766f5b5d9a615df054ef83c7e998ab1c7cda8439b2565e7c784a0c81bf0eb074ee766f909ff38e1389881809fcac8373069a1a0f58	common_voice_sr_38844896.mp3	15ee3e4afcb08f46f2621c8097cb89b402de920a961404ad1005e02551440802	"Стручњаци окривљују "системске слабости" које та земља није успјела ријешити."		2	0	twenties	female_feminine			sr	
c20cb0c0edb9cd9c40b412766f5b5d9a615df054ef83c7e998ab1c7cda8439b2565e7c784a0c81bf0eb074ee766f909ff38e1389881809fcac8373069a1a0f58	common_voice_sr_38844899.mp3	040879338a1927a0278712b199d50f9a0c73c69ec7e69d0c42fab617b4d9bce4	Полиција је употријебила сузавац и привела на десетине лица.		2	0	twenties	female_feminine			sr	
c20cb0c0edb9cd9c40b412766f5b5d9a615df054ef83c7e998ab1c7cda8439b2565e7c784a0c81bf0eb074ee766f909ff38e1389881809fcac8373069a1a0f58	common_voice_sr_38844931.mp3	1a7aa02e87a5d07d968b45d85f3640ad51367b368dbd09b74b3691661339bbc7	У моменту судара, дрво је полетело са камиона.		2	0	twenties	female_feminine			sr	
c20cb0c0edb9cd9c40b412766f5b5d9a615df054ef83c7e998ab1c7cda8439b2565e7c784a0c81bf0eb074ee766f909ff38e1389881809fcac8373069a1a0f58	common_voice_sr_38844934.mp3	1784afe2890edaec25442906fbceca18feea9b48f10f078039a612244672d62d	"Те је жалим, прегорет' не могу!"		2	0	twenties	female_feminine			sr	
c20cb0c0edb9cd9c40b412766f5b5d9a615df054ef83c7e998ab1c7cda8439b2565e7c784a0c81bf0eb074ee766f909ff38e1389881809fcac8373069a1a0f58	common_voice_sr_38845515.mp3	504ea19ee8f147c8dc9cfd4ec0a42d7b6f04842756070b5027af1f3f2d81de91	И не бих!		2	0	twenties	female_feminine			sr	
c20cb0c0edb9cd9c40b412766f5b5d9a615df054ef83c7e998ab1c7cda8439b2565e7c784a0c81bf0eb074ee766f909ff38e1389881809fcac8373069a1a0f58	common_voice_sr_38845516.mp3	07ee9e170accc4290909182612cf7b2d42df9fa8a2a4a97ffd339c30e5198191	Онда виђе шта је јадну нађе,		2	0	twenties	female_feminine			sr	
c20cb0c0edb9cd9c40b412766f5b5d9a615df054ef83c7e998ab1c7cda8439b2565e7c784a0c81bf0eb074ee766f909ff38e1389881809fcac8373069a1a0f58	common_voice_sr_38845571.mp3	1223a4f1a34dd73f44c1ad3bcc66f0a2007d1fc3281b8e78e27a60d8e35eb368	Унилатерална одлука била би прилично, прилично лоша.		2	0	twenties	female_feminine			sr	
c20cb0c0edb9cd9c40b412766f5b5d9a615df054ef83c7e998ab1c7cda8439b2565e7c784a0c81bf0eb074ee766f909ff38e1389881809fcac8373069a1a0f58	common_voice_sr_38845576.mp3	5b7a9f5b46f0b11eb98f42f76b98748692e4a13b421ef2a3c6e5d7679592ecb2	Не би требало!		2	0	twenties	female_feminine			sr	
c20cb0c0edb9cd9c40b412766f5b5d9a615df054ef83c7e998ab1c7cda8439b2565e7c784a0c81bf0eb074ee766f909ff38e1389881809fcac8373069a1a0f58	common_voice_sr_38845597.mp3	1b84ee30334b62da1d1e0fb90c619716f98e7fb2ea82513e18e1ba9cee86cd58	Филм ће се почети приказивати у цијелом региону у четвртак.		2	0	twenties	female_feminine			sr	
c20cb0c0edb9cd9c40b412766f5b5d9a615df054ef83c7e998ab1c7cda8439b2565e7c784a0c81bf0eb074ee766f909ff38e1389881809fcac8373069a1a0f58	common_voice_sr_38845599.mp3	17ec1b749a02e96b0484851041558ba56afca1c882c0c4f8f690db2ddc1f64f8	Заједничка управа над пријелазима могла би представљати дио рјешења.		2	0	twenties	female_feminine			sr	
c20cb0c0edb9cd9c40b412766f5b5d9a615df054ef83c7e998ab1c7cda8439b2565e7c784a0c81bf0eb074ee766f909ff38e1389881809fcac8373069a1a0f58	common_voice_sr_38847160.mp3	98d87d65479c8836211df6f5fe750d7a1146ee6afe9eb17c06e98e591fd79599	Оне су нам пријетиле, али су се само шалиле.		3	1	twenties	female_feminine			sr	
c20cb0c0edb9cd9c40b412766f5b5d9a615df054ef83c7e998ab1c7cda8439b2565e7c784a0c81bf0eb074ee766f909ff38e1389881809fcac8373069a1a0f58	common_voice_sr_38847172.mp3	6557eb6df85f0031a3c5ad460dc155834cfcc272b42d79bac4f9e156748d700b	Двадесет и три?		2	1	twenties	female_feminine			sr	
c20cb0c0edb9cd9c40b412766f5b5d9a615df054ef83c7e998ab1c7cda8439b2565e7c784a0c81bf0eb074ee766f909ff38e1389881809fcac8373069a1a0f58	common_voice_sr_38847173.mp3	075f50813ff953f2aac6bcb24bd093c24ed437e498cad676f0af9683a2a0522a	Иде хајка преко села,		2	0	twenties	female_feminine			sr	
c20cb0c0edb9cd9c40b412766f5b5d9a615df054ef83c7e998ab1c7cda8439b2565e7c784a0c81bf0eb074ee766f909ff38e1389881809fcac8373069a1a0f58	common_voice_sr_38847191.mp3	177a9f1055f951392e20d69fe97bb9e594e49fed3947e1cf934e69155e0ffd93	Гајим наду да ће се то догодити.		2	0	twenties	female_feminine			sr	
